2026-09-13 20:56:00,194 INFO Parsing model identifier. Schema: None, Identifier: ViT-B-32
2026-09-13 20:56:00,194 INFO Loaded built-in ViT-B-32 model config.
2026-09-13 20:56:00,195 INFO `pretrained` specifies file path: /Users/von/Projects/cci-local-recovery/rerun_workspace/model_weights/ViT-B-32.pt
2026-09-13 20:56:00,195 INFO Instantiating model architecture: CLIP
2026-09-13 20:56:00,997 INFO Loading full pretrained weights from: /Users/von/Projects/cci-local-recovery/rerun_workspace/model_weights/ViT-B-32.pt
2026-09-13 20:56:01,267 INFO Final image preprocessing configuration set: {'size': (224, 224), 'mode': 'RGB', 'mean': (0.48145466, 0.4578275, 0.40821073), 'std': (0.26862954, 0.26130258, 0.27577711), 'interpolation': 'bicubic', 'resize_mode': 'shortest', 'fill_color': 0}
2026-09-13 20:56:01,268 INFO Model ViT-B-32 creation process complete.
2026-09-13 20:56:01,268 INFO Parsing tokenizer identifier. Schema: None, Identifier: ViT-B-32
2026-09-13 20:56:01,268 INFO Attempting to load config from built-in: ViT-B-32
2026-09-13 20:56:01,268 INFO Using default SimpleTokenizer.
2026-09-13 20:56:03,230 INFO completed=2 new=2 elapsed_s=0.484 images_per_s=4.132989 device=mps
2026-09-13 20:56:07,005 INFO completed=22 new=22 elapsed_s=4.259 images_per_s=5.166099 device=mps
2026-09-13 20:56:10,749 INFO completed=42 new=42 elapsed_s=8.003 images_per_s=5.248148 device=mps
2026-09-13 20:56:14,497 INFO completed=62 new=62 elapsed_s=11.751 images_per_s=5.276009 device=mps
2026-09-13 20:56:18,253 INFO completed=82 new=82 elapsed_s=15.507 images_per_s=5.288002 device=mps
2026-09-13 20:56:22,027 INFO completed=102 new=102 elapsed_s=19.281 images_per_s=5.290115 device=mps
2026-09-13 20:56:25,778 INFO completed=122 new=122 elapsed_s=23.032 images_per_s=5.297091 device=mps
2026-09-13 20:56:29,546 INFO completed=142 new=142 elapsed_s=26.800 images_per_s=5.298475 device=mps
2026-09-13 20:56:33,297 INFO completed=162 new=162 elapsed_s=30.551 images_per_s=5.302646 device=mps
2026-09-13 20:56:37,045 INFO completed=182 new=182 elapsed_s=34.299 images_per_s=5.306291 device=mps
2026-09-13 20:56:40,794 INFO completed=202 new=202 elapsed_s=38.048 images_per_s=5.309084 device=mps
2026-09-13 20:56:44,547 INFO completed=222 new=222 elapsed_s=41.801 images_per_s=5.310937 device=mps
2026-09-13 20:56:48,296 INFO completed=242 new=242 elapsed_s=45.550 images_per_s=5.312857 device=mps
2026-09-13 20:56:52,055 INFO completed=262 new=262 elapsed_s=49.309 images_per_s=5.313423 device=mps
2026-09-13 20:56:55,812 INFO completed=282 new=282 elapsed_s=53.066 images_per_s=5.314168 device=mps
2026-09-13 20:56:59,563 INFO completed=302 new=302 elapsed_s=56.816 images_per_s=5.315370 device=mps
2026-09-13 20:57:03,330 INFO completed=322 new=322 elapsed_s=60.584 images_per_s=5.314967 device=mps
2026-09-13 20:57:07,088 INFO completed=342 new=342 elapsed_s=64.342 images_per_s=5.315384 device=mps
2026-09-13 20:57:10,856 INFO completed=362 new=362 elapsed_s=68.109 images_per_s=5.315006 device=mps
2026-09-13 20:57:14,605 INFO completed=382 new=382 elapsed_s=71.858 images_per_s=5.316025 device=mps
2026-09-13 20:57:18,363 INFO completed=402 new=402 elapsed_s=75.616 images_per_s=5.316334 device=mps
2026-09-13 20:57:22,138 INFO completed=422 new=422 elapsed_s=79.392 images_per_s=5.315421 device=mps
2026-09-13 20:57:25,895 INFO completed=442 new=442 elapsed_s=83.149 images_per_s=5.315780 device=mps
2026-09-13 20:57:29,663 INFO completed=462 new=462 elapsed_s=86.917 images_per_s=5.315437 device=mps
2026-09-13 20:57:33,414 INFO completed=482 new=482 elapsed_s=90.667 images_per_s=5.316154 device=mps
2026-09-13 20:57:37,169 INFO completed=502 new=502 elapsed_s=94.422 images_per_s=5.316533 device=mps
2026-09-13 20:57:40,955 INFO completed=522 new=522 elapsed_s=98.208 images_per_s=5.315247 device=mps
2026-09-13 20:57:44,730 INFO completed=542 new=542 elapsed_s=101.983 images_per_s=5.314607 device=mps
2026-09-13 20:57:48,488 INFO completed=562 new=562 elapsed_s=105.741 images_per_s=5.314863 device=mps
2026-09-13 20:57:52,255 INFO completed=582 new=582 elapsed_s=109.509 images_per_s=5.314650 device=mps
2026-09-13 20:57:56,020 INFO completed=602 new=602 elapsed_s=113.274 images_per_s=5.314565 device=mps
2026-09-13 20:57:59,779 INFO completed=622 new=622 elapsed_s=117.032 images_per_s=5.314798 device=mps
2026-09-13 20:58:03,528 INFO completed=642 new=642 elapsed_s=120.781 images_per_s=5.315392 device=mps
2026-09-13 20:58:07,305 INFO completed=662 new=662 elapsed_s=124.558 images_per_s=5.314793 device=mps
2026-09-13 20:58:11,077 INFO completed=682 new=682 elapsed_s=128.330 images_per_s=5.314433 device=mps
2026-09-13 20:58:14,838 INFO completed=702 new=702 elapsed_s=132.091 images_per_s=5.314501 device=mps
2026-09-13 20:58:18,600 INFO completed=722 new=722 elapsed_s=135.853 images_per_s=5.314576 device=mps
2026-09-13 20:58:22,367 INFO completed=742 new=742 elapsed_s=139.620 images_per_s=5.314417 device=mps
2026-09-13 20:58:26,136 INFO completed=762 new=762 elapsed_s=143.389 images_per_s=5.314223 device=mps
2026-09-13 20:58:29,897 INFO completed=782 new=782 elapsed_s=147.150 images_per_s=5.314298 device=mps
2026-09-13 20:58:33,661 INFO completed=802 new=802 elapsed_s=150.914 images_per_s=5.314281 device=mps
2026-09-13 20:58:37,435 INFO completed=822 new=822 elapsed_s=154.688 images_per_s=5.313913 device=mps
2026-09-13 20:58:41,205 INFO completed=842 new=842 elapsed_s=158.458 images_per_s=5.313716 device=mps
2026-09-13 20:58:44,963 INFO completed=862 new=862 elapsed_s=162.216 images_per_s=5.313898 device=mps
2026-09-13 20:58:48,744 INFO completed=882 new=882 elapsed_s=165.997 images_per_s=5.313364 device=mps
2026-09-13 20:58:52,506 INFO completed=902 new=902 elapsed_s=169.758 images_per_s=5.313432 device=mps
2026-09-13 20:58:56,271 INFO completed=922 new=922 elapsed_s=173.524 images_per_s=5.313393 device=mps
2026-09-13 20:59:00,047 INFO completed=942 new=942 elapsed_s=177.299 images_per_s=5.313048 device=mps
2026-09-13 20:59:03,813 INFO completed=962 new=962 elapsed_s=181.066 images_per_s=5.312985 device=mps
2026-09-13 20:59:07,563 INFO completed=982 new=982 elapsed_s=184.816 images_per_s=5.313400 device=mps
2026-09-13 20:59:11,322 INFO completed=1002 new=1002 elapsed_s=188.575 images_per_s=5.313546 device=mps
2026-09-13 20:59:15,084 INFO completed=1022 new=1022 elapsed_s=192.336 images_per_s=5.313606 device=mps
2026-09-13 20:59:18,854 INFO completed=1042 new=1042 elapsed_s=196.107 images_per_s=5.313435 device=mps
2026-09-13 20:59:22,605 INFO completed=1062 new=1062 elapsed_s=199.858 images_per_s=5.313774 device=mps
2026-09-13 20:59:26,361 INFO completed=1082 new=1082 elapsed_s=203.614 images_per_s=5.313974 device=mps
2026-09-13 20:59:30,130 INFO completed=1102 new=1102 elapsed_s=207.382 images_per_s=5.313856 device=mps
2026-09-13 20:59:33,888 INFO completed=1122 new=1122 elapsed_s=211.141 images_per_s=5.313983 device=mps
2026-09-13 20:59:37,637 INFO completed=1142 new=1142 elapsed_s=214.890 images_per_s=5.314346 device=mps
2026-09-13 20:59:41,405 INFO completed=1162 new=1162 elapsed_s=218.658 images_per_s=5.314234 device=mps
2026-09-13 20:59:45,163 INFO completed=1182 new=1182 elapsed_s=222.415 images_per_s=5.314384 device=mps
2026-09-13 20:59:48,921 INFO completed=1202 new=1202 elapsed_s=226.174 images_per_s=5.314493 device=mps
2026-09-13 20:59:52,672 INFO completed=1222 new=1222 elapsed_s=229.924 images_per_s=5.314789 device=mps
2026-09-13 20:59:56,430 INFO completed=1242 new=1242 elapsed_s=233.682 images_per_s=5.314912 device=mps
2026-09-13 21:00:00,194 INFO completed=1262 new=1262 elapsed_s=237.447 images_per_s=5.314875 device=mps
2026-09-13 21:00:03,978 INFO completed=1282 new=1282 elapsed_s=241.231 images_per_s=5.314409 device=mps
2026-09-13 21:00:07,730 INFO completed=1302 new=1302 elapsed_s=244.982 images_per_s=5.314673 device=mps
2026-09-13 21:00:11,497 INFO completed=1322 new=1322 elapsed_s=248.749 images_per_s=5.314586 device=mps
2026-09-13 21:00:15,255 INFO completed=1342 new=1342 elapsed_s=252.507 images_per_s=5.314706 device=mps
2026-09-13 21:00:19,038 INFO completed=1362 new=1362 elapsed_s=256.291 images_per_s=5.314278 device=mps
2026-09-13 21:00:22,837 INFO completed=1382 new=1382 elapsed_s=260.090 images_per_s=5.313555 device=mps
2026-09-13 21:00:26,647 INFO completed=1402 new=1402 elapsed_s=263.899 images_per_s=5.312638 device=mps
2026-09-13 21:00:30,454 INFO completed=1422 new=1422 elapsed_s=267.706 images_per_s=5.311792 device=mps
2026-09-13 21:00:34,272 INFO completed=1442 new=1442 elapsed_s=271.524 images_per_s=5.310757 device=mps
2026-09-13 21:00:38,093 INFO completed=1462 new=1462 elapsed_s=275.346 images_per_s=5.309689 device=mps
2026-09-13 21:00:41,905 INFO completed=1482 new=1482 elapsed_s=279.157 images_per_s=5.308832 device=mps
2026-09-13 21:00:45,727 INFO completed=1502 new=1502 elapsed_s=282.979 images_per_s=5.307811 device=mps
2026-09-13 21:00:49,552 INFO completed=1522 new=1522 elapsed_s=286.804 images_per_s=5.306756 device=mps
2026-09-13 21:00:53,380 INFO completed=1542 new=1542 elapsed_s=290.633 images_per_s=5.305668 device=mps
2026-09-13 21:00:57,320 INFO completed=1562 new=1562 elapsed_s=294.573 images_per_s=5.302599 device=mps
2026-09-13 21:01:01,230 INFO completed=1582 new=1582 elapsed_s=298.482 images_per_s=5.300148 device=mps
2026-09-13 21:01:05,077 INFO completed=1602 new=1602 elapsed_s=302.329 images_per_s=5.298865 device=mps
2026-09-13 21:01:08,922 INFO completed=1622 new=1622 elapsed_s=306.174 images_per_s=5.297633 device=mps
2026-09-13 21:01:12,754 INFO completed=1642 new=1642 elapsed_s=310.006 images_per_s=5.296672 device=mps
2026-09-13 21:01:16,639 INFO completed=1662 new=1662 elapsed_s=313.891 images_per_s=5.294836 device=mps
2026-09-13 21:01:20,520 INFO completed=1682 new=1682 elapsed_s=317.772 images_per_s=5.293105 device=mps
2026-09-13 21:01:24,355 INFO completed=1702 new=1702 elapsed_s=321.607 images_per_s=5.292175 device=mps
2026-09-13 21:01:28,196 INFO completed=1722 new=1722 elapsed_s=325.448 images_per_s=5.291163 device=mps
2026-09-13 21:01:32,038 INFO completed=1742 new=1742 elapsed_s=329.290 images_per_s=5.290172 device=mps
2026-09-13 21:01:35,880 INFO completed=1762 new=1762 elapsed_s=333.132 images_per_s=5.289189 device=mps
2026-09-13 21:01:39,730 INFO completed=1782 new=1782 elapsed_s=336.982 images_per_s=5.288123 device=mps
2026-09-13 21:01:43,586 INFO completed=1802 new=1802 elapsed_s=340.837 images_per_s=5.286978 device=mps
2026-09-13 21:01:47,436 INFO completed=1822 new=1822 elapsed_s=344.688 images_per_s=5.285940 device=mps
2026-09-13 21:01:51,289 INFO completed=1842 new=1842 elapsed_s=348.541 images_per_s=5.284895 device=mps
2026-09-13 21:01:55,145 INFO completed=1862 new=1862 elapsed_s=352.397 images_per_s=5.283810 device=mps
2026-09-13 21:01:59,021 INFO completed=1882 new=1882 elapsed_s=356.272 images_per_s=5.282476 device=mps
2026-09-13 21:02:02,880 INFO completed=1902 new=1902 elapsed_s=360.132 images_per_s=5.281394 device=mps
2026-09-13 21:02:06,763 INFO completed=1922 new=1922 elapsed_s=364.015 images_per_s=5.280002 device=mps
2026-09-13 21:02:10,697 INFO completed=1942 new=1942 elapsed_s=367.949 images_per_s=5.277912 device=mps
2026-09-13 21:02:14,551 INFO completed=1962 new=1962 elapsed_s=371.803 images_per_s=5.276992 device=mps
2026-09-13 21:02:18,463 INFO completed=1982 new=1982 elapsed_s=375.714 images_per_s=5.275285 device=mps
2026-09-13 21:02:22,364 INFO completed=2002 new=2002 elapsed_s=379.615 images_per_s=5.273762 device=mps
2026-09-13 21:02:26,255 INFO completed=2022 new=2022 elapsed_s=383.507 images_per_s=5.272400 device=mps
2026-09-13 21:02:30,121 INFO completed=2042 new=2042 elapsed_s=387.373 images_per_s=5.271410 device=mps
2026-09-13 21:02:34,008 INFO completed=2062 new=2062 elapsed_s=391.260 images_per_s=5.270157 device=mps
2026-09-13 21:02:37,895 INFO completed=2082 new=2082 elapsed_s=395.146 images_per_s=5.268933 device=mps
2026-09-13 21:02:41,788 INFO completed=2102 new=2102 elapsed_s=399.040 images_per_s=5.267645 device=mps
2026-09-13 21:02:45,659 INFO completed=2122 new=2122 elapsed_s=402.911 images_per_s=5.266674 device=mps
2026-09-13 21:02:49,553 INFO completed=2142 new=2142 elapsed_s=406.804 images_per_s=5.265432 device=mps
2026-09-13 21:02:53,456 INFO completed=2162 new=2162 elapsed_s=410.707 images_per_s=5.264093 device=mps
2026-09-13 21:02:57,313 INFO completed=2182 new=2182 elapsed_s=414.565 images_per_s=5.263352 device=mps
2026-09-13 21:03:01,213 INFO completed=2202 new=2202 elapsed_s=418.465 images_per_s=5.262091 device=mps
2026-09-13 21:03:05,088 INFO completed=2222 new=2222 elapsed_s=422.339 images_per_s=5.261171 device=mps
2026-09-13 21:03:09,195 INFO completed=2242 new=2242 elapsed_s=426.447 images_per_s=5.257397 device=mps
2026-09-13 21:03:13,311 INFO completed=2262 new=2262 elapsed_s=430.562 images_per_s=5.253593 device=mps
2026-09-13 21:03:17,320 INFO completed=2282 new=2282 elapsed_s=434.571 images_per_s=5.251155 device=mps
2026-09-13 21:03:21,263 INFO completed=2302 new=2302 elapsed_s=438.515 images_per_s=5.249541 device=mps
2026-09-13 21:03:25,138 INFO completed=2322 new=2322 elapsed_s=442.389 images_per_s=5.248776 device=mps
2026-09-13 21:03:29,028 INFO completed=2342 new=2342 elapsed_s=446.279 images_per_s=5.247834 device=mps
2026-09-13 21:03:32,917 INFO completed=2362 new=2362 elapsed_s=450.168 images_per_s=5.246924 device=mps
2026-09-13 21:03:36,805 INFO completed=2382 new=2382 elapsed_s=454.056 images_per_s=5.246045 device=mps
2026-09-13 21:03:40,826 INFO completed=2402 new=2402 elapsed_s=458.077 images_per_s=5.243657 device=mps
2026-09-13 21:03:44,822 INFO completed=2422 new=2422 elapsed_s=462.073 images_per_s=5.241597 device=mps
2026-09-13 21:03:48,738 INFO completed=2442 new=2442 elapsed_s=465.989 images_per_s=5.240468 device=mps
2026-09-13 21:03:52,635 INFO completed=2462 new=2462 elapsed_s=469.886 images_per_s=5.239564 device=mps
2026-09-13 21:03:56,539 INFO completed=2482 new=2482 elapsed_s=473.790 images_per_s=5.238611 device=mps
2026-09-13 21:04:00,430 INFO completed=2502 new=2502 elapsed_s=477.681 images_per_s=5.237807 device=mps
2026-09-13 21:04:04,313 INFO completed=2522 new=2522 elapsed_s=481.564 images_per_s=5.237100 device=mps
2026-09-13 21:04:08,204 INFO completed=2542 new=2542 elapsed_s=485.455 images_per_s=5.236324 device=mps
2026-09-13 21:04:12,147 INFO completed=2562 new=2562 elapsed_s=489.398 images_per_s=5.235007 device=mps
2026-09-13 21:04:16,011 INFO completed=2582 new=2582 elapsed_s=493.262 images_per_s=5.234545 device=mps
2026-09-13 21:04:19,897 INFO completed=2602 new=2602 elapsed_s=497.148 images_per_s=5.233856 device=mps
2026-09-13 21:04:23,805 INFO completed=2622 new=2622 elapsed_s=501.056 images_per_s=5.232949 device=mps
2026-09-13 21:04:27,673 INFO completed=2642 new=2642 elapsed_s=504.923 images_per_s=5.232477 device=mps
2026-09-13 21:04:31,544 INFO completed=2662 new=2662 elapsed_s=508.795 images_per_s=5.231973 device=mps
2026-09-13 21:04:35,433 INFO completed=2682 new=2682 elapsed_s=512.683 images_per_s=5.231298 device=mps
2026-09-13 21:04:39,306 INFO completed=2702 new=2702 elapsed_s=516.557 images_per_s=5.230787 device=mps
2026-09-13 21:04:43,189 INFO completed=2722 new=2722 elapsed_s=520.440 images_per_s=5.230192 device=mps
2026-09-13 21:04:47,103 INFO completed=2742 new=2742 elapsed_s=524.353 images_per_s=5.229297 device=mps
2026-09-13 21:04:50,980 INFO completed=2762 new=2762 elapsed_s=528.231 images_per_s=5.228775 device=mps
2026-09-13 21:04:54,935 INFO completed=2782 new=2782 elapsed_s=532.186 images_per_s=5.227495 device=mps
2026-09-13 21:04:58,790 INFO completed=2802 new=2802 elapsed_s=536.041 images_per_s=5.227216 device=mps
2026-09-13 21:05:02,648 INFO completed=2822 new=2822 elapsed_s=539.899 images_per_s=5.226905 device=mps
2026-09-13 21:05:06,508 INFO completed=2842 new=2842 elapsed_s=543.759 images_per_s=5.226583 device=mps
2026-09-13 21:05:10,389 INFO completed=2862 new=2862 elapsed_s=547.640 images_per_s=5.226061 device=mps
2026-09-13 21:05:14,270 INFO completed=2882 new=2882 elapsed_s=551.521 images_per_s=5.225549 device=mps
2026-09-13 21:05:18,130 INFO completed=2902 new=2902 elapsed_s=555.380 images_per_s=5.225248 device=mps
2026-09-13 21:05:21,997 INFO completed=2922 new=2922 elapsed_s=559.247 images_per_s=5.224881 device=mps
2026-09-13 21:05:25,849 INFO completed=2942 new=2942 elapsed_s=563.098 images_per_s=5.224663 device=mps
2026-09-13 21:05:29,714 INFO completed=2962 new=2962 elapsed_s=566.964 images_per_s=5.224320 device=mps
2026-09-13 21:05:33,594 INFO completed=2982 new=2982 elapsed_s=570.844 images_per_s=5.223843 device=mps
2026-09-13 21:05:37,456 INFO completed=3002 new=3002 elapsed_s=574.706 images_per_s=5.223540 device=mps
2026-09-13 21:05:41,335 INFO completed=3022 new=3022 elapsed_s=578.585 images_per_s=5.223087 device=mps
2026-09-13 21:05:45,227 INFO completed=3042 new=3042 elapsed_s=582.477 images_per_s=5.222525 device=mps
2026-09-13 21:05:49,081 INFO completed=3062 new=3062 elapsed_s=586.330 images_per_s=5.222313 device=mps
2026-09-13 21:05:52,952 INFO completed=3082 new=3082 elapsed_s=590.201 images_per_s=5.221949 device=mps
2026-09-13 21:05:56,821 INFO completed=3102 new=3102 elapsed_s=594.070 images_per_s=5.221603 device=mps
2026-09-13 21:06:00,688 INFO completed=3122 new=3122 elapsed_s=597.938 images_per_s=5.221281 device=mps
2026-09-13 21:06:04,538 INFO completed=3142 new=3142 elapsed_s=601.787 images_per_s=5.221116 device=mps
2026-09-13 21:06:08,413 INFO completed=3162 new=3162 elapsed_s=605.662 images_per_s=5.220735 device=mps
2026-09-13 21:06:12,281 INFO completed=3182 new=3182 elapsed_s=609.530 images_per_s=5.220412 device=mps
2026-09-13 21:06:16,171 INFO completed=3202 new=3202 elapsed_s=613.420 images_per_s=5.219912 device=mps
2026-09-13 21:06:20,029 INFO completed=3222 new=3222 elapsed_s=617.278 images_per_s=5.219688 device=mps
2026-09-13 21:06:23,905 INFO completed=3242 new=3242 elapsed_s=621.154 images_per_s=5.219319 device=mps
2026-09-13 21:06:27,756 INFO completed=3262 new=3262 elapsed_s=625.005 images_per_s=5.219155 device=mps
2026-09-13 21:06:31,719 INFO completed=3282 new=3282 elapsed_s=628.968 images_per_s=5.218072 device=mps
2026-09-13 21:06:35,713 INFO completed=3302 new=3302 elapsed_s=632.962 images_per_s=5.216739 device=mps
2026-09-13 21:06:39,646 INFO completed=3322 new=3322 elapsed_s=636.895 images_per_s=5.215930 device=mps
2026-09-13 21:06:43,492 INFO completed=3342 new=3342 elapsed_s=640.741 images_per_s=5.215835 device=mps
2026-09-13 21:06:47,350 INFO completed=3362 new=3362 elapsed_s=644.599 images_per_s=5.215644 device=mps
2026-09-13 21:06:51,204 INFO completed=3382 new=3382 elapsed_s=648.453 images_per_s=5.215487 device=mps
2026-09-13 21:06:55,056 INFO completed=3402 new=3402 elapsed_s=652.305 images_per_s=5.215355 device=mps
2026-09-13 21:06:58,915 INFO completed=3422 new=3422 elapsed_s=656.163 images_per_s=5.215164 device=mps
2026-09-13 21:07:02,764 INFO completed=3442 new=3442 elapsed_s=660.013 images_per_s=5.215046 device=mps
2026-09-13 21:07:06,656 INFO completed=3462 new=3462 elapsed_s=663.905 images_per_s=5.214600 device=mps
2026-09-13 21:07:10,514 INFO completed=3482 new=3482 elapsed_s=667.763 images_per_s=5.214423 device=mps
2026-09-13 21:07:14,381 INFO completed=3502 new=3502 elapsed_s=671.630 images_per_s=5.214181 device=mps
2026-09-13 21:07:18,229 INFO completed=3522 new=3522 elapsed_s=675.478 images_per_s=5.214086 device=mps
2026-09-13 21:07:22,061 INFO completed=3542 new=3542 elapsed_s=679.310 images_per_s=5.214118 device=mps
2026-09-13 21:07:25,921 INFO completed=3562 new=3562 elapsed_s=683.170 images_per_s=5.213930 device=mps
2026-09-13 21:07:29,776 INFO completed=3582 new=3582 elapsed_s=687.024 images_per_s=5.213789 device=mps
2026-09-13 21:07:33,623 INFO completed=3602 new=3602 elapsed_s=690.871 images_per_s=5.213705 device=mps
2026-09-13 21:07:37,488 INFO completed=3622 new=3622 elapsed_s=694.737 images_per_s=5.213487 device=mps
2026-09-13 21:07:41,432 INFO completed=3642 new=3642 elapsed_s=698.681 images_per_s=5.212679 device=mps
2026-09-13 21:07:45,298 INFO completed=3662 new=3662 elapsed_s=702.547 images_per_s=5.212466 device=mps
2026-09-13 21:07:49,205 INFO completed=3682 new=3682 elapsed_s=706.454 images_per_s=5.211948 device=mps
2026-09-13 21:07:53,060 INFO completed=3702 new=3702 elapsed_s=710.309 images_per_s=5.211818 device=mps
2026-09-13 21:07:56,973 INFO completed=3722 new=3722 elapsed_s=714.222 images_per_s=5.211268 device=mps
2026-09-13 21:08:00,885 INFO completed=3742 new=3742 elapsed_s=718.133 images_per_s=5.210732 device=mps
2026-09-13 21:08:04,756 INFO completed=3762 new=3762 elapsed_s=722.005 images_per_s=5.210493 device=mps
2026-09-13 21:08:08,614 INFO completed=3782 new=3782 elapsed_s=725.863 images_per_s=5.210352 device=mps
2026-09-13 21:08:12,464 INFO completed=3802 new=3802 elapsed_s=729.713 images_per_s=5.210269 device=mps
2026-09-13 21:08:16,357 INFO completed=3822 new=3822 elapsed_s=733.605 images_per_s=5.209886 device=mps
2026-09-13 21:08:20,186 INFO completed=3842 new=3842 elapsed_s=737.434 images_per_s=5.209954 device=mps
2026-09-13 21:08:24,043 INFO completed=3862 new=3862 elapsed_s=741.292 images_per_s=5.209824 device=mps
2026-09-13 21:08:27,898 INFO completed=3882 new=3882 elapsed_s=745.147 images_per_s=5.209712 device=mps
2026-09-13 21:08:31,748 INFO completed=3902 new=3902 elapsed_s=748.997 images_per_s=5.209636 device=mps
2026-09-13 21:08:35,597 INFO completed=3922 new=3922 elapsed_s=752.845 images_per_s=5.209571 device=mps
2026-09-13 21:08:39,478 INFO completed=3942 new=3942 elapsed_s=756.726 images_per_s=5.209282 device=mps
2026-09-13 21:08:43,315 INFO completed=3962 new=3962 elapsed_s=760.563 images_per_s=5.209296 device=mps
2026-09-13 21:08:47,207 INFO completed=3982 new=3982 elapsed_s=764.455 images_per_s=5.208939 device=mps
2026-09-13 21:08:51,086 INFO completed=4002 new=4002 elapsed_s=768.335 images_per_s=5.208667 device=mps
2026-09-13 21:08:54,945 INFO completed=4022 new=4022 elapsed_s=772.193 images_per_s=5.208544 device=mps
2026-09-13 21:08:58,814 INFO completed=4042 new=4042 elapsed_s=776.062 images_per_s=5.208348 device=mps
2026-09-13 21:09:02,671 INFO completed=4062 new=4062 elapsed_s=779.919 images_per_s=5.208230 device=mps
2026-09-13 21:09:06,538 INFO completed=4082 new=4082 elapsed_s=783.787 images_per_s=5.208051 device=mps
2026-09-13 21:09:10,389 INFO completed=4102 new=4102 elapsed_s=787.637 images_per_s=5.207980 device=mps
2026-09-13 21:09:14,239 INFO completed=4122 new=4122 elapsed_s=791.488 images_per_s=5.207915 device=mps
2026-09-13 21:09:18,097 INFO completed=4142 new=4142 elapsed_s=795.346 images_per_s=5.207799 device=mps
2026-09-13 21:09:21,938 INFO completed=4162 new=4162 elapsed_s=799.186 images_per_s=5.207800 device=mps
2026-09-13 21:09:25,790 INFO completed=4182 new=4182 elapsed_s=803.038 images_per_s=5.207726 device=mps
2026-09-13 21:09:29,754 INFO completed=4202 new=4202 elapsed_s=807.002 images_per_s=5.206929 device=mps
2026-09-13 21:09:33,580 INFO completed=4222 new=4222 elapsed_s=810.828 images_per_s=5.207021 device=mps
2026-09-13 21:09:37,196 INFO completed=4242 new=4242 elapsed_s=814.444 images_per_s=5.208461 device=mps
2026-09-13 21:09:40,845 INFO completed=4262 new=4262 elapsed_s=818.093 images_per_s=5.209675 device=mps
2026-09-13 21:09:44,466 INFO completed=4282 new=4282 elapsed_s=821.714 images_per_s=5.211059 device=mps
2026-09-13 21:09:48,096 INFO completed=4302 new=4302 elapsed_s=825.344 images_per_s=5.212371 device=mps
2026-09-13 21:09:51,752 INFO completed=4322 new=4322 elapsed_s=829.000 images_per_s=5.213512 device=mps
2026-09-13 21:09:55,472 INFO completed=4342 new=4342 elapsed_s=832.719 images_per_s=5.214242 device=mps
2026-09-13 21:09:59,306 INFO completed=4362 new=4362 elapsed_s=836.554 images_per_s=5.214248 device=mps
2026-09-13 21:10:03,019 INFO completed=4382 new=4382 elapsed_s=840.267 images_per_s=5.215010 device=mps
2026-09-13 21:10:06,765 INFO completed=4402 new=4402 elapsed_s=844.012 images_per_s=5.215563 device=mps
2026-09-13 21:10:10,499 INFO completed=4422 new=4422 elapsed_s=847.747 images_per_s=5.216182 device=mps
2026-09-13 21:10:14,290 INFO completed=4442 new=4442 elapsed_s=851.538 images_per_s=5.216446 device=mps
2026-09-13 21:10:18,045 INFO completed=4462 new=4462 elapsed_s=855.292 images_per_s=5.216929 device=mps
2026-09-13 21:10:21,667 INFO completed=4482 new=4482 elapsed_s=858.915 images_per_s=5.218213 device=mps
2026-09-13 21:10:25,334 INFO completed=4502 new=4502 elapsed_s=862.582 images_per_s=5.219216 device=mps
2026-09-13 21:10:28,975 INFO completed=4522 new=4522 elapsed_s=866.223 images_per_s=5.220367 device=mps
2026-09-13 21:10:32,521 INFO completed=4542 new=4542 elapsed_s=869.769 images_per_s=5.222079 device=mps
2026-09-13 21:10:36,153 INFO completed=4562 new=4562 elapsed_s=873.401 images_per_s=5.223260 device=mps
2026-09-13 21:10:39,711 INFO completed=4582 new=4582 elapsed_s=876.958 images_per_s=5.224879 device=mps
2026-09-13 21:10:43,281 INFO completed=4602 new=4602 elapsed_s=880.529 images_per_s=5.226404 device=mps
2026-09-13 21:10:46,859 INFO completed=4622 new=4622 elapsed_s=884.107 images_per_s=5.227875 device=mps
2026-09-13 21:10:50,423 INFO completed=4642 new=4642 elapsed_s=887.671 images_per_s=5.229415 device=mps
2026-09-13 21:10:53,989 INFO completed=4662 new=4662 elapsed_s=891.237 images_per_s=5.230934 device=mps
2026-09-13 21:10:57,632 INFO completed=4682 new=4682 elapsed_s=894.880 images_per_s=5.231989 device=mps
2026-09-13 21:11:01,272 INFO completed=4702 new=4702 elapsed_s=898.520 images_per_s=5.233051 device=mps
2026-09-13 21:11:04,853 INFO completed=4722 new=4722 elapsed_s=902.101 images_per_s=5.234448 device=mps
2026-09-13 21:11:08,481 INFO completed=4742 new=4742 elapsed_s=905.728 images_per_s=5.235566 device=mps
2026-09-13 21:11:12,111 INFO completed=4762 new=4762 elapsed_s=909.358 images_per_s=5.236660 device=mps
2026-09-13 21:11:15,697 INFO completed=4782 new=4782 elapsed_s=912.944 images_per_s=5.237997 device=mps
2026-09-13 21:11:19,283 INFO completed=4802 new=4802 elapsed_s=916.530 images_per_s=5.239325 device=mps
2026-09-13 21:11:22,861 INFO completed=4822 new=4822 elapsed_s=920.108 images_per_s=5.240687 device=mps
2026-09-13 21:11:26,497 INFO completed=4842 new=4842 elapsed_s=923.745 images_per_s=5.241708 device=mps
2026-09-13 21:11:30,110 INFO completed=4862 new=4862 elapsed_s=927.358 images_per_s=5.242854 device=mps
2026-09-13 21:11:33,723 INFO completed=4882 new=4882 elapsed_s=930.971 images_per_s=5.243990 device=mps
2026-09-13 21:11:37,344 INFO completed=4902 new=4902 elapsed_s=934.591 images_per_s=5.245076 device=mps
2026-09-13 21:11:40,969 INFO completed=4922 new=4922 elapsed_s=938.217 images_per_s=5.246123 device=mps
2026-09-13 21:11:44,579 INFO completed=4942 new=4942 elapsed_s=941.826 images_per_s=5.247255 device=mps
2026-09-13 21:11:48,169 INFO completed=4962 new=4962 elapsed_s=945.416 images_per_s=5.248484 device=mps
2026-09-13 21:11:51,771 INFO completed=4982 new=4982 elapsed_s=949.018 images_per_s=5.249637 device=mps
2026-09-13 21:11:55,348 INFO completed=5002 new=5002 elapsed_s=952.595 images_per_s=5.250920 device=mps
2026-09-13 21:11:58,945 INFO completed=5022 new=5022 elapsed_s=956.192 images_per_s=5.252083 device=mps
2026-09-13 21:12:02,544 INFO completed=5042 new=5042 elapsed_s=959.791 images_per_s=5.253225 device=mps
2026-09-13 21:12:06,172 INFO completed=5062 new=5062 elapsed_s=963.420 images_per_s=5.254201 device=mps
2026-09-13 21:12:09,923 INFO completed=5082 new=5082 elapsed_s=967.170 images_per_s=5.254504 device=mps
2026-09-13 21:12:13,581 INFO completed=5102 new=5102 elapsed_s=970.828 images_per_s=5.255306 device=mps
2026-09-13 21:12:17,195 INFO completed=5122 new=5122 elapsed_s=974.442 images_per_s=5.256344 device=mps
2026-09-13 21:12:20,828 INFO completed=5142 new=5142 elapsed_s=978.075 images_per_s=5.257263 device=mps
2026-09-13 21:12:24,449 INFO completed=5162 new=5162 elapsed_s=981.696 images_per_s=5.258248 device=mps
2026-09-13 21:12:28,136 INFO completed=5182 new=5182 elapsed_s=985.383 images_per_s=5.258867 device=mps
2026-09-13 21:12:31,745 INFO completed=5202 new=5202 elapsed_s=988.992 images_per_s=5.259899 device=mps
2026-09-13 21:12:35,362 INFO completed=5222 new=5222 elapsed_s=992.609 images_per_s=5.260884 device=mps
2026-09-13 21:12:39,000 INFO completed=5242 new=5242 elapsed_s=996.247 images_per_s=5.261749 device=mps
2026-09-13 21:12:42,800 INFO completed=5262 new=5262 elapsed_s=1000.046 images_per_s=5.261756 device=mps
2026-09-13 21:12:46,478 INFO completed=5282 new=5282 elapsed_s=1003.725 images_per_s=5.262399 device=mps
2026-09-13 21:12:50,034 INFO completed=5302 new=5302 elapsed_s=1007.281 images_per_s=5.263674 device=mps
2026-09-13 21:12:53,620 INFO completed=5322 new=5322 elapsed_s=1010.867 images_per_s=5.264789 device=mps
2026-09-13 21:12:57,175 INFO completed=5342 new=5342 elapsed_s=1014.421 images_per_s=5.266057 device=mps
2026-09-13 21:13:00,773 INFO completed=5362 new=5362 elapsed_s=1018.020 images_per_s=5.267087 device=mps
2026-09-13 21:13:04,341 INFO completed=5382 new=5382 elapsed_s=1021.588 images_per_s=5.268268 device=mps
2026-09-13 21:13:07,912 INFO completed=5402 new=5402 elapsed_s=1025.158 images_per_s=5.269430 device=mps
2026-09-13 21:13:11,483 INFO completed=5422 new=5422 elapsed_s=1028.730 images_per_s=5.270576 device=mps
2026-09-13 21:13:15,041 INFO completed=5442 new=5442 elapsed_s=1032.287 images_per_s=5.271788 device=mps
2026-09-13 21:13:18,586 INFO completed=5462 new=5462 elapsed_s=1035.833 images_per_s=5.273052 device=mps
2026-09-13 21:13:22,138 INFO completed=5482 new=5482 elapsed_s=1039.384 images_per_s=5.274276 device=mps
2026-09-13 21:13:25,686 INFO completed=5502 new=5502 elapsed_s=1042.932 images_per_s=5.275510 device=mps
2026-09-13 21:13:29,226 INFO completed=5522 new=5522 elapsed_s=1046.473 images_per_s=5.276773 device=mps
2026-09-13 21:13:32,777 INFO completed=5542 new=5542 elapsed_s=1050.024 images_per_s=5.277975 device=mps
2026-09-13 21:13:36,349 INFO completed=5562 new=5562 elapsed_s=1053.595 images_per_s=5.279068 device=mps
2026-09-13 21:13:39,920 INFO completed=5582 new=5582 elapsed_s=1057.166 images_per_s=5.280152 device=mps
2026-09-13 21:13:43,495 INFO completed=5602 new=5602 elapsed_s=1060.742 images_per_s=5.281211 device=mps
2026-09-13 21:13:47,036 INFO completed=5622 new=5622 elapsed_s=1064.283 images_per_s=5.282432 device=mps
2026-09-13 21:13:50,604 INFO completed=5642 new=5642 elapsed_s=1067.850 images_per_s=5.283512 device=mps
2026-09-13 21:13:54,165 INFO completed=5662 new=5662 elapsed_s=1071.412 images_per_s=5.284617 device=mps
2026-09-13 21:13:57,704 INFO completed=5682 new=5682 elapsed_s=1074.951 images_per_s=5.285824 device=mps
2026-09-13 21:14:01,255 INFO completed=5702 new=5702 elapsed_s=1078.501 images_per_s=5.286968 device=mps
2026-09-13 21:14:04,806 INFO completed=5722 new=5722 elapsed_s=1082.052 images_per_s=5.288100 device=mps
2026-09-13 21:14:08,357 INFO completed=5742 new=5742 elapsed_s=1085.604 images_per_s=5.289223 device=mps
2026-09-13 21:14:11,911 INFO completed=5762 new=5762 elapsed_s=1089.157 images_per_s=5.290328 device=mps
2026-09-13 21:14:15,473 INFO completed=5782 new=5782 elapsed_s=1092.719 images_per_s=5.291388 device=mps
2026-09-13 21:14:19,031 INFO completed=5802 new=5802 elapsed_s=1096.277 images_per_s=5.292457 device=mps
2026-09-13 21:14:22,578 INFO completed=5822 new=5822 elapsed_s=1099.824 images_per_s=5.293574 device=mps
2026-09-13 21:14:26,130 INFO completed=5842 new=5842 elapsed_s=1103.376 images_per_s=5.294658 device=mps
2026-09-13 21:14:29,685 INFO completed=5862 new=5862 elapsed_s=1106.931 images_per_s=5.295723 device=mps
2026-09-13 21:14:33,246 INFO completed=5882 new=5882 elapsed_s=1110.492 images_per_s=5.296751 device=mps
2026-09-13 21:14:36,800 INFO completed=5902 new=5902 elapsed_s=1114.046 images_per_s=5.297805 device=mps
2026-09-13 21:14:40,380 INFO completed=5922 new=5922 elapsed_s=1117.626 images_per_s=5.298732 device=mps
2026-09-13 21:14:44,053 INFO completed=5942 new=5942 elapsed_s=1121.299 images_per_s=5.299211 device=mps
2026-09-13 21:14:47,667 INFO completed=5962 new=5962 elapsed_s=1124.913 images_per_s=5.299966 device=mps
2026-09-13 21:14:51,402 INFO completed=5982 new=5982 elapsed_s=1128.648 images_per_s=5.300149 device=mps
2026-09-13 21:14:55,240 INFO completed=6002 new=6002 elapsed_s=1132.486 images_per_s=5.299845 device=mps
2026-09-13 21:14:59,099 INFO completed=6022 new=6022 elapsed_s=1136.345 images_per_s=5.299446 device=mps
2026-09-13 21:15:02,973 INFO completed=6042 new=6042 elapsed_s=1140.219 images_per_s=5.298982 device=mps
2026-09-13 21:15:06,847 INFO completed=6062 new=6062 elapsed_s=1144.093 images_per_s=5.298519 device=mps
2026-09-13 21:15:10,672 INFO completed=6082 new=6082 elapsed_s=1147.918 images_per_s=5.298287 device=mps
2026-09-13 21:15:14,506 INFO completed=6102 new=6102 elapsed_s=1151.752 images_per_s=5.298017 device=mps
2026-09-13 21:15:18,338 INFO completed=6122 new=6122 elapsed_s=1155.584 images_per_s=5.297753 device=mps
2026-09-13 21:15:22,155 INFO completed=6142 new=6142 elapsed_s=1159.401 images_per_s=5.297563 device=mps
2026-09-13 21:15:25,969 INFO completed=6162 new=6162 elapsed_s=1163.214 images_per_s=5.297390 device=mps
2026-09-13 21:15:29,780 INFO completed=6182 new=6182 elapsed_s=1167.026 images_per_s=5.297224 device=mps
2026-09-13 21:15:33,572 INFO completed=6202 new=6202 elapsed_s=1170.817 images_per_s=5.297154 device=mps
2026-09-13 21:15:37,385 INFO completed=6222 new=6222 elapsed_s=1174.631 images_per_s=5.296983 device=mps
2026-09-13 21:15:41,206 INFO completed=6242 new=6242 elapsed_s=1178.452 images_per_s=5.296780 device=mps
2026-09-13 21:15:45,052 INFO completed=6262 new=6262 elapsed_s=1182.298 images_per_s=5.296466 device=mps
2026-09-13 21:15:48,864 INFO completed=6282 new=6282 elapsed_s=1186.110 images_per_s=5.296307 device=mps
2026-09-13 21:15:52,673 INFO completed=6302 new=6302 elapsed_s=1189.918 images_per_s=5.296162 device=mps
2026-09-13 21:15:56,490 INFO completed=6322 new=6322 elapsed_s=1193.735 images_per_s=5.295981 device=mps
2026-09-13 21:16:00,303 INFO completed=6342 new=6342 elapsed_s=1197.549 images_per_s=5.295818 device=mps
2026-09-13 21:16:04,114 INFO completed=6362 new=6362 elapsed_s=1201.359 images_per_s=5.295668 device=mps
2026-09-13 21:16:07,932 INFO completed=6382 new=6382 elapsed_s=1205.178 images_per_s=5.295485 device=mps
2026-09-13 21:16:11,732 INFO completed=6402 new=6402 elapsed_s=1208.977 images_per_s=5.295385 device=mps
2026-09-13 21:16:15,539 INFO completed=6422 new=6422 elapsed_s=1212.785 images_per_s=5.295250 device=mps
2026-09-13 21:16:19,348 INFO completed=6442 new=6442 elapsed_s=1216.593 images_per_s=5.295113 device=mps
2026-09-13 21:16:23,155 INFO completed=6462 new=6462 elapsed_s=1220.400 images_per_s=5.294984 device=mps
2026-09-13 21:16:26,948 INFO completed=6482 new=6482 elapsed_s=1224.193 images_per_s=5.294916 device=mps
2026-09-13 21:16:30,756 INFO completed=6502 new=6502 elapsed_s=1228.001 images_per_s=5.294783 device=mps
2026-09-13 21:16:34,545 INFO completed=6522 new=6522 elapsed_s=1231.791 images_per_s=5.294730 device=mps
2026-09-13 21:16:38,340 INFO completed=6542 new=6542 elapsed_s=1235.585 images_per_s=5.294658 device=mps
2026-09-13 21:16:42,137 INFO completed=6562 new=6562 elapsed_s=1239.382 images_per_s=5.294573 device=mps
2026-09-13 21:16:45,956 INFO completed=6582 new=6582 elapsed_s=1243.202 images_per_s=5.294395 device=mps
2026-09-13 21:16:49,756 INFO completed=6602 new=6602 elapsed_s=1247.001 images_per_s=5.294301 device=mps
2026-09-13 21:16:53,568 INFO completed=6622 new=6622 elapsed_s=1250.813 images_per_s=5.294155 device=mps
2026-09-13 21:16:57,370 INFO completed=6642 new=6642 elapsed_s=1254.615 images_per_s=5.294055 device=mps
2026-09-13 21:17:01,165 INFO completed=6662 new=6662 elapsed_s=1258.410 images_per_s=5.293983 device=mps
2026-09-13 21:17:04,969 INFO completed=6682 new=6682 elapsed_s=1262.214 images_per_s=5.293873 device=mps
2026-09-13 21:17:08,761 INFO completed=6702 new=6702 elapsed_s=1266.007 images_per_s=5.293811 device=mps
2026-09-13 21:17:12,546 INFO completed=6722 new=6722 elapsed_s=1269.791 images_per_s=5.293783 device=mps
2026-09-13 21:17:16,336 INFO completed=6742 new=6742 elapsed_s=1273.582 images_per_s=5.293732 device=mps
2026-09-13 21:17:20,132 INFO completed=6762 new=6762 elapsed_s=1277.377 images_per_s=5.293661 device=mps
2026-09-13 21:17:23,888 INFO completed=6782 new=6782 elapsed_s=1281.133 images_per_s=5.293750 device=mps
2026-09-13 21:17:27,671 INFO completed=6802 new=6802 elapsed_s=1284.916 images_per_s=5.293730 device=mps
2026-09-13 21:17:31,463 INFO completed=6822 new=6822 elapsed_s=1288.708 images_per_s=5.293673 device=mps
2026-09-13 21:17:35,250 INFO completed=6842 new=6842 elapsed_s=1292.495 images_per_s=5.293638 device=mps
2026-09-13 21:17:39,046 INFO completed=6862 new=6862 elapsed_s=1296.291 images_per_s=5.293563 device=mps
2026-09-13 21:17:42,871 INFO completed=6882 new=6882 elapsed_s=1300.116 images_per_s=5.293374 device=mps
2026-09-13 21:17:46,656 INFO completed=6902 new=6902 elapsed_s=1303.901 images_per_s=5.293349 device=mps
2026-09-13 21:17:50,447 INFO completed=6922 new=6922 elapsed_s=1307.692 images_per_s=5.293294 device=mps
2026-09-13 21:17:54,231 INFO completed=6942 new=6942 elapsed_s=1311.476 images_per_s=5.293275 device=mps
2026-09-13 21:17:58,031 INFO completed=6962 new=6962 elapsed_s=1315.276 images_per_s=5.293187 device=mps
2026-09-13 21:18:01,812 INFO completed=6982 new=6982 elapsed_s=1319.057 images_per_s=5.293177 device=mps
2026-09-13 21:18:05,596 INFO completed=7002 new=7002 elapsed_s=1322.841 images_per_s=5.293153 device=mps
2026-09-13 21:18:09,385 INFO completed=7022 new=7022 elapsed_s=1326.630 images_per_s=5.293110 device=mps
2026-09-13 21:18:13,164 INFO completed=7042 new=7042 elapsed_s=1330.409 images_per_s=5.293110 device=mps
2026-09-13 21:18:16,959 INFO completed=7062 new=7062 elapsed_s=1334.204 images_per_s=5.293044 device=mps
2026-09-13 21:18:20,746 INFO completed=7082 new=7082 elapsed_s=1337.991 images_per_s=5.293010 device=mps
2026-09-13 21:18:24,520 INFO completed=7102 new=7102 elapsed_s=1341.764 images_per_s=5.293031 device=mps
2026-09-13 21:18:28,368 INFO completed=7122 new=7122 elapsed_s=1345.612 images_per_s=5.292757 device=mps
2026-09-13 21:18:32,147 INFO completed=7142 new=7142 elapsed_s=1349.392 images_per_s=5.292754 device=mps
2026-09-13 21:18:35,920 INFO completed=7162 new=7162 elapsed_s=1353.165 images_per_s=5.292777 device=mps
2026-09-13 21:18:39,721 INFO completed=7182 new=7182 elapsed_s=1356.966 images_per_s=5.292691 device=mps
2026-09-13 21:18:43,502 INFO completed=7202 new=7202 elapsed_s=1360.747 images_per_s=5.292681 device=mps
2026-09-13 21:18:47,284 INFO completed=7222 new=7222 elapsed_s=1364.528 images_per_s=5.292671 device=mps
2026-09-13 21:18:51,063 INFO completed=7242 new=7242 elapsed_s=1368.308 images_per_s=5.292669 device=mps
2026-09-13 21:18:54,824 INFO completed=7262 new=7262 elapsed_s=1372.069 images_per_s=5.292738 device=mps
2026-09-13 21:18:58,610 INFO completed=7282 new=7282 elapsed_s=1375.854 images_per_s=5.292711 device=mps
2026-09-13 21:19:02,394 INFO completed=7302 new=7302 elapsed_s=1379.638 images_per_s=5.292691 device=mps
2026-09-13 21:19:06,209 INFO completed=7322 new=7322 elapsed_s=1383.454 images_per_s=5.292551 device=mps
2026-09-13 21:19:09,985 INFO completed=7342 new=7342 elapsed_s=1387.230 images_per_s=5.292563 device=mps
2026-09-13 21:19:13,756 INFO completed=7362 new=7362 elapsed_s=1391.000 images_per_s=5.292595 device=mps
2026-09-13 21:19:17,528 INFO completed=7382 new=7382 elapsed_s=1394.772 images_per_s=5.292620 device=mps
2026-09-13 21:19:21,297 INFO completed=7402 new=7402 elapsed_s=1398.541 images_per_s=5.292657 device=mps
2026-09-13 21:19:25,081 INFO completed=7422 new=7422 elapsed_s=1402.325 images_per_s=5.292637 device=mps
2026-09-13 21:19:28,856 INFO completed=7442 new=7442 elapsed_s=1406.100 images_per_s=5.292654 device=mps
2026-09-13 21:19:32,646 INFO completed=7462 new=7462 elapsed_s=1409.890 images_per_s=5.292610 device=mps
2026-09-13 21:19:36,447 INFO completed=7482 new=7482 elapsed_s=1413.691 images_per_s=5.292527 device=mps
2026-09-13 21:19:40,197 INFO completed=7502 new=7502 elapsed_s=1417.441 images_per_s=5.292635 device=mps
2026-09-13 21:19:43,980 INFO completed=7522 new=7522 elapsed_s=1421.224 images_per_s=5.292621 device=mps
2026-09-13 21:19:47,738 INFO completed=7542 new=7542 elapsed_s=1424.982 images_per_s=5.292698 device=mps
2026-09-13 21:19:51,522 INFO completed=7562 new=7562 elapsed_s=1428.767 images_per_s=5.292677 device=mps
2026-09-13 21:19:55,310 INFO completed=7582 new=7582 elapsed_s=1432.554 images_per_s=5.292646 device=mps
2026-09-13 21:19:59,097 INFO completed=7602 new=7602 elapsed_s=1436.341 images_per_s=5.292615 device=mps
2026-09-13 21:20:02,877 INFO completed=7622 new=7622 elapsed_s=1440.121 images_per_s=5.292611 device=mps
2026-09-13 21:20:06,682 INFO completed=7642 new=7642 elapsed_s=1443.926 images_per_s=5.292515 device=mps
2026-09-13 21:20:10,478 INFO completed=7662 new=7662 elapsed_s=1447.722 images_per_s=5.292453 device=mps
2026-09-13 21:20:14,251 INFO completed=7682 new=7682 elapsed_s=1451.495 images_per_s=5.292473 device=mps
2026-09-13 21:20:18,022 INFO completed=7702 new=7702 elapsed_s=1455.266 images_per_s=5.292503 device=mps
2026-09-13 21:20:21,805 INFO completed=7722 new=7722 elapsed_s=1459.049 images_per_s=5.292488 device=mps
2026-09-13 21:20:25,585 INFO completed=7742 new=7742 elapsed_s=1462.829 images_per_s=5.292486 device=mps
2026-09-13 21:20:29,390 INFO completed=7762 new=7762 elapsed_s=1466.634 images_per_s=5.292392 device=mps
2026-09-13 21:20:33,146 INFO completed=7782 new=7782 elapsed_s=1470.390 images_per_s=5.292472 device=mps
2026-09-13 21:20:36,935 INFO completed=7802 new=7802 elapsed_s=1474.179 images_per_s=5.292436 device=mps
2026-09-13 21:20:40,712 INFO completed=7822 new=7822 elapsed_s=1477.956 images_per_s=5.292444 device=mps
2026-09-13 21:20:44,489 INFO completed=7842 new=7842 elapsed_s=1481.733 images_per_s=5.292451 device=mps
2026-09-13 21:20:48,264 INFO completed=7862 new=7862 elapsed_s=1485.507 images_per_s=5.292468 device=mps
2026-09-13 21:20:52,060 INFO completed=7882 new=7882 elapsed_s=1489.304 images_per_s=5.292406 device=mps
2026-09-13 21:20:55,843 INFO completed=7902 new=7902 elapsed_s=1493.087 images_per_s=5.292392 device=mps
2026-09-13 21:20:59,606 INFO completed=7922 new=7922 elapsed_s=1496.850 images_per_s=5.292447 device=mps
2026-09-13 21:21:03,386 INFO completed=7942 new=7942 elapsed_s=1500.630 images_per_s=5.292444 device=mps
2026-09-13 21:21:07,169 INFO completed=7962 new=7962 elapsed_s=1504.413 images_per_s=5.292431 device=mps
2026-09-13 21:21:10,948 INFO completed=7982 new=7982 elapsed_s=1508.192 images_per_s=5.292431 device=mps
2026-09-13 21:21:14,727 INFO completed=8002 new=8002 elapsed_s=1511.970 images_per_s=5.292432 device=mps
2026-09-13 21:21:18,506 INFO completed=8022 new=8022 elapsed_s=1515.749 images_per_s=5.292432 device=mps
2026-09-13 21:21:22,290 INFO completed=8042 new=8042 elapsed_s=1519.533 images_per_s=5.292414 device=mps
2026-09-13 21:21:26,102 INFO completed=8062 new=8062 elapsed_s=1523.345 images_per_s=5.292299 device=mps
2026-09-13 21:21:29,881 INFO completed=8082 new=8082 elapsed_s=1527.124 images_per_s=5.292300 device=mps
2026-09-13 21:21:33,663 INFO completed=8102 new=8102 elapsed_s=1530.907 images_per_s=5.292288 device=mps
2026-09-13 21:21:37,443 INFO completed=8122 new=8122 elapsed_s=1534.687 images_per_s=5.292286 device=mps
2026-09-13 21:21:41,221 INFO completed=8142 new=8142 elapsed_s=1538.465 images_per_s=5.292290 device=mps
2026-09-13 21:21:45,012 INFO completed=8162 new=8162 elapsed_s=1542.256 images_per_s=5.292248 device=mps
2026-09-13 21:21:48,805 INFO completed=8182 new=8182 elapsed_s=1546.049 images_per_s=5.292201 device=mps
2026-09-13 21:21:52,596 INFO completed=8202 new=8202 elapsed_s=1549.839 images_per_s=5.292161 device=mps
2026-09-13 21:21:56,386 INFO completed=8222 new=8222 elapsed_s=1553.630 images_per_s=5.292123 device=mps
2026-09-13 21:22:00,171 INFO completed=8242 new=8242 elapsed_s=1557.414 images_per_s=5.292104 device=mps
2026-09-13 21:22:03,964 INFO completed=8262 new=8262 elapsed_s=1561.207 images_per_s=5.292059 device=mps
2026-09-13 21:22:07,746 INFO completed=8282 new=8282 elapsed_s=1564.990 images_per_s=5.292047 device=mps
2026-09-13 21:22:11,534 INFO completed=8302 new=8302 elapsed_s=1568.777 images_per_s=5.292019 device=mps
2026-09-13 21:22:15,338 INFO completed=8322 new=8322 elapsed_s=1572.581 images_per_s=5.291936 device=mps
2026-09-13 21:22:19,138 INFO completed=8342 new=8342 elapsed_s=1576.381 images_per_s=5.291867 device=mps
2026-09-13 21:22:22,946 INFO completed=8362 new=8362 elapsed_s=1580.190 images_per_s=5.291770 device=mps
2026-09-13 21:22:26,731 INFO completed=8382 new=8382 elapsed_s=1583.974 images_per_s=5.291753 device=mps
2026-09-13 21:22:30,528 INFO completed=8402 new=8402 elapsed_s=1587.771 images_per_s=5.291695 device=mps
2026-09-13 21:22:34,310 INFO completed=8422 new=8422 elapsed_s=1591.553 images_per_s=5.291685 device=mps
2026-09-13 21:22:38,105 INFO completed=8442 new=8442 elapsed_s=1595.348 images_per_s=5.291636 device=mps
2026-09-13 21:22:41,880 INFO completed=8462 new=8462 elapsed_s=1599.123 images_per_s=5.291650 device=mps
2026-09-13 21:22:45,664 INFO completed=8482 new=8482 elapsed_s=1602.907 images_per_s=5.291636 device=mps
2026-09-13 21:22:49,455 INFO completed=8502 new=8502 elapsed_s=1606.698 images_per_s=5.291598 device=mps
2026-09-13 21:22:53,238 INFO completed=8522 new=8522 elapsed_s=1610.481 images_per_s=5.291588 device=mps
2026-09-13 21:22:57,021 INFO completed=8542 new=8542 elapsed_s=1614.264 images_per_s=5.291575 device=mps
2026-09-13 21:23:00,806 INFO completed=8562 new=8562 elapsed_s=1618.049 images_per_s=5.291559 device=mps
2026-09-13 21:23:04,592 INFO completed=8582 new=8582 elapsed_s=1621.835 images_per_s=5.291537 device=mps
2026-09-13 21:23:08,381 INFO completed=8602 new=8602 elapsed_s=1625.624 images_per_s=5.291505 device=mps
2026-09-13 21:23:12,164 INFO completed=8622 new=8622 elapsed_s=1629.407 images_per_s=5.291497 device=mps
2026-09-13 21:23:15,956 INFO completed=8642 new=8642 elapsed_s=1633.199 images_per_s=5.291456 device=mps
2026-09-13 21:23:19,749 INFO completed=8662 new=8662 elapsed_s=1636.992 images_per_s=5.291411 device=mps
2026-09-13 21:23:23,541 INFO completed=8682 new=8682 elapsed_s=1640.784 images_per_s=5.291373 device=mps
2026-09-13 21:23:27,315 INFO completed=8702 new=8702 elapsed_s=1644.558 images_per_s=5.291392 device=mps
2026-09-13 21:23:31,097 INFO completed=8722 new=8722 elapsed_s=1648.340 images_per_s=5.291383 device=mps
2026-09-13 21:23:34,923 INFO completed=8742 new=8742 elapsed_s=1652.166 images_per_s=5.291237 device=mps
2026-09-13 21:23:38,710 INFO completed=8762 new=8762 elapsed_s=1655.952 images_per_s=5.291215 device=mps
2026-09-13 21:23:42,501 INFO completed=8782 new=8782 elapsed_s=1659.744 images_per_s=5.291179 device=mps
2026-09-13 21:23:46,301 INFO completed=8802 new=8802 elapsed_s=1663.544 images_per_s=5.291114 device=mps
2026-09-13 21:23:50,103 INFO completed=8822 new=8822 elapsed_s=1667.346 images_per_s=5.291043 device=mps
2026-09-13 21:23:53,877 INFO completed=8842 new=8842 elapsed_s=1671.119 images_per_s=5.291064 device=mps
2026-09-13 21:23:57,668 INFO completed=8862 new=8862 elapsed_s=1674.911 images_per_s=5.291027 device=mps
2026-09-13 21:24:01,455 INFO completed=8882 new=8882 elapsed_s=1678.698 images_per_s=5.291006 device=mps
2026-09-13 21:24:05,250 INFO completed=8902 new=8902 elapsed_s=1682.493 images_per_s=5.290960 device=mps
2026-09-13 21:24:09,043 INFO completed=8922 new=8922 elapsed_s=1686.285 images_per_s=5.290919 device=mps
2026-09-13 21:24:12,833 INFO completed=8942 new=8942 elapsed_s=1690.075 images_per_s=5.290889 device=mps
2026-09-13 21:24:16,628 INFO completed=8962 new=8962 elapsed_s=1693.871 images_per_s=5.290840 device=mps
2026-09-13 21:24:20,409 INFO completed=8982 new=8982 elapsed_s=1697.652 images_per_s=5.290837 device=mps
2026-09-13 21:24:24,239 INFO completed=9002 new=9002 elapsed_s=1701.482 images_per_s=5.290683 device=mps
2026-09-13 21:24:28,030 INFO completed=9022 new=9022 elapsed_s=1705.273 images_per_s=5.290650 device=mps
2026-09-13 21:24:31,822 INFO completed=9042 new=9042 elapsed_s=1709.065 images_per_s=5.290613 device=mps
2026-09-13 21:24:35,611 INFO completed=9062 new=9062 elapsed_s=1712.853 images_per_s=5.290588 device=mps
2026-09-13 21:24:39,389 INFO completed=9082 new=9082 elapsed_s=1716.632 images_per_s=5.290593 device=mps
2026-09-13 21:24:43,161 INFO completed=9102 new=9102 elapsed_s=1720.403 images_per_s=5.290620 device=mps
2026-09-13 21:24:46,922 INFO completed=9122 new=9122 elapsed_s=1724.164 images_per_s=5.290679 device=mps
2026-09-13 21:24:50,689 INFO completed=9142 new=9142 elapsed_s=1727.931 images_per_s=5.290720 device=mps
2026-09-13 21:24:54,481 INFO completed=9162 new=9162 elapsed_s=1731.723 images_per_s=5.290684 device=mps
2026-09-13 21:24:58,273 INFO completed=9182 new=9182 elapsed_s=1735.515 images_per_s=5.290648 device=mps
2026-09-13 21:25:02,055 INFO completed=9202 new=9202 elapsed_s=1739.297 images_per_s=5.290643 device=mps
2026-09-13 21:25:05,838 INFO completed=9222 new=9222 elapsed_s=1743.080 images_per_s=5.290634 device=mps
2026-09-13 21:25:09,626 INFO completed=9242 new=9242 elapsed_s=1746.868 images_per_s=5.290611 device=mps
2026-09-13 21:25:13,422 INFO completed=9262 new=9262 elapsed_s=1750.664 images_per_s=5.290563 device=mps
2026-09-13 21:25:17,230 INFO completed=9282 new=9282 elapsed_s=1754.473 images_per_s=5.290479 device=mps
2026-09-13 21:25:21,018 INFO completed=9302 new=9302 elapsed_s=1758.260 images_per_s=5.290458 device=mps
2026-09-13 21:25:24,801 INFO completed=9322 new=9322 elapsed_s=1762.043 images_per_s=5.290450 device=mps
2026-09-13 21:25:28,586 INFO completed=9342 new=9342 elapsed_s=1765.828 images_per_s=5.290436 device=mps
2026-09-13 21:25:32,376 INFO completed=9362 new=9362 elapsed_s=1769.619 images_per_s=5.290406 device=mps
2026-09-13 21:25:36,164 INFO completed=9382 new=9382 elapsed_s=1773.407 images_per_s=5.290383 device=mps
2026-09-13 21:25:39,988 INFO completed=9402 new=9402 elapsed_s=1777.231 images_per_s=5.290253 device=mps
2026-09-13 21:25:43,781 INFO completed=9422 new=9422 elapsed_s=1781.023 images_per_s=5.290218 device=mps
2026-09-13 21:25:47,581 INFO completed=9442 new=9442 elapsed_s=1784.823 images_per_s=5.290159 device=mps
2026-09-13 21:25:51,359 INFO completed=9462 new=9462 elapsed_s=1788.601 images_per_s=5.290168 device=mps
2026-09-13 21:25:55,136 INFO completed=9482 new=9482 elapsed_s=1792.378 images_per_s=5.290179 device=mps
2026-09-13 21:25:58,916 INFO completed=9502 new=9502 elapsed_s=1796.158 images_per_s=5.290180 device=mps
2026-09-13 21:26:02,702 INFO completed=9522 new=9522 elapsed_s=1799.944 images_per_s=5.290165 device=mps
2026-09-13 21:26:06,493 INFO completed=9542 new=9542 elapsed_s=1803.735 images_per_s=5.290134 device=mps
2026-09-13 21:26:10,325 INFO completed=9562 new=9562 elapsed_s=1807.567 images_per_s=5.289984 device=mps
2026-09-13 21:26:14,105 INFO completed=9582 new=9582 elapsed_s=1811.347 images_per_s=5.289985 device=mps
2026-09-13 21:26:17,879 INFO completed=9602 new=9602 elapsed_s=1815.121 images_per_s=5.290006 device=mps
2026-09-13 21:26:21,669 INFO completed=9622 new=9622 elapsed_s=1818.911 images_per_s=5.289978 device=mps
2026-09-13 21:26:25,438 INFO completed=9642 new=9642 elapsed_s=1822.679 images_per_s=5.290014 device=mps
2026-09-13 21:26:29,239 INFO completed=9662 new=9662 elapsed_s=1826.481 images_per_s=5.289954 device=mps
2026-09-13 21:26:33,014 INFO completed=9682 new=9682 elapsed_s=1830.256 images_per_s=5.289970 device=mps
2026-09-13 21:26:36,814 INFO completed=9702 new=9702 elapsed_s=1834.056 images_per_s=5.289916 device=mps
2026-09-13 21:26:40,772 INFO completed=9722 new=9722 elapsed_s=1838.014 images_per_s=5.289404 device=mps
2026-09-13 21:26:44,564 INFO completed=9742 new=9742 elapsed_s=1841.805 images_per_s=5.289376 device=mps
2026-09-13 21:26:48,351 INFO completed=9762 new=9762 elapsed_s=1845.592 images_per_s=5.289358 device=mps
2026-09-13 21:26:52,143 INFO completed=9782 new=9782 elapsed_s=1849.385 images_per_s=5.289326 device=mps
2026-09-13 21:26:55,936 INFO completed=9802 new=9802 elapsed_s=1853.178 images_per_s=5.289293 device=mps
2026-09-13 21:26:59,789 INFO completed=9822 new=9822 elapsed_s=1857.031 images_per_s=5.289089 device=mps
2026-09-13 21:27:03,562 INFO completed=9842 new=9842 elapsed_s=1860.804 images_per_s=5.289113 device=mps
2026-09-13 21:27:07,351 INFO completed=9862 new=9862 elapsed_s=1864.593 images_per_s=5.289091 device=mps
2026-09-13 21:27:11,123 INFO completed=9882 new=9882 elapsed_s=1868.364 images_per_s=5.289119 device=mps
2026-09-13 21:27:14,889 INFO completed=9902 new=9902 elapsed_s=1872.131 images_per_s=5.289160 device=mps
2026-09-13 21:27:18,661 INFO completed=9922 new=9922 elapsed_s=1875.902 images_per_s=5.289189 device=mps
2026-09-13 21:27:22,451 INFO completed=9942 new=9942 elapsed_s=1879.693 images_per_s=5.289163 device=mps
2026-09-13 21:27:26,259 INFO completed=9962 new=9962 elapsed_s=1883.501 images_per_s=5.289087 device=mps
2026-09-13 21:27:30,116 INFO completed=9982 new=9982 elapsed_s=1887.358 images_per_s=5.288876 device=mps
2026-09-13 21:27:33,905 INFO completed=10002 new=10002 elapsed_s=1891.146 images_per_s=5.288857 device=mps
2026-09-13 21:27:37,681 INFO completed=10022 new=10022 elapsed_s=1894.922 images_per_s=5.288872 device=mps
2026-09-13 21:27:41,468 INFO completed=10042 new=10042 elapsed_s=1898.709 images_per_s=5.288856 device=mps
2026-09-13 21:27:45,247 INFO completed=10062 new=10062 elapsed_s=1902.488 images_per_s=5.288864 device=mps
2026-09-13 21:27:49,138 INFO completed=10082 new=10082 elapsed_s=1906.380 images_per_s=5.288558 device=mps
2026-09-13 21:27:52,904 INFO completed=10102 new=10102 elapsed_s=1910.145 images_per_s=5.288603 device=mps
2026-09-13 21:27:56,695 INFO completed=10122 new=10122 elapsed_s=1913.936 images_per_s=5.288577 device=mps
2026-09-13 21:28:00,468 INFO completed=10142 new=10142 elapsed_s=1917.710 images_per_s=5.288601 device=mps
2026-09-13 21:28:04,253 INFO completed=10162 new=10162 elapsed_s=1921.495 images_per_s=5.288592 device=mps
2026-09-13 21:28:08,040 INFO completed=10182 new=10182 elapsed_s=1925.281 images_per_s=5.288579 device=mps
2026-09-13 21:28:11,836 INFO completed=10202 new=10202 elapsed_s=1929.078 images_per_s=5.288538 device=mps
2026-09-13 21:28:15,622 INFO completed=10222 new=10222 elapsed_s=1932.863 images_per_s=5.288528 device=mps
2026-09-13 21:28:19,411 INFO completed=10242 new=10242 elapsed_s=1936.652 images_per_s=5.288509 device=mps
2026-09-13 21:28:23,201 INFO completed=10262 new=10262 elapsed_s=1940.442 images_per_s=5.288487 device=mps
2026-09-13 21:28:26,996 INFO completed=10282 new=10282 elapsed_s=1944.237 images_per_s=5.288450 device=mps
2026-09-13 21:28:30,769 INFO completed=10302 new=10302 elapsed_s=1948.010 images_per_s=5.288473 device=mps
2026-09-13 21:28:34,563 INFO completed=10322 new=10322 elapsed_s=1951.804 images_per_s=5.288442 device=mps
2026-09-13 21:28:38,373 INFO completed=10342 new=10342 elapsed_s=1955.614 images_per_s=5.288366 device=mps
2026-09-13 21:28:42,148 INFO completed=10362 new=10362 elapsed_s=1959.389 images_per_s=5.288383 device=mps
2026-09-13 21:28:45,930 INFO completed=10382 new=10382 elapsed_s=1963.171 images_per_s=5.288384 device=mps
2026-09-13 21:28:49,714 INFO completed=10402 new=10402 elapsed_s=1966.955 images_per_s=5.288378 device=mps
2026-09-13 21:28:53,510 INFO completed=10422 new=10422 elapsed_s=1970.751 images_per_s=5.288340 device=mps
2026-09-13 21:28:57,294 INFO completed=10442 new=10442 elapsed_s=1974.535 images_per_s=5.288333 device=mps
2026-09-13 21:29:01,111 INFO completed=10462 new=10462 elapsed_s=1978.352 images_per_s=5.288240 device=mps
2026-09-13 21:29:04,887 INFO completed=10482 new=10482 elapsed_s=1982.128 images_per_s=5.288255 device=mps
2026-09-13 21:29:08,688 INFO completed=10502 new=10502 elapsed_s=1985.928 images_per_s=5.288207 device=mps
2026-09-13 21:29:12,473 INFO completed=10522 new=10522 elapsed_s=1989.713 images_per_s=5.288199 device=mps
2026-09-13 21:29:16,247 INFO completed=10542 new=10542 elapsed_s=1993.488 images_per_s=5.288219 device=mps
2026-09-13 21:29:20,040 INFO completed=10562 new=10562 elapsed_s=1997.280 images_per_s=5.288191 device=mps
2026-09-13 21:29:23,880 INFO completed=10582 new=10582 elapsed_s=2001.120 images_per_s=5.288038 device=mps
2026-09-13 21:29:27,663 INFO completed=10602 new=10602 elapsed_s=2004.904 images_per_s=5.288034 device=mps
2026-09-13 21:29:31,472 INFO completed=10622 new=10622 elapsed_s=2008.713 images_per_s=5.287964 device=mps
2026-09-13 21:29:35,273 INFO completed=10642 new=10642 elapsed_s=2012.513 images_per_s=5.287915 device=mps
2026-09-13 21:29:39,103 INFO completed=10662 new=10662 elapsed_s=2016.344 images_per_s=5.287789 device=mps
2026-09-13 21:29:42,871 INFO completed=10682 new=10682 elapsed_s=2020.112 images_per_s=5.287826 device=mps
2026-09-13 21:29:46,655 INFO completed=10702 new=10702 elapsed_s=2023.896 images_per_s=5.287821 device=mps
2026-09-13 21:29:50,436 INFO completed=10722 new=10722 elapsed_s=2027.677 images_per_s=5.287825 device=mps
2026-09-13 21:29:54,227 INFO completed=10742 new=10742 elapsed_s=2031.468 images_per_s=5.287802 device=mps
2026-09-13 21:29:58,004 INFO completed=10762 new=10762 elapsed_s=2035.245 images_per_s=5.287816 device=mps
2026-09-13 21:30:01,789 INFO completed=10782 new=10782 elapsed_s=2039.030 images_per_s=5.287810 device=mps
2026-09-13 21:30:05,573 INFO completed=10802 new=10802 elapsed_s=2042.813 images_per_s=5.287806 device=mps
2026-09-13 21:30:09,359 INFO completed=10822 new=10822 elapsed_s=2046.599 images_per_s=5.287796 device=mps
2026-09-13 21:30:13,146 INFO completed=10842 new=10842 elapsed_s=2050.387 images_per_s=5.287783 device=mps
2026-09-13 21:30:16,927 INFO completed=10862 new=10862 elapsed_s=2054.168 images_per_s=5.287786 device=mps
2026-09-13 21:30:20,729 INFO completed=10882 new=10882 elapsed_s=2057.969 images_per_s=5.287737 device=mps
2026-09-13 21:30:24,505 INFO completed=10902 new=10902 elapsed_s=2061.745 images_per_s=5.287754 device=mps
2026-09-13 21:30:28,288 INFO completed=10922 new=10922 elapsed_s=2065.528 images_per_s=5.287752 device=mps
2026-09-13 21:30:32,074 INFO completed=10942 new=10942 elapsed_s=2069.314 images_per_s=5.287742 device=mps
2026-09-13 21:30:35,861 INFO completed=10962 new=10962 elapsed_s=2073.102 images_per_s=5.287729 device=mps
2026-09-13 21:30:39,627 INFO completed=10982 new=10982 elapsed_s=2076.868 images_per_s=5.287771 device=mps
2026-09-13 21:30:43,393 INFO completed=11002 new=11002 elapsed_s=2080.634 images_per_s=5.287812 device=mps
2026-09-13 21:30:47,189 INFO completed=11022 new=11022 elapsed_s=2084.430 images_per_s=5.287777 device=mps
2026-09-13 21:30:50,985 INFO completed=11042 new=11042 elapsed_s=2088.225 images_per_s=5.287744 device=mps
2026-09-13 21:30:54,768 INFO completed=11062 new=11062 elapsed_s=2092.008 images_per_s=5.287742 device=mps
2026-09-13 21:30:58,543 INFO completed=11082 new=11082 elapsed_s=2095.784 images_per_s=5.287760 device=mps
2026-09-13 21:31:02,327 INFO completed=11102 new=11102 elapsed_s=2099.567 images_per_s=5.287758 device=mps
2026-09-13 21:31:06,121 INFO completed=11122 new=11122 elapsed_s=2103.362 images_per_s=5.287726 device=mps
2026-09-13 21:31:09,929 INFO completed=11142 new=11142 elapsed_s=2107.170 images_per_s=5.287662 device=mps
2026-09-13 21:31:13,706 INFO completed=11162 new=11162 elapsed_s=2110.946 images_per_s=5.287677 device=mps
2026-09-13 21:31:17,487 INFO completed=11182 new=11182 elapsed_s=2114.727 images_per_s=5.287679 device=mps
2026-09-13 21:31:21,262 INFO completed=11202 new=11202 elapsed_s=2118.503 images_per_s=5.287697 device=mps
2026-09-13 21:31:25,034 INFO completed=11222 new=11222 elapsed_s=2122.274 images_per_s=5.287724 device=mps
2026-09-13 21:31:28,811 INFO completed=11242 new=11242 elapsed_s=2126.051 images_per_s=5.287738 device=mps
2026-09-13 21:31:32,597 INFO completed=11262 new=11262 elapsed_s=2129.837 images_per_s=5.287729 device=mps
2026-09-13 21:31:36,386 INFO completed=11282 new=11282 elapsed_s=2133.626 images_per_s=5.287713 device=mps
2026-09-13 21:31:40,176 INFO completed=11302 new=11302 elapsed_s=2137.416 images_per_s=5.287693 device=mps
2026-09-13 21:31:44,056 INFO completed=11322 new=11322 elapsed_s=2141.296 images_per_s=5.287453 device=mps
2026-09-13 21:31:47,883 INFO completed=11342 new=11342 elapsed_s=2145.123 images_per_s=5.287342 device=mps
2026-09-13 21:31:51,664 INFO completed=11362 new=11362 elapsed_s=2148.904 images_per_s=5.287346 device=mps
2026-09-13 21:31:55,451 INFO completed=11382 new=11382 elapsed_s=2152.691 images_per_s=5.287335 device=mps
2026-09-13 21:31:59,221 INFO completed=11402 new=11402 elapsed_s=2156.460 images_per_s=5.287368 device=mps
2026-09-13 21:32:03,063 INFO completed=11422 new=11422 elapsed_s=2160.303 images_per_s=5.287221 device=mps
2026-09-13 21:32:06,862 INFO completed=11442 new=11442 elapsed_s=2164.102 images_per_s=5.287181 device=mps
2026-09-13 21:32:10,621 INFO completed=11462 new=11462 elapsed_s=2167.861 images_per_s=5.287240 device=mps
2026-09-13 21:32:14,404 INFO completed=11482 new=11482 elapsed_s=2171.644 images_per_s=5.287239 device=mps
2026-09-13 21:32:18,187 INFO completed=11502 new=11502 elapsed_s=2175.427 images_per_s=5.287239 device=mps
2026-09-13 21:32:21,956 INFO completed=11522 new=11522 elapsed_s=2179.196 images_per_s=5.287271 device=mps
2026-09-13 21:32:25,739 INFO completed=11542 new=11542 elapsed_s=2182.979 images_per_s=5.287271 device=mps
2026-09-13 21:32:29,511 INFO completed=11562 new=11562 elapsed_s=2186.751 images_per_s=5.287297 device=mps
2026-09-13 21:32:33,298 INFO completed=11582 new=11582 elapsed_s=2190.537 images_per_s=5.287288 device=mps
2026-09-13 21:32:37,089 INFO completed=11602 new=11602 elapsed_s=2194.329 images_per_s=5.287266 device=mps
2026-09-13 21:32:40,855 INFO completed=11622 new=11622 elapsed_s=2198.095 images_per_s=5.287306 device=mps
2026-09-13 21:32:44,630 INFO completed=11642 new=11642 elapsed_s=2201.870 images_per_s=5.287325 device=mps
2026-09-13 21:32:48,427 INFO completed=11662 new=11662 elapsed_s=2205.666 images_per_s=5.287291 device=mps
2026-09-13 21:32:52,205 INFO completed=11682 new=11682 elapsed_s=2209.445 images_per_s=5.287301 device=mps
2026-09-13 21:32:55,980 INFO completed=11702 new=11702 elapsed_s=2213.220 images_per_s=5.287319 device=mps
2026-09-13 21:32:59,754 INFO completed=11722 new=11722 elapsed_s=2216.993 images_per_s=5.287341 device=mps
2026-09-13 21:33:03,527 INFO completed=11742 new=11742 elapsed_s=2220.767 images_per_s=5.287363 device=mps
2026-09-13 21:33:07,336 INFO completed=11762 new=11762 elapsed_s=2224.575 images_per_s=5.287302 device=mps
2026-09-13 21:33:11,126 INFO completed=11782 new=11782 elapsed_s=2228.365 images_per_s=5.287284 device=mps
2026-09-13 21:33:14,930 INFO completed=11802 new=11802 elapsed_s=2232.169 images_per_s=5.287234 device=mps
2026-09-13 21:33:18,711 INFO completed=11822 new=11822 elapsed_s=2235.950 images_per_s=5.287238 device=mps
2026-09-13 21:33:22,492 INFO completed=11842 new=11842 elapsed_s=2239.731 images_per_s=5.287241 device=mps
2026-09-13 21:33:26,281 INFO completed=11862 new=11862 elapsed_s=2243.521 images_per_s=5.287226 device=mps
2026-09-13 21:33:30,054 INFO completed=11882 new=11882 elapsed_s=2247.293 images_per_s=5.287250 device=mps
2026-09-13 21:33:33,845 INFO completed=11902 new=11902 elapsed_s=2251.084 images_per_s=5.287230 device=mps
2026-09-13 21:33:37,631 INFO completed=11922 new=11922 elapsed_s=2254.870 images_per_s=5.287223 device=mps
2026-09-13 21:33:41,418 INFO completed=11942 new=11942 elapsed_s=2258.657 images_per_s=5.287212 device=mps
2026-09-13 21:33:45,181 INFO completed=11962 new=11962 elapsed_s=2262.420 images_per_s=5.287259 device=mps
2026-09-13 21:33:48,979 INFO completed=11982 new=11982 elapsed_s=2266.218 images_per_s=5.287222 device=mps
2026-09-13 21:33:52,751 INFO completed=12002 new=12002 elapsed_s=2269.990 images_per_s=5.287247 device=mps
2026-09-13 21:33:56,536 INFO completed=12022 new=12022 elapsed_s=2273.775 images_per_s=5.287242 device=mps
2026-09-13 21:34:00,354 INFO completed=12042 new=12042 elapsed_s=2277.593 images_per_s=5.287160 device=mps
2026-09-13 21:34:04,148 INFO completed=12062 new=12062 elapsed_s=2281.387 images_per_s=5.287135 device=mps
2026-09-13 21:34:07,938 INFO completed=12082 new=12082 elapsed_s=2285.177 images_per_s=5.287117 device=mps
2026-09-13 21:34:11,739 INFO completed=12102 new=12102 elapsed_s=2288.978 images_per_s=5.287075 device=mps
2026-09-13 21:34:15,514 INFO completed=12122 new=12122 elapsed_s=2292.753 images_per_s=5.287093 device=mps
2026-09-13 21:34:19,296 INFO completed=12142 new=12142 elapsed_s=2296.535 images_per_s=5.287095 device=mps
2026-09-13 21:34:23,074 INFO completed=12162 new=12162 elapsed_s=2300.313 images_per_s=5.287106 device=mps
2026-09-13 21:34:26,848 INFO completed=12182 new=12182 elapsed_s=2304.087 images_per_s=5.287128 device=mps
2026-09-13 21:34:30,633 INFO completed=12202 new=12202 elapsed_s=2307.871 images_per_s=5.287123 device=mps
2026-09-13 21:34:34,422 INFO completed=12222 new=12222 elapsed_s=2311.661 images_per_s=5.287109 device=mps
2026-09-13 21:34:38,230 INFO completed=12242 new=12242 elapsed_s=2315.469 images_per_s=5.287050 device=mps
2026-09-13 21:34:42,013 INFO completed=12262 new=12262 elapsed_s=2319.251 images_per_s=5.287051 device=mps
2026-09-13 21:34:45,803 INFO completed=12282 new=12282 elapsed_s=2323.042 images_per_s=5.287033 device=mps
2026-09-13 21:34:49,590 INFO completed=12302 new=12302 elapsed_s=2326.829 images_per_s=5.287024 device=mps
2026-09-13 21:34:53,369 INFO completed=12322 new=12322 elapsed_s=2330.608 images_per_s=5.287033 device=mps
2026-09-13 21:34:57,159 INFO completed=12342 new=12342 elapsed_s=2334.398 images_per_s=5.287016 device=mps
2026-09-13 21:35:00,955 INFO completed=12362 new=12362 elapsed_s=2338.194 images_per_s=5.286987 device=mps
2026-09-13 21:35:04,735 INFO completed=12382 new=12382 elapsed_s=2341.974 images_per_s=5.286993 device=mps
2026-09-13 21:35:08,537 INFO completed=12402 new=12402 elapsed_s=2345.776 images_per_s=5.286951 device=mps
2026-09-13 21:35:12,314 INFO completed=12422 new=12422 elapsed_s=2349.552 images_per_s=5.286965 device=mps
2026-09-13 21:35:16,072 INFO completed=12442 new=12442 elapsed_s=2353.311 images_per_s=5.287019 device=mps
2026-09-13 21:35:19,863 INFO completed=12462 new=12462 elapsed_s=2357.101 images_per_s=5.287003 device=mps
2026-09-13 21:35:23,648 INFO completed=12482 new=12482 elapsed_s=2360.886 images_per_s=5.286997 device=mps
2026-09-13 21:35:27,431 INFO completed=12502 new=12502 elapsed_s=2364.669 images_per_s=5.286997 device=mps
2026-09-13 21:35:31,196 INFO completed=12522 new=12522 elapsed_s=2368.434 images_per_s=5.287037 device=mps
2026-09-13 21:35:34,969 INFO completed=12542 new=12542 elapsed_s=2372.207 images_per_s=5.287059 device=mps
2026-09-13 21:35:38,759 INFO completed=12562 new=12562 elapsed_s=2375.998 images_per_s=5.287042 device=mps
2026-09-13 21:35:42,537 INFO completed=12582 new=12582 elapsed_s=2379.775 images_per_s=5.287055 device=mps
2026-09-13 21:35:46,304 INFO completed=12602 new=12602 elapsed_s=2383.542 images_per_s=5.287089 device=mps
2026-09-13 21:35:50,097 INFO completed=12622 new=12622 elapsed_s=2387.335 images_per_s=5.287066 device=mps
2026-09-13 21:35:53,894 INFO completed=12642 new=12642 elapsed_s=2391.132 images_per_s=5.287035 device=mps
2026-09-13 21:35:57,685 INFO completed=12662 new=12662 elapsed_s=2394.923 images_per_s=5.287018 device=mps
2026-09-13 21:36:01,478 INFO completed=12682 new=12682 elapsed_s=2398.717 images_per_s=5.286994 device=mps
2026-09-13 21:36:05,261 INFO completed=12702 new=12702 elapsed_s=2402.499 images_per_s=5.286994 device=mps
2026-09-13 21:36:09,043 INFO completed=12722 new=12722 elapsed_s=2406.281 images_per_s=5.286997 device=mps
2026-09-13 21:36:12,826 INFO completed=12742 new=12742 elapsed_s=2410.064 images_per_s=5.286996 device=mps
2026-09-13 21:36:16,621 INFO completed=12762 new=12762 elapsed_s=2413.859 images_per_s=5.286970 device=mps
2026-09-13 21:36:20,413 INFO completed=12782 new=12782 elapsed_s=2417.651 images_per_s=5.286950 device=mps
2026-09-13 21:36:24,194 INFO completed=12802 new=12802 elapsed_s=2421.433 images_per_s=5.286953 device=mps
2026-09-13 21:36:27,980 INFO completed=12822 new=12822 elapsed_s=2425.218 images_per_s=5.286947 device=mps
2026-09-13 21:36:31,747 INFO completed=12842 new=12842 elapsed_s=2428.985 images_per_s=5.286981 device=mps
2026-09-13 21:36:35,523 INFO completed=12862 new=12862 elapsed_s=2432.761 images_per_s=5.286997 device=mps
2026-09-13 21:36:39,331 INFO completed=12882 new=12882 elapsed_s=2436.570 images_per_s=5.286941 device=mps
2026-09-13 21:36:43,105 INFO completed=12902 new=12902 elapsed_s=2440.343 images_per_s=5.286962 device=mps
2026-09-13 21:36:46,896 INFO completed=12922 new=12922 elapsed_s=2444.134 images_per_s=5.286944 device=mps
2026-09-13 21:36:50,678 INFO completed=12942 new=12942 elapsed_s=2447.916 images_per_s=5.286947 device=mps
2026-09-13 21:36:54,452 INFO completed=12962 new=12962 elapsed_s=2451.690 images_per_s=5.286966 device=mps
2026-09-13 21:36:58,231 INFO completed=12982 new=12982 elapsed_s=2455.469 images_per_s=5.286974 device=mps
2026-09-13 21:37:02,018 INFO completed=13002 new=13002 elapsed_s=2459.256 images_per_s=5.286965 device=mps
2026-09-13 21:37:05,802 INFO completed=13022 new=13022 elapsed_s=2463.040 images_per_s=5.286963 device=mps
2026-09-13 21:37:09,574 INFO completed=13042 new=13042 elapsed_s=2466.812 images_per_s=5.286985 device=mps
2026-09-13 21:37:13,363 INFO completed=13062 new=13062 elapsed_s=2470.601 images_per_s=5.286974 device=mps
2026-09-13 21:37:17,138 INFO completed=13082 new=13082 elapsed_s=2474.375 images_per_s=5.286992 device=mps
2026-09-13 21:37:20,928 INFO completed=13102 new=13102 elapsed_s=2478.165 images_per_s=5.286977 device=mps
2026-09-13 21:37:24,739 INFO completed=13122 new=13122 elapsed_s=2481.976 images_per_s=5.286918 device=mps
2026-09-13 21:37:28,523 INFO completed=13142 new=13142 elapsed_s=2485.759 images_per_s=5.286916 device=mps
2026-09-13 21:37:32,306 INFO completed=13162 new=13162 elapsed_s=2489.542 images_per_s=5.286916 device=mps
2026-09-13 21:37:36,074 INFO completed=13182 new=13182 elapsed_s=2493.310 images_per_s=5.286948 device=mps
2026-09-13 21:37:39,858 INFO completed=13202 new=13202 elapsed_s=2497.094 images_per_s=5.286946 device=mps
2026-09-13 21:37:43,621 INFO completed=13222 new=13222 elapsed_s=2500.856 images_per_s=5.286989 device=mps
2026-09-13 21:37:47,394 INFO completed=13242 new=13242 elapsed_s=2504.630 images_per_s=5.287009 device=mps
2026-09-13 21:37:51,167 INFO completed=13262 new=13262 elapsed_s=2508.402 images_per_s=5.287031 device=mps
2026-09-13 21:37:54,950 INFO completed=13282 new=13282 elapsed_s=2512.185 images_per_s=5.287032 device=mps
2026-09-13 21:37:58,729 INFO completed=13302 new=13302 elapsed_s=2515.964 images_per_s=5.287038 device=mps
2026-09-13 21:38:02,511 INFO completed=13322 new=13322 elapsed_s=2519.746 images_per_s=5.287040 device=mps
2026-09-13 21:38:06,289 INFO completed=13342 new=13342 elapsed_s=2523.524 images_per_s=5.287051 device=mps
2026-09-13 21:38:10,058 INFO completed=13362 new=13362 elapsed_s=2527.293 images_per_s=5.287080 device=mps
2026-09-13 21:38:13,858 INFO completed=13382 new=13382 elapsed_s=2531.093 images_per_s=5.287044 device=mps
2026-09-13 21:38:17,647 INFO completed=13402 new=13402 elapsed_s=2534.882 images_per_s=5.287031 device=mps
2026-09-13 21:38:21,434 INFO completed=13422 new=13422 elapsed_s=2538.669 images_per_s=5.287023 device=mps
2026-09-13 21:38:25,300 INFO completed=13442 new=13442 elapsed_s=2542.535 images_per_s=5.286850 device=mps
2026-09-13 21:38:29,132 INFO completed=13462 new=13462 elapsed_s=2546.367 images_per_s=5.286747 device=mps
2026-09-13 21:38:32,928 INFO completed=13482 new=13482 elapsed_s=2550.163 images_per_s=5.286720 device=mps
2026-09-13 21:38:36,682 INFO completed=13502 new=13502 elapsed_s=2553.917 images_per_s=5.286782 device=mps
2026-09-13 21:38:40,458 INFO completed=13522 new=13522 elapsed_s=2557.693 images_per_s=5.286796 device=mps
2026-09-13 21:38:44,329 INFO completed=13542 new=13542 elapsed_s=2561.563 images_per_s=5.286615 device=mps
2026-09-13 21:38:48,150 INFO completed=13562 new=13562 elapsed_s=2565.385 images_per_s=5.286536 device=mps
2026-09-13 21:38:51,941 INFO completed=13582 new=13582 elapsed_s=2569.176 images_per_s=5.286520 device=mps
2026-09-13 21:38:55,755 INFO completed=13602 new=13602 elapsed_s=2572.990 images_per_s=5.286457 device=mps
2026-09-13 21:38:59,516 INFO completed=13622 new=13622 elapsed_s=2576.750 images_per_s=5.286503 device=mps
2026-09-13 21:39:03,296 INFO completed=13642 new=13642 elapsed_s=2580.530 images_per_s=5.286510 device=mps
2026-09-13 21:39:07,080 INFO completed=13662 new=13662 elapsed_s=2584.315 images_per_s=5.286507 device=mps
2026-09-13 21:39:10,841 INFO completed=13682 new=13682 elapsed_s=2588.075 images_per_s=5.286555 device=mps
2026-09-13 21:39:14,624 INFO completed=13702 new=13702 elapsed_s=2591.858 images_per_s=5.286555 device=mps
2026-09-13 21:39:18,408 INFO completed=13722 new=13722 elapsed_s=2595.643 images_per_s=5.286552 device=mps
2026-09-13 21:39:22,199 INFO completed=13742 new=13742 elapsed_s=2599.434 images_per_s=5.286536 device=mps
2026-09-13 21:39:26,022 INFO completed=13762 new=13762 elapsed_s=2603.257 images_per_s=5.286455 device=mps
2026-09-13 21:39:29,823 INFO completed=13782 new=13782 elapsed_s=2607.058 images_per_s=5.286419 device=mps
2026-09-13 21:39:33,605 INFO completed=13802 new=13802 elapsed_s=2610.839 images_per_s=5.286423 device=mps
2026-09-13 21:39:37,380 INFO completed=13822 new=13822 elapsed_s=2614.615 images_per_s=5.286438 device=mps
2026-09-13 21:39:41,172 INFO completed=13842 new=13842 elapsed_s=2618.407 images_per_s=5.286421 device=mps
2026-09-13 21:39:44,962 INFO completed=13862 new=13862 elapsed_s=2622.196 images_per_s=5.286408 device=mps
2026-09-13 21:39:48,747 INFO completed=13882 new=13882 elapsed_s=2625.982 images_per_s=5.286404 device=mps
2026-09-13 21:39:52,534 INFO completed=13902 new=13902 elapsed_s=2629.768 images_per_s=5.286397 device=mps
2026-09-13 21:39:56,332 INFO completed=13922 new=13922 elapsed_s=2633.566 images_per_s=5.286369 device=mps
2026-09-13 21:40:00,104 INFO completed=13942 new=13942 elapsed_s=2637.338 images_per_s=5.286391 device=mps
2026-09-13 21:40:03,915 INFO completed=13962 new=13962 elapsed_s=2641.149 images_per_s=5.286336 device=mps
2026-09-13 21:40:07,699 INFO completed=13982 new=13982 elapsed_s=2644.934 images_per_s=5.286333 device=mps
2026-09-13 21:40:11,509 INFO completed=14002 new=14002 elapsed_s=2648.743 images_per_s=5.286282 device=mps
2026-09-13 21:40:15,295 INFO completed=14022 new=14022 elapsed_s=2652.529 images_per_s=5.286275 device=mps
2026-09-13 21:40:19,082 INFO completed=14042 new=14042 elapsed_s=2656.316 images_per_s=5.286269 device=mps
2026-09-13 21:40:22,882 INFO completed=14062 new=14062 elapsed_s=2660.117 images_per_s=5.286234 device=mps
2026-09-13 21:40:26,666 INFO completed=14082 new=14082 elapsed_s=2663.900 images_per_s=5.286234 device=mps
2026-09-13 21:40:30,427 INFO completed=14102 new=14102 elapsed_s=2667.661 images_per_s=5.286279 device=mps
2026-09-13 21:40:34,200 INFO completed=14122 new=14122 elapsed_s=2671.434 images_per_s=5.286299 device=mps
2026-09-13 21:40:37,997 INFO completed=14142 new=14142 elapsed_s=2675.231 images_per_s=5.286273 device=mps
2026-09-13 21:40:41,780 INFO completed=14162 new=14162 elapsed_s=2679.014 images_per_s=5.286273 device=mps
2026-09-13 21:40:45,563 INFO completed=14182 new=14182 elapsed_s=2682.797 images_per_s=5.286274 device=mps
2026-09-13 21:40:49,341 INFO completed=14202 new=14202 elapsed_s=2686.575 images_per_s=5.286284 device=mps
2026-09-13 21:40:53,151 INFO completed=14222 new=14222 elapsed_s=2690.385 images_per_s=5.286232 device=mps
2026-09-13 21:40:56,917 INFO completed=14242 new=14242 elapsed_s=2694.150 images_per_s=5.286267 device=mps
2026-09-13 21:41:00,711 INFO completed=14262 new=14262 elapsed_s=2697.945 images_per_s=5.286245 device=mps
2026-09-13 21:41:04,509 INFO completed=14282 new=14282 elapsed_s=2701.743 images_per_s=5.286218 device=mps
2026-09-13 21:41:08,283 INFO completed=14302 new=14302 elapsed_s=2705.517 images_per_s=5.286235 device=mps
2026-09-13 21:41:12,065 INFO completed=14322 new=14322 elapsed_s=2709.299 images_per_s=5.286238 device=mps
2026-09-13 21:41:15,838 INFO completed=14342 new=14342 elapsed_s=2713.072 images_per_s=5.286259 device=mps
2026-09-13 21:41:19,615 INFO completed=14362 new=14362 elapsed_s=2716.849 images_per_s=5.286271 device=mps
2026-09-13 21:41:23,407 INFO completed=14382 new=14382 elapsed_s=2720.641 images_per_s=5.286255 device=mps
2026-09-13 21:41:27,174 INFO completed=14402 new=14402 elapsed_s=2724.408 images_per_s=5.286286 device=mps
2026-09-13 21:41:30,978 INFO completed=14422 new=14422 elapsed_s=2728.212 images_per_s=5.286247 device=mps
2026-09-13 21:41:34,754 INFO completed=14442 new=14442 elapsed_s=2731.988 images_per_s=5.286261 device=mps
2026-09-13 21:41:38,537 INFO completed=14462 new=14462 elapsed_s=2735.770 images_per_s=5.286262 device=mps
2026-09-13 21:41:42,324 INFO completed=14482 new=14482 elapsed_s=2739.557 images_per_s=5.286256 device=mps
2026-09-13 21:41:46,100 INFO completed=14502 new=14502 elapsed_s=2743.333 images_per_s=5.286270 device=mps
2026-09-13 21:41:49,883 INFO completed=14522 new=14522 elapsed_s=2747.117 images_per_s=5.286270 device=mps
2026-09-13 21:41:53,674 INFO completed=14542 new=14542 elapsed_s=2750.908 images_per_s=5.286255 device=mps
2026-09-13 21:41:57,454 INFO completed=14562 new=14562 elapsed_s=2754.687 images_per_s=5.286262 device=mps
2026-09-13 21:42:01,238 INFO completed=14582 new=14582 elapsed_s=2758.472 images_per_s=5.286260 device=mps
2026-09-13 21:42:05,005 INFO completed=14602 new=14602 elapsed_s=2762.238 images_per_s=5.286293 device=mps
2026-09-13 21:42:08,800 INFO completed=14622 new=14622 elapsed_s=2766.033 images_per_s=5.286271 device=mps
2026-09-13 21:42:12,586 INFO completed=14642 new=14642 elapsed_s=2769.820 images_per_s=5.286264 device=mps
2026-09-13 21:42:16,392 INFO completed=14662 new=14662 elapsed_s=2773.626 images_per_s=5.286222 device=mps
2026-09-13 21:42:20,224 INFO completed=14682 new=14682 elapsed_s=2777.457 images_per_s=5.286130 device=mps
2026-09-13 21:42:23,994 INFO completed=14702 new=14702 elapsed_s=2781.227 images_per_s=5.286156 device=mps
2026-09-13 21:42:27,784 INFO completed=14722 new=14722 elapsed_s=2785.017 images_per_s=5.286144 device=mps
2026-09-13 21:42:31,565 INFO completed=14742 new=14742 elapsed_s=2788.799 images_per_s=5.286147 device=mps
2026-09-13 21:42:35,350 INFO completed=14762 new=14762 elapsed_s=2792.583 images_per_s=5.286146 device=mps
2026-09-13 21:42:39,142 INFO completed=14782 new=14782 elapsed_s=2796.375 images_per_s=5.286129 device=mps
2026-09-13 21:42:42,938 INFO completed=14802 new=14802 elapsed_s=2800.171 images_per_s=5.286106 device=mps
2026-09-13 21:42:46,732 INFO completed=14822 new=14822 elapsed_s=2803.965 images_per_s=5.286086 device=mps
2026-09-13 21:42:50,525 INFO completed=14842 new=14842 elapsed_s=2807.758 images_per_s=5.286068 device=mps
2026-09-13 21:42:54,320 INFO completed=14862 new=14862 elapsed_s=2811.553 images_per_s=5.286046 device=mps
2026-09-13 21:42:58,100 INFO completed=14882 new=14882 elapsed_s=2815.333 images_per_s=5.286053 device=mps
2026-09-13 21:43:01,904 INFO completed=14902 new=14902 elapsed_s=2819.137 images_per_s=5.286015 device=mps
2026-09-13 21:43:05,687 INFO completed=14922 new=14922 elapsed_s=2822.920 images_per_s=5.286017 device=mps
2026-09-13 21:43:09,475 INFO completed=14942 new=14942 elapsed_s=2826.708 images_per_s=5.286008 device=mps
2026-09-13 21:43:13,290 INFO completed=14962 new=14962 elapsed_s=2830.523 images_per_s=5.285948 device=mps
2026-09-13 21:43:17,066 INFO completed=14982 new=14982 elapsed_s=2834.299 images_per_s=5.285963 device=mps
2026-09-13 21:43:20,854 INFO completed=15002 new=15002 elapsed_s=2838.087 images_per_s=5.285955 device=mps
2026-09-13 21:43:24,640 INFO completed=15022 new=15022 elapsed_s=2841.873 images_per_s=5.285950 device=mps
2026-09-13 21:43:28,432 INFO completed=15042 new=15042 elapsed_s=2845.665 images_per_s=5.285935 device=mps
2026-09-13 21:43:32,228 INFO completed=15062 new=15062 elapsed_s=2849.461 images_per_s=5.285912 device=mps
2026-09-13 21:43:36,070 INFO completed=15082 new=15082 elapsed_s=2853.303 images_per_s=5.285804 device=mps
2026-09-13 21:43:39,869 INFO completed=15102 new=15102 elapsed_s=2857.102 images_per_s=5.285776 device=mps
2026-09-13 21:43:43,682 INFO completed=15122 new=15122 elapsed_s=2860.915 images_per_s=5.285722 device=mps
2026-09-13 21:43:47,475 INFO completed=15142 new=15142 elapsed_s=2864.708 images_per_s=5.285705 device=mps
2026-09-13 21:43:51,267 INFO completed=15162 new=15162 elapsed_s=2868.500 images_per_s=5.285690 device=mps
2026-09-13 21:43:55,062 INFO completed=15182 new=15182 elapsed_s=2872.295 images_per_s=5.285669 device=mps
2026-09-13 21:43:58,843 INFO completed=15202 new=15202 elapsed_s=2876.076 images_per_s=5.285674 device=mps
2026-09-13 21:44:02,660 INFO completed=15222 new=15222 elapsed_s=2879.893 images_per_s=5.285613 device=mps
2026-09-13 21:44:06,464 INFO completed=15242 new=15242 elapsed_s=2883.697 images_per_s=5.285577 device=mps
2026-09-13 21:44:10,312 INFO completed=15262 new=15262 elapsed_s=2887.545 images_per_s=5.285459 device=mps
2026-09-13 21:44:14,109 INFO completed=15282 new=15282 elapsed_s=2891.342 images_per_s=5.285435 device=mps
2026-09-13 21:44:17,905 INFO completed=15302 new=15302 elapsed_s=2895.138 images_per_s=5.285414 device=mps
2026-09-13 21:44:21,732 INFO completed=15322 new=15322 elapsed_s=2898.964 images_per_s=5.285336 device=mps
2026-09-13 21:44:25,550 INFO completed=15342 new=15342 elapsed_s=2902.782 images_per_s=5.285274 device=mps
2026-09-13 21:44:29,370 INFO completed=15362 new=15362 elapsed_s=2906.602 images_per_s=5.285209 device=mps
2026-09-13 21:44:33,192 INFO completed=15382 new=15382 elapsed_s=2910.424 images_per_s=5.285141 device=mps
2026-09-13 21:44:36,999 INFO completed=15402 new=15402 elapsed_s=2914.232 images_per_s=5.285098 device=mps
2026-09-13 21:44:40,807 INFO completed=15422 new=15422 elapsed_s=2918.039 images_per_s=5.285056 device=mps
2026-09-13 21:44:44,629 INFO completed=15442 new=15442 elapsed_s=2921.862 images_per_s=5.284987 device=mps
2026-09-13 21:44:48,442 INFO completed=15462 new=15462 elapsed_s=2925.675 images_per_s=5.284935 device=mps
2026-09-13 21:44:52,261 INFO completed=15482 new=15482 elapsed_s=2929.493 images_per_s=5.284874 device=mps
2026-09-13 21:44:56,098 INFO completed=15502 new=15502 elapsed_s=2933.330 images_per_s=5.284779 device=mps
2026-09-13 21:44:59,946 INFO completed=15522 new=15522 elapsed_s=2937.179 images_per_s=5.284663 device=mps
2026-09-13 21:45:03,765 INFO completed=15542 new=15542 elapsed_s=2940.997 images_per_s=5.284602 device=mps
2026-09-13 21:45:07,575 INFO completed=15562 new=15562 elapsed_s=2944.807 images_per_s=5.284557 device=mps
2026-09-13 21:45:11,393 INFO completed=15582 new=15582 elapsed_s=2948.625 images_per_s=5.284498 device=mps
2026-09-13 21:45:15,224 INFO completed=15602 new=15602 elapsed_s=2952.456 images_per_s=5.284414 device=mps
2026-09-13 21:45:19,052 INFO completed=15622 new=15622 elapsed_s=2956.284 images_per_s=5.284337 device=mps
2026-09-13 21:45:22,876 INFO completed=15642 new=15642 elapsed_s=2960.109 images_per_s=5.284266 device=mps
2026-09-13 21:45:26,699 INFO completed=15662 new=15662 elapsed_s=2963.932 images_per_s=5.284198 device=mps
2026-09-13 21:45:30,524 INFO completed=15682 new=15682 elapsed_s=2967.756 images_per_s=5.284128 device=mps
2026-09-13 21:45:34,333 INFO completed=15702 new=15702 elapsed_s=2971.565 images_per_s=5.284084 device=mps
2026-09-13 21:45:38,145 INFO completed=15722 new=15722 elapsed_s=2975.377 images_per_s=5.284036 device=mps
2026-09-13 21:45:41,983 INFO completed=15742 new=15742 elapsed_s=2979.215 images_per_s=5.283943 device=mps
2026-09-13 21:45:45,812 INFO completed=15762 new=15762 elapsed_s=2983.043 images_per_s=5.283865 device=mps
2026-09-13 21:45:49,621 INFO completed=15782 new=15782 elapsed_s=2986.853 images_per_s=5.283823 device=mps
2026-09-13 21:45:53,444 INFO completed=15802 new=15802 elapsed_s=2990.676 images_per_s=5.283755 device=mps
2026-09-13 21:45:57,250 INFO completed=15822 new=15822 elapsed_s=2994.482 images_per_s=5.283718 device=mps
2026-09-13 21:46:01,058 INFO completed=15842 new=15842 elapsed_s=2998.290 images_per_s=5.283678 device=mps
2026-09-13 21:46:04,857 INFO completed=15862 new=15862 elapsed_s=3002.089 images_per_s=5.283655 device=mps
2026-09-13 21:46:08,677 INFO completed=15882 new=15882 elapsed_s=3005.908 images_per_s=5.283594 device=mps
2026-09-13 21:46:12,509 INFO completed=15902 new=15902 elapsed_s=3009.740 images_per_s=5.283512 device=mps
2026-09-13 21:46:16,334 INFO completed=15922 new=15922 elapsed_s=3013.565 images_per_s=5.283443 device=mps
2026-09-13 21:46:20,159 INFO completed=15942 new=15942 elapsed_s=3017.391 images_per_s=5.283373 device=mps
2026-09-13 21:46:23,965 INFO completed=15962 new=15962 elapsed_s=3021.197 images_per_s=5.283336 device=mps
2026-09-13 21:46:27,789 INFO completed=15982 new=15982 elapsed_s=3025.020 images_per_s=5.283270 device=mps
2026-09-13 21:46:31,591 INFO completed=16002 new=16002 elapsed_s=3028.823 images_per_s=5.283241 device=mps
2026-09-13 21:46:35,416 INFO completed=16022 new=16022 elapsed_s=3032.647 images_per_s=5.283173 device=mps
2026-09-13 21:46:39,230 INFO completed=16042 new=16042 elapsed_s=3036.461 images_per_s=5.283124 device=mps
2026-09-13 21:46:43,081 INFO completed=16062 new=16062 elapsed_s=3040.312 images_per_s=5.283010 device=mps
2026-09-13 21:46:46,949 INFO completed=16082 new=16082 elapsed_s=3044.181 images_per_s=5.282866 device=mps
2026-09-13 21:46:50,766 INFO completed=16102 new=16102 elapsed_s=3047.998 images_per_s=5.282812 device=mps
2026-09-13 21:46:54,592 INFO completed=16122 new=16122 elapsed_s=3051.823 images_per_s=5.282744 device=mps
2026-09-13 21:46:58,407 INFO completed=16142 new=16142 elapsed_s=3055.638 images_per_s=5.282693 device=mps
2026-09-13 21:47:02,232 INFO completed=16162 new=16162 elapsed_s=3059.464 images_per_s=5.282625 device=mps
2026-09-13 21:47:06,055 INFO completed=16182 new=16182 elapsed_s=3063.287 images_per_s=5.282561 device=mps
2026-09-13 21:47:09,882 INFO completed=16202 new=16202 elapsed_s=3067.113 images_per_s=5.282492 device=mps
2026-09-13 21:47:13,701 INFO completed=16222 new=16222 elapsed_s=3070.932 images_per_s=5.282435 device=mps
2026-09-13 21:47:17,518 INFO completed=16242 new=16242 elapsed_s=3074.749 images_per_s=5.282382 device=mps
2026-09-13 21:47:21,334 INFO completed=16262 new=16262 elapsed_s=3078.565 images_per_s=5.282331 device=mps
2026-09-13 21:47:25,149 INFO completed=16282 new=16282 elapsed_s=3082.381 images_per_s=5.282281 device=mps
2026-09-13 21:47:28,946 INFO completed=16302 new=16302 elapsed_s=3086.177 images_per_s=5.282263 device=mps
2026-09-13 21:47:32,798 INFO completed=16322 new=16322 elapsed_s=3090.029 images_per_s=5.282151 device=mps
2026-09-13 21:47:36,650 INFO completed=16342 new=16342 elapsed_s=3093.882 images_per_s=5.282038 device=mps
2026-09-13 21:47:40,483 INFO completed=16362 new=16362 elapsed_s=3097.714 images_per_s=5.281959 device=mps
2026-09-13 21:47:44,268 INFO completed=16382 new=16382 elapsed_s=3101.500 images_per_s=5.281961 device=mps
2026-09-13 21:47:48,089 INFO completed=16402 new=16402 elapsed_s=3105.320 images_per_s=5.281903 device=mps
2026-09-13 21:47:51,896 INFO completed=16422 new=16422 elapsed_s=3109.127 images_per_s=5.281868 device=mps
2026-09-13 21:47:55,725 INFO completed=16442 new=16442 elapsed_s=3112.957 images_per_s=5.281796 device=mps
2026-09-13 21:47:59,546 INFO completed=16462 new=16462 elapsed_s=3116.777 images_per_s=5.281739 device=mps
2026-09-13 21:48:03,350 INFO completed=16482 new=16482 elapsed_s=3120.581 images_per_s=5.281708 device=mps
2026-09-13 21:48:07,151 INFO completed=16502 new=16502 elapsed_s=3124.382 images_per_s=5.281685 device=mps
2026-09-13 21:48:10,975 INFO completed=16522 new=16522 elapsed_s=3128.206 images_per_s=5.281622 device=mps
2026-09-13 21:48:14,784 INFO completed=16542 new=16542 elapsed_s=3132.015 images_per_s=5.281584 device=mps
2026-09-13 21:48:18,592 INFO completed=16562 new=16562 elapsed_s=3135.823 images_per_s=5.281548 device=mps
2026-09-13 21:48:22,401 INFO completed=16582 new=16582 elapsed_s=3139.632 images_per_s=5.281511 device=mps
2026-09-13 21:48:26,234 INFO completed=16602 new=16602 elapsed_s=3143.465 images_per_s=5.281433 device=mps
2026-09-13 21:48:30,101 INFO completed=16622 new=16622 elapsed_s=3147.332 images_per_s=5.281299 device=mps
2026-09-13 21:48:34,013 INFO completed=16642 new=16642 elapsed_s=3151.244 images_per_s=5.281089 device=mps
2026-09-13 21:48:37,899 INFO completed=16662 new=16662 elapsed_s=3155.129 images_per_s=5.280924 device=mps
2026-09-13 21:48:41,767 INFO completed=16682 new=16682 elapsed_s=3158.998 images_per_s=5.280788 device=mps
2026-09-13 21:48:45,584 INFO completed=16702 new=16702 elapsed_s=3162.815 images_per_s=5.280739 device=mps
2026-09-13 21:48:49,427 INFO completed=16722 new=16722 elapsed_s=3166.658 images_per_s=5.280646 device=mps
2026-09-13 21:48:53,239 INFO completed=16742 new=16742 elapsed_s=3170.470 images_per_s=5.280605 device=mps
2026-09-13 21:48:57,116 INFO completed=16762 new=16762 elapsed_s=3174.347 images_per_s=5.280456 device=mps
2026-09-13 21:49:00,984 INFO completed=16782 new=16782 elapsed_s=3178.214 images_per_s=5.280323 device=mps
2026-09-13 21:49:04,792 INFO completed=16802 new=16802 elapsed_s=3182.023 images_per_s=5.280288 device=mps
2026-09-13 21:49:08,584 INFO completed=16822 new=16822 elapsed_s=3185.815 images_per_s=5.280282 device=mps
2026-09-13 21:49:12,400 INFO completed=16842 new=16842 elapsed_s=3189.631 images_per_s=5.280235 device=mps
2026-09-13 21:49:16,207 INFO completed=16862 new=16862 elapsed_s=3193.437 images_per_s=5.280204 device=mps
2026-09-13 21:49:20,050 INFO completed=16882 new=16882 elapsed_s=3197.281 images_per_s=5.280112 device=mps
2026-09-13 21:49:23,866 INFO completed=16902 new=16902 elapsed_s=3201.096 images_per_s=5.280066 device=mps
2026-09-13 21:49:27,688 INFO completed=16922 new=16922 elapsed_s=3204.919 images_per_s=5.280009 device=mps
2026-09-13 21:49:31,507 INFO completed=16942 new=16942 elapsed_s=3208.738 images_per_s=5.279958 device=mps
2026-09-13 21:49:35,340 INFO completed=16962 new=16962 elapsed_s=3212.571 images_per_s=5.279883 device=mps
2026-09-13 21:49:39,158 INFO completed=16982 new=16982 elapsed_s=3216.389 images_per_s=5.279834 device=mps
2026-09-13 21:49:42,965 INFO completed=17002 new=17002 elapsed_s=3220.195 images_per_s=5.279804 device=mps
2026-09-13 21:49:46,796 INFO completed=17022 new=17022 elapsed_s=3224.026 images_per_s=5.279734 device=mps
2026-09-13 21:49:50,640 INFO completed=17042 new=17042 elapsed_s=3227.871 images_per_s=5.279642 device=mps
2026-09-13 21:49:54,471 INFO completed=17062 new=17062 elapsed_s=3231.701 images_per_s=5.279573 device=mps
2026-09-13 21:49:58,289 INFO completed=17082 new=17082 elapsed_s=3235.519 images_per_s=5.279524 device=mps
2026-09-13 21:50:02,122 INFO completed=17102 new=17102 elapsed_s=3239.353 images_per_s=5.279450 device=mps
2026-09-13 21:50:05,937 INFO completed=17122 new=17122 elapsed_s=3243.167 images_per_s=5.279407 device=mps
2026-09-13 21:50:09,758 INFO completed=17142 new=17142 elapsed_s=3246.989 images_per_s=5.279353 device=mps
2026-09-13 21:50:13,576 INFO completed=17162 new=17162 elapsed_s=3250.806 images_per_s=5.279307 device=mps
2026-09-13 21:50:17,391 INFO completed=17182 new=17182 elapsed_s=3254.622 images_per_s=5.279262 device=mps
2026-09-13 21:50:21,200 INFO completed=17202 new=17202 elapsed_s=3258.431 images_per_s=5.279229 device=mps
2026-09-13 21:50:25,000 INFO completed=17222 new=17222 elapsed_s=3262.230 images_per_s=5.279210 device=mps
2026-09-13 21:50:28,816 INFO completed=17242 new=17242 elapsed_s=3266.046 images_per_s=5.279166 device=mps
2026-09-13 21:50:32,687 INFO completed=17262 new=17262 elapsed_s=3269.917 images_per_s=5.279033 device=mps
2026-09-13 21:50:36,505 INFO completed=17282 new=17282 elapsed_s=3273.735 images_per_s=5.278986 device=mps
2026-09-13 21:50:40,333 INFO completed=17302 new=17302 elapsed_s=3277.563 images_per_s=5.278923 device=mps
2026-09-13 21:50:44,135 INFO completed=17322 new=17322 elapsed_s=3281.365 images_per_s=5.278901 device=mps
2026-09-13 21:50:47,950 INFO completed=17342 new=17342 elapsed_s=3285.180 images_per_s=5.278858 device=mps
2026-09-13 21:50:51,799 INFO completed=17362 new=17362 elapsed_s=3289.029 images_per_s=5.278761 device=mps
2026-09-13 21:50:55,633 INFO completed=17382 new=17382 elapsed_s=3292.863 images_per_s=5.278689 device=mps
2026-09-13 21:50:59,429 INFO completed=17402 new=17402 elapsed_s=3296.659 images_per_s=5.278677 device=mps
2026-09-13 21:51:03,241 INFO completed=17422 new=17422 elapsed_s=3300.471 images_per_s=5.278640 device=mps
2026-09-13 21:51:07,058 INFO completed=17442 new=17442 elapsed_s=3304.288 images_per_s=5.278596 device=mps
2026-09-13 21:51:10,897 INFO completed=17462 new=17462 elapsed_s=3308.127 images_per_s=5.278516 device=mps
2026-09-13 21:51:14,717 INFO completed=17482 new=17482 elapsed_s=3311.947 images_per_s=5.278467 device=mps
2026-09-13 21:51:18,525 INFO completed=17502 new=17502 elapsed_s=3315.755 images_per_s=5.278436 device=mps
2026-09-13 21:51:22,342 INFO completed=17522 new=17522 elapsed_s=3319.572 images_per_s=5.278392 device=mps
2026-09-13 21:51:26,130 INFO completed=17542 new=17542 elapsed_s=3323.360 images_per_s=5.278393 device=mps
2026-09-13 21:51:29,992 INFO completed=17562 new=17562 elapsed_s=3327.222 images_per_s=5.278277 device=mps
2026-09-13 21:51:34,013 INFO completed=17582 new=17582 elapsed_s=3331.243 images_per_s=5.277910 device=mps
2026-09-13 21:51:38,037 INFO completed=17602 new=17602 elapsed_s=3335.267 images_per_s=5.277538 device=mps
2026-09-13 21:51:41,953 INFO completed=17622 new=17622 elapsed_s=3339.182 images_per_s=5.277340 device=mps
2026-09-13 21:51:45,809 INFO completed=17642 new=17642 elapsed_s=3343.039 images_per_s=5.277234 device=mps
2026-09-13 21:51:49,650 INFO completed=17662 new=17662 elapsed_s=3346.879 images_per_s=5.277154 device=mps
2026-09-13 21:51:53,492 INFO completed=17682 new=17682 elapsed_s=3350.722 images_per_s=5.277072 device=mps
2026-09-13 21:51:57,306 INFO completed=17702 new=17702 elapsed_s=3354.535 images_per_s=5.277035 device=mps
2026-09-13 21:52:01,131 INFO completed=17722 new=17722 elapsed_s=3358.361 images_per_s=5.276979 device=mps
2026-09-13 21:52:04,956 INFO completed=17742 new=17742 elapsed_s=3362.186 images_per_s=5.276925 device=mps
2026-09-13 21:52:08,781 INFO completed=17762 new=17762 elapsed_s=3366.010 images_per_s=5.276871 device=mps
2026-09-13 21:52:12,600 INFO completed=17782 new=17782 elapsed_s=3369.830 images_per_s=5.276824 device=mps
2026-09-13 21:52:16,420 INFO completed=17802 new=17802 elapsed_s=3373.649 images_per_s=5.276778 device=mps
2026-09-13 21:52:20,246 INFO completed=17822 new=17822 elapsed_s=3377.475 images_per_s=5.276722 device=mps
2026-09-13 21:52:24,068 INFO completed=17842 new=17842 elapsed_s=3381.297 images_per_s=5.276673 device=mps
2026-09-13 21:52:27,883 INFO completed=17862 new=17862 elapsed_s=3385.112 images_per_s=5.276634 device=mps
2026-09-13 21:52:31,696 INFO completed=17882 new=17882 elapsed_s=3388.925 images_per_s=5.276600 device=mps
2026-09-13 21:52:35,509 INFO completed=17902 new=17902 elapsed_s=3392.738 images_per_s=5.276564 device=mps
2026-09-13 21:52:39,308 INFO completed=17922 new=17922 elapsed_s=3396.538 images_per_s=5.276550 device=mps
2026-09-13 21:52:43,108 INFO completed=17942 new=17942 elapsed_s=3400.337 images_per_s=5.276536 device=mps
2026-09-13 21:52:46,934 INFO completed=17962 new=17962 elapsed_s=3404.163 images_per_s=5.276480 device=mps
2026-09-13 21:52:50,869 INFO completed=17982 new=17982 elapsed_s=3408.098 images_per_s=5.276256 device=mps
2026-09-13 21:52:54,696 INFO completed=18002 new=18002 elapsed_s=3411.925 images_per_s=5.276201 device=mps
2026-09-13 21:52:58,523 INFO completed=18022 new=18022 elapsed_s=3415.752 images_per_s=5.276144 device=mps
2026-09-13 21:53:02,384 INFO completed=18042 new=18042 elapsed_s=3419.613 images_per_s=5.276036 device=mps
2026-09-13 21:53:06,201 INFO completed=18062 new=18062 elapsed_s=3423.430 images_per_s=5.275995 device=mps
2026-09-13 21:53:10,086 INFO completed=18082 new=18082 elapsed_s=3427.315 images_per_s=5.275850 device=mps
2026-09-13 21:53:13,917 INFO completed=18102 new=18102 elapsed_s=3431.146 images_per_s=5.275788 device=mps
2026-09-13 21:53:17,744 INFO completed=18122 new=18122 elapsed_s=3434.973 images_per_s=5.275733 device=mps
2026-09-13 21:53:21,552 INFO completed=18142 new=18142 elapsed_s=3438.782 images_per_s=5.275706 device=mps
2026-09-13 21:53:25,375 INFO completed=18162 new=18162 elapsed_s=3442.605 images_per_s=5.275657 device=mps
2026-09-13 21:53:29,245 INFO completed=18182 new=18182 elapsed_s=3446.475 images_per_s=5.275535 device=mps
2026-09-13 21:53:33,052 INFO completed=18202 new=18202 elapsed_s=3450.282 images_per_s=5.275511 device=mps
2026-09-13 21:53:36,865 INFO completed=18222 new=18222 elapsed_s=3454.095 images_per_s=5.275477 device=mps
2026-09-13 21:53:40,698 INFO completed=18242 new=18242 elapsed_s=3457.928 images_per_s=5.275413 device=mps
2026-09-13 21:53:44,524 INFO completed=18262 new=18262 elapsed_s=3461.754 images_per_s=5.275360 device=mps
2026-09-13 21:53:48,345 INFO completed=18282 new=18282 elapsed_s=3465.575 images_per_s=5.275315 device=mps
2026-09-13 21:53:52,177 INFO completed=18302 new=18302 elapsed_s=3469.407 images_per_s=5.275252 device=mps
2026-09-13 21:53:55,996 INFO completed=18322 new=18322 elapsed_s=3473.226 images_per_s=5.275211 device=mps
2026-09-13 21:53:59,827 INFO completed=18342 new=18342 elapsed_s=3477.057 images_per_s=5.275150 device=mps
2026-09-13 21:54:03,678 INFO completed=18362 new=18362 elapsed_s=3480.909 images_per_s=5.275060 device=mps
2026-09-13 21:54:07,494 INFO completed=18382 new=18382 elapsed_s=3484.724 images_per_s=5.275023 device=mps
2026-09-13 21:54:11,341 INFO completed=18402 new=18402 elapsed_s=3488.571 images_per_s=5.274939 device=mps
2026-09-13 21:54:15,142 INFO completed=18422 new=18422 elapsed_s=3492.372 images_per_s=5.274926 device=mps
2026-09-13 21:54:18,971 INFO completed=18442 new=18442 elapsed_s=3496.202 images_per_s=5.274868 device=mps
2026-09-13 21:54:22,783 INFO completed=18462 new=18462 elapsed_s=3500.013 images_per_s=5.274838 device=mps
2026-09-13 21:54:26,600 INFO completed=18482 new=18482 elapsed_s=3503.830 images_per_s=5.274799 device=mps
2026-09-13 21:54:30,416 INFO completed=18502 new=18502 elapsed_s=3507.646 images_per_s=5.274763 device=mps
2026-09-13 21:54:34,223 INFO completed=18522 new=18522 elapsed_s=3511.453 images_per_s=5.274740 device=mps
2026-09-13 21:54:38,081 INFO completed=18542 new=18542 elapsed_s=3515.311 images_per_s=5.274640 device=mps
2026-09-13 21:54:41,906 INFO completed=18562 new=18562 elapsed_s=3519.136 images_per_s=5.274590 device=mps
2026-09-13 21:54:45,715 INFO completed=18582 new=18582 elapsed_s=3522.945 images_per_s=5.274564 device=mps
2026-09-13 21:54:49,546 INFO completed=18602 new=18602 elapsed_s=3526.776 images_per_s=5.274506 device=mps
2026-09-13 21:54:53,374 INFO completed=18622 new=18622 elapsed_s=3530.604 images_per_s=5.274452 device=mps
2026-09-13 21:54:57,191 INFO completed=18642 new=18642 elapsed_s=3534.420 images_per_s=5.274415 device=mps
2026-09-13 21:55:01,007 INFO completed=18662 new=18662 elapsed_s=3538.237 images_per_s=5.274378 device=mps
2026-09-13 21:55:04,850 INFO completed=18682 new=18682 elapsed_s=3542.080 images_per_s=5.274302 device=mps
2026-09-13 21:55:08,676 INFO completed=18702 new=18702 elapsed_s=3545.906 images_per_s=5.274252 device=mps
2026-09-13 21:55:12,491 INFO completed=18722 new=18722 elapsed_s=3549.720 images_per_s=5.274218 device=mps
2026-09-13 21:55:16,323 INFO completed=18742 new=18742 elapsed_s=3553.553 images_per_s=5.274158 device=mps
2026-09-13 21:55:20,147 INFO completed=18762 new=18762 elapsed_s=3557.377 images_per_s=5.274111 device=mps
2026-09-13 21:55:23,962 INFO completed=18782 new=18782 elapsed_s=3561.192 images_per_s=5.274077 device=mps
2026-09-13 21:55:27,791 INFO completed=18802 new=18802 elapsed_s=3565.021 images_per_s=5.274022 device=mps
2026-09-13 21:55:31,621 INFO completed=18822 new=18822 elapsed_s=3568.850 images_per_s=5.273967 device=mps
2026-09-13 21:55:35,448 INFO completed=18842 new=18842 elapsed_s=3572.678 images_per_s=5.273916 device=mps
2026-09-13 21:55:39,261 INFO completed=18862 new=18862 elapsed_s=3576.490 images_per_s=5.273885 device=mps
2026-09-13 21:55:43,094 INFO completed=18882 new=18882 elapsed_s=3580.323 images_per_s=5.273826 device=mps
2026-09-13 21:55:46,915 INFO completed=18902 new=18902 elapsed_s=3584.145 images_per_s=5.273783 device=mps
2026-09-13 21:55:50,724 INFO completed=18922 new=18922 elapsed_s=3587.954 images_per_s=5.273758 device=mps
2026-09-13 21:55:54,546 INFO completed=18942 new=18942 elapsed_s=3591.775 images_per_s=5.273715 device=mps
2026-09-13 21:55:58,366 INFO completed=18962 new=18962 elapsed_s=3595.595 images_per_s=5.273675 device=mps
2026-09-13 21:56:02,187 INFO completed=18982 new=18982 elapsed_s=3599.417 images_per_s=5.273632 device=mps
2026-09-13 21:56:06,033 INFO completed=19002 new=19002 elapsed_s=3603.262 images_per_s=5.273554 device=mps
2026-09-13 21:56:09,863 INFO completed=19022 new=19022 elapsed_s=3607.092 images_per_s=5.273500 device=mps
2026-09-13 21:56:13,704 INFO completed=19042 new=19042 elapsed_s=3610.933 images_per_s=5.273429 device=mps
2026-09-13 21:56:17,531 INFO completed=19062 new=19062 elapsed_s=3614.760 images_per_s=5.273379 device=mps
2026-09-13 21:56:21,361 INFO completed=19082 new=19082 elapsed_s=3618.590 images_per_s=5.273325 device=mps
2026-09-13 21:56:25,179 INFO completed=19102 new=19102 elapsed_s=3622.409 images_per_s=5.273287 device=mps
2026-09-13 21:56:29,005 INFO completed=19122 new=19122 elapsed_s=3626.234 images_per_s=5.273239 device=mps
2026-09-13 21:56:32,824 INFO completed=19142 new=19142 elapsed_s=3630.053 images_per_s=5.273201 device=mps
2026-09-13 21:56:36,665 INFO completed=19162 new=19162 elapsed_s=3633.894 images_per_s=5.273131 device=mps
2026-09-13 21:56:40,512 INFO completed=19182 new=19182 elapsed_s=3637.741 images_per_s=5.273052 device=mps
2026-09-13 21:56:44,356 INFO completed=19202 new=19202 elapsed_s=3641.586 images_per_s=5.272978 device=mps
2026-09-13 21:56:48,187 INFO completed=19222 new=19222 elapsed_s=3645.416 images_per_s=5.272923 device=mps
2026-09-13 21:56:52,007 INFO completed=19242 new=19242 elapsed_s=3649.236 images_per_s=5.272885 device=mps
2026-09-13 21:56:55,825 INFO completed=19262 new=19262 elapsed_s=3653.054 images_per_s=5.272848 device=mps
2026-09-13 21:56:59,674 INFO completed=19282 new=19282 elapsed_s=3656.903 images_per_s=5.272768 device=mps
2026-09-13 21:57:03,514 INFO completed=19302 new=19302 elapsed_s=3660.743 images_per_s=5.272700 device=mps
2026-09-13 21:57:07,334 INFO completed=19322 new=19322 elapsed_s=3664.563 images_per_s=5.272661 device=mps
2026-09-13 21:57:11,158 INFO completed=19342 new=19342 elapsed_s=3668.387 images_per_s=5.272617 device=mps
2026-09-13 21:57:14,982 INFO completed=19362 new=19362 elapsed_s=3672.211 images_per_s=5.272573 device=mps
2026-09-13 21:57:18,797 INFO completed=19382 new=19382 elapsed_s=3676.026 images_per_s=5.272541 device=mps
2026-09-13 21:57:22,624 INFO completed=19402 new=19402 elapsed_s=3679.853 images_per_s=5.272493 device=mps
2026-09-13 21:57:26,453 INFO completed=19422 new=19422 elapsed_s=3683.682 images_per_s=5.272442 device=mps
2026-09-13 21:57:30,266 INFO completed=19442 new=19442 elapsed_s=3687.495 images_per_s=5.272415 device=mps
2026-09-13 21:57:34,091 INFO completed=19462 new=19462 elapsed_s=3691.320 images_per_s=5.272369 device=mps
2026-09-13 21:57:37,915 INFO completed=19482 new=19482 elapsed_s=3695.144 images_per_s=5.272325 device=mps
2026-09-13 21:57:41,750 INFO completed=19502 new=19502 elapsed_s=3698.978 images_per_s=5.272266 device=mps
2026-09-13 21:57:45,572 INFO completed=19522 new=19522 elapsed_s=3702.800 images_per_s=5.272226 device=mps
2026-09-13 21:57:49,406 INFO completed=19542 new=19542 elapsed_s=3706.635 images_per_s=5.272168 device=mps
2026-09-13 21:57:53,287 INFO completed=19562 new=19562 elapsed_s=3710.516 images_per_s=5.272043 device=mps
2026-09-13 21:57:57,130 INFO completed=19582 new=19582 elapsed_s=3714.359 images_per_s=5.271973 device=mps
2026-09-13 21:58:00,979 INFO completed=19602 new=19602 elapsed_s=3718.208 images_per_s=5.271895 device=mps
2026-09-13 21:58:04,816 INFO completed=19622 new=19622 elapsed_s=3722.044 images_per_s=5.271834 device=mps
2026-09-13 21:58:08,632 INFO completed=19642 new=19642 elapsed_s=3725.861 images_per_s=5.271802 device=mps
2026-09-13 21:58:12,483 INFO completed=19662 new=19662 elapsed_s=3729.711 images_per_s=5.271722 device=mps
2026-09-13 21:58:16,312 INFO completed=19682 new=19682 elapsed_s=3733.541 images_per_s=5.271671 device=mps
2026-09-13 21:58:20,140 INFO completed=19702 new=19702 elapsed_s=3737.369 images_per_s=5.271623 device=mps
2026-09-13 21:58:23,983 INFO completed=19722 new=19722 elapsed_s=3741.211 images_per_s=5.271555 device=mps
2026-09-13 21:58:27,791 INFO completed=19742 new=19742 elapsed_s=3745.019 images_per_s=5.271535 device=mps
2026-09-13 21:58:31,608 INFO completed=19762 new=19762 elapsed_s=3748.837 images_per_s=5.271502 device=mps
2026-09-13 21:58:35,420 INFO completed=19782 new=19782 elapsed_s=3752.648 images_per_s=5.271478 device=mps
2026-09-13 21:58:39,246 INFO completed=19802 new=19802 elapsed_s=3756.474 images_per_s=5.271433 device=mps
2026-09-13 21:58:43,076 INFO completed=19822 new=19822 elapsed_s=3760.305 images_per_s=5.271381 device=mps
2026-09-13 21:58:46,899 INFO completed=19842 new=19842 elapsed_s=3764.128 images_per_s=5.271341 device=mps
2026-09-13 21:58:50,763 INFO completed=19862 new=19862 elapsed_s=3767.991 images_per_s=5.271244 device=mps
2026-09-13 21:58:54,635 INFO completed=19882 new=19882 elapsed_s=3771.864 images_per_s=5.271134 device=mps
2026-09-13 21:58:58,513 INFO completed=19902 new=19902 elapsed_s=3775.741 images_per_s=5.271018 device=mps
2026-09-13 21:59:02,321 INFO completed=19922 new=19922 elapsed_s=3779.549 images_per_s=5.270999 device=mps
2026-09-13 21:59:06,147 INFO completed=19942 new=19942 elapsed_s=3783.376 images_per_s=5.270954 device=mps
2026-09-13 21:59:09,973 INFO completed=19962 new=19962 elapsed_s=3787.201 images_per_s=5.270911 device=mps
2026-09-13 21:59:13,799 INFO completed=19982 new=19982 elapsed_s=3791.027 images_per_s=5.270867 device=mps
2026-09-13 21:59:17,629 INFO completed=20002 new=20002 elapsed_s=3794.858 images_per_s=5.270817 device=mps
2026-09-13 21:59:21,464 INFO completed=20022 new=20022 elapsed_s=3798.692 images_per_s=5.270762 device=mps
2026-09-13 21:59:25,274 INFO completed=20042 new=20042 elapsed_s=3802.502 images_per_s=5.270740 device=mps
2026-09-13 21:59:29,104 INFO completed=20062 new=20062 elapsed_s=3806.332 images_per_s=5.270691 device=mps
2026-09-13 21:59:32,921 INFO completed=20082 new=20082 elapsed_s=3810.149 images_per_s=5.270660 device=mps
2026-09-13 21:59:36,758 INFO completed=20102 new=20102 elapsed_s=3813.986 images_per_s=5.270602 device=mps
2026-09-13 21:59:40,607 INFO completed=20122 new=20122 elapsed_s=3817.835 images_per_s=5.270526 device=mps
2026-09-13 21:59:44,436 INFO completed=20142 new=20142 elapsed_s=3821.664 images_per_s=5.270479 device=mps
2026-09-13 21:59:48,259 INFO completed=20162 new=20162 elapsed_s=3825.487 images_per_s=5.270440 device=mps
2026-09-13 21:59:52,097 INFO completed=20182 new=20182 elapsed_s=3829.325 images_per_s=5.270380 device=mps
2026-09-13 21:59:55,941 INFO completed=20202 new=20202 elapsed_s=3833.168 images_per_s=5.270314 device=mps
2026-09-13 21:59:59,769 INFO completed=20222 new=20222 elapsed_s=3836.997 images_per_s=5.270268 device=mps
2026-09-13 22:00:03,589 INFO completed=20242 new=20242 elapsed_s=3840.817 images_per_s=5.270232 device=mps
2026-09-13 22:00:07,416 INFO completed=20262 new=20262 elapsed_s=3844.644 images_per_s=5.270189 device=mps
2026-09-13 22:00:11,245 INFO completed=20282 new=20282 elapsed_s=3848.473 images_per_s=5.270143 device=mps
2026-09-13 22:00:15,104 INFO completed=20302 new=20302 elapsed_s=3852.331 images_per_s=5.270055 device=mps
2026-09-13 22:00:18,943 INFO completed=20322 new=20322 elapsed_s=3856.171 images_per_s=5.269995 device=mps
2026-09-13 22:00:22,823 INFO completed=20342 new=20342 elapsed_s=3860.051 images_per_s=5.269879 device=mps
2026-09-13 22:00:26,655 INFO completed=20362 new=20362 elapsed_s=3863.883 images_per_s=5.269829 device=mps
2026-09-13 22:00:30,476 INFO completed=20382 new=20382 elapsed_s=3867.703 images_per_s=5.269794 device=mps
2026-09-13 22:00:34,298 INFO completed=20402 new=20402 elapsed_s=3871.526 images_per_s=5.269757 device=mps
2026-09-13 22:00:38,128 INFO completed=20422 new=20422 elapsed_s=3875.356 images_per_s=5.269709 device=mps
2026-09-13 22:00:41,933 INFO completed=20442 new=20442 elapsed_s=3879.161 images_per_s=5.269697 device=mps
2026-09-13 22:00:45,741 INFO completed=20462 new=20462 elapsed_s=3882.969 images_per_s=5.269680 device=mps
2026-09-13 22:00:49,574 INFO completed=20482 new=20482 elapsed_s=3886.802 images_per_s=5.269628 device=mps
2026-09-13 22:00:53,412 INFO completed=20502 new=20502 elapsed_s=3890.640 images_per_s=5.269570 device=mps
2026-09-13 22:00:57,246 INFO completed=20522 new=20522 elapsed_s=3894.474 images_per_s=5.269518 device=mps
2026-09-13 22:01:01,098 INFO completed=20542 new=20542 elapsed_s=3898.325 images_per_s=5.269442 device=mps
2026-09-13 22:01:04,917 INFO completed=20562 new=20562 elapsed_s=3902.144 images_per_s=5.269411 device=mps
2026-09-13 22:01:08,745 INFO completed=20582 new=20582 elapsed_s=3905.973 images_per_s=5.269366 device=mps
2026-09-13 22:01:12,607 INFO completed=20602 new=20602 elapsed_s=3909.835 images_per_s=5.269277 device=mps
2026-09-13 22:01:16,439 INFO completed=20622 new=20622 elapsed_s=3913.666 images_per_s=5.269228 device=mps
2026-09-13 22:01:20,274 INFO completed=20642 new=20642 elapsed_s=3917.501 images_per_s=5.269175 device=mps
2026-09-13 22:01:24,107 INFO completed=20662 new=20662 elapsed_s=3921.335 images_per_s=5.269124 device=mps
2026-09-13 22:01:27,947 INFO completed=20682 new=20682 elapsed_s=3925.174 images_per_s=5.269065 device=mps
2026-09-13 22:01:31,883 INFO completed=20702 new=20702 elapsed_s=3929.110 images_per_s=5.268877 device=mps
2026-09-13 22:01:35,737 INFO completed=20722 new=20722 elapsed_s=3932.965 images_per_s=5.268799 device=mps
2026-09-13 22:01:39,581 INFO completed=20742 new=20742 elapsed_s=3936.808 images_per_s=5.268735 device=mps
2026-09-13 22:01:43,450 INFO completed=20762 new=20762 elapsed_s=3940.677 images_per_s=5.268638 device=mps
2026-09-13 22:01:47,390 INFO completed=20782 new=20782 elapsed_s=3944.617 images_per_s=5.268445 device=mps
2026-09-13 22:01:51,332 INFO completed=20802 new=20802 elapsed_s=3948.560 images_per_s=5.268250 device=mps
2026-09-13 22:01:55,172 INFO completed=20822 new=20822 elapsed_s=3952.399 images_per_s=5.268192 device=mps
2026-09-13 22:01:59,032 INFO completed=20842 new=20842 elapsed_s=3956.260 images_per_s=5.268107 device=mps
2026-09-13 22:02:02,855 INFO completed=20862 new=20862 elapsed_s=3960.083 images_per_s=5.268072 device=mps
2026-09-13 22:02:06,688 INFO completed=20882 new=20882 elapsed_s=3963.915 images_per_s=5.268024 device=mps
2026-09-13 22:02:10,538 INFO completed=20902 new=20902 elapsed_s=3967.765 images_per_s=5.267954 device=mps
2026-09-13 22:02:14,374 INFO completed=20922 new=20922 elapsed_s=3971.601 images_per_s=5.267901 device=mps
2026-09-13 22:02:18,197 INFO completed=20942 new=20942 elapsed_s=3975.424 images_per_s=5.267865 device=mps
2026-09-13 22:02:22,029 INFO completed=20962 new=20962 elapsed_s=3979.256 images_per_s=5.267819 device=mps
2026-09-13 22:02:25,854 INFO completed=20982 new=20982 elapsed_s=3983.081 images_per_s=5.267781 device=mps
2026-09-13 22:02:29,696 INFO completed=21002 new=21002 elapsed_s=3986.923 images_per_s=5.267722 device=mps
2026-09-13 22:02:33,578 INFO completed=21022 new=21022 elapsed_s=3990.805 images_per_s=5.267609 device=mps
2026-09-13 22:02:37,412 INFO completed=21042 new=21042 elapsed_s=3994.639 images_per_s=5.267560 device=mps
2026-09-13 22:02:41,243 INFO completed=21062 new=21062 elapsed_s=3998.470 images_per_s=5.267515 device=mps
2026-09-13 22:02:45,075 INFO completed=21082 new=21082 elapsed_s=4002.302 images_per_s=5.267469 device=mps
2026-09-13 22:02:48,900 INFO completed=21102 new=21102 elapsed_s=4006.126 images_per_s=5.267432 device=mps
2026-09-13 22:02:52,729 INFO completed=21122 new=21122 elapsed_s=4009.956 images_per_s=5.267389 device=mps
2026-09-13 22:02:56,607 INFO completed=21142 new=21142 elapsed_s=4013.833 images_per_s=5.267284 device=mps
2026-09-13 22:03:00,458 INFO completed=21162 new=21162 elapsed_s=4017.685 images_per_s=5.267213 device=mps
2026-09-13 22:03:04,291 INFO completed=21182 new=21182 elapsed_s=4021.518 images_per_s=5.267166 device=mps
2026-09-13 22:03:08,166 INFO completed=21202 new=21202 elapsed_s=4025.393 images_per_s=5.267064 device=mps
2026-09-13 22:03:12,016 INFO completed=21222 new=21222 elapsed_s=4029.243 images_per_s=5.266994 device=mps
2026-09-13 22:03:15,841 INFO completed=21242 new=21242 elapsed_s=4033.067 images_per_s=5.266959 device=mps
2026-09-13 22:03:19,679 INFO completed=21262 new=21262 elapsed_s=4036.906 images_per_s=5.266905 device=mps
2026-09-13 22:03:23,557 INFO completed=21282 new=21282 elapsed_s=4040.784 images_per_s=5.266800 device=mps
2026-09-13 22:03:27,379 INFO completed=21302 new=21302 elapsed_s=4044.606 images_per_s=5.266768 device=mps
2026-09-13 22:03:31,210 INFO completed=21322 new=21322 elapsed_s=4048.437 images_per_s=5.266724 device=mps
2026-09-13 22:03:35,041 INFO completed=21342 new=21342 elapsed_s=4052.268 images_per_s=5.266681 device=mps
2026-09-13 22:03:38,881 INFO completed=21362 new=21362 elapsed_s=4056.107 images_per_s=5.266626 device=mps
2026-09-13 22:03:42,716 INFO completed=21382 new=21382 elapsed_s=4059.943 images_per_s=5.266577 device=mps
2026-09-13 22:03:46,544 INFO completed=21402 new=21402 elapsed_s=4063.770 images_per_s=5.266538 device=mps
2026-09-13 22:03:50,370 INFO completed=21422 new=21422 elapsed_s=4067.596 images_per_s=5.266501 device=mps
2026-09-13 22:03:54,204 INFO completed=21442 new=21442 elapsed_s=4071.431 images_per_s=5.266453 device=mps
2026-09-13 22:03:58,017 INFO completed=21462 new=21462 elapsed_s=4075.243 images_per_s=5.266435 device=mps
2026-09-13 22:04:01,841 INFO completed=21482 new=21482 elapsed_s=4079.068 images_per_s=5.266400 device=mps
2026-09-13 22:04:05,666 INFO completed=21502 new=21502 elapsed_s=4082.892 images_per_s=5.266365 device=mps
2026-09-13 22:04:09,513 INFO completed=21522 new=21522 elapsed_s=4086.739 images_per_s=5.266301 device=mps
2026-09-13 22:04:13,358 INFO completed=21542 new=21542 elapsed_s=4090.584 images_per_s=5.266240 device=mps
2026-09-13 22:04:17,199 INFO completed=21562 new=21562 elapsed_s=4094.425 images_per_s=5.266185 device=mps
2026-09-13 22:04:21,037 INFO completed=21582 new=21582 elapsed_s=4098.263 images_per_s=5.266133 device=mps
2026-09-13 22:04:24,879 INFO completed=21602 new=21602 elapsed_s=4102.105 images_per_s=5.266076 device=mps
2026-09-13 22:04:28,714 INFO completed=21622 new=21622 elapsed_s=4105.941 images_per_s=5.266028 device=mps
2026-09-13 22:04:32,570 INFO completed=21642 new=21642 elapsed_s=4109.797 images_per_s=5.265954 device=mps
2026-09-13 22:04:36,407 INFO completed=21662 new=21662 elapsed_s=4113.634 images_per_s=5.265904 device=mps
2026-09-13 22:04:40,251 INFO completed=21682 new=21682 elapsed_s=4117.477 images_per_s=5.265846 device=mps
2026-09-13 22:04:44,131 INFO completed=21702 new=21702 elapsed_s=4121.357 images_per_s=5.265741 device=mps
2026-09-13 22:04:47,963 INFO completed=21722 new=21722 elapsed_s=4125.189 images_per_s=5.265699 device=mps
2026-09-13 22:04:51,790 INFO completed=21742 new=21742 elapsed_s=4129.016 images_per_s=5.265661 device=mps
2026-09-13 22:04:55,607 INFO completed=21762 new=21762 elapsed_s=4132.833 images_per_s=5.265637 device=mps
2026-09-13 22:04:59,440 INFO completed=21782 new=21782 elapsed_s=4136.666 images_per_s=5.265593 device=mps
2026-09-13 22:05:03,265 INFO completed=21802 new=21802 elapsed_s=4140.491 images_per_s=5.265559 device=mps
2026-09-13 22:05:07,096 INFO completed=21822 new=21822 elapsed_s=4144.321 images_per_s=5.265518 device=mps
2026-09-13 22:05:10,924 INFO completed=21842 new=21842 elapsed_s=4148.150 images_per_s=5.265479 device=mps
2026-09-13 22:05:14,745 INFO completed=21862 new=21862 elapsed_s=4151.971 images_per_s=5.265451 device=mps
2026-09-13 22:05:18,561 INFO completed=21882 new=21882 elapsed_s=4155.787 images_per_s=5.265429 device=mps
2026-09-13 22:05:22,374 INFO completed=21902 new=21902 elapsed_s=4159.600 images_per_s=5.265410 device=mps
2026-09-13 22:05:26,188 INFO completed=21922 new=21922 elapsed_s=4163.414 images_per_s=5.265390 device=mps
2026-09-13 22:05:30,057 INFO completed=21942 new=21942 elapsed_s=4167.283 images_per_s=5.265301 device=mps
2026-09-13 22:05:33,879 INFO completed=21962 new=21962 elapsed_s=4171.105 images_per_s=5.265272 device=mps
2026-09-13 22:05:37,686 INFO completed=21982 new=21982 elapsed_s=4174.912 images_per_s=5.265261 device=mps
2026-09-13 22:05:41,505 INFO completed=22002 new=22002 elapsed_s=4178.730 images_per_s=5.265236 device=mps
2026-09-13 22:05:45,345 INFO completed=22022 new=22022 elapsed_s=4182.571 images_per_s=5.265183 device=mps
2026-09-13 22:05:49,187 INFO completed=22042 new=22042 elapsed_s=4186.412 images_per_s=5.265129 device=mps
2026-09-13 22:05:53,020 INFO completed=22062 new=22062 elapsed_s=4190.246 images_per_s=5.265085 device=mps
2026-09-13 22:05:56,864 INFO completed=22082 new=22082 elapsed_s=4194.090 images_per_s=5.265028 device=mps
2026-09-13 22:06:00,700 INFO completed=22102 new=22102 elapsed_s=4197.925 images_per_s=5.264982 device=mps
2026-09-13 22:06:04,514 INFO completed=22122 new=22122 elapsed_s=4201.740 images_per_s=5.264962 device=mps
2026-09-13 22:06:08,334 INFO completed=22142 new=22142 elapsed_s=4205.560 images_per_s=5.264935 device=mps
2026-09-13 22:06:12,163 INFO completed=22162 new=22162 elapsed_s=4209.388 images_per_s=5.264898 device=mps
2026-09-13 22:06:16,006 INFO completed=22182 new=22182 elapsed_s=4213.231 images_per_s=5.264843 device=mps
2026-09-13 22:06:19,817 INFO completed=22202 new=22202 elapsed_s=4217.043 images_per_s=5.264827 device=mps
2026-09-13 22:06:23,641 INFO completed=22222 new=22222 elapsed_s=4220.867 images_per_s=5.264796 device=mps
2026-09-13 22:06:27,466 INFO completed=22242 new=22242 elapsed_s=4224.691 images_per_s=5.264763 device=mps
2026-09-13 22:06:31,275 INFO completed=22262 new=22262 elapsed_s=4228.500 images_per_s=5.264751 device=mps
2026-09-13 22:06:35,091 INFO completed=22282 new=22282 elapsed_s=4232.316 images_per_s=5.264729 device=mps
2026-09-13 22:06:38,940 INFO completed=22302 new=22302 elapsed_s=4236.166 images_per_s=5.264666 device=mps
2026-09-13 22:06:42,761 INFO completed=22322 new=22322 elapsed_s=4239.986 images_per_s=5.264640 device=mps
2026-09-13 22:06:46,582 INFO completed=22342 new=22342 elapsed_s=4243.807 images_per_s=5.264613 device=mps
2026-09-13 22:06:50,416 INFO completed=22362 new=22362 elapsed_s=4247.641 images_per_s=5.264569 device=mps
2026-09-13 22:06:54,245 INFO completed=22382 new=22382 elapsed_s=4251.470 images_per_s=5.264532 device=mps
2026-09-13 22:06:58,083 INFO completed=22402 new=22402 elapsed_s=4255.308 images_per_s=5.264484 device=mps
2026-09-13 22:07:01,915 INFO completed=22422 new=22422 elapsed_s=4259.140 images_per_s=5.264443 device=mps
2026-09-13 22:07:05,781 INFO completed=22442 new=22442 elapsed_s=4263.006 images_per_s=5.264360 device=mps
2026-09-13 22:07:09,622 INFO completed=22462 new=22462 elapsed_s=4266.848 images_per_s=5.264308 device=mps
2026-09-13 22:07:13,447 INFO completed=22482 new=22482 elapsed_s=4270.672 images_per_s=5.264277 device=mps
2026-09-13 22:07:17,283 INFO completed=22502 new=22502 elapsed_s=4274.508 images_per_s=5.264232 device=mps
2026-09-13 22:07:21,115 INFO completed=22522 new=22522 elapsed_s=4278.340 images_per_s=5.264192 device=mps
2026-09-13 22:07:24,958 INFO completed=22542 new=22542 elapsed_s=4282.183 images_per_s=5.264138 device=mps
2026-09-13 22:07:28,788 INFO completed=22562 new=22562 elapsed_s=4286.013 images_per_s=5.264099 device=mps
2026-09-13 22:07:32,656 INFO completed=22582 new=22582 elapsed_s=4289.881 images_per_s=5.264015 device=mps
2026-09-13 22:07:36,555 INFO completed=22602 new=22602 elapsed_s=4293.780 images_per_s=5.263894 device=mps
2026-09-13 22:07:40,374 INFO completed=22622 new=22622 elapsed_s=4297.599 images_per_s=5.263869 device=mps
2026-09-13 22:07:44,193 INFO completed=22642 new=22642 elapsed_s=4301.417 images_per_s=5.263846 device=mps
2026-09-13 22:07:48,023 INFO completed=22662 new=22662 elapsed_s=4305.248 images_per_s=5.263808 device=mps
2026-09-13 22:07:51,858 INFO completed=22682 new=22682 elapsed_s=4309.083 images_per_s=5.263765 device=mps
2026-09-13 22:07:55,745 INFO completed=22702 new=22702 elapsed_s=4312.970 images_per_s=5.263658 device=mps
2026-09-13 22:07:59,716 INFO completed=22722 new=22722 elapsed_s=4316.941 images_per_s=5.263449 device=mps
2026-09-13 22:08:03,544 INFO completed=22742 new=22742 elapsed_s=4320.769 images_per_s=5.263414 device=mps
2026-09-13 22:08:07,341 INFO completed=22762 new=22762 elapsed_s=4324.566 images_per_s=5.263419 device=mps
2026-09-13 22:08:11,163 INFO completed=22782 new=22782 elapsed_s=4328.387 images_per_s=5.263392 device=mps
2026-09-13 22:08:14,974 INFO completed=22802 new=22802 elapsed_s=4332.199 images_per_s=5.263378 device=mps
2026-09-13 22:08:18,887 INFO completed=22822 new=22822 elapsed_s=4336.112 images_per_s=5.263240 device=mps
2026-09-13 22:08:22,679 INFO completed=22842 new=22842 elapsed_s=4339.904 images_per_s=5.263251 device=mps
2026-09-13 22:08:26,512 INFO completed=22862 new=22862 elapsed_s=4343.737 images_per_s=5.263210 device=mps
2026-09-13 22:08:30,351 INFO completed=22882 new=22882 elapsed_s=4347.576 images_per_s=5.263163 device=mps
2026-09-13 22:08:34,182 INFO completed=22902 new=22902 elapsed_s=4351.407 images_per_s=5.263125 device=mps
2026-09-13 22:08:38,025 INFO completed=22922 new=22922 elapsed_s=4355.250 images_per_s=5.263074 device=mps
2026-09-13 22:08:41,868 INFO completed=22942 new=22942 elapsed_s=4359.093 images_per_s=5.263022 device=mps
2026-09-13 22:08:45,681 INFO completed=22962 new=22962 elapsed_s=4362.906 images_per_s=5.263006 device=mps
2026-09-13 22:08:49,508 INFO completed=22982 new=22982 elapsed_s=4366.732 images_per_s=5.262975 device=mps
2026-09-13 22:08:53,325 INFO completed=23002 new=23002 elapsed_s=4370.549 images_per_s=5.262954 device=mps
2026-09-13 22:08:57,129 INFO completed=23022 new=23022 elapsed_s=4374.353 images_per_s=5.262950 device=mps
2026-09-13 22:09:00,966 INFO completed=23042 new=23042 elapsed_s=4378.190 images_per_s=5.262905 device=mps
2026-09-13 22:09:04,866 INFO completed=23062 new=23062 elapsed_s=4382.090 images_per_s=5.262785 device=mps
2026-09-13 22:09:08,689 INFO completed=23082 new=23082 elapsed_s=4385.914 images_per_s=5.262757 device=mps
2026-09-13 22:09:12,523 INFO completed=23102 new=23102 elapsed_s=4389.747 images_per_s=5.262718 device=mps
2026-09-13 22:09:16,359 INFO completed=23122 new=23122 elapsed_s=4393.583 images_per_s=5.262676 device=mps
2026-09-13 22:09:20,192 INFO completed=23142 new=23142 elapsed_s=4397.416 images_per_s=5.262637 device=mps
2026-09-13 22:09:24,029 INFO completed=23162 new=23162 elapsed_s=4401.253 images_per_s=5.262593 device=mps
2026-09-13 22:09:27,879 INFO completed=23182 new=23182 elapsed_s=4405.102 images_per_s=5.262534 device=mps
2026-09-13 22:09:31,724 INFO completed=23202 new=23202 elapsed_s=4408.947 images_per_s=5.262481 device=mps
2026-09-13 22:09:35,893 INFO completed=23222 new=23222 elapsed_s=4413.116 images_per_s=5.262042 device=mps
2026-09-13 22:09:39,466 INFO completed=23242 new=23242 elapsed_s=4416.689 images_per_s=5.262313 device=mps
2026-09-13 22:09:42,989 INFO completed=23262 new=23262 elapsed_s=4420.212 images_per_s=5.262644 device=mps
2026-09-13 22:09:46,495 INFO completed=23282 new=23282 elapsed_s=4423.718 images_per_s=5.262993 device=mps
2026-09-13 22:09:50,000 INFO completed=23302 new=23302 elapsed_s=4427.223 images_per_s=5.263345 device=mps
2026-09-13 22:09:53,495 INFO completed=23322 new=23322 elapsed_s=4430.718 images_per_s=5.263706 device=mps
2026-09-13 22:09:56,990 INFO completed=23342 new=23342 elapsed_s=4434.213 images_per_s=5.264069 device=mps
2026-09-13 22:10:00,488 INFO completed=23362 new=23362 elapsed_s=4437.710 images_per_s=5.264426 device=mps
2026-09-13 22:10:03,979 INFO completed=23382 new=23382 elapsed_s=4441.202 images_per_s=5.264792 device=mps
2026-09-13 22:10:07,491 INFO completed=23402 new=23402 elapsed_s=4444.713 images_per_s=5.265132 device=mps
2026-09-13 22:10:10,997 INFO completed=23422 new=23422 elapsed_s=4448.219 images_per_s=5.265478 device=mps
2026-09-13 22:10:14,500 INFO completed=23442 new=23442 elapsed_s=4451.723 images_per_s=5.265827 device=mps
2026-09-13 22:10:17,997 INFO completed=23462 new=23462 elapsed_s=4455.219 images_per_s=5.266183 device=mps
2026-09-13 22:10:21,489 INFO completed=23482 new=23482 elapsed_s=4458.712 images_per_s=5.266544 device=mps
2026-09-13 22:10:24,983 INFO completed=23502 new=23502 elapsed_s=4462.206 images_per_s=5.266902 device=mps
2026-09-13 22:10:28,500 INFO completed=23522 new=23522 elapsed_s=4465.723 images_per_s=5.267232 device=mps
2026-09-13 22:10:31,998 INFO completed=23542 new=23542 elapsed_s=4469.220 images_per_s=5.267586 device=mps
2026-09-13 22:10:35,486 INFO completed=23562 new=23562 elapsed_s=4472.708 images_per_s=5.267949 device=mps
2026-09-13 22:10:38,973 INFO completed=23582 new=23582 elapsed_s=4476.195 images_per_s=5.268314 device=mps
2026-09-13 22:10:42,469 INFO completed=23602 new=23602 elapsed_s=4479.692 images_per_s=5.268666 device=mps
2026-09-13 22:10:45,961 INFO completed=23622 new=23622 elapsed_s=4483.184 images_per_s=5.269024 device=mps
2026-09-13 22:10:49,456 INFO completed=23642 new=23642 elapsed_s=4486.678 images_per_s=5.269377 device=mps
2026-09-13 22:10:52,947 INFO completed=23662 new=23662 elapsed_s=4490.169 images_per_s=5.269734 device=mps
2026-09-13 22:10:56,443 INFO completed=23682 new=23682 elapsed_s=4493.666 images_per_s=5.270085 device=mps
2026-09-13 22:10:59,938 INFO completed=23702 new=23702 elapsed_s=4497.160 images_per_s=5.270437 device=mps
2026-09-13 22:11:03,443 INFO completed=23722 new=23722 elapsed_s=4500.665 images_per_s=5.270776 device=mps
2026-09-13 22:11:06,931 INFO completed=23742 new=23742 elapsed_s=4504.154 images_per_s=5.271134 device=mps
2026-09-13 22:11:10,444 INFO completed=23762 new=23762 elapsed_s=4507.666 images_per_s=5.271464 device=mps
2026-09-13 22:11:13,957 INFO completed=23782 new=23782 elapsed_s=4511.179 images_per_s=5.271792 device=mps
2026-09-13 22:11:17,450 INFO completed=23802 new=23802 elapsed_s=4514.673 images_per_s=5.272143 device=mps
2026-09-13 22:11:20,947 INFO completed=23822 new=23822 elapsed_s=4518.170 images_per_s=5.272489 device=mps
2026-09-13 22:11:24,444 INFO completed=23842 new=23842 elapsed_s=4521.666 images_per_s=5.272835 device=mps
2026-09-13 22:11:27,943 INFO completed=23862 new=23862 elapsed_s=4525.166 images_per_s=5.273177 device=mps
2026-09-13 22:11:31,434 INFO completed=23882 new=23882 elapsed_s=4528.656 images_per_s=5.273530 device=mps
2026-09-13 22:11:34,925 INFO completed=23902 new=23902 elapsed_s=4532.148 images_per_s=5.273880 device=mps
2026-09-13 22:11:38,424 INFO completed=23922 new=23922 elapsed_s=4535.646 images_per_s=5.274221 device=mps
2026-09-13 22:11:41,921 INFO completed=23942 new=23942 elapsed_s=4539.143 images_per_s=5.274564 device=mps
2026-09-13 22:11:45,420 INFO completed=23962 new=23962 elapsed_s=4542.642 images_per_s=5.274904 device=mps
2026-09-13 22:11:48,917 INFO completed=23982 new=23982 elapsed_s=4546.139 images_per_s=5.275246 device=mps
2026-09-13 22:11:52,418 INFO completed=24002 new=24002 elapsed_s=4549.640 images_per_s=5.275582 device=mps
2026-09-13 22:11:55,915 INFO completed=24022 new=24022 elapsed_s=4553.137 images_per_s=5.275923 device=mps
2026-09-13 22:11:59,434 INFO completed=24042 new=24042 elapsed_s=4556.656 images_per_s=5.276238 device=mps
2026-09-13 22:12:02,925 INFO completed=24062 new=24062 elapsed_s=4560.146 images_per_s=5.276585 device=mps
2026-09-13 22:12:06,429 INFO completed=24082 new=24082 elapsed_s=4563.651 images_per_s=5.276915 device=mps
2026-09-13 22:12:09,925 INFO completed=24102 new=24102 elapsed_s=4567.147 images_per_s=5.277255 device=mps
2026-09-13 22:12:13,424 INFO completed=24122 new=24122 elapsed_s=4570.646 images_per_s=5.277591 device=mps
2026-09-13 22:12:16,917 INFO completed=24142 new=24142 elapsed_s=4574.139 images_per_s=5.277934 device=mps
2026-09-13 22:12:20,416 INFO completed=24162 new=24162 elapsed_s=4577.638 images_per_s=5.278268 device=mps
2026-09-13 22:12:23,912 INFO completed=24182 new=24182 elapsed_s=4581.134 images_per_s=5.278606 device=mps
2026-09-13 22:12:27,413 INFO completed=24202 new=24202 elapsed_s=4584.635 images_per_s=5.278937 device=mps
2026-09-13 22:12:30,901 INFO completed=24222 new=24222 elapsed_s=4588.123 images_per_s=5.279283 device=mps
2026-09-13 22:12:34,406 INFO completed=24242 new=24242 elapsed_s=4591.627 images_per_s=5.279610 device=mps
2026-09-13 22:12:37,909 INFO completed=24262 new=24262 elapsed_s=4595.131 images_per_s=5.279937 device=mps
2026-09-13 22:12:41,397 INFO completed=24282 new=24282 elapsed_s=4598.619 images_per_s=5.280281 device=mps
2026-09-13 22:12:44,897 INFO completed=24302 new=24302 elapsed_s=4602.118 images_per_s=5.280612 device=mps
2026-09-13 22:12:48,388 INFO completed=24322 new=24322 elapsed_s=4605.609 images_per_s=5.280951 device=mps
2026-09-13 22:12:51,882 INFO completed=24342 new=24342 elapsed_s=4609.104 images_per_s=5.281287 device=mps
2026-09-13 22:12:55,361 INFO completed=24362 new=24362 elapsed_s=4612.583 images_per_s=5.281640 device=mps
2026-09-13 22:12:58,854 INFO completed=24382 new=24382 elapsed_s=4616.076 images_per_s=5.281976 device=mps
2026-09-13 22:13:02,348 INFO completed=24402 new=24402 elapsed_s=4619.569 images_per_s=5.282311 device=mps
2026-09-13 22:13:05,846 INFO completed=24422 new=24422 elapsed_s=4623.067 images_per_s=5.282640 device=mps
2026-09-13 22:13:09,326 INFO completed=24442 new=24442 elapsed_s=4626.547 images_per_s=5.282989 device=mps
2026-09-13 22:13:12,821 INFO completed=24462 new=24462 elapsed_s=4630.043 images_per_s=5.283321 device=mps
2026-09-13 22:13:16,321 INFO completed=24482 new=24482 elapsed_s=4633.543 images_per_s=5.283646 device=mps
2026-09-13 22:13:19,824 INFO completed=24502 new=24502 elapsed_s=4637.045 images_per_s=5.283969 device=mps
2026-09-13 22:13:23,319 INFO completed=24522 new=24522 elapsed_s=4640.541 images_per_s=5.284298 device=mps
2026-09-13 22:13:26,813 INFO completed=24542 new=24542 elapsed_s=4644.035 images_per_s=5.284629 device=mps
2026-09-13 22:13:30,298 INFO completed=24562 new=24562 elapsed_s=4647.519 images_per_s=5.284970 device=mps
2026-09-13 22:13:33,780 INFO completed=24582 new=24582 elapsed_s=4651.001 images_per_s=5.285313 device=mps
2026-09-13 22:13:37,275 INFO completed=24602 new=24602 elapsed_s=4654.496 images_per_s=5.285642 device=mps
2026-09-13 22:13:40,772 INFO completed=24622 new=24622 elapsed_s=4657.993 images_per_s=5.285967 device=mps
2026-09-13 22:13:44,260 INFO completed=24642 new=24642 elapsed_s=4661.481 images_per_s=5.286303 device=mps
2026-09-13 22:13:47,750 INFO completed=24662 new=24662 elapsed_s=4664.971 images_per_s=5.286635 device=mps
2026-09-13 22:13:51,261 INFO completed=24682 new=24682 elapsed_s=4668.483 images_per_s=5.286943 device=mps
2026-09-13 22:13:54,774 INFO completed=24702 new=24702 elapsed_s=4671.995 images_per_s=5.287249 device=mps
2026-09-13 22:13:58,271 INFO completed=24722 new=24722 elapsed_s=4675.492 images_per_s=5.287572 device=mps
2026-09-13 22:14:01,763 INFO completed=24742 new=24742 elapsed_s=4678.984 images_per_s=5.287900 device=mps
2026-09-13 22:14:05,259 INFO completed=24762 new=24762 elapsed_s=4682.480 images_per_s=5.288223 device=mps
2026-09-13 22:14:08,751 INFO completed=24782 new=24782 elapsed_s=4685.972 images_per_s=5.288550 device=mps
2026-09-13 22:14:12,244 INFO completed=24802 new=24802 elapsed_s=4689.466 images_per_s=5.288876 device=mps
2026-09-13 22:14:15,742 INFO completed=24822 new=24822 elapsed_s=4692.963 images_per_s=5.289196 device=mps
2026-09-13 22:14:19,242 INFO completed=24842 new=24842 elapsed_s=4696.464 images_per_s=5.289512 device=mps
2026-09-13 22:14:22,723 INFO completed=24862 new=24862 elapsed_s=4699.944 images_per_s=5.289850 device=mps
2026-09-13 22:14:26,221 INFO completed=24882 new=24882 elapsed_s=4703.442 images_per_s=5.290168 device=mps
2026-09-13 22:14:29,704 INFO completed=24902 new=24902 elapsed_s=4706.925 images_per_s=5.290503 device=mps
2026-09-13 22:14:33,216 INFO completed=24922 new=24922 elapsed_s=4710.437 images_per_s=5.290804 device=mps
2026-09-13 22:14:36,705 INFO completed=24942 new=24942 elapsed_s=4713.926 images_per_s=5.291132 device=mps
2026-09-13 22:14:40,205 INFO completed=24962 new=24962 elapsed_s=4717.426 images_per_s=5.291445 device=mps
2026-09-13 22:14:43,715 INFO completed=24982 new=24982 elapsed_s=4720.936 images_per_s=5.291748 device=mps
2026-09-13 22:14:47,212 INFO completed=25002 new=25002 elapsed_s=4724.433 images_per_s=5.292064 device=mps
2026-09-13 22:14:50,710 INFO completed=25022 new=25022 elapsed_s=4727.931 images_per_s=5.292378 device=mps
2026-09-13 22:14:54,213 INFO completed=25042 new=25042 elapsed_s=4731.434 images_per_s=5.292687 device=mps
2026-09-13 22:14:57,696 INFO completed=25062 new=25062 elapsed_s=4734.917 images_per_s=5.293018 device=mps
2026-09-13 22:15:01,193 INFO completed=25082 new=25082 elapsed_s=4738.414 images_per_s=5.293332 device=mps
2026-09-13 22:15:04,692 INFO completed=25102 new=25102 elapsed_s=4741.913 images_per_s=5.293644 device=mps
2026-09-13 22:15:08,225 INFO completed=25122 new=25122 elapsed_s=4745.445 images_per_s=5.293918 device=mps
2026-09-13 22:15:11,746 INFO completed=25142 new=25142 elapsed_s=4748.967 images_per_s=5.294204 device=mps
2026-09-13 22:15:15,259 INFO completed=25162 new=25162 elapsed_s=4752.480 images_per_s=5.294499 device=mps
2026-09-13 22:15:18,749 INFO completed=25182 new=25182 elapsed_s=4755.970 images_per_s=5.294819 device=mps
2026-09-13 22:15:22,256 INFO completed=25202 new=25202 elapsed_s=4759.476 images_per_s=5.295121 device=mps
2026-09-13 22:15:25,762 INFO completed=25222 new=25222 elapsed_s=4762.983 images_per_s=5.295421 device=mps
2026-09-13 22:15:29,250 INFO completed=25242 new=25242 elapsed_s=4766.471 images_per_s=5.295742 device=mps
2026-09-13 22:15:32,746 INFO completed=25262 new=25262 elapsed_s=4769.966 images_per_s=5.296054 device=mps
2026-09-13 22:15:36,245 INFO completed=25282 new=25282 elapsed_s=4773.466 images_per_s=5.296362 device=mps
2026-09-13 22:15:39,757 INFO completed=25302 new=25302 elapsed_s=4776.978 images_per_s=5.296654 device=mps
2026-09-13 22:15:43,266 INFO completed=25322 new=25322 elapsed_s=4780.486 images_per_s=5.296951 device=mps
2026-09-13 22:15:46,754 INFO completed=25342 new=25342 elapsed_s=4783.975 images_per_s=5.297269 device=mps
2026-09-13 22:15:50,253 INFO completed=25362 new=25362 elapsed_s=4787.474 images_per_s=5.297575 device=mps
2026-09-13 22:15:53,769 INFO completed=25382 new=25382 elapsed_s=4790.990 images_per_s=5.297861 device=mps
2026-09-13 22:15:57,276 INFO completed=25402 new=25402 elapsed_s=4794.496 images_per_s=5.298158 device=mps
2026-09-13 22:16:00,798 INFO completed=25422 new=25422 elapsed_s=4798.018 images_per_s=5.298438 device=mps
2026-09-13 22:16:04,293 INFO completed=25442 new=25442 elapsed_s=4801.513 images_per_s=5.298746 device=mps
2026-09-13 22:16:07,798 INFO completed=25462 new=25462 elapsed_s=4805.018 images_per_s=5.299043 device=mps
2026-09-13 22:16:11,295 INFO completed=25482 new=25482 elapsed_s=4808.515 images_per_s=5.299349 device=mps
2026-09-13 22:16:14,792 INFO completed=25502 new=25502 elapsed_s=4812.012 images_per_s=5.299654 device=mps
2026-09-13 22:16:18,296 INFO completed=25522 new=25522 elapsed_s=4815.517 images_per_s=5.299951 device=mps
2026-09-13 22:16:21,797 INFO completed=25542 new=25542 elapsed_s=4819.017 images_per_s=5.300251 device=mps
2026-09-13 22:16:25,312 INFO completed=25562 new=25562 elapsed_s=4822.532 images_per_s=5.300535 device=mps
2026-09-13 22:16:28,806 INFO completed=25582 new=25582 elapsed_s=4826.026 images_per_s=5.300841 device=mps
2026-09-13 22:16:32,307 INFO completed=25602 new=25602 elapsed_s=4829.527 images_per_s=5.301140 device=mps
2026-09-13 22:16:35,805 INFO completed=25622 new=25622 elapsed_s=4833.025 images_per_s=5.301442 device=mps
2026-09-13 22:16:39,316 INFO completed=25642 new=25642 elapsed_s=4836.536 images_per_s=5.301728 device=mps
2026-09-13 22:16:42,810 INFO completed=25662 new=25662 elapsed_s=4840.030 images_per_s=5.302034 device=mps
2026-09-13 22:16:46,315 INFO completed=25682 new=25682 elapsed_s=4843.535 images_per_s=5.302326 device=mps
2026-09-13 22:16:49,807 INFO completed=25702 new=25702 elapsed_s=4847.027 images_per_s=5.302632 device=mps
2026-09-13 22:16:53,305 INFO completed=25722 new=25722 elapsed_s=4850.525 images_per_s=5.302932 device=mps
2026-09-13 22:16:56,822 INFO completed=25742 new=25742 elapsed_s=4854.042 images_per_s=5.303209 device=mps
2026-09-13 22:17:00,322 INFO completed=25762 new=25762 elapsed_s=4857.542 images_per_s=5.303505 device=mps
2026-09-13 22:17:03,829 INFO completed=25782 new=25782 elapsed_s=4861.049 images_per_s=5.303794 device=mps
2026-09-13 22:17:07,321 INFO completed=25802 new=25802 elapsed_s=4864.541 images_per_s=5.304098 device=mps
2026-09-13 22:17:10,837 INFO completed=25822 new=25822 elapsed_s=4868.057 images_per_s=5.304375 device=mps
2026-09-13 22:17:14,344 INFO completed=25842 new=25842 elapsed_s=4871.564 images_per_s=5.304662 device=mps
2026-09-13 22:17:17,849 INFO completed=25862 new=25862 elapsed_s=4875.069 images_per_s=5.304951 device=mps
2026-09-13 22:17:21,338 INFO completed=25882 new=25882 elapsed_s=4878.558 images_per_s=5.305256 device=mps
2026-09-13 22:17:24,837 INFO completed=25902 new=25902 elapsed_s=4882.057 images_per_s=5.305551 device=mps
2026-09-13 22:17:28,335 INFO completed=25922 new=25922 elapsed_s=4885.555 images_per_s=5.305846 device=mps
2026-09-13 22:17:31,829 INFO completed=25942 new=25942 elapsed_s=4889.048 images_per_s=5.306145 device=mps
2026-09-13 22:17:35,326 INFO completed=25962 new=25962 elapsed_s=4892.545 images_per_s=5.306440 device=mps
2026-09-13 22:17:38,819 INFO completed=25982 new=25982 elapsed_s=4896.039 images_per_s=5.306739 device=mps
2026-09-13 22:17:42,318 INFO completed=26002 new=26002 elapsed_s=4899.538 images_per_s=5.307031 device=mps
2026-09-13 22:17:45,816 INFO completed=26022 new=26022 elapsed_s=4903.036 images_per_s=5.307324 device=mps
2026-09-13 22:17:49,327 INFO completed=26042 new=26042 elapsed_s=4906.546 images_per_s=5.307603 device=mps
2026-09-13 22:17:52,821 INFO completed=26062 new=26062 elapsed_s=4910.040 images_per_s=5.307899 device=mps
2026-09-13 22:17:56,314 INFO completed=26082 new=26082 elapsed_s=4913.534 images_per_s=5.308196 device=mps
2026-09-13 22:17:59,807 INFO completed=26102 new=26102 elapsed_s=4917.027 images_per_s=5.308492 device=mps
2026-09-13 22:18:03,304 INFO completed=26122 new=26122 elapsed_s=4920.524 images_per_s=5.308785 device=mps
2026-09-13 22:18:06,792 INFO completed=26142 new=26142 elapsed_s=4924.011 images_per_s=5.309086 device=mps
2026-09-13 22:18:10,289 INFO completed=26162 new=26162 elapsed_s=4927.509 images_per_s=5.309376 device=mps
2026-09-13 22:18:13,783 INFO completed=26182 new=26182 elapsed_s=4931.002 images_per_s=5.309671 device=mps
2026-09-13 22:18:17,285 INFO completed=26202 new=26202 elapsed_s=4934.505 images_per_s=5.309955 device=mps
2026-09-13 22:18:20,782 INFO completed=26222 new=26222 elapsed_s=4938.001 images_per_s=5.310246 device=mps
2026-09-13 22:18:24,281 INFO completed=26242 new=26242 elapsed_s=4941.500 images_per_s=5.310533 device=mps
2026-09-13 22:18:27,772 INFO completed=26262 new=26262 elapsed_s=4944.992 images_per_s=5.310828 device=mps
2026-09-13 22:18:31,272 INFO completed=26282 new=26282 elapsed_s=4948.492 images_per_s=5.311113 device=mps
2026-09-13 22:18:34,768 INFO completed=26302 new=26302 elapsed_s=4951.988 images_per_s=5.311403 device=mps
2026-09-13 22:18:38,289 INFO completed=26322 new=26322 elapsed_s=4955.508 images_per_s=5.311665 device=mps
2026-09-13 22:18:41,792 INFO completed=26342 new=26342 elapsed_s=4959.011 images_per_s=5.311946 device=mps
2026-09-13 22:18:45,302 INFO completed=26362 new=26362 elapsed_s=4962.521 images_per_s=5.312219 device=mps
2026-09-13 22:18:48,805 INFO completed=26382 new=26382 elapsed_s=4966.024 images_per_s=5.312499 device=mps
2026-09-13 22:18:52,307 INFO completed=26402 new=26402 elapsed_s=4969.526 images_per_s=5.312780 device=mps
2026-09-13 22:18:55,807 INFO completed=26422 new=26422 elapsed_s=4973.026 images_per_s=5.313063 device=mps
2026-09-13 22:18:59,290 INFO completed=26442 new=26442 elapsed_s=4976.509 images_per_s=5.313363 device=mps
2026-09-13 22:19:02,796 INFO completed=26462 new=26462 elapsed_s=4980.015 images_per_s=5.313639 device=mps
2026-09-13 22:19:06,298 INFO completed=26482 new=26482 elapsed_s=4983.517 images_per_s=5.313918 device=mps
2026-09-13 22:19:09,789 INFO completed=26502 new=26502 elapsed_s=4987.008 images_per_s=5.314209 device=mps
2026-09-13 22:19:13,291 INFO completed=26522 new=26522 elapsed_s=4990.510 images_per_s=5.314486 device=mps
2026-09-13 22:19:16,804 INFO completed=26542 new=26542 elapsed_s=4994.023 images_per_s=5.314753 device=mps
2026-09-13 22:19:20,297 INFO completed=26562 new=26562 elapsed_s=4997.517 images_per_s=5.315040 device=mps
2026-09-13 22:19:23,793 INFO completed=26582 new=26582 elapsed_s=5001.012 images_per_s=5.315324 device=mps
2026-09-13 22:19:27,298 INFO completed=26602 new=26602 elapsed_s=5004.517 images_per_s=5.315598 device=mps
2026-09-13 22:19:30,789 INFO completed=26622 new=26622 elapsed_s=5008.008 images_per_s=5.315886 device=mps
2026-09-13 22:19:34,309 INFO completed=26642 new=26642 elapsed_s=5011.528 images_per_s=5.316143 device=mps
2026-09-13 22:19:37,814 INFO completed=26662 new=26662 elapsed_s=5015.033 images_per_s=5.316416 device=mps
2026-09-13 22:19:41,311 INFO completed=26682 new=26682 elapsed_s=5018.530 images_per_s=5.316697 device=mps
2026-09-13 22:19:44,832 INFO completed=26702 new=26702 elapsed_s=5022.051 images_per_s=5.316952 device=mps
2026-09-13 22:19:48,331 INFO completed=26722 new=26722 elapsed_s=5025.550 images_per_s=5.317229 device=mps
2026-09-13 22:19:51,828 INFO completed=26742 new=26742 elapsed_s=5029.047 images_per_s=5.317508 device=mps
2026-09-13 22:19:55,338 INFO completed=26762 new=26762 elapsed_s=5032.557 images_per_s=5.317774 device=mps
2026-09-13 22:19:58,829 INFO completed=26782 new=26782 elapsed_s=5036.048 images_per_s=5.318059 device=mps
2026-09-13 22:20:02,329 INFO completed=26802 new=26802 elapsed_s=5039.548 images_per_s=5.318335 device=mps
2026-09-13 22:20:05,834 INFO completed=26822 new=26822 elapsed_s=5043.053 images_per_s=5.318603 device=mps
2026-09-13 22:20:09,341 INFO completed=26842 new=26842 elapsed_s=5046.560 images_per_s=5.318871 device=mps
2026-09-13 22:20:12,857 INFO completed=26862 new=26862 elapsed_s=5050.075 images_per_s=5.319129 device=mps
2026-09-13 22:20:16,364 INFO completed=26882 new=26882 elapsed_s=5053.583 images_per_s=5.319394 device=mps
2026-09-13 22:20:19,854 INFO completed=26902 new=26902 elapsed_s=5057.073 images_per_s=5.319678 device=mps
2026-09-13 22:20:23,358 INFO completed=26922 new=26922 elapsed_s=5060.577 images_per_s=5.319947 device=mps
2026-09-13 22:20:26,865 INFO completed=26942 new=26942 elapsed_s=5064.084 images_per_s=5.320212 device=mps
2026-09-13 22:20:30,370 INFO completed=26962 new=26962 elapsed_s=5067.589 images_per_s=5.320479 device=mps
2026-09-13 22:20:33,858 INFO completed=26982 new=26982 elapsed_s=5071.076 images_per_s=5.320764 device=mps
2026-09-13 22:20:37,360 INFO completed=27002 new=27002 elapsed_s=5074.578 images_per_s=5.321033 device=mps
2026-09-13 22:20:40,862 INFO completed=27022 new=27022 elapsed_s=5078.080 images_per_s=5.321302 device=mps
2026-09-13 22:20:44,362 INFO completed=27042 new=27042 elapsed_s=5081.581 images_per_s=5.321572 device=mps
2026-09-13 22:20:47,862 INFO completed=27062 new=27062 elapsed_s=5085.081 images_per_s=5.321843 device=mps
2026-09-13 22:20:51,361 INFO completed=27082 new=27082 elapsed_s=5088.579 images_per_s=5.322114 device=mps
2026-09-13 22:20:54,860 INFO completed=27102 new=27102 elapsed_s=5092.079 images_per_s=5.322384 device=mps
2026-09-13 22:20:58,366 INFO completed=27122 new=27122 elapsed_s=5095.584 images_per_s=5.322648 device=mps
2026-09-13 22:21:01,873 INFO completed=27142 new=27142 elapsed_s=5099.091 images_per_s=5.322909 device=mps
2026-09-13 22:21:05,377 INFO completed=27162 new=27162 elapsed_s=5102.595 images_per_s=5.323173 device=mps
2026-09-13 22:21:08,888 INFO completed=27182 new=27182 elapsed_s=5106.106 images_per_s=5.323430 device=mps
2026-09-13 22:21:12,392 INFO completed=27202 new=27202 elapsed_s=5109.611 images_per_s=5.323693 device=mps
2026-09-13 22:21:15,908 INFO completed=27222 new=27222 elapsed_s=5113.126 images_per_s=5.323945 device=mps
2026-09-13 22:21:19,410 INFO completed=27242 new=27242 elapsed_s=5116.629 images_per_s=5.324209 device=mps
2026-09-13 22:21:22,907 INFO completed=27262 new=27262 elapsed_s=5120.125 images_per_s=5.324479 device=mps
2026-09-13 22:21:26,406 INFO completed=27282 new=27282 elapsed_s=5123.624 images_per_s=5.324746 device=mps
2026-09-13 22:21:29,914 INFO completed=27302 new=27302 elapsed_s=5127.132 images_per_s=5.325004 device=mps
2026-09-13 22:21:33,413 INFO completed=27322 new=27322 elapsed_s=5130.632 images_per_s=5.325270 device=mps
2026-09-13 22:21:36,923 INFO completed=27342 new=27342 elapsed_s=5134.141 images_per_s=5.325526 device=mps
2026-09-13 22:21:40,428 INFO completed=27362 new=27362 elapsed_s=5137.646 images_per_s=5.325785 device=mps
2026-09-13 22:21:43,926 INFO completed=27382 new=27382 elapsed_s=5141.145 images_per_s=5.326051 device=mps
2026-09-13 22:21:47,442 INFO completed=27402 new=27402 elapsed_s=5144.660 images_per_s=5.326299 device=mps
2026-09-13 22:21:50,950 INFO completed=27422 new=27422 elapsed_s=5148.168 images_per_s=5.326555 device=mps
2026-09-13 22:21:54,452 INFO completed=27442 new=27442 elapsed_s=5151.670 images_per_s=5.326816 device=mps
2026-09-13 22:21:57,961 INFO completed=27462 new=27462 elapsed_s=5155.179 images_per_s=5.327070 device=mps
2026-09-13 22:22:01,465 INFO completed=27482 new=27482 elapsed_s=5158.683 images_per_s=5.327328 device=mps
2026-09-13 22:22:04,966 INFO completed=27502 new=27502 elapsed_s=5162.184 images_per_s=5.327590 device=mps
2026-09-13 22:22:08,476 INFO completed=27522 new=27522 elapsed_s=5165.694 images_per_s=5.327842 device=mps
2026-09-13 22:22:11,972 INFO completed=27542 new=27542 elapsed_s=5169.190 images_per_s=5.328108 device=mps
2026-09-13 22:22:15,474 INFO completed=27562 new=27562 elapsed_s=5172.692 images_per_s=5.328367 device=mps
2026-09-13 22:22:18,982 INFO completed=27582 new=27582 elapsed_s=5176.200 images_per_s=5.328620 device=mps
2026-09-13 22:22:22,468 INFO completed=27602 new=27602 elapsed_s=5179.686 images_per_s=5.328894 device=mps
2026-09-13 22:22:25,966 INFO completed=27622 new=27622 elapsed_s=5183.184 images_per_s=5.329157 device=mps
2026-09-13 22:22:29,477 INFO completed=27642 new=27642 elapsed_s=5186.695 images_per_s=5.329406 device=mps
2026-09-13 22:22:32,966 INFO completed=27662 new=27662 elapsed_s=5190.183 images_per_s=5.329677 device=mps
2026-09-13 22:22:36,468 INFO completed=27682 new=27682 elapsed_s=5193.685 images_per_s=5.329934 device=mps
2026-09-13 22:22:39,958 INFO completed=27702 new=27702 elapsed_s=5197.176 images_per_s=5.330203 device=mps
