2026-09-13 02:43:24,298 INFO Parsing model identifier. Schema: None, Identifier: ViT-B-16
2026-09-13 02:43:24,298 INFO Loaded built-in ViT-B-16 model config.
2026-09-13 02:43:24,298 INFO `pretrained` specifies file path: rerun_workspace/model_weights/ViT-B-16.pt
2026-09-13 02:43:24,298 INFO Instantiating model architecture: CLIP
2026-09-13 02:43:25,083 INFO Loading full pretrained weights from: rerun_workspace/model_weights/ViT-B-16.pt
2026-09-13 02:43:25,413 INFO Final image preprocessing configuration set: {'size': (224, 224), 'mode': 'RGB', 'mean': (0.48145466, 0.4578275, 0.40821073), 'std': (0.26862954, 0.26130258, 0.27577711), 'interpolation': 'bicubic', 'resize_mode': 'shortest', 'fill_color': 0}
2026-09-13 02:43:25,414 INFO Model ViT-B-16 creation process complete.
2026-09-13 02:43:25,414 INFO Parsing tokenizer identifier. Schema: None, Identifier: ViT-B-16
2026-09-13 02:43:25,414 INFO Attempting to load config from built-in: ViT-B-16
2026-09-13 02:43:25,414 INFO Using default SimpleTokenizer.
2026-09-13 02:44:03,670 INFO Parsing model identifier. Schema: None, Identifier: ViT-B-16
2026-09-13 02:44:03,670 INFO Loaded built-in ViT-B-16 model config.
2026-09-13 02:44:03,670 INFO `pretrained` specifies file path: rerun_workspace/model_weights/ViT-B-16.pt
2026-09-13 02:44:03,670 INFO Instantiating model architecture: CLIP
2026-09-13 02:44:04,433 INFO Loading full pretrained weights from: rerun_workspace/model_weights/ViT-B-16.pt
2026-09-13 02:44:04,642 INFO Final image preprocessing configuration set: {'size': (224, 224), 'mode': 'RGB', 'mean': (0.48145466, 0.4578275, 0.40821073), 'std': (0.26862954, 0.26130258, 0.27577711), 'interpolation': 'bicubic', 'resize_mode': 'shortest', 'fill_color': 0}
2026-09-13 02:44:04,642 INFO Model ViT-B-16 creation process complete.
2026-09-13 02:44:04,642 INFO Parsing tokenizer identifier. Schema: None, Identifier: ViT-B-16
2026-09-13 02:44:04,642 INFO Attempting to load config from built-in: ViT-B-16
2026-09-13 02:44:04,642 INFO Using default SimpleTokenizer.
2026-09-13 02:44:26,449 INFO Parsing model identifier. Schema: None, Identifier: ViT-B-16
2026-09-13 02:44:26,449 INFO Loaded built-in ViT-B-16 model config.
2026-09-13 02:44:26,449 INFO `pretrained` specifies file path: rerun_workspace/model_weights/ViT-B-16.pt
2026-09-13 02:44:26,449 INFO Instantiating model architecture: CLIP
2026-09-13 02:44:27,218 INFO Loading full pretrained weights from: rerun_workspace/model_weights/ViT-B-16.pt
2026-09-13 02:44:27,423 INFO Final image preprocessing configuration set: {'size': (224, 224), 'mode': 'RGB', 'mean': (0.48145466, 0.4578275, 0.40821073), 'std': (0.26862954, 0.26130258, 0.27577711), 'interpolation': 'bicubic', 'resize_mode': 'shortest', 'fill_color': 0}
2026-09-13 02:44:27,423 INFO Model ViT-B-16 creation process complete.
2026-09-13 02:44:27,423 INFO Parsing tokenizer identifier. Schema: None, Identifier: ViT-B-16
2026-09-13 02:44:27,423 INFO Attempting to load config from built-in: ViT-B-16
2026-09-13 02:44:27,423 INFO Using default SimpleTokenizer.
2026-09-13 02:44:28,756 INFO completed=2 new=2 elapsed_s=0.953 images_per_s=2.097735 device=mps
2026-09-13 02:44:31,934 INFO completed=22 new=22 elapsed_s=4.131 images_per_s=5.325797 device=mps
2026-09-13 02:44:55,722 INFO Parsing model identifier. Schema: None, Identifier: ViT-B-16
2026-09-13 02:44:55,722 INFO Loaded built-in ViT-B-16 model config.
2026-09-13 02:44:55,722 INFO `pretrained` specifies file path: rerun_workspace/model_weights/ViT-B-16.pt
2026-09-13 02:44:55,722 INFO Instantiating model architecture: CLIP
2026-09-13 02:44:56,528 INFO Loading full pretrained weights from: rerun_workspace/model_weights/ViT-B-16.pt
2026-09-13 02:44:56,740 INFO Final image preprocessing configuration set: {'size': (224, 224), 'mode': 'RGB', 'mean': (0.48145466, 0.4578275, 0.40821073), 'std': (0.26862954, 0.26130258, 0.27577711), 'interpolation': 'bicubic', 'resize_mode': 'shortest', 'fill_color': 0}
2026-09-13 02:44:56,740 INFO Model ViT-B-16 creation process complete.
2026-09-13 02:44:56,740 INFO Parsing tokenizer identifier. Schema: None, Identifier: ViT-B-16
2026-09-13 02:44:56,740 INFO Attempting to load config from built-in: ViT-B-16
2026-09-13 02:44:56,740 INFO Using default SimpleTokenizer.
2026-09-13 02:45:00,087 INFO completed=34 new=2 elapsed_s=0.614 images_per_s=3.256126 device=mps
2026-09-13 02:45:05,199 INFO completed=54 new=22 elapsed_s=5.726 images_per_s=3.842082 device=mps
2026-09-13 02:45:10,280 INFO completed=74 new=42 elapsed_s=10.808 images_per_s=3.886162 device=mps
2026-09-13 02:45:15,428 INFO completed=94 new=62 elapsed_s=15.955 images_per_s=3.885931 device=mps
2026-09-13 02:45:20,535 INFO completed=114 new=82 elapsed_s=21.062 images_per_s=3.893183 device=mps
2026-09-13 02:45:25,658 INFO completed=134 new=102 elapsed_s=26.185 images_per_s=3.895338 device=mps
2026-09-13 02:45:30,770 INFO completed=154 new=122 elapsed_s=31.297 images_per_s=3.898122 device=mps
2026-09-13 02:45:35,888 INFO completed=174 new=142 elapsed_s=36.415 images_per_s=3.899501 device=mps
2026-09-13 02:45:41,001 INFO completed=194 new=162 elapsed_s=41.528 images_per_s=3.900957 device=mps
2026-09-13 02:45:46,123 INFO completed=214 new=182 elapsed_s=46.650 images_per_s=3.901390 device=mps
2026-09-13 02:45:51,246 INFO completed=234 new=202 elapsed_s=51.773 images_per_s=3.901610 device=mps
2026-09-13 02:45:56,361 INFO completed=254 new=222 elapsed_s=56.888 images_per_s=3.902383 device=mps
2026-09-13 02:46:01,491 INFO completed=274 new=242 elapsed_s=62.018 images_per_s=3.902082 device=mps
2026-09-13 02:46:06,604 INFO completed=294 new=262 elapsed_s=67.131 images_per_s=3.902829 device=mps
2026-09-13 02:46:11,727 INFO completed=314 new=282 elapsed_s=72.254 images_per_s=3.902905 device=mps
2026-09-13 02:46:16,827 INFO completed=334 new=302 elapsed_s=77.354 images_per_s=3.904113 device=mps
2026-09-13 02:46:21,927 INFO completed=354 new=322 elapsed_s=82.454 images_per_s=3.905230 device=mps
2026-09-13 02:46:27,037 INFO completed=374 new=342 elapsed_s=87.564 images_per_s=3.905695 device=mps
2026-09-13 02:46:32,179 INFO completed=394 new=362 elapsed_s=92.706 images_per_s=3.904806 device=mps
2026-09-13 02:46:37,320 INFO completed=414 new=382 elapsed_s=97.847 images_per_s=3.904059 device=mps
2026-09-13 02:46:42,460 INFO completed=434 new=402 elapsed_s=102.987 images_per_s=3.903400 device=mps
2026-09-13 02:46:47,597 INFO completed=454 new=422 elapsed_s=108.124 images_per_s=3.902924 device=mps
2026-09-13 02:46:52,748 INFO completed=474 new=442 elapsed_s=113.274 images_per_s=3.902029 device=mps
2026-09-13 02:46:57,907 INFO completed=494 new=462 elapsed_s=118.434 images_per_s=3.900909 device=mps
2026-09-13 02:47:03,065 INFO completed=514 new=482 elapsed_s=123.592 images_per_s=3.899939 device=mps
2026-09-13 02:47:08,209 INFO completed=534 new=502 elapsed_s=128.736 images_per_s=3.899458 device=mps
2026-09-13 02:47:13,356 INFO completed=554 new=522 elapsed_s=133.883 images_per_s=3.898921 device=mps
2026-09-13 02:47:18,504 INFO completed=574 new=542 elapsed_s=139.031 images_per_s=3.898420 device=mps
2026-09-13 02:47:23,649 INFO completed=594 new=562 elapsed_s=144.176 images_per_s=3.898008 device=mps
2026-09-13 02:47:28,788 INFO completed=614 new=582 elapsed_s=149.315 images_per_s=3.897801 device=mps
2026-09-13 02:47:33,917 INFO completed=634 new=602 elapsed_s=154.443 images_per_s=3.897872 device=mps
2026-09-13 02:47:39,052 INFO completed=654 new=622 elapsed_s=159.578 images_per_s=3.897776 device=mps
2026-09-13 02:47:45,143 INFO completed=674 new=642 elapsed_s=165.670 images_per_s=3.875185 device=mps
2026-09-13 02:47:51,037 INFO completed=694 new=662 elapsed_s=171.564 images_per_s=3.858624 device=mps
2026-09-13 02:47:56,899 INFO completed=714 new=682 elapsed_s=177.425 images_per_s=3.843871 device=mps
2026-09-13 02:48:02,785 INFO completed=734 new=702 elapsed_s=183.311 images_per_s=3.829547 device=mps
2026-09-13 02:48:08,724 INFO completed=754 new=722 elapsed_s=189.251 images_per_s=3.815044 device=mps
2026-09-13 02:48:14,580 INFO completed=774 new=742 elapsed_s=195.107 images_per_s=3.803044 device=mps
2026-09-13 02:48:20,008 INFO completed=794 new=762 elapsed_s=200.534 images_per_s=3.799845 device=mps
2026-09-13 02:48:25,232 INFO completed=814 new=782 elapsed_s=205.758 images_per_s=3.800578 device=mps
2026-09-13 02:48:30,364 INFO completed=834 new=802 elapsed_s=210.891 images_per_s=3.802919 device=mps
2026-09-13 02:48:35,493 INFO completed=854 new=822 elapsed_s=216.019 images_per_s=3.805216 device=mps
2026-09-13 02:48:40,625 INFO completed=874 new=842 elapsed_s=221.151 images_per_s=3.807345 device=mps
2026-09-13 02:48:45,758 INFO completed=894 new=862 elapsed_s=226.284 images_per_s=3.809373 device=mps
2026-09-13 02:48:50,890 INFO completed=914 new=882 elapsed_s=231.416 images_per_s=3.811321 device=mps
2026-09-13 02:48:56,025 INFO completed=934 new=902 elapsed_s=236.551 images_per_s=3.813131 device=mps
2026-09-13 02:49:01,162 INFO completed=954 new=922 elapsed_s=241.688 images_per_s=3.814828 device=mps
2026-09-13 02:49:06,303 INFO completed=974 new=942 elapsed_s=246.829 images_per_s=3.816412 device=mps
2026-09-13 02:49:11,439 INFO completed=994 new=962 elapsed_s=251.965 images_per_s=3.817989 device=mps
2026-09-13 02:49:16,599 INFO completed=1014 new=982 elapsed_s=257.126 images_per_s=3.819146 device=mps
2026-09-13 02:49:21,741 INFO completed=1034 new=1002 elapsed_s=262.267 images_per_s=3.820527 device=mps
2026-09-13 02:49:26,902 INFO completed=1054 new=1022 elapsed_s=267.428 images_per_s=3.821586 device=mps
2026-09-13 02:49:32,053 INFO completed=1074 new=1042 elapsed_s=272.579 images_per_s=3.822750 device=mps
2026-09-13 02:49:37,318 INFO completed=1094 new=1062 elapsed_s=277.844 images_per_s=3.822295 device=mps
2026-09-13 02:49:42,457 INFO completed=1114 new=1082 elapsed_s=282.983 images_per_s=3.823547 device=mps
2026-09-13 02:49:47,590 INFO completed=1134 new=1102 elapsed_s=288.116 images_per_s=3.824851 device=mps
2026-09-13 02:49:52,726 INFO completed=1154 new=1122 elapsed_s=293.252 images_per_s=3.826060 device=mps
2026-09-13 02:49:57,858 INFO completed=1174 new=1142 elapsed_s=298.384 images_per_s=3.827284 device=mps
2026-09-13 02:50:03,024 INFO completed=1194 new=1162 elapsed_s=303.550 images_per_s=3.828036 device=mps
2026-09-13 02:50:08,765 INFO completed=1214 new=1182 elapsed_s=309.291 images_per_s=3.821645 device=mps
2026-09-13 02:50:14,526 INFO completed=1234 new=1202 elapsed_s=315.052 images_per_s=3.815249 device=mps
2026-09-13 02:50:19,954 INFO completed=1254 new=1222 elapsed_s=320.480 images_per_s=3.813033 device=mps
2026-09-13 02:50:25,516 INFO completed=1274 new=1242 elapsed_s=326.042 images_per_s=3.809324 device=mps
2026-09-13 02:50:31,548 INFO completed=1294 new=1262 elapsed_s=332.073 images_per_s=3.800366 device=mps
2026-09-13 02:50:37,420 INFO completed=1314 new=1282 elapsed_s=337.946 images_per_s=3.793510 device=mps
2026-09-13 02:50:43,259 INFO completed=1334 new=1302 elapsed_s=343.785 images_per_s=3.787250 device=mps
2026-09-13 02:50:49,011 INFO completed=1354 new=1322 elapsed_s=349.537 images_per_s=3.782145 device=mps
2026-09-13 02:50:55,039 INFO completed=1374 new=1342 elapsed_s=355.565 images_per_s=3.774275 device=mps
2026-09-13 02:51:00,804 INFO completed=1394 new=1362 elapsed_s=361.329 images_per_s=3.769413 device=mps
2026-09-13 02:51:07,674 INFO completed=1414 new=1382 elapsed_s=368.200 images_per_s=3.753398 device=mps
2026-09-13 02:51:13,422 INFO completed=1434 new=1402 elapsed_s=373.948 images_per_s=3.749186 device=mps
2026-09-13 02:51:19,252 INFO completed=1454 new=1422 elapsed_s=379.778 images_per_s=3.744295 device=mps
2026-09-13 02:51:25,021 INFO completed=1474 new=1442 elapsed_s=385.546 images_per_s=3.740151 device=mps
2026-09-13 02:51:30,831 INFO completed=1494 new=1462 elapsed_s=391.357 images_per_s=3.735721 device=mps
2026-09-13 02:51:36,612 INFO completed=1514 new=1482 elapsed_s=397.138 images_per_s=3.731705 device=mps
2026-09-13 02:51:42,524 INFO completed=1534 new=1502 elapsed_s=403.049 images_per_s=3.726594 device=mps
2026-09-13 02:51:48,428 INFO completed=1554 new=1522 elapsed_s=408.953 images_per_s=3.721700 device=mps
2026-09-13 02:51:54,310 INFO completed=1574 new=1542 elapsed_s=414.836 images_per_s=3.717134 device=mps
2026-09-13 02:52:01,195 INFO completed=1594 new=1562 elapsed_s=421.720 images_per_s=3.703877 device=mps
2026-09-13 02:52:07,970 INFO completed=1614 new=1582 elapsed_s=428.495 images_per_s=3.691992 device=mps
2026-09-13 02:52:14,802 INFO completed=1634 new=1602 elapsed_s=435.327 images_per_s=3.679994 device=mps
2026-09-13 02:52:21,503 INFO completed=1654 new=1622 elapsed_s=442.028 images_per_s=3.669451 device=mps
2026-09-13 02:52:28,226 INFO completed=1674 new=1642 elapsed_s=448.752 images_per_s=3.659040 device=mps
2026-09-13 02:52:34,911 INFO completed=1694 new=1662 elapsed_s=455.436 images_per_s=3.649248 device=mps
2026-09-13 02:52:41,574 INFO completed=1714 new=1682 elapsed_s=462.099 images_per_s=3.639915 device=mps
2026-09-13 02:52:48,239 INFO completed=1734 new=1702 elapsed_s=468.764 images_per_s=3.630827 device=mps
2026-09-13 02:52:54,846 INFO completed=1754 new=1722 elapsed_s=475.371 images_per_s=3.622430 device=mps
2026-09-13 02:53:01,542 INFO completed=1774 new=1742 elapsed_s=482.067 images_per_s=3.613602 device=mps
2026-09-13 02:53:08,124 INFO completed=1794 new=1762 elapsed_s=488.649 images_per_s=3.605862 device=mps
2026-09-13 02:53:14,721 INFO completed=1814 new=1782 elapsed_s=495.246 images_per_s=3.598210 device=mps
2026-09-13 02:53:21,311 INFO completed=1834 new=1802 elapsed_s=501.836 images_per_s=3.590814 device=mps
2026-09-13 02:53:27,849 INFO completed=1854 new=1822 elapsed_s=508.373 images_per_s=3.583979 device=mps
2026-09-13 02:53:34,399 INFO completed=1874 new=1842 elapsed_s=514.923 images_per_s=3.577231 device=mps
2026-09-13 02:53:40,935 INFO completed=1894 new=1862 elapsed_s=521.459 images_per_s=3.570747 device=mps
2026-09-13 02:53:47,441 INFO completed=1914 new=1882 elapsed_s=527.966 images_per_s=3.564627 device=mps
2026-09-13 02:53:53,944 INFO completed=1934 new=1902 elapsed_s=534.469 images_per_s=3.558674 device=mps
2026-09-13 02:54:00,491 INFO completed=1954 new=1922 elapsed_s=541.016 images_per_s=3.552575 device=mps
2026-09-13 02:54:07,220 INFO completed=1974 new=1942 elapsed_s=547.745 images_per_s=3.545447 device=mps
2026-09-13 02:54:14,143 INFO completed=1994 new=1962 elapsed_s=554.668 images_per_s=3.537251 device=mps
2026-09-13 02:54:20,754 INFO completed=2014 new=1982 elapsed_s=561.278 images_per_s=3.531226 device=mps
2026-09-13 02:54:27,595 INFO completed=2034 new=2002 elapsed_s=568.119 images_per_s=3.523909 device=mps
2026-09-13 02:54:34,225 INFO completed=2054 new=2022 elapsed_s=574.750 images_per_s=3.518053 device=mps
2026-09-13 02:54:40,828 INFO completed=2074 new=2042 elapsed_s=581.352 images_per_s=3.512499 device=mps
2026-09-13 02:54:47,265 INFO completed=2094 new=2062 elapsed_s=587.789 images_per_s=3.508061 device=mps
2026-09-13 02:54:53,626 INFO completed=2114 new=2082 elapsed_s=594.151 images_per_s=3.504160 device=mps
2026-09-13 02:55:00,061 INFO completed=2134 new=2102 elapsed_s=600.585 images_per_s=3.499921 device=mps
2026-09-13 02:55:06,425 INFO completed=2154 new=2122 elapsed_s=606.949 images_per_s=3.496174 device=mps
2026-09-13 02:55:12,809 INFO completed=2174 new=2142 elapsed_s=613.333 images_per_s=3.492391 device=mps
2026-09-13 02:55:19,193 INFO completed=2194 new=2162 elapsed_s=619.717 images_per_s=3.488690 device=mps
2026-09-13 02:55:25,552 INFO completed=2214 new=2182 elapsed_s=626.076 images_per_s=3.485200 device=mps
2026-09-13 02:55:32,051 INFO completed=2234 new=2202 elapsed_s=632.575 images_per_s=3.481010 device=mps
2026-09-13 02:55:38,392 INFO completed=2254 new=2222 elapsed_s=638.916 images_per_s=3.477765 device=mps
2026-09-13 02:55:44,846 INFO completed=2274 new=2242 elapsed_s=645.370 images_per_s=3.473977 device=mps
2026-09-13 02:55:51,186 INFO completed=2294 new=2262 elapsed_s=651.710 images_per_s=3.470867 device=mps
2026-09-13 02:55:57,519 INFO completed=2314 new=2282 elapsed_s=658.043 images_per_s=3.467856 device=mps
2026-09-13 02:56:03,838 INFO completed=2334 new=2302 elapsed_s=664.362 images_per_s=3.464981 device=mps
2026-09-13 02:56:10,182 INFO completed=2354 new=2322 elapsed_s=670.706 images_per_s=3.462023 device=mps
2026-09-13 02:56:16,484 INFO completed=2374 new=2342 elapsed_s=677.008 images_per_s=3.459339 device=mps
2026-09-13 02:56:22,817 INFO completed=2394 new=2362 elapsed_s=683.341 images_per_s=3.456546 device=mps
2026-09-13 02:56:29,134 INFO completed=2414 new=2382 elapsed_s=689.658 images_per_s=3.453887 device=mps
2026-09-13 02:56:35,442 INFO completed=2434 new=2402 elapsed_s=695.966 images_per_s=3.451319 device=mps
2026-09-13 02:56:41,709 INFO completed=2454 new=2422 elapsed_s=702.233 images_per_s=3.448999 device=mps
2026-09-13 02:56:47,992 INFO completed=2474 new=2442 elapsed_s=708.516 images_per_s=3.446642 device=mps
2026-09-13 02:56:54,273 INFO completed=2494 new=2462 elapsed_s=714.797 images_per_s=3.444337 device=mps
2026-09-13 02:57:00,671 INFO completed=2514 new=2482 elapsed_s=721.195 images_per_s=3.441509 device=mps
2026-09-13 02:57:07,007 INFO completed=2534 new=2502 elapsed_s=727.531 images_per_s=3.439030 device=mps
2026-09-13 02:57:13,416 INFO completed=2554 new=2522 elapsed_s=733.939 images_per_s=3.436252 device=mps
2026-09-13 02:57:19,785 INFO completed=2574 new=2542 elapsed_s=740.308 images_per_s=3.433704 device=mps
2026-09-13 02:57:26,146 INFO completed=2594 new=2562 elapsed_s=746.670 images_per_s=3.431236 device=mps
2026-09-13 02:57:32,509 INFO completed=2614 new=2582 elapsed_s=753.033 images_per_s=3.428801 device=mps
2026-09-13 02:57:38,892 INFO completed=2634 new=2602 elapsed_s=759.415 images_per_s=3.426320 device=mps
2026-09-13 02:57:45,234 INFO completed=2654 new=2622 elapsed_s=765.757 images_per_s=3.424061 device=mps
2026-09-13 02:57:51,624 INFO completed=2674 new=2642 elapsed_s=772.148 images_per_s=3.421626 device=mps
2026-09-13 02:57:57,968 INFO completed=2694 new=2662 elapsed_s=778.491 images_per_s=3.419434 device=mps
2026-09-13 02:58:04,401 INFO completed=2714 new=2682 elapsed_s=784.924 images_per_s=3.416890 device=mps
2026-09-13 02:58:10,772 INFO completed=2734 new=2702 elapsed_s=791.295 images_per_s=3.414655 device=mps
2026-09-13 02:58:17,093 INFO completed=2754 new=2722 elapsed_s=797.616 images_per_s=3.412670 device=mps
2026-09-13 02:58:23,428 INFO completed=2774 new=2742 elapsed_s=803.952 images_per_s=3.410652 device=mps
2026-09-13 02:58:29,810 INFO completed=2794 new=2762 elapsed_s=810.333 images_per_s=3.408475 device=mps
2026-09-13 02:58:36,088 INFO completed=2814 new=2782 elapsed_s=816.612 images_per_s=3.406760 device=mps
2026-09-13 02:58:42,138 INFO completed=2834 new=2802 elapsed_s=822.661 images_per_s=3.406019 device=mps
2026-09-13 02:58:48,008 INFO completed=2854 new=2822 elapsed_s=828.531 images_per_s=3.406029 device=mps
2026-09-13 02:58:53,902 INFO completed=2874 new=2842 elapsed_s=834.425 images_per_s=3.405938 device=mps
2026-09-13 02:58:59,741 INFO completed=2894 new=2862 elapsed_s=840.264 images_per_s=3.406071 device=mps
2026-09-13 02:59:05,694 INFO completed=2914 new=2882 elapsed_s=846.217 images_per_s=3.405745 device=mps
2026-09-13 02:59:11,571 INFO completed=2934 new=2902 elapsed_s=852.094 images_per_s=3.405728 device=mps
2026-09-13 02:59:17,424 INFO completed=2954 new=2922 elapsed_s=857.947 images_per_s=3.405805 device=mps
2026-09-13 02:59:23,267 INFO completed=2974 new=2942 elapsed_s=863.789 images_per_s=3.405926 device=mps
2026-09-13 02:59:29,128 INFO completed=2994 new=2962 elapsed_s=869.650 images_per_s=3.405968 device=mps
2026-09-13 02:59:34,993 INFO completed=3014 new=2982 elapsed_s=875.514 images_per_s=3.405999 device=mps
2026-09-13 02:59:40,859 INFO completed=3034 new=3002 elapsed_s=881.380 images_per_s=3.406024 device=mps
2026-09-13 02:59:46,728 INFO completed=3054 new=3022 elapsed_s=887.249 images_per_s=3.406033 device=mps
2026-09-13 02:59:52,625 INFO completed=3074 new=3042 elapsed_s=893.146 images_per_s=3.405937 device=mps
2026-09-13 02:59:58,589 INFO completed=3094 new=3062 elapsed_s=899.110 images_per_s=3.405592 device=mps
2026-09-13 03:00:04,841 INFO completed=3114 new=3082 elapsed_s=905.361 images_per_s=3.404166 device=mps
2026-09-13 03:00:10,911 INFO completed=3134 new=3102 elapsed_s=911.431 images_per_s=3.403439 device=mps
2026-09-13 03:00:16,866 INFO completed=3154 new=3122 elapsed_s=917.386 images_per_s=3.403147 device=mps
2026-09-13 03:00:22,927 INFO completed=3174 new=3142 elapsed_s=923.448 images_per_s=3.402467 device=mps
2026-09-13 03:00:28,818 INFO completed=3194 new=3162 elapsed_s=929.338 images_per_s=3.402421 device=mps
2026-09-13 03:00:34,966 INFO completed=3214 new=3182 elapsed_s=935.486 images_per_s=3.401440 device=mps
2026-09-13 03:00:40,990 INFO completed=3234 new=3202 elapsed_s=941.510 images_per_s=3.400919 device=mps
2026-09-13 03:00:47,009 INFO completed=3254 new=3222 elapsed_s=947.530 images_per_s=3.400421 device=mps
2026-09-13 03:00:52,965 INFO completed=3274 new=3242 elapsed_s=953.486 images_per_s=3.400157 device=mps
2026-09-13 03:00:59,048 INFO completed=3294 new=3262 elapsed_s=959.569 images_per_s=3.399444 device=mps
2026-09-13 03:01:05,139 INFO completed=3314 new=3282 elapsed_s=965.659 images_per_s=3.398714 device=mps
2026-09-13 03:01:11,047 INFO completed=3334 new=3302 elapsed_s=971.567 images_per_s=3.398632 device=mps
2026-09-13 03:01:16,963 INFO completed=3354 new=3322 elapsed_s=977.483 images_per_s=3.398523 device=mps
2026-09-13 03:01:22,910 INFO completed=3374 new=3342 elapsed_s=983.431 images_per_s=3.398308 device=mps
2026-09-13 03:01:28,935 INFO completed=3394 new=3362 elapsed_s=989.455 images_per_s=3.397831 device=mps
2026-09-13 03:01:35,006 INFO completed=3414 new=3382 elapsed_s=995.526 images_per_s=3.397199 device=mps
2026-09-13 03:01:41,079 INFO completed=3434 new=3402 elapsed_s=1001.599 images_per_s=3.396569 device=mps
2026-09-13 03:01:47,199 INFO completed=3454 new=3422 elapsed_s=1007.719 images_per_s=3.395789 device=mps
2026-09-13 03:01:53,183 INFO completed=3474 new=3442 elapsed_s=1013.703 images_per_s=3.395471 device=mps
2026-09-13 03:01:59,188 INFO completed=3494 new=3462 elapsed_s=1019.708 images_per_s=3.395088 device=mps
2026-09-13 03:02:05,225 INFO completed=3514 new=3482 elapsed_s=1025.745 images_per_s=3.394607 device=mps
2026-09-13 03:02:11,171 INFO completed=3534 new=3502 elapsed_s=1031.691 images_per_s=3.394428 device=mps
2026-09-13 03:02:17,151 INFO completed=3554 new=3522 elapsed_s=1037.671 images_per_s=3.394139 device=mps
2026-09-13 03:02:23,075 INFO completed=3574 new=3542 elapsed_s=1043.595 images_per_s=3.394036 device=mps
2026-09-13 03:02:28,995 INFO completed=3594 new=3562 elapsed_s=1049.515 images_per_s=3.393948 device=mps
2026-09-13 03:02:34,943 INFO completed=3614 new=3582 elapsed_s=1055.463 images_per_s=3.393773 device=mps
2026-09-13 03:02:40,970 INFO completed=3634 new=3602 elapsed_s=1061.490 images_per_s=3.393343 device=mps
2026-09-13 03:02:46,988 INFO completed=3654 new=3622 elapsed_s=1067.508 images_per_s=3.392949 device=mps
2026-09-13 03:02:53,034 INFO completed=3674 new=3642 elapsed_s=1073.554 images_per_s=3.392470 device=mps
2026-09-13 03:02:59,001 INFO completed=3694 new=3662 elapsed_s=1079.520 images_per_s=3.392247 device=mps
2026-09-13 03:03:05,025 INFO completed=3714 new=3682 elapsed_s=1085.544 images_per_s=3.391847 device=mps
2026-09-13 03:03:11,078 INFO completed=3734 new=3702 elapsed_s=1091.598 images_per_s=3.391359 device=mps
2026-09-13 03:03:17,062 INFO completed=3754 new=3722 elapsed_s=1097.582 images_per_s=3.391091 device=mps
2026-09-13 03:03:23,063 INFO completed=3774 new=3742 elapsed_s=1103.582 images_per_s=3.390776 device=mps
2026-09-13 03:03:29,100 INFO completed=3794 new=3762 elapsed_s=1109.619 images_per_s=3.390353 device=mps
2026-09-13 03:03:35,134 INFO completed=3814 new=3782 elapsed_s=1115.653 images_per_s=3.389942 device=mps
2026-09-13 03:03:41,175 INFO completed=3834 new=3802 elapsed_s=1121.694 images_per_s=3.389515 device=mps
2026-09-13 03:03:47,252 INFO completed=3854 new=3822 elapsed_s=1127.772 images_per_s=3.388983 device=mps
2026-09-13 03:03:53,251 INFO completed=3874 new=3842 elapsed_s=1133.770 images_per_s=3.388694 device=mps
2026-09-13 03:03:59,310 INFO completed=3894 new=3862 elapsed_s=1139.829 images_per_s=3.388228 device=mps
2026-09-13 03:04:05,450 INFO completed=3914 new=3882 elapsed_s=1145.970 images_per_s=3.387524 device=mps
2026-09-13 03:04:11,543 INFO completed=3934 new=3902 elapsed_s=1152.062 images_per_s=3.386970 device=mps
2026-09-13 03:04:17,557 INFO completed=3954 new=3922 elapsed_s=1158.076 images_per_s=3.386651 device=mps
2026-09-13 03:04:23,665 INFO completed=3974 new=3942 elapsed_s=1164.184 images_per_s=3.386061 device=mps
2026-09-13 03:04:29,715 INFO completed=3994 new=3962 elapsed_s=1170.235 images_per_s=3.385646 device=mps
2026-09-13 03:04:35,795 INFO completed=4014 new=3982 elapsed_s=1176.314 images_per_s=3.385149 device=mps
2026-09-13 03:04:41,981 INFO completed=4034 new=4002 elapsed_s=1182.500 images_per_s=3.384354 device=mps
2026-09-13 03:04:48,125 INFO completed=4054 new=4022 elapsed_s=1188.644 images_per_s=3.383686 device=mps
2026-09-13 03:04:54,199 INFO completed=4074 new=4042 elapsed_s=1194.718 images_per_s=3.383226 device=mps
2026-09-13 03:05:00,310 INFO completed=4094 new=4062 elapsed_s=1200.829 images_per_s=3.382664 device=mps
2026-09-13 03:05:06,548 INFO completed=4114 new=4082 elapsed_s=1207.067 images_per_s=3.381750 device=mps
2026-09-13 03:05:12,754 INFO completed=4134 new=4102 elapsed_s=1213.273 images_per_s=3.380938 device=mps
2026-09-13 03:05:18,988 INFO completed=4154 new=4122 elapsed_s=1219.507 images_per_s=3.380053 device=mps
2026-09-13 03:05:25,129 INFO completed=4174 new=4142 elapsed_s=1225.647 images_per_s=3.379438 device=mps
2026-09-13 03:05:31,337 INFO completed=4194 new=4162 elapsed_s=1231.855 images_per_s=3.378643 device=mps
2026-09-13 03:05:37,409 INFO completed=4214 new=4182 elapsed_s=1237.928 images_per_s=3.378226 device=mps
2026-09-13 03:05:43,698 INFO completed=4234 new=4202 elapsed_s=1244.217 images_per_s=3.377224 device=mps
2026-09-13 03:05:49,911 INFO completed=4254 new=4222 elapsed_s=1250.430 images_per_s=3.376438 device=mps
2026-09-13 03:05:56,029 INFO completed=4274 new=4242 elapsed_s=1256.548 images_per_s=3.375916 device=mps
2026-09-13 03:06:02,268 INFO completed=4294 new=4262 elapsed_s=1262.787 images_per_s=3.375074 device=mps
2026-09-13 03:06:08,528 INFO completed=4314 new=4282 elapsed_s=1269.047 images_per_s=3.374186 device=mps
2026-09-13 03:06:14,645 INFO completed=4334 new=4302 elapsed_s=1275.163 images_per_s=3.373685 device=mps
2026-09-13 03:06:20,813 INFO completed=4354 new=4322 elapsed_s=1281.332 images_per_s=3.373053 device=mps
2026-09-13 03:06:26,952 INFO completed=4374 new=4342 elapsed_s=1287.471 images_per_s=3.372504 device=mps
2026-09-13 03:06:33,069 INFO completed=4394 new=4362 elapsed_s=1293.588 images_per_s=3.372018 device=mps
2026-09-13 03:06:39,190 INFO completed=4414 new=4382 elapsed_s=1299.709 images_per_s=3.371524 device=mps
2026-09-13 03:06:45,357 INFO completed=4434 new=4402 elapsed_s=1305.875 images_per_s=3.370919 device=mps
2026-09-13 03:06:51,459 INFO completed=4454 new=4422 elapsed_s=1311.978 images_per_s=3.370484 device=mps
2026-09-13 03:06:57,588 INFO completed=4474 new=4442 elapsed_s=1318.106 images_per_s=3.369986 device=mps
2026-09-13 03:07:03,748 INFO completed=4494 new=4462 elapsed_s=1324.267 images_per_s=3.369412 device=mps
2026-09-13 03:07:09,915 INFO completed=4514 new=4482 elapsed_s=1330.433 images_per_s=3.368828 device=mps
2026-09-13 03:07:16,079 INFO completed=4534 new=4502 elapsed_s=1336.597 images_per_s=3.368255 device=mps
2026-09-13 03:07:22,269 INFO completed=4554 new=4522 elapsed_s=1342.788 images_per_s=3.367621 device=mps
2026-09-13 03:07:28,436 INFO completed=4574 new=4542 elapsed_s=1348.954 images_per_s=3.367053 device=mps
2026-09-13 03:07:34,669 INFO completed=4594 new=4562 elapsed_s=1355.187 images_per_s=3.366325 device=mps
2026-09-13 03:07:40,782 INFO completed=4614 new=4582 elapsed_s=1361.300 images_per_s=3.365901 device=mps
2026-09-13 03:07:46,886 INFO completed=4634 new=4602 elapsed_s=1367.404 images_per_s=3.365501 device=mps
2026-09-13 03:07:53,053 INFO completed=4654 new=4622 elapsed_s=1373.571 images_per_s=3.364952 device=mps
2026-09-13 03:07:59,097 INFO completed=4674 new=4642 elapsed_s=1379.615 images_per_s=3.364707 device=mps
2026-09-13 03:08:05,239 INFO completed=4694 new=4662 elapsed_s=1385.757 images_per_s=3.364226 device=mps
2026-09-13 03:08:11,439 INFO completed=4714 new=4682 elapsed_s=1391.957 images_per_s=3.363609 device=mps
2026-09-13 03:08:17,537 INFO completed=4734 new=4702 elapsed_s=1398.055 images_per_s=3.363245 device=mps
2026-09-13 03:08:23,650 INFO completed=4754 new=4722 elapsed_s=1404.168 images_per_s=3.362846 device=mps
2026-09-13 03:08:29,778 INFO completed=4774 new=4742 elapsed_s=1410.296 images_per_s=3.362414 device=mps
2026-09-13 03:08:35,877 INFO completed=4794 new=4762 elapsed_s=1416.395 images_per_s=3.362056 device=mps
2026-09-13 03:08:41,988 INFO completed=4814 new=4782 elapsed_s=1422.506 images_per_s=3.361673 device=mps
2026-09-13 03:08:48,135 INFO completed=4834 new=4802 elapsed_s=1428.653 images_per_s=3.361208 device=mps
2026-09-13 03:08:54,194 INFO completed=4854 new=4822 elapsed_s=1434.712 images_per_s=3.360954 device=mps
2026-09-13 03:09:00,345 INFO completed=4874 new=4842 elapsed_s=1440.863 images_per_s=3.360487 device=mps
2026-09-13 03:09:06,517 INFO completed=4894 new=4862 elapsed_s=1447.034 images_per_s=3.359975 device=mps
2026-09-13 03:09:12,661 INFO completed=4914 new=4882 elapsed_s=1453.178 images_per_s=3.359533 device=mps
2026-09-13 03:09:18,799 INFO completed=4934 new=4902 elapsed_s=1459.316 images_per_s=3.359107 device=mps
2026-09-13 03:09:24,890 INFO completed=4954 new=4922 elapsed_s=1465.408 images_per_s=3.358792 device=mps
2026-09-13 03:09:31,093 INFO completed=4974 new=4942 elapsed_s=1471.611 images_per_s=3.358225 device=mps
2026-09-13 03:09:37,293 INFO completed=4994 new=4962 elapsed_s=1477.811 images_per_s=3.357670 device=mps
2026-09-13 03:09:43,409 INFO completed=5014 new=4982 elapsed_s=1483.926 images_per_s=3.357310 device=mps
2026-09-13 03:09:49,516 INFO completed=5034 new=5002 elapsed_s=1490.033 images_per_s=3.356973 device=mps
2026-09-13 03:09:55,614 INFO completed=5054 new=5022 elapsed_s=1496.132 images_per_s=3.356656 device=mps
2026-09-13 03:10:01,814 INFO completed=5074 new=5042 elapsed_s=1502.331 images_per_s=3.356117 device=mps
2026-09-13 03:10:08,102 INFO completed=5094 new=5062 elapsed_s=1508.620 images_per_s=3.355385 device=mps
2026-09-13 03:10:14,227 INFO completed=5114 new=5082 elapsed_s=1514.744 images_per_s=3.355023 device=mps
2026-09-13 03:10:20,453 INFO completed=5134 new=5102 elapsed_s=1520.971 images_per_s=3.354437 device=mps
2026-09-13 03:10:26,626 INFO completed=5154 new=5122 elapsed_s=1527.143 images_per_s=3.353976 device=mps
2026-09-13 03:10:32,702 INFO completed=5174 new=5142 elapsed_s=1533.220 images_per_s=3.353727 device=mps
2026-09-13 03:10:38,895 INFO completed=5194 new=5162 elapsed_s=1539.412 images_per_s=3.353228 device=mps
2026-09-13 03:10:45,044 INFO completed=5214 new=5182 elapsed_s=1545.561 images_per_s=3.352828 device=mps
2026-09-13 03:10:51,148 INFO completed=5234 new=5202 elapsed_s=1551.665 images_per_s=3.352527 device=mps
2026-09-13 03:10:57,230 INFO completed=5254 new=5222 elapsed_s=1557.747 images_per_s=3.352276 device=mps
2026-09-13 03:11:03,380 INFO completed=5274 new=5242 elapsed_s=1563.897 images_per_s=3.351883 device=mps
2026-09-13 03:11:09,665 INFO completed=5294 new=5262 elapsed_s=1570.182 images_per_s=3.351205 device=mps
2026-09-13 03:11:15,775 INFO completed=5314 new=5282 elapsed_s=1576.292 images_per_s=3.350902 device=mps
2026-09-13 03:11:21,979 INFO completed=5334 new=5302 elapsed_s=1582.495 images_per_s=3.350405 device=mps
2026-09-13 03:11:28,174 INFO completed=5354 new=5322 elapsed_s=1588.691 images_per_s=3.349928 device=mps
2026-09-13 03:11:34,343 INFO completed=5374 new=5342 elapsed_s=1594.859 images_per_s=3.349512 device=mps
2026-09-13 03:11:40,529 INFO completed=5394 new=5362 elapsed_s=1601.045 images_per_s=3.349062 device=mps
2026-09-13 03:11:46,733 INFO completed=5414 new=5382 elapsed_s=1607.249 images_per_s=3.348578 device=mps
2026-09-13 03:11:52,915 INFO completed=5434 new=5402 elapsed_s=1613.431 images_per_s=3.348144 device=mps
2026-09-13 03:11:59,128 INFO completed=5454 new=5422 elapsed_s=1619.644 images_per_s=3.347649 device=mps
2026-09-13 03:12:05,307 INFO completed=5474 new=5442 elapsed_s=1625.824 images_per_s=3.347226 device=mps
2026-09-13 03:12:11,519 INFO completed=5494 new=5462 elapsed_s=1632.035 images_per_s=3.346741 device=mps
2026-09-13 03:12:17,526 INFO completed=5514 new=5482 elapsed_s=1638.043 images_per_s=3.346677 device=mps
2026-09-13 03:12:23,613 INFO completed=5534 new=5502 elapsed_s=1644.130 images_per_s=3.346451 device=mps
2026-09-13 03:12:29,837 INFO completed=5554 new=5522 elapsed_s=1650.353 images_per_s=3.345951 device=mps
2026-09-13 03:12:35,922 INFO completed=5574 new=5542 elapsed_s=1656.438 images_per_s=3.345733 device=mps
2026-09-13 03:12:42,075 INFO completed=5594 new=5562 elapsed_s=1662.591 images_per_s=3.345380 device=mps
2026-09-13 03:12:48,236 INFO completed=5614 new=5582 elapsed_s=1668.752 images_per_s=3.345014 device=mps
2026-09-13 03:12:54,447 INFO completed=5634 new=5602 elapsed_s=1674.964 images_per_s=3.344550 device=mps
2026-09-13 03:13:00,673 INFO completed=5654 new=5622 elapsed_s=1681.189 images_per_s=3.344061 device=mps
2026-09-13 03:13:06,915 INFO completed=5674 new=5642 elapsed_s=1687.431 images_per_s=3.343544 device=mps
2026-09-13 03:13:13,169 INFO completed=5694 new=5662 elapsed_s=1693.685 images_per_s=3.343006 device=mps
2026-09-13 03:13:19,248 INFO completed=5714 new=5682 elapsed_s=1699.765 images_per_s=3.342816 device=mps
2026-09-13 03:13:25,351 INFO completed=5734 new=5702 elapsed_s=1705.867 images_per_s=3.342581 device=mps
2026-09-13 03:13:31,417 INFO completed=5754 new=5722 elapsed_s=1711.933 images_per_s=3.342420 device=mps
2026-09-13 03:13:37,552 INFO completed=5774 new=5742 elapsed_s=1718.068 images_per_s=3.342127 device=mps
2026-09-13 03:13:43,594 INFO completed=5794 new=5762 elapsed_s=1724.110 images_per_s=3.342015 device=mps
2026-09-13 03:13:49,681 INFO completed=5814 new=5782 elapsed_s=1730.197 images_per_s=3.341817 device=mps
2026-09-13 03:13:55,863 INFO completed=5834 new=5802 elapsed_s=1736.379 images_per_s=3.341436 device=mps
2026-09-13 03:14:02,014 INFO completed=5854 new=5822 elapsed_s=1742.530 images_per_s=3.341119 device=mps
2026-09-13 03:14:08,127 INFO completed=5874 new=5842 elapsed_s=1748.643 images_per_s=3.340876 device=mps
2026-09-13 03:14:14,283 INFO completed=5894 new=5862 elapsed_s=1754.799 images_per_s=3.340554 device=mps
2026-09-13 03:14:20,294 INFO completed=5914 new=5882 elapsed_s=1760.810 images_per_s=3.340508 device=mps
2026-09-13 03:14:26,337 INFO completed=5934 new=5902 elapsed_s=1766.853 images_per_s=3.340403 device=mps
2026-09-13 03:14:32,400 INFO completed=5954 new=5922 elapsed_s=1772.916 images_per_s=3.340260 device=mps
2026-09-13 03:14:38,424 INFO completed=5974 new=5942 elapsed_s=1778.940 images_per_s=3.340192 device=mps
2026-09-13 03:14:44,473 INFO completed=5994 new=5962 elapsed_s=1784.989 images_per_s=3.340076 device=mps
2026-09-13 03:14:50,565 INFO completed=6014 new=5982 elapsed_s=1791.081 images_per_s=3.339882 device=mps
2026-09-13 03:14:56,628 INFO completed=6034 new=6002 elapsed_s=1797.143 images_per_s=3.339745 device=mps
2026-09-13 03:15:02,751 INFO completed=6054 new=6022 elapsed_s=1803.266 images_per_s=3.339496 device=mps
2026-09-13 03:15:08,784 INFO completed=6074 new=6042 elapsed_s=1809.300 images_per_s=3.339414 device=mps
2026-09-13 03:15:14,850 INFO completed=6094 new=6062 elapsed_s=1815.366 images_per_s=3.339272 device=mps
2026-09-13 03:15:20,985 INFO completed=6114 new=6082 elapsed_s=1821.500 images_per_s=3.339006 device=mps
2026-09-13 03:15:27,098 INFO completed=6134 new=6102 elapsed_s=1827.614 images_per_s=3.338780 device=mps
2026-09-13 03:15:33,095 INFO completed=6154 new=6122 elapsed_s=1833.611 images_per_s=3.338768 device=mps
2026-09-13 03:15:39,142 INFO completed=6174 new=6142 elapsed_s=1839.658 images_per_s=3.338665 device=mps
2026-09-13 03:15:45,131 INFO completed=6194 new=6162 elapsed_s=1845.647 images_per_s=3.338666 device=mps
2026-09-13 03:15:51,184 INFO completed=6214 new=6182 elapsed_s=1851.700 images_per_s=3.338554 device=mps
2026-09-13 03:15:57,235 INFO completed=6234 new=6202 elapsed_s=1857.751 images_per_s=3.338445 device=mps
2026-09-13 03:16:03,264 INFO completed=6254 new=6222 elapsed_s=1863.780 images_per_s=3.338378 device=mps
2026-09-13 03:16:09,314 INFO completed=6274 new=6242 elapsed_s=1869.830 images_per_s=3.338272 device=mps
2026-09-13 03:16:15,412 INFO completed=6294 new=6262 elapsed_s=1875.928 images_per_s=3.338082 device=mps
2026-09-13 03:16:21,480 INFO completed=6314 new=6282 elapsed_s=1881.996 images_per_s=3.337946 device=mps
2026-09-13 03:16:27,525 INFO completed=6334 new=6302 elapsed_s=1888.041 images_per_s=3.337852 device=mps
2026-09-13 03:16:33,563 INFO completed=6354 new=6322 elapsed_s=1894.079 images_per_s=3.337770 device=mps
2026-09-13 03:16:39,559 INFO completed=6374 new=6342 elapsed_s=1900.075 images_per_s=3.337763 device=mps
2026-09-13 03:16:45,557 INFO completed=6394 new=6362 elapsed_s=1906.073 images_per_s=3.337753 device=mps
2026-09-13 03:16:51,515 INFO completed=6414 new=6382 elapsed_s=1912.031 images_per_s=3.337813 device=mps
2026-09-13 03:16:57,523 INFO completed=6434 new=6402 elapsed_s=1918.039 images_per_s=3.337785 device=mps
2026-09-13 03:17:03,507 INFO completed=6454 new=6422 elapsed_s=1924.023 images_per_s=3.337798 device=mps
2026-09-13 03:17:09,522 INFO completed=6474 new=6442 elapsed_s=1930.038 images_per_s=3.337759 device=mps
2026-09-13 03:17:15,605 INFO completed=6494 new=6462 elapsed_s=1936.121 images_per_s=3.337602 device=mps
2026-09-13 03:17:21,673 INFO completed=6514 new=6482 elapsed_s=1942.189 images_per_s=3.337471 device=mps
2026-09-13 03:17:27,736 INFO completed=6534 new=6502 elapsed_s=1948.252 images_per_s=3.337351 device=mps
2026-09-13 03:17:33,805 INFO completed=6554 new=6522 elapsed_s=1954.321 images_per_s=3.337221 device=mps
2026-09-13 03:17:39,827 INFO completed=6574 new=6542 elapsed_s=1960.342 images_per_s=3.337172 device=mps
2026-09-13 03:17:45,893 INFO completed=6594 new=6562 elapsed_s=1966.409 images_per_s=3.337048 device=mps
2026-09-13 03:17:51,964 INFO completed=6614 new=6582 elapsed_s=1972.479 images_per_s=3.336917 device=mps
2026-09-13 03:17:58,015 INFO completed=6634 new=6602 elapsed_s=1978.530 images_per_s=3.336820 device=mps
2026-09-13 03:18:04,034 INFO completed=6654 new=6622 elapsed_s=1984.550 images_per_s=3.336777 device=mps
2026-09-13 03:18:10,169 INFO completed=6674 new=6642 elapsed_s=1990.684 images_per_s=3.336541 device=mps
2026-09-13 03:18:16,291 INFO completed=6694 new=6662 elapsed_s=1996.806 images_per_s=3.336327 device=mps
2026-09-13 03:18:22,264 INFO completed=6714 new=6682 elapsed_s=2002.779 images_per_s=3.336363 device=mps
2026-09-13 03:18:28,216 INFO completed=6734 new=6702 elapsed_s=2008.732 images_per_s=3.336434 device=mps
2026-09-13 03:18:34,303 INFO completed=6754 new=6722 elapsed_s=2014.818 images_per_s=3.336281 device=mps
2026-09-13 03:18:40,458 INFO completed=6774 new=6742 elapsed_s=2020.973 images_per_s=3.336017 device=mps
2026-09-13 03:18:46,511 INFO completed=6794 new=6762 elapsed_s=2027.027 images_per_s=3.335921 device=mps
2026-09-13 03:18:52,614 INFO completed=6814 new=6782 elapsed_s=2033.130 images_per_s=3.335744 device=mps
2026-09-13 03:18:58,700 INFO completed=6834 new=6802 elapsed_s=2039.215 images_per_s=3.335597 device=mps
2026-09-13 03:19:04,723 INFO completed=6854 new=6822 elapsed_s=2045.238 images_per_s=3.335553 device=mps
2026-09-13 03:19:10,768 INFO completed=6874 new=6842 elapsed_s=2051.283 images_per_s=3.335474 device=mps
2026-09-13 03:19:16,873 INFO completed=6894 new=6862 elapsed_s=2057.388 images_per_s=3.335296 device=mps
2026-09-13 03:19:22,897 INFO completed=6914 new=6882 elapsed_s=2063.412 images_per_s=3.335252 device=mps
2026-09-13 03:19:28,909 INFO completed=6934 new=6902 elapsed_s=2069.424 images_per_s=3.335227 device=mps
2026-09-13 03:19:35,024 INFO completed=6954 new=6922 elapsed_s=2075.539 images_per_s=3.335038 device=mps
2026-09-13 03:19:41,106 INFO completed=6974 new=6942 elapsed_s=2081.621 images_per_s=3.334902 device=mps
2026-09-13 03:19:47,160 INFO completed=6994 new=6962 elapsed_s=2087.675 images_per_s=3.334810 device=mps
2026-09-13 03:19:53,215 INFO completed=7014 new=6982 elapsed_s=2093.730 images_per_s=3.334718 device=mps
2026-09-13 03:19:59,371 INFO completed=7034 new=7002 elapsed_s=2099.885 images_per_s=3.334468 device=mps
2026-09-13 03:20:05,490 INFO completed=7054 new=7022 elapsed_s=2106.005 images_per_s=3.334275 device=mps
2026-09-13 03:20:11,517 INFO completed=7074 new=7042 elapsed_s=2112.032 images_per_s=3.334230 device=mps
2026-09-13 03:20:17,541 INFO completed=7094 new=7062 elapsed_s=2118.056 images_per_s=3.334190 device=mps
2026-09-13 03:20:23,723 INFO completed=7114 new=7082 elapsed_s=2124.237 images_per_s=3.333902 device=mps
2026-09-13 03:20:29,783 INFO completed=7134 new=7102 elapsed_s=2130.298 images_per_s=3.333806 device=mps
2026-09-13 03:20:35,832 INFO completed=7154 new=7122 elapsed_s=2136.347 images_per_s=3.333728 device=mps
2026-09-13 03:20:41,829 INFO completed=7174 new=7142 elapsed_s=2142.344 images_per_s=3.333732 device=mps
2026-09-13 03:20:47,865 INFO completed=7194 new=7162 elapsed_s=2148.380 images_per_s=3.333675 device=mps
2026-09-13 03:20:53,876 INFO completed=7214 new=7182 elapsed_s=2154.391 images_per_s=3.333657 device=mps
2026-09-13 03:20:59,992 INFO completed=7234 new=7202 elapsed_s=2160.507 images_per_s=3.333477 device=mps
2026-09-13 03:21:06,100 INFO completed=7254 new=7222 elapsed_s=2166.614 images_per_s=3.333312 device=mps
2026-09-13 03:21:12,235 INFO completed=7274 new=7242 elapsed_s=2172.749 images_per_s=3.333104 device=mps
2026-09-13 03:21:18,386 INFO completed=7294 new=7262 elapsed_s=2178.901 images_per_s=3.332873 device=mps
2026-09-13 03:21:24,400 INFO completed=7314 new=7282 elapsed_s=2184.914 images_per_s=3.332855 device=mps
2026-09-13 03:21:30,447 INFO completed=7334 new=7302 elapsed_s=2190.961 images_per_s=3.332784 device=mps
2026-09-13 03:21:36,473 INFO completed=7354 new=7322 elapsed_s=2196.987 images_per_s=3.332746 device=mps
2026-09-13 03:21:42,484 INFO completed=7374 new=7342 elapsed_s=2202.998 images_per_s=3.332731 device=mps
2026-09-13 03:21:48,536 INFO completed=7394 new=7362 elapsed_s=2209.050 images_per_s=3.332654 device=mps
2026-09-13 03:21:54,600 INFO completed=7414 new=7382 elapsed_s=2215.114 images_per_s=3.332559 device=mps
2026-09-13 03:22:00,716 INFO completed=7434 new=7402 elapsed_s=2221.230 images_per_s=3.332388 device=mps
2026-09-13 03:22:06,847 INFO completed=7454 new=7422 elapsed_s=2227.361 images_per_s=3.332194 device=mps
2026-09-13 03:22:12,908 INFO completed=7474 new=7442 elapsed_s=2233.422 images_per_s=3.332107 device=mps
2026-09-13 03:22:19,024 INFO completed=7494 new=7462 elapsed_s=2239.538 images_per_s=3.331938 device=mps
2026-09-13 03:22:25,083 INFO completed=7514 new=7482 elapsed_s=2245.597 images_per_s=3.331854 device=mps
2026-09-13 03:22:31,123 INFO completed=7534 new=7502 elapsed_s=2251.637 images_per_s=3.331798 device=mps
2026-09-13 03:22:37,160 INFO completed=7554 new=7522 elapsed_s=2257.674 images_per_s=3.331747 device=mps
2026-09-13 03:22:43,210 INFO completed=7574 new=7542 elapsed_s=2263.724 images_per_s=3.331679 device=mps
2026-09-13 03:22:49,282 INFO completed=7594 new=7562 elapsed_s=2269.796 images_per_s=3.331577 device=mps
2026-09-13 03:22:55,293 INFO completed=7614 new=7582 elapsed_s=2275.807 images_per_s=3.331566 device=mps
2026-09-13 03:23:01,306 INFO completed=7634 new=7602 elapsed_s=2281.820 images_per_s=3.331551 device=mps
2026-09-13 03:23:07,400 INFO completed=7654 new=7622 elapsed_s=2287.914 images_per_s=3.331419 device=mps
2026-09-13 03:23:13,453 INFO completed=7674 new=7642 elapsed_s=2293.967 images_per_s=3.331347 device=mps
2026-09-13 03:23:19,546 INFO completed=7694 new=7662 elapsed_s=2300.060 images_per_s=3.331217 device=mps
2026-09-13 03:23:25,564 INFO completed=7714 new=7682 elapsed_s=2306.078 images_per_s=3.331197 device=mps
2026-09-13 03:23:31,723 INFO completed=7734 new=7702 elapsed_s=2312.237 images_per_s=3.330974 device=mps
2026-09-13 03:23:37,807 INFO completed=7754 new=7722 elapsed_s=2318.320 images_per_s=3.330860 device=mps
2026-09-13 03:23:43,798 INFO completed=7774 new=7742 elapsed_s=2324.311 images_per_s=3.330879 device=mps
2026-09-13 03:23:49,906 INFO completed=7794 new=7762 elapsed_s=2330.420 images_per_s=3.330730 device=mps
2026-09-13 03:23:56,005 INFO completed=7814 new=7782 elapsed_s=2336.518 images_per_s=3.330597 device=mps
2026-09-13 03:24:02,115 INFO completed=7834 new=7802 elapsed_s=2342.628 images_per_s=3.330447 device=mps
2026-09-13 03:24:08,231 INFO completed=7854 new=7822 elapsed_s=2348.744 images_per_s=3.330290 device=mps
2026-09-13 03:24:14,270 INFO completed=7874 new=7842 elapsed_s=2354.783 images_per_s=3.330243 device=mps
2026-09-13 03:24:20,384 INFO completed=7894 new=7862 elapsed_s=2360.898 images_per_s=3.330089 device=mps
2026-09-13 03:24:26,355 INFO completed=7914 new=7882 elapsed_s=2366.868 images_per_s=3.330139 device=mps
2026-09-13 03:24:32,476 INFO completed=7934 new=7902 elapsed_s=2372.990 images_per_s=3.329976 device=mps
2026-09-13 03:24:38,572 INFO completed=7954 new=7922 elapsed_s=2379.086 images_per_s=3.329851 device=mps
2026-09-13 03:24:44,702 INFO completed=7974 new=7942 elapsed_s=2385.216 images_per_s=3.329678 device=mps
2026-09-13 03:24:50,824 INFO completed=7994 new=7962 elapsed_s=2391.337 images_per_s=3.329518 device=mps
2026-09-13 03:24:56,923 INFO completed=8014 new=7982 elapsed_s=2397.436 images_per_s=3.329390 device=mps
2026-09-13 03:25:02,938 INFO completed=8034 new=8002 elapsed_s=2403.451 images_per_s=3.329379 device=mps
2026-09-13 03:25:08,984 INFO completed=8054 new=8022 elapsed_s=2409.497 images_per_s=3.329325 device=mps
2026-09-13 03:25:15,098 INFO completed=8074 new=8042 elapsed_s=2415.611 images_per_s=3.329178 device=mps
2026-09-13 03:25:21,176 INFO completed=8094 new=8062 elapsed_s=2421.689 images_per_s=3.329081 device=mps
2026-09-13 03:25:27,188 INFO completed=8114 new=8082 elapsed_s=2427.701 images_per_s=3.329076 device=mps
2026-09-13 03:25:33,245 INFO completed=8134 new=8102 elapsed_s=2433.758 images_per_s=3.329009 device=mps
2026-09-13 03:25:39,296 INFO completed=8154 new=8122 elapsed_s=2439.809 images_per_s=3.328949 device=mps
2026-09-13 03:25:45,335 INFO completed=8174 new=8142 elapsed_s=2445.848 images_per_s=3.328907 device=mps
2026-09-13 03:25:51,440 INFO completed=8194 new=8162 elapsed_s=2451.952 images_per_s=3.328776 device=mps
2026-09-13 03:25:57,499 INFO completed=8214 new=8182 elapsed_s=2458.012 images_per_s=3.328707 device=mps
2026-09-13 03:26:03,625 INFO completed=8234 new=8202 elapsed_s=2464.138 images_per_s=3.328548 device=mps
2026-09-13 03:26:09,716 INFO completed=8254 new=8222 elapsed_s=2470.229 images_per_s=3.328437 device=mps
2026-09-13 03:26:15,832 INFO completed=8274 new=8242 elapsed_s=2476.345 images_per_s=3.328293 device=mps
2026-09-13 03:26:22,035 INFO completed=8294 new=8262 elapsed_s=2482.547 images_per_s=3.328033 device=mps
2026-09-13 03:26:28,090 INFO completed=8314 new=8282 elapsed_s=2488.603 images_per_s=3.327971 device=mps
2026-09-13 03:26:34,105 INFO completed=8334 new=8302 elapsed_s=2494.617 images_per_s=3.327966 device=mps
2026-09-13 03:26:40,171 INFO completed=8354 new=8322 elapsed_s=2500.684 images_per_s=3.327890 device=mps
2026-09-13 03:26:46,163 INFO completed=8374 new=8342 elapsed_s=2506.675 images_per_s=3.327914 device=mps
2026-09-13 03:26:52,159 INFO completed=8394 new=8362 elapsed_s=2512.671 images_per_s=3.327932 device=mps
2026-09-13 03:26:58,327 INFO completed=8414 new=8382 elapsed_s=2518.840 images_per_s=3.327722 device=mps
2026-09-13 03:27:04,466 INFO completed=8434 new=8402 elapsed_s=2524.978 images_per_s=3.327554 device=mps
2026-09-13 03:27:10,573 INFO completed=8454 new=8422 elapsed_s=2531.085 images_per_s=3.327426 device=mps
2026-09-13 03:27:16,714 INFO completed=8474 new=8442 elapsed_s=2537.227 images_per_s=3.327255 device=mps
2026-09-13 03:27:22,896 INFO completed=8494 new=8462 elapsed_s=2543.408 images_per_s=3.327031 device=mps
2026-09-13 03:27:29,010 INFO completed=8514 new=8482 elapsed_s=2549.522 images_per_s=3.326898 device=mps
2026-09-13 03:27:35,129 INFO completed=8534 new=8502 elapsed_s=2555.641 images_per_s=3.326758 device=mps
2026-09-13 03:27:41,257 INFO completed=8554 new=8522 elapsed_s=2561.769 images_per_s=3.326608 device=mps
2026-09-13 03:27:47,358 INFO completed=8574 new=8542 elapsed_s=2567.870 images_per_s=3.326492 device=mps
2026-09-13 03:27:53,370 INFO completed=8594 new=8562 elapsed_s=2573.882 images_per_s=3.326493 device=mps
2026-09-13 03:27:59,397 INFO completed=8614 new=8582 elapsed_s=2579.909 images_per_s=3.326473 device=mps
2026-09-13 03:28:05,612 INFO completed=8634 new=8602 elapsed_s=2586.125 images_per_s=3.326212 device=mps
2026-09-13 03:28:11,688 INFO completed=8654 new=8622 elapsed_s=2592.200 images_per_s=3.326132 device=mps
2026-09-13 03:28:17,718 INFO completed=8674 new=8642 elapsed_s=2598.230 images_per_s=3.326110 device=mps
2026-09-13 03:28:23,743 INFO completed=8694 new=8662 elapsed_s=2604.255 images_per_s=3.326096 device=mps
2026-09-13 03:28:29,797 INFO completed=8714 new=8682 elapsed_s=2610.309 images_per_s=3.326043 device=mps
2026-09-13 03:28:35,834 INFO completed=8734 new=8702 elapsed_s=2616.346 images_per_s=3.326013 device=mps
2026-09-13 03:28:41,976 INFO completed=8754 new=8722 elapsed_s=2622.488 images_per_s=3.325849 device=mps
2026-09-13 03:28:48,141 INFO completed=8774 new=8742 elapsed_s=2628.653 images_per_s=3.325658 device=mps
2026-09-13 03:28:54,130 INFO completed=8794 new=8762 elapsed_s=2634.642 images_per_s=3.325689 device=mps
2026-09-13 03:29:00,208 INFO completed=8814 new=8782 elapsed_s=2640.720 images_per_s=3.325608 device=mps
2026-09-13 03:29:06,306 INFO completed=8834 new=8802 elapsed_s=2646.818 images_per_s=3.325502 device=mps
2026-09-13 03:29:12,460 INFO completed=8854 new=8822 elapsed_s=2652.972 images_per_s=3.325328 device=mps
2026-09-13 03:29:18,557 INFO completed=8874 new=8842 elapsed_s=2659.069 images_per_s=3.325224 device=mps
2026-09-13 03:29:24,614 INFO completed=8894 new=8862 elapsed_s=2665.125 images_per_s=3.325172 device=mps
2026-09-13 03:29:30,680 INFO completed=8914 new=8882 elapsed_s=2671.191 images_per_s=3.325108 device=mps
2026-09-13 03:29:36,848 INFO completed=8934 new=8902 elapsed_s=2677.360 images_per_s=3.324917 device=mps
2026-09-13 03:29:42,984 INFO completed=8954 new=8922 elapsed_s=2683.495 images_per_s=3.324768 device=mps
2026-09-13 03:29:49,222 INFO completed=8974 new=8942 elapsed_s=2689.733 images_per_s=3.324493 device=mps
2026-09-13 03:29:55,283 INFO completed=8994 new=8962 elapsed_s=2695.795 images_per_s=3.324437 device=mps
2026-09-13 03:30:01,320 INFO completed=9014 new=8982 elapsed_s=2701.832 images_per_s=3.324411 device=mps
2026-09-13 03:30:07,438 INFO completed=9034 new=9002 elapsed_s=2707.950 images_per_s=3.324286 device=mps
2026-09-13 03:30:13,547 INFO completed=9054 new=9022 elapsed_s=2714.059 images_per_s=3.324173 device=mps
2026-09-13 03:30:19,665 INFO completed=9074 new=9042 elapsed_s=2720.177 images_per_s=3.324049 device=mps
2026-09-13 03:30:25,820 INFO completed=9094 new=9062 elapsed_s=2726.332 images_per_s=3.323880 device=mps
2026-09-13 03:30:31,952 INFO completed=9114 new=9082 elapsed_s=2732.464 images_per_s=3.323740 device=mps
2026-09-13 03:30:38,043 INFO completed=9134 new=9102 elapsed_s=2738.554 images_per_s=3.323651 device=mps
2026-09-13 03:30:44,169 INFO completed=9154 new=9122 elapsed_s=2744.681 images_per_s=3.323520 device=mps
2026-09-13 03:30:50,329 INFO completed=9174 new=9142 elapsed_s=2750.840 images_per_s=3.323348 device=mps
2026-09-13 03:30:56,365 INFO completed=9194 new=9162 elapsed_s=2756.876 images_per_s=3.323327 device=mps
2026-09-13 03:31:02,533 INFO completed=9214 new=9182 elapsed_s=2763.044 images_per_s=3.323147 device=mps
2026-09-13 03:31:08,689 INFO completed=9234 new=9202 elapsed_s=2769.200 images_per_s=3.322981 device=mps
2026-09-13 03:31:14,774 INFO completed=9254 new=9222 elapsed_s=2775.285 images_per_s=3.322902 device=mps
2026-09-13 03:31:20,882 INFO completed=9274 new=9242 elapsed_s=2781.393 images_per_s=3.322796 device=mps
2026-09-13 03:31:27,111 INFO completed=9294 new=9262 elapsed_s=2787.622 images_per_s=3.322545 device=mps
2026-09-13 03:31:33,209 INFO completed=9314 new=9282 elapsed_s=2793.721 images_per_s=3.322451 device=mps
2026-09-13 03:31:39,281 INFO completed=9334 new=9302 elapsed_s=2799.792 images_per_s=3.322389 device=mps
2026-09-13 03:31:45,420 INFO completed=9354 new=9322 elapsed_s=2805.931 images_per_s=3.322248 device=mps
2026-09-13 03:31:51,479 INFO completed=9374 new=9342 elapsed_s=2811.991 images_per_s=3.322201 device=mps
2026-09-13 03:31:57,617 INFO completed=9394 new=9362 elapsed_s=2818.128 images_per_s=3.322063 device=mps
2026-09-13 03:32:03,757 INFO completed=9414 new=9382 elapsed_s=2824.268 images_per_s=3.321923 device=mps
2026-09-13 03:32:09,934 INFO completed=9434 new=9402 elapsed_s=2830.445 images_per_s=3.321739 device=mps
2026-09-13 03:32:15,998 INFO completed=9454 new=9422 elapsed_s=2836.510 images_per_s=3.321688 device=mps
2026-09-13 03:32:22,043 INFO completed=9474 new=9442 elapsed_s=2842.555 images_per_s=3.321660 device=mps
2026-09-13 03:32:28,168 INFO completed=9494 new=9462 elapsed_s=2848.679 images_per_s=3.321540 device=mps
2026-09-13 03:32:34,172 INFO completed=9514 new=9482 elapsed_s=2854.683 images_per_s=3.321559 device=mps
2026-09-13 03:32:40,195 INFO completed=9534 new=9502 elapsed_s=2860.706 images_per_s=3.321557 device=mps
2026-09-13 03:32:46,284 INFO completed=9554 new=9522 elapsed_s=2866.795 images_per_s=3.321479 device=mps
2026-09-13 03:32:52,306 INFO completed=9574 new=9542 elapsed_s=2872.817 images_per_s=3.321479 device=mps
2026-09-13 03:32:58,350 INFO completed=9594 new=9562 elapsed_s=2878.861 images_per_s=3.321452 device=mps
2026-09-13 03:33:04,398 INFO completed=9614 new=9582 elapsed_s=2884.909 images_per_s=3.321422 device=mps
2026-09-13 03:33:10,441 INFO completed=9634 new=9602 elapsed_s=2890.952 images_per_s=3.321397 device=mps
2026-09-13 03:33:16,548 INFO completed=9654 new=9622 elapsed_s=2897.059 images_per_s=3.321299 device=mps
2026-09-13 03:33:22,655 INFO completed=9674 new=9642 elapsed_s=2903.166 images_per_s=3.321201 device=mps
2026-09-13 03:33:28,827 INFO completed=9694 new=9662 elapsed_s=2909.338 images_per_s=3.321031 device=mps
2026-09-13 03:33:34,888 INFO completed=9714 new=9682 elapsed_s=2915.399 images_per_s=3.320986 device=mps
2026-09-13 03:33:40,930 INFO completed=9734 new=9702 elapsed_s=2921.441 images_per_s=3.320964 device=mps
2026-09-13 03:33:47,074 INFO completed=9754 new=9722 elapsed_s=2927.585 images_per_s=3.320826 device=mps
2026-09-13 03:33:53,159 INFO completed=9774 new=9742 elapsed_s=2933.670 images_per_s=3.320756 device=mps
2026-09-13 03:33:59,233 INFO completed=9794 new=9762 elapsed_s=2939.744 images_per_s=3.320698 device=mps
2026-09-13 03:34:05,441 INFO completed=9814 new=9782 elapsed_s=2945.952 images_per_s=3.320489 device=mps
2026-09-13 03:34:11,490 INFO completed=9834 new=9802 elapsed_s=2952.000 images_per_s=3.320460 device=mps
2026-09-13 03:34:17,541 INFO completed=9854 new=9822 elapsed_s=2958.052 images_per_s=3.320429 device=mps
2026-09-13 03:34:23,656 INFO completed=9874 new=9842 elapsed_s=2964.167 images_per_s=3.320326 device=mps
2026-09-13 03:34:29,840 INFO completed=9894 new=9862 elapsed_s=2970.350 images_per_s=3.320147 device=mps
2026-09-13 03:34:35,894 INFO completed=9914 new=9882 elapsed_s=2976.405 images_per_s=3.320113 device=mps
2026-09-13 03:34:41,911 INFO completed=9934 new=9902 elapsed_s=2982.422 images_per_s=3.320121 device=mps
2026-09-13 03:34:48,047 INFO completed=9954 new=9922 elapsed_s=2988.558 images_per_s=3.319996 device=mps
2026-09-13 03:34:54,114 INFO completed=9974 new=9942 elapsed_s=2994.625 images_per_s=3.319948 device=mps
2026-09-13 03:35:00,136 INFO completed=9994 new=9962 elapsed_s=3000.646 images_per_s=3.319951 device=mps
2026-09-13 03:35:06,210 INFO completed=10014 new=9982 elapsed_s=3006.721 images_per_s=3.319896 device=mps
2026-09-13 03:35:12,214 INFO completed=10034 new=10002 elapsed_s=3012.725 images_per_s=3.319918 device=mps
2026-09-13 03:35:18,317 INFO completed=10054 new=10022 elapsed_s=3018.827 images_per_s=3.319832 device=mps
2026-09-13 03:35:24,376 INFO completed=10074 new=10042 elapsed_s=3024.886 images_per_s=3.319794 device=mps
2026-09-13 03:35:30,516 INFO completed=10094 new=10062 elapsed_s=3031.026 images_per_s=3.319668 device=mps
2026-09-13 03:35:36,534 INFO completed=10114 new=10082 elapsed_s=3037.045 images_per_s=3.319674 device=mps
2026-09-13 03:35:42,530 INFO completed=10134 new=10102 elapsed_s=3043.041 images_per_s=3.319706 device=mps
2026-09-13 03:35:48,550 INFO completed=10154 new=10122 elapsed_s=3049.060 images_per_s=3.319711 device=mps
2026-09-13 03:35:54,612 INFO completed=10174 new=10142 elapsed_s=3055.122 images_per_s=3.319671 device=mps
2026-09-13 03:36:00,673 INFO completed=10194 new=10162 elapsed_s=3061.183 images_per_s=3.319632 device=mps
2026-09-13 03:36:06,848 INFO completed=10214 new=10182 elapsed_s=3067.358 images_per_s=3.319469 device=mps
2026-09-13 03:36:12,947 INFO completed=10234 new=10202 elapsed_s=3073.458 images_per_s=3.319389 device=mps
2026-09-13 03:36:19,022 INFO completed=10254 new=10222 elapsed_s=3079.532 images_per_s=3.319335 device=mps
2026-09-13 03:36:25,093 INFO completed=10274 new=10242 elapsed_s=3085.603 images_per_s=3.319287 device=mps
2026-09-13 03:36:31,183 INFO completed=10294 new=10262 elapsed_s=3091.693 images_per_s=3.319217 device=mps
2026-09-13 03:36:37,215 INFO completed=10314 new=10282 elapsed_s=3097.725 images_per_s=3.319210 device=mps
2026-09-13 03:36:43,255 INFO completed=10334 new=10302 elapsed_s=3103.765 images_per_s=3.319195 device=mps
2026-09-13 03:36:49,273 INFO completed=10354 new=10322 elapsed_s=3109.783 images_per_s=3.319203 device=mps
2026-09-13 03:36:55,285 INFO completed=10374 new=10342 elapsed_s=3115.795 images_per_s=3.319218 device=mps
2026-09-13 03:37:01,339 INFO completed=10394 new=10362 elapsed_s=3121.849 images_per_s=3.319187 device=mps
2026-09-13 03:37:07,531 INFO completed=10414 new=10382 elapsed_s=3128.041 images_per_s=3.319010 device=mps
2026-09-13 03:37:13,621 INFO completed=10434 new=10402 elapsed_s=3134.131 images_per_s=3.318942 device=mps
2026-09-13 03:37:19,771 INFO completed=10454 new=10422 elapsed_s=3140.281 images_per_s=3.318811 device=mps
2026-09-13 03:37:25,868 INFO completed=10474 new=10442 elapsed_s=3146.377 images_per_s=3.318737 device=mps
2026-09-13 03:37:32,039 INFO completed=10494 new=10462 elapsed_s=3152.549 images_per_s=3.318584 device=mps
2026-09-13 03:37:38,056 INFO completed=10514 new=10482 elapsed_s=3158.566 images_per_s=3.318595 device=mps
2026-09-13 03:37:44,074 INFO completed=10534 new=10502 elapsed_s=3164.583 images_per_s=3.318604 device=mps
2026-09-13 03:37:50,131 INFO completed=10554 new=10522 elapsed_s=3170.641 images_per_s=3.318572 device=mps
2026-09-13 03:37:56,134 INFO completed=10574 new=10542 elapsed_s=3176.644 images_per_s=3.318597 device=mps
2026-09-13 03:38:02,144 INFO completed=10594 new=10562 elapsed_s=3182.653 images_per_s=3.318615 device=mps
2026-09-13 03:38:08,332 INFO completed=10614 new=10582 elapsed_s=3188.842 images_per_s=3.318446 device=mps
2026-09-13 03:38:14,454 INFO completed=10634 new=10602 elapsed_s=3194.964 images_per_s=3.318348 device=mps
2026-09-13 03:38:20,604 INFO completed=10654 new=10622 elapsed_s=3201.114 images_per_s=3.318220 device=mps
2026-09-13 03:38:26,647 INFO completed=10674 new=10642 elapsed_s=3207.157 images_per_s=3.318204 device=mps
2026-09-13 03:38:32,788 INFO completed=10694 new=10662 elapsed_s=3213.298 images_per_s=3.318086 device=mps
2026-09-13 03:38:39,055 INFO completed=10714 new=10682 elapsed_s=3219.565 images_per_s=3.317840 device=mps
2026-09-13 03:38:45,188 INFO completed=10734 new=10702 elapsed_s=3225.697 images_per_s=3.317732 device=mps
2026-09-13 03:38:51,396 INFO completed=10754 new=10722 elapsed_s=3231.906 images_per_s=3.317547 device=mps
2026-09-13 03:38:57,422 INFO completed=10774 new=10742 elapsed_s=3237.931 images_per_s=3.317550 device=mps
2026-09-13 03:39:03,506 INFO completed=10794 new=10762 elapsed_s=3244.016 images_per_s=3.317493 device=mps
2026-09-13 03:39:09,565 INFO completed=10814 new=10782 elapsed_s=3250.074 images_per_s=3.317463 device=mps
2026-09-13 03:39:15,615 INFO completed=10834 new=10802 elapsed_s=3256.124 images_per_s=3.317441 device=mps
2026-09-13 03:39:21,642 INFO completed=10854 new=10822 elapsed_s=3262.151 images_per_s=3.317443 device=mps
2026-09-13 03:39:27,720 INFO completed=10874 new=10842 elapsed_s=3268.230 images_per_s=3.317392 device=mps
2026-09-13 03:39:33,779 INFO completed=10894 new=10862 elapsed_s=3274.289 images_per_s=3.317362 device=mps
2026-09-13 03:39:39,772 INFO completed=10914 new=10882 elapsed_s=3280.281 images_per_s=3.317398 device=mps
2026-09-13 03:39:45,824 INFO completed=10934 new=10902 elapsed_s=3286.333 images_per_s=3.317375 device=mps
2026-09-13 03:39:51,863 INFO completed=10954 new=10922 elapsed_s=3292.372 images_per_s=3.317365 device=mps
2026-09-13 03:39:57,905 INFO completed=10974 new=10942 elapsed_s=3298.414 images_per_s=3.317352 device=mps
2026-09-13 03:40:03,949 INFO completed=10994 new=10962 elapsed_s=3304.457 images_per_s=3.317337 device=mps
2026-09-13 03:40:09,955 INFO completed=11014 new=10982 elapsed_s=3310.464 images_per_s=3.317359 device=mps
2026-09-13 03:40:16,098 INFO completed=11034 new=11002 elapsed_s=3316.607 images_per_s=3.317246 device=mps
2026-09-13 03:40:22,155 INFO completed=11054 new=11022 elapsed_s=3322.664 images_per_s=3.317218 device=mps
2026-09-13 03:40:28,198 INFO completed=11074 new=11042 elapsed_s=3328.706 images_per_s=3.317204 device=mps
2026-09-13 03:40:34,265 INFO completed=11094 new=11062 elapsed_s=3334.774 images_per_s=3.317167 device=mps
2026-09-13 03:40:40,299 INFO completed=11114 new=11082 elapsed_s=3340.808 images_per_s=3.317162 device=mps
2026-09-13 03:40:46,327 INFO completed=11134 new=11102 elapsed_s=3346.836 images_per_s=3.317163 device=mps
2026-09-13 03:40:52,390 INFO completed=11154 new=11122 elapsed_s=3352.899 images_per_s=3.317130 device=mps
2026-09-13 03:40:58,411 INFO completed=11174 new=11142 elapsed_s=3358.920 images_per_s=3.317138 device=mps
2026-09-13 03:41:04,561 INFO completed=11194 new=11162 elapsed_s=3365.069 images_per_s=3.317019 device=mps
2026-09-13 03:41:10,712 INFO completed=11214 new=11182 elapsed_s=3371.220 images_per_s=3.316900 device=mps
2026-09-13 03:41:16,819 INFO completed=11234 new=11202 elapsed_s=3377.328 images_per_s=3.316824 device=mps
2026-09-13 03:41:22,923 INFO completed=11254 new=11222 elapsed_s=3383.432 images_per_s=3.316751 device=mps
2026-09-13 03:41:28,986 INFO completed=11274 new=11242 elapsed_s=3389.494 images_per_s=3.316719 device=mps
2026-09-13 03:41:35,056 INFO completed=11294 new=11262 elapsed_s=3395.564 images_per_s=3.316680 device=mps
2026-09-13 03:41:41,073 INFO completed=11314 new=11282 elapsed_s=3401.582 images_per_s=3.316692 device=mps
2026-09-13 03:41:47,210 INFO completed=11334 new=11302 elapsed_s=3407.719 images_per_s=3.316588 device=mps
2026-09-13 03:41:53,228 INFO completed=11354 new=11322 elapsed_s=3413.736 images_per_s=3.316601 device=mps
2026-09-13 03:41:59,259 INFO completed=11374 new=11342 elapsed_s=3419.768 images_per_s=3.316600 device=mps
2026-09-13 03:42:05,323 INFO completed=11394 new=11362 elapsed_s=3425.831 images_per_s=3.316568 device=mps
2026-09-13 03:42:11,338 INFO completed=11414 new=11382 elapsed_s=3431.846 images_per_s=3.316583 device=mps
2026-09-13 03:42:17,382 INFO completed=11434 new=11402 elapsed_s=3437.891 images_per_s=3.316569 device=mps
2026-09-13 03:42:23,384 INFO completed=11454 new=11422 elapsed_s=3443.893 images_per_s=3.316596 device=mps
2026-09-13 03:42:29,544 INFO completed=11474 new=11442 elapsed_s=3450.052 images_per_s=3.316471 device=mps
2026-09-13 03:42:35,688 INFO completed=11494 new=11462 elapsed_s=3456.196 images_per_s=3.316363 device=mps
2026-09-13 03:42:41,783 INFO completed=11514 new=11482 elapsed_s=3462.291 images_per_s=3.316301 device=mps
2026-09-13 03:42:47,867 INFO completed=11534 new=11502 elapsed_s=3468.375 images_per_s=3.316251 device=mps
2026-09-13 03:42:53,904 INFO completed=11554 new=11522 elapsed_s=3474.412 images_per_s=3.316244 device=mps
2026-09-13 03:43:00,037 INFO completed=11574 new=11542 elapsed_s=3480.545 images_per_s=3.316147 device=mps
2026-09-13 03:43:06,147 INFO completed=11594 new=11562 elapsed_s=3486.655 images_per_s=3.316073 device=mps
2026-09-13 03:43:12,172 INFO completed=11614 new=11582 elapsed_s=3492.680 images_per_s=3.316078 device=mps
2026-09-13 03:43:18,216 INFO completed=11634 new=11602 elapsed_s=3498.724 images_per_s=3.316066 device=mps
2026-09-13 03:43:24,274 INFO completed=11654 new=11622 elapsed_s=3504.782 images_per_s=3.316041 device=mps
2026-09-13 03:43:30,399 INFO completed=11674 new=11642 elapsed_s=3510.907 images_per_s=3.315952 device=mps
2026-09-13 03:43:36,571 INFO completed=11694 new=11662 elapsed_s=3517.079 images_per_s=3.315820 device=mps
2026-09-13 03:43:42,682 INFO completed=11714 new=11682 elapsed_s=3523.190 images_per_s=3.315745 device=mps
2026-09-13 03:43:48,715 INFO completed=11734 new=11702 elapsed_s=3529.223 images_per_s=3.315744 device=mps
2026-09-13 03:43:54,815 INFO completed=11754 new=11722 elapsed_s=3535.323 images_per_s=3.315680 device=mps
2026-09-13 03:44:01,022 INFO completed=11774 new=11742 elapsed_s=3541.530 images_per_s=3.315516 device=mps
2026-09-13 03:44:07,116 INFO completed=11794 new=11762 elapsed_s=3547.624 images_per_s=3.315458 device=mps
2026-09-13 03:44:13,182 INFO completed=11814 new=11782 elapsed_s=3553.690 images_per_s=3.315427 device=mps
2026-09-13 03:44:19,349 INFO completed=11834 new=11802 elapsed_s=3559.857 images_per_s=3.315302 device=mps
2026-09-13 03:44:25,516 INFO completed=11854 new=11822 elapsed_s=3566.024 images_per_s=3.315177 device=mps
2026-09-13 03:44:31,758 INFO completed=11874 new=11842 elapsed_s=3572.266 images_per_s=3.314983 device=mps
2026-09-13 03:44:37,978 INFO completed=11894 new=11862 elapsed_s=3578.486 images_per_s=3.314810 device=mps
2026-09-13 03:44:44,317 INFO completed=11914 new=11882 elapsed_s=3584.825 images_per_s=3.314528 device=mps
2026-09-13 03:44:50,534 INFO completed=11934 new=11902 elapsed_s=3591.042 images_per_s=3.314359 device=mps
2026-09-13 03:44:56,603 INFO completed=11954 new=11922 elapsed_s=3597.110 images_per_s=3.314327 device=mps
2026-09-13 03:45:02,705 INFO completed=11974 new=11942 elapsed_s=3603.212 images_per_s=3.314265 device=mps
2026-09-13 03:45:08,838 INFO completed=11994 new=11962 elapsed_s=3609.346 images_per_s=3.314174 device=mps
2026-09-13 03:45:14,965 INFO completed=12014 new=11982 elapsed_s=3615.472 images_per_s=3.314090 device=mps
2026-09-13 03:45:21,103 INFO completed=12034 new=12002 elapsed_s=3621.611 images_per_s=3.313995 device=mps
2026-09-13 03:45:27,195 INFO completed=12054 new=12022 elapsed_s=3627.702 images_per_s=3.313944 device=mps
2026-09-13 03:45:33,335 INFO completed=12074 new=12042 elapsed_s=3633.842 images_per_s=3.313848 device=mps
2026-09-13 03:45:39,434 INFO completed=12094 new=12062 elapsed_s=3639.941 images_per_s=3.313790 device=mps
2026-09-13 03:45:45,537 INFO completed=12114 new=12082 elapsed_s=3646.044 images_per_s=3.313729 device=mps
2026-09-13 03:45:51,693 INFO completed=12134 new=12102 elapsed_s=3652.200 images_per_s=3.313619 device=mps
2026-09-13 03:45:57,840 INFO completed=12154 new=12122 elapsed_s=3658.347 images_per_s=3.313519 device=mps
2026-09-13 03:46:04,021 INFO completed=12174 new=12142 elapsed_s=3664.528 images_per_s=3.313387 device=mps
2026-09-13 03:46:10,162 INFO completed=12194 new=12162 elapsed_s=3670.669 images_per_s=3.313293 device=mps
2026-09-13 03:46:16,265 INFO completed=12214 new=12182 elapsed_s=3676.772 images_per_s=3.313232 device=mps
2026-09-13 03:46:22,380 INFO completed=12234 new=12202 elapsed_s=3682.887 images_per_s=3.313162 device=mps
2026-09-13 03:46:28,567 INFO completed=12254 new=12222 elapsed_s=3689.074 images_per_s=3.313027 device=mps
2026-09-13 03:46:34,752 INFO completed=12274 new=12242 elapsed_s=3695.259 images_per_s=3.312894 device=mps
2026-09-13 03:46:40,903 INFO completed=12294 new=12262 elapsed_s=3701.410 images_per_s=3.312792 device=mps
2026-09-13 03:46:47,032 INFO completed=12314 new=12282 elapsed_s=3707.539 images_per_s=3.312709 device=mps
2026-09-13 03:46:53,268 INFO completed=12334 new=12302 elapsed_s=3713.774 images_per_s=3.312533 device=mps
2026-09-13 03:46:59,436 INFO completed=12354 new=12322 elapsed_s=3719.943 images_per_s=3.312417 device=mps
2026-09-13 03:47:05,559 INFO completed=12374 new=12342 elapsed_s=3726.066 images_per_s=3.312341 device=mps
2026-09-13 03:47:11,752 INFO completed=12394 new=12362 elapsed_s=3732.259 images_per_s=3.312204 device=mps
2026-09-13 03:47:17,965 INFO completed=12414 new=12382 elapsed_s=3738.472 images_per_s=3.312048 device=mps
2026-09-13 03:47:24,162 INFO completed=12434 new=12402 elapsed_s=3744.668 images_per_s=3.311909 device=mps
2026-09-13 03:47:30,310 INFO completed=12454 new=12422 elapsed_s=3750.815 images_per_s=3.311814 device=mps
2026-09-13 03:47:36,563 INFO completed=12474 new=12442 elapsed_s=3757.067 images_per_s=3.311625 device=mps
2026-09-13 03:47:42,753 INFO completed=12494 new=12462 elapsed_s=3763.257 images_per_s=3.311493 device=mps
2026-09-13 03:47:48,936 INFO completed=12514 new=12482 elapsed_s=3769.439 images_per_s=3.311368 device=mps
2026-09-13 03:47:55,108 INFO completed=12534 new=12502 elapsed_s=3775.611 images_per_s=3.311252 device=mps
2026-09-13 03:48:01,283 INFO completed=12554 new=12522 elapsed_s=3781.786 images_per_s=3.311134 device=mps
2026-09-13 03:48:07,484 INFO completed=12574 new=12542 elapsed_s=3787.987 images_per_s=3.310993 device=mps
2026-09-13 03:48:13,711 INFO completed=12594 new=12562 elapsed_s=3794.214 images_per_s=3.310831 device=mps
2026-09-13 03:48:19,866 INFO completed=12614 new=12582 elapsed_s=3800.369 images_per_s=3.310731 device=mps
2026-09-13 03:48:26,052 INFO completed=12634 new=12602 elapsed_s=3806.555 images_per_s=3.310605 device=mps
2026-09-13 03:48:32,183 INFO completed=12654 new=12622 elapsed_s=3812.686 images_per_s=3.310527 device=mps
2026-09-13 03:48:38,343 INFO completed=12674 new=12642 elapsed_s=3818.846 images_per_s=3.310424 device=mps
2026-09-13 03:48:44,550 INFO completed=12694 new=12662 elapsed_s=3825.053 images_per_s=3.310281 device=mps
2026-09-13 03:48:50,999 INFO completed=12714 new=12682 elapsed_s=3831.502 images_per_s=3.309929 device=mps
2026-09-13 03:48:57,188 INFO completed=12734 new=12702 elapsed_s=3837.690 images_per_s=3.309803 device=mps
2026-09-13 03:49:03,476 INFO completed=12754 new=12722 elapsed_s=3843.979 images_per_s=3.309592 device=mps
2026-09-13 03:49:09,673 INFO completed=12774 new=12742 elapsed_s=3850.176 images_per_s=3.309459 device=mps
2026-09-13 03:49:15,846 INFO completed=12794 new=12762 elapsed_s=3856.349 images_per_s=3.309348 device=mps
2026-09-13 03:49:21,895 INFO completed=12814 new=12782 elapsed_s=3862.397 images_per_s=3.309344 device=mps
2026-09-13 03:49:27,973 INFO completed=12834 new=12802 elapsed_s=3868.476 images_per_s=3.309314 device=mps
2026-09-13 03:49:34,025 INFO completed=12854 new=12822 elapsed_s=3874.528 images_per_s=3.309306 device=mps
2026-09-13 03:49:40,126 INFO completed=12874 new=12842 elapsed_s=3880.629 images_per_s=3.309258 device=mps
2026-09-13 03:49:46,149 INFO completed=12894 new=12862 elapsed_s=3886.652 images_per_s=3.309275 device=mps
2026-09-13 03:49:52,251 INFO completed=12914 new=12882 elapsed_s=3892.753 images_per_s=3.309226 device=mps
2026-09-13 03:49:58,285 INFO completed=12934 new=12902 elapsed_s=3898.787 images_per_s=3.309234 device=mps
2026-09-13 03:50:04,375 INFO completed=12954 new=12922 elapsed_s=3904.878 images_per_s=3.309195 device=mps
2026-09-13 03:50:10,444 INFO completed=12974 new=12942 elapsed_s=3910.946 images_per_s=3.309174 device=mps
2026-09-13 03:50:16,561 INFO completed=12994 new=12962 elapsed_s=3917.063 images_per_s=3.309112 device=mps
2026-09-13 03:50:22,653 INFO completed=13014 new=12982 elapsed_s=3923.155 images_per_s=3.309071 device=mps
2026-09-13 03:50:28,736 INFO completed=13034 new=13002 elapsed_s=3929.238 images_per_s=3.309039 device=mps
2026-09-13 03:50:34,884 INFO completed=13054 new=13022 elapsed_s=3935.386 images_per_s=3.308951 device=mps
2026-09-13 03:50:40,987 INFO completed=13074 new=13042 elapsed_s=3941.489 images_per_s=3.308901 device=mps
2026-09-13 03:50:47,115 INFO completed=13094 new=13062 elapsed_s=3947.617 images_per_s=3.308832 device=mps
2026-09-13 03:50:53,272 INFO completed=13114 new=13082 elapsed_s=3953.774 images_per_s=3.308738 device=mps
2026-09-13 03:50:59,369 INFO completed=13134 new=13102 elapsed_s=3959.871 images_per_s=3.308693 device=mps
2026-09-13 03:51:05,421 INFO completed=13154 new=13122 elapsed_s=3965.923 images_per_s=3.308687 device=mps
2026-09-13 03:51:11,476 INFO completed=13174 new=13142 elapsed_s=3971.978 images_per_s=3.308679 device=mps
2026-09-13 03:51:17,593 INFO completed=13194 new=13162 elapsed_s=3978.095 images_per_s=3.308619 device=mps
2026-09-13 03:51:23,609 INFO completed=13214 new=13182 elapsed_s=3984.111 images_per_s=3.308643 device=mps
2026-09-13 03:51:29,654 INFO completed=13234 new=13202 elapsed_s=3990.156 images_per_s=3.308643 device=mps
2026-09-13 03:51:35,725 INFO completed=13254 new=13222 elapsed_s=3996.227 images_per_s=3.308621 device=mps
2026-09-13 03:51:41,776 INFO completed=13274 new=13242 elapsed_s=4002.278 images_per_s=3.308616 device=mps
2026-09-13 03:51:47,819 INFO completed=13294 new=13262 elapsed_s=4008.321 images_per_s=3.308617 device=mps
2026-09-13 03:51:53,870 INFO completed=13314 new=13282 elapsed_s=4014.372 images_per_s=3.308612 device=mps
2026-09-13 03:51:59,945 INFO completed=13334 new=13302 elapsed_s=4020.447 images_per_s=3.308587 device=mps
2026-09-13 03:52:05,980 INFO completed=13354 new=13322 elapsed_s=4026.482 images_per_s=3.308596 device=mps
2026-09-13 03:52:11,967 INFO completed=13374 new=13342 elapsed_s=4032.469 images_per_s=3.308643 device=mps
2026-09-13 03:52:18,059 INFO completed=13394 new=13362 elapsed_s=4038.561 images_per_s=3.308604 device=mps
2026-09-13 03:52:24,071 INFO completed=13414 new=13382 elapsed_s=4044.573 images_per_s=3.308631 device=mps
2026-09-13 03:52:30,107 INFO completed=13434 new=13402 elapsed_s=4050.609 images_per_s=3.308638 device=mps
2026-09-13 03:52:36,166 INFO completed=13454 new=13422 elapsed_s=4056.668 images_per_s=3.308627 device=mps
2026-09-13 03:52:42,268 INFO completed=13474 new=13442 elapsed_s=4062.770 images_per_s=3.308580 device=mps
2026-09-13 03:52:48,528 INFO completed=13494 new=13462 elapsed_s=4069.030 images_per_s=3.308406 device=mps
2026-09-13 03:52:54,658 INFO completed=13514 new=13482 elapsed_s=4075.159 images_per_s=3.308337 device=mps
2026-09-13 03:53:00,708 INFO completed=13534 new=13502 elapsed_s=4081.209 images_per_s=3.308333 device=mps
2026-09-13 03:53:06,757 INFO completed=13554 new=13522 elapsed_s=4087.259 images_per_s=3.308330 device=mps
2026-09-13 03:53:12,783 INFO completed=13574 new=13542 elapsed_s=4093.284 images_per_s=3.308346 device=mps
2026-09-13 03:53:18,820 INFO completed=13594 new=13562 elapsed_s=4099.321 images_per_s=3.308353 device=mps
2026-09-13 03:53:24,831 INFO completed=13614 new=13582 elapsed_s=4105.332 images_per_s=3.308380 device=mps
2026-09-13 03:53:30,825 INFO completed=13634 new=13602 elapsed_s=4111.327 images_per_s=3.308421 device=mps
2026-09-13 03:53:36,917 INFO completed=13654 new=13622 elapsed_s=4117.418 images_per_s=3.308384 device=mps
2026-09-13 03:53:43,018 INFO completed=13674 new=13642 elapsed_s=4123.519 images_per_s=3.308339 device=mps
2026-09-13 03:53:49,083 INFO completed=13694 new=13662 elapsed_s=4129.584 images_per_s=3.308324 device=mps
2026-09-13 03:53:55,098 INFO completed=13714 new=13682 elapsed_s=4135.599 images_per_s=3.308348 device=mps
2026-09-13 03:54:01,153 INFO completed=13734 new=13702 elapsed_s=4141.654 images_per_s=3.308340 device=mps
2026-09-13 03:54:07,232 INFO completed=13754 new=13722 elapsed_s=4147.733 images_per_s=3.308313 device=mps
2026-09-13 03:54:13,255 INFO completed=13774 new=13742 elapsed_s=4153.756 images_per_s=3.308331 device=mps
2026-09-13 03:54:19,277 INFO completed=13794 new=13762 elapsed_s=4159.778 images_per_s=3.308349 device=mps
2026-09-13 03:54:25,275 INFO completed=13814 new=13782 elapsed_s=4165.776 images_per_s=3.308387 device=mps
2026-09-13 03:54:31,278 INFO completed=13834 new=13802 elapsed_s=4171.778 images_per_s=3.308421 device=mps
2026-09-13 03:54:37,360 INFO completed=13854 new=13822 elapsed_s=4177.861 images_per_s=3.308391 device=mps
2026-09-13 03:54:43,434 INFO completed=13874 new=13842 elapsed_s=4183.934 images_per_s=3.308369 device=mps
2026-09-13 03:54:49,502 INFO completed=13894 new=13862 elapsed_s=4190.003 images_per_s=3.308351 device=mps
2026-09-13 03:54:55,505 INFO completed=13914 new=13882 elapsed_s=4196.005 images_per_s=3.308385 device=mps
2026-09-13 03:55:01,548 INFO completed=13934 new=13902 elapsed_s=4202.049 images_per_s=3.308386 device=mps
2026-09-13 03:55:07,588 INFO completed=13954 new=13922 elapsed_s=4208.089 images_per_s=3.308390 device=mps
2026-09-13 03:55:13,631 INFO completed=13974 new=13942 elapsed_s=4214.131 images_per_s=3.308392 device=mps
2026-09-13 03:55:19,691 INFO completed=13994 new=13962 elapsed_s=4220.191 images_per_s=3.308381 device=mps
2026-09-13 03:55:25,707 INFO completed=14014 new=13982 elapsed_s=4226.208 images_per_s=3.308403 device=mps
2026-09-13 03:55:31,667 INFO completed=14034 new=14002 elapsed_s=4232.167 images_per_s=3.308470 device=mps
2026-09-13 03:55:37,645 INFO completed=14054 new=14022 elapsed_s=4238.145 images_per_s=3.308523 device=mps
2026-09-13 03:55:43,678 INFO completed=14074 new=14042 elapsed_s=4244.178 images_per_s=3.308532 device=mps
2026-09-13 03:55:49,792 INFO completed=14094 new=14062 elapsed_s=4250.292 images_per_s=3.308478 device=mps
2026-09-13 03:55:55,786 INFO completed=14114 new=14082 elapsed_s=4256.287 images_per_s=3.308518 device=mps
2026-09-13 03:56:01,853 INFO completed=14134 new=14102 elapsed_s=4262.353 images_per_s=3.308501 device=mps
2026-09-13 03:56:07,948 INFO completed=14154 new=14122 elapsed_s=4268.449 images_per_s=3.308462 device=mps
2026-09-13 03:56:13,956 INFO completed=14174 new=14142 elapsed_s=4274.457 images_per_s=3.308491 device=mps
2026-09-13 03:56:20,111 INFO completed=14194 new=14162 elapsed_s=4280.611 images_per_s=3.308406 device=mps
2026-09-13 03:56:26,179 INFO completed=14214 new=14182 elapsed_s=4286.679 images_per_s=3.308388 device=mps
2026-09-13 03:56:32,201 INFO completed=14234 new=14202 elapsed_s=4292.701 images_per_s=3.308406 device=mps
2026-09-13 03:56:38,193 INFO completed=14254 new=14222 elapsed_s=4298.693 images_per_s=3.308448 device=mps
2026-09-13 03:56:44,192 INFO completed=14274 new=14242 elapsed_s=4304.692 images_per_s=3.308483 device=mps
2026-09-13 03:56:50,216 INFO completed=14294 new=14262 elapsed_s=4310.716 images_per_s=3.308499 device=mps
2026-09-13 03:56:56,198 INFO completed=14314 new=14282 elapsed_s=4316.698 images_per_s=3.308547 device=mps
2026-09-13 03:57:02,255 INFO completed=14334 new=14302 elapsed_s=4322.755 images_per_s=3.308538 device=mps
2026-09-13 03:57:08,269 INFO completed=14354 new=14322 elapsed_s=4328.769 images_per_s=3.308562 device=mps
2026-09-13 03:57:14,275 INFO completed=14374 new=14342 elapsed_s=4334.775 images_per_s=3.308592 device=mps
2026-09-13 03:57:20,328 INFO completed=14394 new=14362 elapsed_s=4340.827 images_per_s=3.308586 device=mps
2026-09-13 03:57:26,311 INFO completed=14414 new=14382 elapsed_s=4346.811 images_per_s=3.308633 device=mps
2026-09-13 03:57:32,293 INFO completed=14434 new=14402 elapsed_s=4352.793 images_per_s=3.308680 device=mps
2026-09-13 03:57:38,277 INFO completed=14454 new=14422 elapsed_s=4358.777 images_per_s=3.308727 device=mps
2026-09-13 03:57:44,290 INFO completed=14474 new=14442 elapsed_s=4364.790 images_per_s=3.308750 device=mps
2026-09-13 03:57:50,309 INFO completed=14494 new=14462 elapsed_s=4370.809 images_per_s=3.308770 device=mps
2026-09-13 03:57:56,270 INFO completed=14514 new=14482 elapsed_s=4376.769 images_per_s=3.308833 device=mps
2026-09-13 03:58:02,334 INFO completed=14534 new=14502 elapsed_s=4382.834 images_per_s=3.308818 device=mps
2026-09-13 03:58:08,425 INFO completed=14554 new=14522 elapsed_s=4388.924 images_per_s=3.308783 device=mps
2026-09-13 03:58:14,531 INFO completed=14574 new=14542 elapsed_s=4395.031 images_per_s=3.308737 device=mps
2026-09-13 03:58:20,546 INFO completed=14594 new=14562 elapsed_s=4401.046 images_per_s=3.308759 device=mps
2026-09-13 03:58:26,560 INFO completed=14614 new=14582 elapsed_s=4407.059 images_per_s=3.308782 device=mps
2026-09-13 03:58:32,625 INFO completed=14634 new=14602 elapsed_s=4413.124 images_per_s=3.308767 device=mps
2026-09-13 03:58:38,743 INFO completed=14654 new=14622 elapsed_s=4419.243 images_per_s=3.308712 device=mps
2026-09-13 03:58:44,783 INFO completed=14674 new=14642 elapsed_s=4425.282 images_per_s=3.308715 device=mps
2026-09-13 03:58:50,830 INFO completed=14694 new=14662 elapsed_s=4431.330 images_per_s=3.308714 device=mps
2026-09-13 03:58:56,859 INFO completed=14714 new=14682 elapsed_s=4437.359 images_per_s=3.308725 device=mps
2026-09-13 03:59:02,891 INFO completed=14734 new=14702 elapsed_s=4443.391 images_per_s=3.308735 device=mps
2026-09-13 03:59:08,937 INFO completed=14754 new=14722 elapsed_s=4449.436 images_per_s=3.308734 device=mps
2026-09-13 03:59:14,983 INFO completed=14774 new=14742 elapsed_s=4455.482 images_per_s=3.308733 device=mps
2026-09-13 03:59:21,009 INFO completed=14794 new=14762 elapsed_s=4461.508 images_per_s=3.308747 device=mps
2026-09-13 03:59:27,066 INFO completed=14814 new=14782 elapsed_s=4467.565 images_per_s=3.308737 device=mps
2026-09-13 03:59:33,085 INFO completed=14834 new=14802 elapsed_s=4473.584 images_per_s=3.308756 device=mps
2026-09-13 03:59:39,152 INFO completed=14854 new=14822 elapsed_s=4479.651 images_per_s=3.308740 device=mps
2026-09-13 03:59:45,156 INFO completed=14874 new=14842 elapsed_s=4485.655 images_per_s=3.308770 device=mps
2026-09-13 03:59:51,178 INFO completed=14894 new=14862 elapsed_s=4491.677 images_per_s=3.308787 device=mps
2026-09-13 03:59:57,241 INFO completed=14914 new=14882 elapsed_s=4497.740 images_per_s=3.308773 device=mps
2026-09-13 04:00:03,174 INFO completed=14934 new=14902 elapsed_s=4503.673 images_per_s=3.308855 device=mps
2026-09-13 04:00:09,276 INFO completed=14954 new=14922 elapsed_s=4509.775 images_per_s=3.308813 device=mps
2026-09-13 04:00:15,416 INFO completed=14974 new=14942 elapsed_s=4515.915 images_per_s=3.308743 device=mps
2026-09-13 04:00:21,671 INFO completed=14994 new=14962 elapsed_s=4522.170 images_per_s=3.308589 device=mps
2026-09-13 04:00:27,770 INFO completed=15014 new=14982 elapsed_s=4528.269 images_per_s=3.308549 device=mps
2026-09-13 04:00:33,863 INFO completed=15034 new=15002 elapsed_s=4534.362 images_per_s=3.308514 device=mps
2026-09-13 04:00:39,977 INFO completed=15054 new=15022 elapsed_s=4540.475 images_per_s=3.308464 device=mps
2026-09-13 04:00:46,050 INFO completed=15074 new=15042 elapsed_s=4546.548 images_per_s=3.308444 device=mps
2026-09-13 04:00:52,152 INFO completed=15094 new=15062 elapsed_s=4552.650 images_per_s=3.308403 device=mps
2026-09-13 04:00:58,393 INFO completed=15114 new=15082 elapsed_s=4558.891 images_per_s=3.308260 device=mps
2026-09-13 04:01:04,514 INFO completed=15134 new=15102 elapsed_s=4565.013 images_per_s=3.308205 device=mps
2026-09-13 04:01:10,619 INFO completed=15154 new=15122 elapsed_s=4571.117 images_per_s=3.308163 device=mps
2026-09-13 04:01:16,850 INFO completed=15174 new=15142 elapsed_s=4577.348 images_per_s=3.308029 device=mps
2026-09-13 04:01:22,973 INFO completed=15194 new=15162 elapsed_s=4583.471 images_per_s=3.307973 device=mps
2026-09-13 04:01:29,076 INFO completed=15214 new=15182 elapsed_s=4589.575 images_per_s=3.307932 device=mps
2026-09-13 04:01:35,129 INFO completed=15234 new=15202 elapsed_s=4595.628 images_per_s=3.307927 device=mps
2026-09-13 04:01:41,280 INFO completed=15254 new=15222 elapsed_s=4601.779 images_per_s=3.307851 device=mps
2026-09-13 04:01:47,372 INFO completed=15274 new=15242 elapsed_s=4607.870 images_per_s=3.307819 device=mps
2026-09-13 04:01:53,517 INFO completed=15294 new=15262 elapsed_s=4614.015 images_per_s=3.307748 device=mps
2026-09-13 04:01:59,649 INFO completed=15314 new=15282 elapsed_s=4620.148 images_per_s=3.307687 device=mps
2026-09-13 04:02:05,783 INFO completed=15334 new=15302 elapsed_s=4626.281 images_per_s=3.307624 device=mps
2026-09-13 04:02:11,839 INFO completed=15354 new=15322 elapsed_s=4632.338 images_per_s=3.307617 device=mps
2026-09-13 04:02:17,998 INFO completed=15374 new=15342 elapsed_s=4638.496 images_per_s=3.307538 device=mps
2026-09-13 04:02:24,096 INFO completed=15394 new=15362 elapsed_s=4644.594 images_per_s=3.307501 device=mps
2026-09-13 04:02:30,194 INFO completed=15414 new=15382 elapsed_s=4650.692 images_per_s=3.307465 device=mps
2026-09-13 04:02:36,292 INFO completed=15434 new=15402 elapsed_s=4656.791 images_per_s=3.307428 device=mps
2026-09-13 04:02:42,425 INFO completed=15454 new=15422 elapsed_s=4662.923 images_per_s=3.307367 device=mps
2026-09-13 04:02:48,533 INFO completed=15474 new=15442 elapsed_s=4669.031 images_per_s=3.307324 device=mps
2026-09-13 04:02:54,658 INFO completed=15494 new=15462 elapsed_s=4675.156 images_per_s=3.307269 device=mps
2026-09-13 04:03:00,761 INFO completed=15514 new=15482 elapsed_s=4681.259 images_per_s=3.307230 device=mps
2026-09-13 04:03:06,909 INFO completed=15534 new=15502 elapsed_s=4687.407 images_per_s=3.307159 device=mps
2026-09-13 04:03:13,047 INFO completed=15554 new=15522 elapsed_s=4693.544 images_per_s=3.307096 device=mps
2026-09-13 04:03:19,152 INFO completed=15574 new=15542 elapsed_s=4699.649 images_per_s=3.307055 device=mps
2026-09-13 04:03:25,282 INFO completed=15594 new=15562 elapsed_s=4705.779 images_per_s=3.306998 device=mps
2026-09-13 04:03:31,406 INFO completed=15614 new=15582 elapsed_s=4711.902 images_per_s=3.306945 device=mps
2026-09-13 04:03:37,509 INFO completed=15634 new=15602 elapsed_s=4718.005 images_per_s=3.306906 device=mps
2026-09-13 04:03:43,656 INFO completed=15654 new=15622 elapsed_s=4724.152 images_per_s=3.306837 device=mps
2026-09-13 04:03:49,780 INFO completed=15674 new=15642 elapsed_s=4730.276 images_per_s=3.306784 device=mps
2026-09-13 04:03:55,912 INFO completed=15694 new=15662 elapsed_s=4736.408 images_per_s=3.306725 device=mps
2026-09-13 04:04:02,018 INFO completed=15714 new=15682 elapsed_s=4742.513 images_per_s=3.306686 device=mps
2026-09-13 04:04:08,231 INFO completed=15734 new=15702 elapsed_s=4748.727 images_per_s=3.306570 device=mps
2026-09-13 04:04:14,354 INFO completed=15754 new=15722 elapsed_s=4754.850 images_per_s=3.306519 device=mps
2026-09-13 04:04:20,480 INFO completed=15774 new=15742 elapsed_s=4760.976 images_per_s=3.306465 device=mps
2026-09-13 04:04:26,610 INFO completed=15794 new=15762 elapsed_s=4767.105 images_per_s=3.306409 device=mps
2026-09-13 04:04:32,734 INFO completed=15814 new=15782 elapsed_s=4773.229 images_per_s=3.306357 device=mps
2026-09-13 04:04:38,812 INFO completed=15834 new=15802 elapsed_s=4779.307 images_per_s=3.306337 device=mps
2026-09-13 04:04:44,942 INFO completed=15854 new=15822 elapsed_s=4785.437 images_per_s=3.306281 device=mps
2026-09-13 04:04:51,068 INFO completed=15874 new=15842 elapsed_s=4791.564 images_per_s=3.306228 device=mps
2026-09-13 04:04:57,242 INFO completed=15894 new=15862 elapsed_s=4797.737 images_per_s=3.306142 device=mps
2026-09-13 04:05:03,351 INFO completed=15914 new=15882 elapsed_s=4803.846 images_per_s=3.306101 device=mps
2026-09-13 04:05:09,528 INFO completed=15934 new=15902 elapsed_s=4810.023 images_per_s=3.306013 device=mps
2026-09-13 04:05:15,670 INFO completed=15954 new=15922 elapsed_s=4816.165 images_per_s=3.305950 device=mps
2026-09-13 04:05:21,779 INFO completed=15974 new=15942 elapsed_s=4822.274 images_per_s=3.305909 device=mps
2026-09-13 04:05:27,939 INFO completed=15994 new=15962 elapsed_s=4828.434 images_per_s=3.305833 device=mps
2026-09-13 04:05:34,050 INFO completed=16014 new=15982 elapsed_s=4834.545 images_per_s=3.305792 device=mps
2026-09-13 04:05:40,158 INFO completed=16034 new=16002 elapsed_s=4840.653 images_per_s=3.305752 device=mps
2026-09-13 04:05:46,294 INFO completed=16054 new=16022 elapsed_s=4846.789 images_per_s=3.305694 device=mps
2026-09-13 04:05:52,471 INFO completed=16074 new=16042 elapsed_s=4852.966 images_per_s=3.305607 device=mps
2026-09-13 04:05:58,574 INFO completed=16094 new=16062 elapsed_s=4859.069 images_per_s=3.305572 device=mps
2026-09-13 04:06:04,746 INFO completed=16114 new=16082 elapsed_s=4865.240 images_per_s=3.305489 device=mps
2026-09-13 04:06:10,879 INFO completed=16134 new=16102 elapsed_s=4871.374 images_per_s=3.305433 device=mps
2026-09-13 04:06:17,029 INFO completed=16154 new=16122 elapsed_s=4877.524 images_per_s=3.305366 device=mps
2026-09-13 04:06:23,122 INFO completed=16174 new=16142 elapsed_s=4883.617 images_per_s=3.305337 device=mps
2026-09-13 04:06:29,246 INFO completed=16194 new=16162 elapsed_s=4889.740 images_per_s=3.305288 device=mps
2026-09-13 04:06:35,360 INFO completed=16214 new=16182 elapsed_s=4895.854 images_per_s=3.305245 device=mps
2026-09-13 04:06:41,540 INFO completed=16234 new=16202 elapsed_s=4902.035 images_per_s=3.305158 device=mps
2026-09-13 04:06:47,701 INFO completed=16254 new=16222 elapsed_s=4908.196 images_per_s=3.305084 device=mps
2026-09-13 04:06:53,956 INFO completed=16274 new=16242 elapsed_s=4914.451 images_per_s=3.304947 device=mps
2026-09-13 04:07:00,112 INFO completed=16294 new=16262 elapsed_s=4920.606 images_per_s=3.304877 device=mps
2026-09-13 04:07:06,268 INFO completed=16314 new=16282 elapsed_s=4926.763 images_per_s=3.304807 device=mps
2026-09-13 04:07:12,429 INFO completed=16334 new=16302 elapsed_s=4932.924 images_per_s=3.304734 device=mps
2026-09-13 04:07:18,601 INFO completed=16354 new=16322 elapsed_s=4939.096 images_per_s=3.304653 device=mps
2026-09-13 04:07:24,699 INFO completed=16374 new=16342 elapsed_s=4945.194 images_per_s=3.304623 device=mps
2026-09-13 04:07:30,832 INFO completed=16394 new=16362 elapsed_s=4951.326 images_per_s=3.304569 device=mps
2026-09-13 04:07:37,010 INFO completed=16414 new=16382 elapsed_s=4957.504 images_per_s=3.304485 device=mps
2026-09-13 04:07:43,119 INFO completed=16434 new=16402 elapsed_s=4963.613 images_per_s=3.304447 device=mps
2026-09-13 04:07:49,255 INFO completed=16454 new=16422 elapsed_s=4969.749 images_per_s=3.304392 device=mps
2026-09-13 04:07:55,394 INFO completed=16474 new=16442 elapsed_s=4975.889 images_per_s=3.304334 device=mps
2026-09-13 04:08:01,521 INFO completed=16494 new=16462 elapsed_s=4982.015 images_per_s=3.304285 device=mps
2026-09-13 04:08:07,677 INFO completed=16514 new=16482 elapsed_s=4988.171 images_per_s=3.304217 device=mps
2026-09-13 04:08:13,818 INFO completed=16534 new=16502 elapsed_s=4994.312 images_per_s=3.304159 device=mps
2026-09-13 04:08:19,967 INFO completed=16554 new=16522 elapsed_s=5000.461 images_per_s=3.304096 device=mps
2026-09-13 04:08:26,077 INFO completed=16574 new=16542 elapsed_s=5006.571 images_per_s=3.304058 device=mps
2026-09-13 04:08:32,224 INFO completed=16594 new=16562 elapsed_s=5012.718 images_per_s=3.303996 device=mps
2026-09-13 04:08:38,454 INFO completed=16614 new=16582 elapsed_s=5018.948 images_per_s=3.303880 device=mps
2026-09-13 04:08:44,611 INFO completed=16634 new=16602 elapsed_s=5025.105 images_per_s=3.303812 device=mps
2026-09-13 04:08:50,809 INFO completed=16654 new=16622 elapsed_s=5031.303 images_per_s=3.303717 device=mps
2026-09-13 04:08:57,042 INFO completed=16674 new=16642 elapsed_s=5037.536 images_per_s=3.303599 device=mps
2026-09-13 04:09:03,263 INFO completed=16694 new=16662 elapsed_s=5043.756 images_per_s=3.303490 device=mps
2026-09-13 04:09:09,459 INFO completed=16714 new=16682 elapsed_s=5049.953 images_per_s=3.303397 device=mps
2026-09-13 04:09:15,685 INFO completed=16734 new=16702 elapsed_s=5056.178 images_per_s=3.303285 device=mps
2026-09-13 04:09:21,877 INFO completed=16754 new=16722 elapsed_s=5062.371 images_per_s=3.303195 device=mps
2026-09-13 04:09:27,979 INFO completed=16774 new=16742 elapsed_s=5068.473 images_per_s=3.303165 device=mps
2026-09-13 04:09:34,095 INFO completed=16794 new=16762 elapsed_s=5074.588 images_per_s=3.303125 device=mps
2026-09-13 04:09:40,218 INFO completed=16814 new=16782 elapsed_s=5080.712 images_per_s=3.303080 device=mps
2026-09-13 04:09:46,412 INFO completed=16834 new=16802 elapsed_s=5086.905 images_per_s=3.302990 device=mps
2026-09-13 04:09:52,538 INFO completed=16854 new=16822 elapsed_s=5093.032 images_per_s=3.302944 device=mps
2026-09-13 04:09:58,782 INFO completed=16874 new=16842 elapsed_s=5099.276 images_per_s=3.302822 device=mps
2026-09-13 04:10:04,988 INFO completed=16894 new=16862 elapsed_s=5105.481 images_per_s=3.302725 device=mps
2026-09-13 04:10:11,160 INFO completed=16914 new=16882 elapsed_s=5111.653 images_per_s=3.302650 device=mps
2026-09-13 04:10:17,344 INFO completed=16934 new=16902 elapsed_s=5117.837 images_per_s=3.302567 device=mps
2026-09-13 04:10:23,519 INFO completed=16954 new=16922 elapsed_s=5124.013 images_per_s=3.302490 device=mps
2026-09-13 04:10:29,726 INFO completed=16974 new=16942 elapsed_s=5130.219 images_per_s=3.302393 device=mps
2026-09-13 04:10:35,908 INFO completed=16994 new=16962 elapsed_s=5136.402 images_per_s=3.302312 device=mps
2026-09-13 04:10:42,130 INFO completed=17014 new=16982 elapsed_s=5142.623 images_per_s=3.302206 device=mps
2026-09-13 04:10:48,351 INFO completed=17034 new=17002 elapsed_s=5148.844 images_per_s=3.302100 device=mps
2026-09-13 04:10:54,552 INFO completed=17054 new=17022 elapsed_s=5155.045 images_per_s=3.302008 device=mps
2026-09-13 04:11:00,779 INFO completed=17074 new=17042 elapsed_s=5161.272 images_per_s=3.301899 device=mps
2026-09-13 04:11:06,960 INFO completed=17094 new=17062 elapsed_s=5167.453 images_per_s=3.301820 device=mps
2026-09-13 04:11:13,160 INFO completed=17114 new=17082 elapsed_s=5173.653 images_per_s=3.301729 device=mps
2026-09-13 04:11:19,367 INFO completed=17134 new=17102 elapsed_s=5179.859 images_per_s=3.301634 device=mps
2026-09-13 04:11:25,493 INFO completed=17154 new=17122 elapsed_s=5185.986 images_per_s=3.301590 device=mps
2026-09-13 04:11:31,593 INFO completed=17174 new=17142 elapsed_s=5192.085 images_per_s=3.301564 device=mps
2026-09-13 04:11:37,776 INFO completed=17194 new=17162 elapsed_s=5198.268 images_per_s=3.301484 device=mps
2026-09-13 04:11:43,930 INFO completed=17214 new=17182 elapsed_s=5204.422 images_per_s=3.301423 device=mps
2026-09-13 04:11:49,979 INFO completed=17234 new=17202 elapsed_s=5210.471 images_per_s=3.301429 device=mps
2026-09-13 04:11:56,110 INFO completed=17254 new=17222 elapsed_s=5216.602 images_per_s=3.301383 device=mps
2026-09-13 04:12:02,334 INFO completed=17274 new=17242 elapsed_s=5222.827 images_per_s=3.301278 device=mps
2026-09-13 04:12:08,496 INFO completed=17294 new=17262 elapsed_s=5228.989 images_per_s=3.301212 device=mps
2026-09-13 04:12:14,679 INFO completed=17314 new=17282 elapsed_s=5235.172 images_per_s=3.301133 device=mps
2026-09-13 04:12:20,832 INFO completed=17334 new=17302 elapsed_s=5241.324 images_per_s=3.301074 device=mps
2026-09-13 04:12:26,971 INFO completed=17354 new=17322 elapsed_s=5247.463 images_per_s=3.301023 device=mps
2026-09-13 04:12:33,137 INFO completed=17374 new=17342 elapsed_s=5253.630 images_per_s=3.300956 device=mps
2026-09-13 04:12:39,302 INFO completed=17394 new=17362 elapsed_s=5259.794 images_per_s=3.300890 device=mps
2026-09-13 04:12:45,458 INFO completed=17414 new=17382 elapsed_s=5265.950 images_per_s=3.300829 device=mps
2026-09-13 04:12:51,551 INFO completed=17434 new=17402 elapsed_s=5272.043 images_per_s=3.300808 device=mps
2026-09-13 04:12:57,765 INFO completed=17454 new=17422 elapsed_s=5278.257 images_per_s=3.300711 device=mps
2026-09-13 04:13:03,977 INFO completed=17474 new=17442 elapsed_s=5284.469 images_per_s=3.300615 device=mps
2026-09-13 04:13:10,110 INFO completed=17494 new=17462 elapsed_s=5290.602 images_per_s=3.300569 device=mps
2026-09-13 04:13:16,339 INFO completed=17514 new=17482 elapsed_s=5296.831 images_per_s=3.300464 device=mps
2026-09-13 04:13:22,471 INFO completed=17534 new=17502 elapsed_s=5302.963 images_per_s=3.300419 device=mps
2026-09-13 04:13:28,555 INFO completed=17554 new=17522 elapsed_s=5309.047 images_per_s=3.300404 device=mps
2026-09-13 04:13:34,648 INFO completed=17574 new=17542 elapsed_s=5315.140 images_per_s=3.300384 device=mps
2026-09-13 04:13:40,729 INFO completed=17594 new=17562 elapsed_s=5321.221 images_per_s=3.300370 device=mps
2026-09-13 04:13:46,812 INFO completed=17614 new=17582 elapsed_s=5327.304 images_per_s=3.300356 device=mps
2026-09-13 04:13:52,854 INFO completed=17634 new=17602 elapsed_s=5333.346 images_per_s=3.300367 device=mps
2026-09-13 04:13:58,966 INFO completed=17654 new=17622 elapsed_s=5339.458 images_per_s=3.300335 device=mps
2026-09-13 04:14:05,159 INFO completed=17674 new=17642 elapsed_s=5345.651 images_per_s=3.300253 device=mps
2026-09-13 04:14:11,182 INFO completed=17694 new=17662 elapsed_s=5351.674 images_per_s=3.300276 device=mps
2026-09-13 04:14:17,280 INFO completed=17714 new=17682 elapsed_s=5357.772 images_per_s=3.300253 device=mps
2026-09-13 04:14:23,388 INFO completed=17734 new=17702 elapsed_s=5363.879 images_per_s=3.300223 device=mps
2026-09-13 04:14:29,473 INFO completed=17754 new=17722 elapsed_s=5369.965 images_per_s=3.300208 device=mps
2026-09-13 04:14:35,529 INFO completed=17774 new=17742 elapsed_s=5376.021 images_per_s=3.300210 device=mps
2026-09-13 04:14:41,675 INFO completed=17794 new=17762 elapsed_s=5382.167 images_per_s=3.300158 device=mps
2026-09-13 04:14:47,730 INFO completed=17814 new=17782 elapsed_s=5388.221 images_per_s=3.300161 device=mps
2026-09-13 04:14:53,817 INFO completed=17834 new=17802 elapsed_s=5394.308 images_per_s=3.300145 device=mps
2026-09-13 04:14:59,872 INFO completed=17854 new=17822 elapsed_s=5400.363 images_per_s=3.300148 device=mps
2026-09-13 04:15:05,961 INFO completed=17874 new=17842 elapsed_s=5406.452 images_per_s=3.300131 device=mps
2026-09-13 04:15:12,022 INFO completed=17894 new=17862 elapsed_s=5412.513 images_per_s=3.300131 device=mps
2026-09-13 04:15:18,112 INFO completed=17914 new=17882 elapsed_s=5418.603 images_per_s=3.300112 device=mps
2026-09-13 04:15:24,185 INFO completed=17934 new=17902 elapsed_s=5424.677 images_per_s=3.300105 device=mps
2026-09-13 04:15:30,252 INFO completed=17954 new=17922 elapsed_s=5430.743 images_per_s=3.300101 device=mps
2026-09-13 04:15:36,295 INFO completed=17974 new=17942 elapsed_s=5436.786 images_per_s=3.300111 device=mps
2026-09-13 04:15:42,375 INFO completed=17994 new=17962 elapsed_s=5442.867 images_per_s=3.300099 device=mps
2026-09-13 04:15:48,442 INFO completed=18014 new=17982 elapsed_s=5448.933 images_per_s=3.300096 device=mps
2026-09-13 04:15:54,494 INFO completed=18034 new=18002 elapsed_s=5454.985 images_per_s=3.300101 device=mps
2026-09-13 04:16:00,602 INFO completed=18054 new=18022 elapsed_s=5461.093 images_per_s=3.300072 device=mps
2026-09-13 04:16:06,713 INFO completed=18074 new=18042 elapsed_s=5467.204 images_per_s=3.300042 device=mps
2026-09-13 04:16:12,780 INFO completed=18094 new=18062 elapsed_s=5473.271 images_per_s=3.300037 device=mps
2026-09-13 04:16:18,944 INFO completed=18114 new=18082 elapsed_s=5479.435 images_per_s=3.299975 device=mps
2026-09-13 04:16:25,025 INFO completed=18134 new=18102 elapsed_s=5485.516 images_per_s=3.299963 device=mps
2026-09-13 04:16:31,134 INFO completed=18154 new=18122 elapsed_s=5491.625 images_per_s=3.299934 device=mps
2026-09-13 04:16:37,188 INFO completed=18174 new=18142 elapsed_s=5497.679 images_per_s=3.299938 device=mps
2026-09-13 04:16:43,297 INFO completed=18194 new=18162 elapsed_s=5503.787 images_per_s=3.299909 device=mps
2026-09-13 04:16:49,354 INFO completed=18214 new=18182 elapsed_s=5509.845 images_per_s=3.299912 device=mps
2026-09-13 04:16:55,424 INFO completed=18234 new=18202 elapsed_s=5515.915 images_per_s=3.299906 device=mps
2026-09-13 04:17:01,675 INFO completed=18254 new=18222 elapsed_s=5522.165 images_per_s=3.299792 device=mps
2026-09-13 04:17:07,829 INFO completed=18274 new=18242 elapsed_s=5528.320 images_per_s=3.299737 device=mps
2026-09-13 04:17:14,012 INFO completed=18294 new=18262 elapsed_s=5534.502 images_per_s=3.299664 device=mps
2026-09-13 04:17:20,139 INFO completed=18314 new=18282 elapsed_s=5540.629 images_per_s=3.299625 device=mps
2026-09-13 04:17:26,252 INFO completed=18334 new=18302 elapsed_s=5546.742 images_per_s=3.299594 device=mps
2026-09-13 04:17:32,416 INFO completed=18354 new=18322 elapsed_s=5552.907 images_per_s=3.299533 device=mps
2026-09-13 04:17:38,545 INFO completed=18374 new=18342 elapsed_s=5559.036 images_per_s=3.299493 device=mps
2026-09-13 04:17:44,727 INFO completed=18394 new=18362 elapsed_s=5565.218 images_per_s=3.299422 device=mps
2026-09-13 04:17:50,839 INFO completed=18414 new=18382 elapsed_s=5571.329 images_per_s=3.299392 device=mps
2026-09-13 04:17:56,949 INFO completed=18434 new=18402 elapsed_s=5577.439 images_per_s=3.299364 device=mps
2026-09-13 04:18:03,177 INFO completed=18454 new=18422 elapsed_s=5583.668 images_per_s=3.299265 device=mps
2026-09-13 04:18:09,312 INFO completed=18474 new=18442 elapsed_s=5589.802 images_per_s=3.299222 device=mps
2026-09-13 04:18:15,570 INFO completed=18494 new=18462 elapsed_s=5596.060 images_per_s=3.299107 device=mps
2026-09-13 04:18:21,721 INFO completed=18514 new=18482 elapsed_s=5602.211 images_per_s=3.299054 device=mps
2026-09-13 04:18:27,812 INFO completed=18534 new=18502 elapsed_s=5608.303 images_per_s=3.299037 device=mps
2026-09-13 04:18:33,980 INFO completed=18554 new=18522 elapsed_s=5614.470 images_per_s=3.298976 device=mps
2026-09-13 04:18:40,070 INFO completed=18574 new=18542 elapsed_s=5620.560 images_per_s=3.298959 device=mps
2026-09-13 04:18:46,256 INFO completed=18594 new=18562 elapsed_s=5626.746 images_per_s=3.298887 device=mps
2026-09-13 04:18:52,393 INFO completed=18614 new=18582 elapsed_s=5632.883 images_per_s=3.298844 device=mps
2026-09-13 04:18:58,509 INFO completed=18634 new=18602 elapsed_s=5638.999 images_per_s=3.298812 device=mps
2026-09-13 04:19:04,623 INFO completed=18654 new=18622 elapsed_s=5645.113 images_per_s=3.298783 device=mps
2026-09-13 04:19:10,789 INFO completed=18674 new=18642 elapsed_s=5651.279 images_per_s=3.298722 device=mps
2026-09-13 04:19:16,941 INFO completed=18694 new=18662 elapsed_s=5657.431 images_per_s=3.298670 device=mps
2026-09-13 04:19:23,063 INFO completed=18714 new=18682 elapsed_s=5663.553 images_per_s=3.298636 device=mps
2026-09-13 04:19:29,165 INFO completed=18734 new=18702 elapsed_s=5669.655 images_per_s=3.298613 device=mps
2026-09-13 04:19:35,259 INFO completed=18754 new=18722 elapsed_s=5675.749 images_per_s=3.298596 device=mps
2026-09-13 04:19:41,377 INFO completed=18774 new=18742 elapsed_s=5681.866 images_per_s=3.298564 device=mps
2026-09-13 04:19:47,516 INFO completed=18794 new=18762 elapsed_s=5688.005 images_per_s=3.298520 device=mps
2026-09-13 04:19:53,661 INFO completed=18814 new=18782 elapsed_s=5694.151 images_per_s=3.298473 device=mps
2026-09-13 04:19:59,802 INFO completed=18834 new=18802 elapsed_s=5700.292 images_per_s=3.298427 device=mps
2026-09-13 04:20:05,950 INFO completed=18854 new=18822 elapsed_s=5706.440 images_per_s=3.298379 device=mps
2026-09-13 04:20:12,052 INFO completed=18874 new=18842 elapsed_s=5712.541 images_per_s=3.298357 device=mps
2026-09-13 04:20:18,154 INFO completed=18894 new=18862 elapsed_s=5718.644 images_per_s=3.298335 device=mps
2026-09-13 04:20:24,259 INFO completed=18914 new=18882 elapsed_s=5724.749 images_per_s=3.298311 device=mps
2026-09-13 04:20:30,364 INFO completed=18934 new=18902 elapsed_s=5730.854 images_per_s=3.298287 device=mps
2026-09-13 04:20:36,450 INFO completed=18954 new=18922 elapsed_s=5736.939 images_per_s=3.298274 device=mps
2026-09-13 04:20:42,595 INFO completed=18974 new=18942 elapsed_s=5743.085 images_per_s=3.298228 device=mps
2026-09-13 04:20:48,709 INFO completed=18994 new=18962 elapsed_s=5749.199 images_per_s=3.298199 device=mps
2026-09-13 04:20:54,791 INFO completed=19014 new=18982 elapsed_s=5755.281 images_per_s=3.298188 device=mps
2026-09-13 04:21:00,983 INFO completed=19034 new=19002 elapsed_s=5761.473 images_per_s=3.298115 device=mps
2026-09-13 04:21:07,187 INFO completed=19054 new=19022 elapsed_s=5767.677 images_per_s=3.298035 device=mps
2026-09-13 04:21:13,338 INFO completed=19074 new=19042 elapsed_s=5773.827 images_per_s=3.297986 device=mps
2026-09-13 04:21:19,525 INFO completed=19094 new=19062 elapsed_s=5780.015 images_per_s=3.297915 device=mps
2026-09-13 04:21:25,668 INFO completed=19114 new=19082 elapsed_s=5786.157 images_per_s=3.297871 device=mps
2026-09-13 04:21:31,802 INFO completed=19134 new=19102 elapsed_s=5792.291 images_per_s=3.297831 device=mps
2026-09-13 04:21:38,009 INFO completed=19154 new=19122 elapsed_s=5798.498 images_per_s=3.297750 device=mps
2026-09-13 04:21:44,175 INFO completed=19174 new=19142 elapsed_s=5804.664 images_per_s=3.297693 device=mps
2026-09-13 04:21:50,343 INFO completed=19194 new=19162 elapsed_s=5810.833 images_per_s=3.297634 device=mps
2026-09-13 04:21:56,478 INFO completed=19214 new=19182 elapsed_s=5816.968 images_per_s=3.297594 device=mps
2026-09-13 04:22:02,625 INFO completed=19234 new=19202 elapsed_s=5823.114 images_per_s=3.297549 device=mps
2026-09-13 04:22:08,868 INFO completed=19254 new=19222 elapsed_s=5829.357 images_per_s=3.297448 device=mps
2026-09-13 04:22:14,997 INFO completed=19274 new=19242 elapsed_s=5835.486 images_per_s=3.297412 device=mps
2026-09-13 04:22:21,240 INFO completed=19294 new=19262 elapsed_s=5841.729 images_per_s=3.297311 device=mps
2026-09-13 04:22:27,476 INFO completed=19314 new=19282 elapsed_s=5847.965 images_per_s=3.297215 device=mps
2026-09-13 04:22:33,655 INFO completed=19334 new=19302 elapsed_s=5854.144 images_per_s=3.297152 device=mps
2026-09-13 04:22:39,837 INFO completed=19354 new=19322 elapsed_s=5860.326 images_per_s=3.297086 device=mps
2026-09-13 04:22:46,093 INFO completed=19374 new=19342 elapsed_s=5866.582 images_per_s=3.296980 device=mps
2026-09-13 04:22:52,221 INFO completed=19394 new=19362 elapsed_s=5872.710 images_per_s=3.296945 device=mps
2026-09-13 04:22:58,281 INFO completed=19414 new=19382 elapsed_s=5878.770 images_per_s=3.296948 device=mps
2026-09-13 04:23:04,401 INFO completed=19434 new=19402 elapsed_s=5884.889 images_per_s=3.296918 device=mps
2026-09-13 04:23:10,548 INFO completed=19454 new=19422 elapsed_s=5891.037 images_per_s=3.296873 device=mps
2026-09-13 04:23:16,610 INFO completed=19474 new=19442 elapsed_s=5897.098 images_per_s=3.296876 device=mps
2026-09-13 04:23:22,860 INFO completed=19494 new=19462 elapsed_s=5903.349 images_per_s=3.296773 device=mps
2026-09-13 04:23:28,994 INFO completed=19514 new=19482 elapsed_s=5909.482 images_per_s=3.296735 device=mps
2026-09-13 04:23:35,159 INFO completed=19534 new=19502 elapsed_s=5915.647 images_per_s=3.296681 device=mps
2026-09-13 04:23:41,304 INFO completed=19554 new=19522 elapsed_s=5921.792 images_per_s=3.296637 device=mps
2026-09-13 04:23:47,476 INFO completed=19574 new=19542 elapsed_s=5927.965 images_per_s=3.296578 device=mps
2026-09-13 04:23:53,643 INFO completed=19594 new=19562 elapsed_s=5934.131 images_per_s=3.296523 device=mps
2026-09-13 04:23:59,793 INFO completed=19614 new=19582 elapsed_s=5940.281 images_per_s=3.296477 device=mps
2026-09-13 04:24:05,980 INFO completed=19634 new=19602 elapsed_s=5946.468 images_per_s=3.296410 device=mps
2026-09-13 04:24:12,111 INFO completed=19654 new=19622 elapsed_s=5952.599 images_per_s=3.296375 device=mps
2026-09-13 04:24:18,197 INFO completed=19674 new=19642 elapsed_s=5958.685 images_per_s=3.296365 device=mps
2026-09-13 04:24:24,342 INFO completed=19694 new=19662 elapsed_s=5964.830 images_per_s=3.296322 device=mps
2026-09-13 04:24:30,439 INFO completed=19714 new=19682 elapsed_s=5970.928 images_per_s=3.296305 device=mps
2026-09-13 04:24:36,593 INFO completed=19734 new=19702 elapsed_s=5977.081 images_per_s=3.296258 device=mps
2026-09-13 04:24:42,793 INFO completed=19754 new=19722 elapsed_s=5983.282 images_per_s=3.296184 device=mps
2026-09-13 04:24:48,872 INFO completed=19774 new=19742 elapsed_s=5989.360 images_per_s=3.296178 device=mps
2026-09-13 04:24:54,974 INFO completed=19794 new=19762 elapsed_s=5995.462 images_per_s=3.296160 device=mps
2026-09-13 04:25:01,037 INFO completed=19814 new=19782 elapsed_s=6001.525 images_per_s=3.296162 device=mps
2026-09-13 04:25:07,261 INFO completed=19834 new=19802 elapsed_s=6007.749 images_per_s=3.296076 device=mps
2026-09-13 04:25:13,419 INFO completed=19854 new=19822 elapsed_s=6013.907 images_per_s=3.296027 device=mps
2026-09-13 04:25:19,515 INFO completed=19874 new=19842 elapsed_s=6020.003 images_per_s=3.296012 device=mps
2026-09-13 04:25:25,611 INFO completed=19894 new=19862 elapsed_s=6026.099 images_per_s=3.295997 device=mps
2026-09-13 04:25:31,710 INFO completed=19914 new=19882 elapsed_s=6032.198 images_per_s=3.295980 device=mps
2026-09-13 04:25:37,785 INFO completed=19934 new=19902 elapsed_s=6038.273 images_per_s=3.295976 device=mps
2026-09-13 04:25:44,255 INFO completed=19954 new=19922 elapsed_s=6044.742 images_per_s=3.295757 device=mps
2026-09-13 04:25:50,370 INFO completed=19974 new=19942 elapsed_s=6050.858 images_per_s=3.295731 device=mps
2026-09-13 04:25:56,556 INFO completed=19994 new=19962 elapsed_s=6057.044 images_per_s=3.295667 device=mps
2026-09-13 04:26:02,817 INFO completed=20014 new=19982 elapsed_s=6063.305 images_per_s=3.295563 device=mps
2026-09-13 04:26:09,106 INFO completed=20034 new=20002 elapsed_s=6069.594 images_per_s=3.295443 device=mps
2026-09-13 04:26:15,406 INFO completed=20054 new=20022 elapsed_s=6075.893 images_per_s=3.295318 device=mps
2026-09-13 04:26:21,570 INFO completed=20074 new=20042 elapsed_s=6082.058 images_per_s=3.295266 device=mps
2026-09-13 04:26:27,805 INFO completed=20094 new=20062 elapsed_s=6088.292 images_per_s=3.295177 device=mps
2026-09-13 04:26:34,024 INFO completed=20114 new=20082 elapsed_s=6094.512 images_per_s=3.295096 device=mps
2026-09-13 04:26:40,201 INFO completed=20134 new=20102 elapsed_s=6100.689 images_per_s=3.295038 device=mps
2026-09-13 04:26:46,393 INFO completed=20154 new=20122 elapsed_s=6106.880 images_per_s=3.294972 device=mps
2026-09-13 04:26:52,554 INFO completed=20174 new=20142 elapsed_s=6113.041 images_per_s=3.294923 device=mps
2026-09-13 04:26:58,671 INFO completed=20194 new=20162 elapsed_s=6119.158 images_per_s=3.294898 device=mps
2026-09-13 04:27:04,850 INFO completed=20214 new=20182 elapsed_s=6125.337 images_per_s=3.294839 device=mps
2026-09-13 04:27:11,127 INFO completed=20234 new=20202 elapsed_s=6131.614 images_per_s=3.294728 device=mps
2026-09-13 04:27:17,274 INFO completed=20254 new=20222 elapsed_s=6137.762 images_per_s=3.294686 device=mps
2026-09-13 04:27:23,390 INFO completed=20274 new=20242 elapsed_s=6143.877 images_per_s=3.294662 device=mps
2026-09-13 04:27:29,674 INFO completed=20294 new=20262 elapsed_s=6150.162 images_per_s=3.294548 device=mps
2026-09-13 04:27:35,819 INFO completed=20314 new=20282 elapsed_s=6156.306 images_per_s=3.294508 device=mps
2026-09-13 04:27:42,008 INFO completed=20334 new=20302 elapsed_s=6162.495 images_per_s=3.294445 device=mps
2026-09-13 04:27:48,193 INFO completed=20354 new=20322 elapsed_s=6168.680 images_per_s=3.294384 device=mps
2026-09-13 04:27:54,387 INFO completed=20374 new=20342 elapsed_s=6174.874 images_per_s=3.294318 device=mps
2026-09-13 04:28:00,551 INFO completed=20394 new=20362 elapsed_s=6181.038 images_per_s=3.294269 device=mps
2026-09-13 04:28:06,759 INFO completed=20414 new=20382 elapsed_s=6187.246 images_per_s=3.294196 device=mps
2026-09-13 04:28:13,011 INFO completed=20434 new=20402 elapsed_s=6193.498 images_per_s=3.294100 device=mps
2026-09-13 04:28:19,104 INFO completed=20454 new=20422 elapsed_s=6199.590 images_per_s=3.294089 device=mps
2026-09-13 04:28:25,206 INFO completed=20474 new=20442 elapsed_s=6205.692 images_per_s=3.294072 device=mps
2026-09-13 04:28:31,319 INFO completed=20494 new=20462 elapsed_s=6211.806 images_per_s=3.294050 device=mps
2026-09-13 04:28:37,369 INFO completed=20514 new=20482 elapsed_s=6217.856 images_per_s=3.294062 device=mps
2026-09-13 04:28:43,468 INFO completed=20534 new=20502 elapsed_s=6223.955 images_per_s=3.294047 device=mps
2026-09-13 04:28:49,568 INFO completed=20554 new=20522 elapsed_s=6230.055 images_per_s=3.294032 device=mps
2026-09-13 04:28:55,715 INFO completed=20574 new=20542 elapsed_s=6236.201 images_per_s=3.293992 device=mps
2026-09-13 04:29:01,816 INFO completed=20594 new=20562 elapsed_s=6242.302 images_per_s=3.293977 device=mps
2026-09-13 04:29:07,939 INFO completed=20614 new=20582 elapsed_s=6248.425 images_per_s=3.293950 device=mps
2026-09-13 04:29:14,102 INFO completed=20634 new=20602 elapsed_s=6254.588 images_per_s=3.293902 device=mps
2026-09-13 04:29:20,209 INFO completed=20654 new=20622 elapsed_s=6260.696 images_per_s=3.293883 device=mps
2026-09-13 04:29:26,254 INFO completed=20674 new=20642 elapsed_s=6266.741 images_per_s=3.293897 device=mps
2026-09-13 04:29:32,352 INFO completed=20694 new=20662 elapsed_s=6272.838 images_per_s=3.293884 device=mps
2026-09-13 04:29:38,449 INFO completed=20714 new=20682 elapsed_s=6278.935 images_per_s=3.293870 device=mps
2026-09-13 04:29:44,560 INFO completed=20734 new=20702 elapsed_s=6285.046 images_per_s=3.293850 device=mps
2026-09-13 04:29:50,613 INFO completed=20754 new=20722 elapsed_s=6291.099 images_per_s=3.293860 device=mps
2026-09-13 04:29:56,726 INFO completed=20774 new=20742 elapsed_s=6297.212 images_per_s=3.293839 device=mps
2026-09-13 04:30:02,834 INFO completed=20794 new=20762 elapsed_s=6303.320 images_per_s=3.293820 device=mps
2026-09-13 04:30:08,975 INFO completed=20814 new=20782 elapsed_s=6309.461 images_per_s=3.293784 device=mps
2026-09-13 04:30:15,184 INFO completed=20834 new=20802 elapsed_s=6315.671 images_per_s=3.293712 device=mps
2026-09-13 04:30:21,423 INFO completed=20854 new=20822 elapsed_s=6321.909 images_per_s=3.293625 device=mps
2026-09-13 04:30:27,692 INFO completed=20874 new=20842 elapsed_s=6328.178 images_per_s=3.293523 device=mps
2026-09-13 04:30:34,009 INFO completed=20894 new=20862 elapsed_s=6334.495 images_per_s=3.293396 device=mps
2026-09-13 04:30:40,189 INFO completed=20914 new=20882 elapsed_s=6340.674 images_per_s=3.293341 device=mps
2026-09-13 04:30:46,334 INFO completed=20934 new=20902 elapsed_s=6346.820 images_per_s=3.293303 device=mps
2026-09-13 04:30:52,364 INFO completed=20954 new=20922 elapsed_s=6352.850 images_per_s=3.293325 device=mps
2026-09-13 04:30:58,446 INFO completed=20974 new=20942 elapsed_s=6358.932 images_per_s=3.293321 device=mps
2026-09-13 04:31:04,622 INFO completed=20994 new=20962 elapsed_s=6365.108 images_per_s=3.293267 device=mps
2026-09-13 04:31:10,724 INFO completed=21014 new=20982 elapsed_s=6371.210 images_per_s=3.293252 device=mps
2026-09-13 04:31:16,884 INFO completed=21034 new=21002 elapsed_s=6377.369 images_per_s=3.293207 device=mps
2026-09-13 04:31:22,993 INFO completed=21054 new=21022 elapsed_s=6383.478 images_per_s=3.293189 device=mps
2026-09-13 04:31:29,093 INFO completed=21074 new=21042 elapsed_s=6389.579 images_per_s=3.293175 device=mps
2026-09-13 04:31:35,179 INFO completed=21094 new=21062 elapsed_s=6395.665 images_per_s=3.293168 device=mps
2026-09-13 04:31:41,262 INFO completed=21114 new=21082 elapsed_s=6401.748 images_per_s=3.293163 device=mps
2026-09-13 04:31:47,358 INFO completed=21134 new=21102 elapsed_s=6407.843 images_per_s=3.293152 device=mps
2026-09-13 04:31:53,395 INFO completed=21154 new=21122 elapsed_s=6413.881 images_per_s=3.293170 device=mps
2026-09-13 04:31:59,475 INFO completed=21174 new=21142 elapsed_s=6419.961 images_per_s=3.293167 device=mps
2026-09-13 04:32:05,632 INFO completed=21194 new=21162 elapsed_s=6426.117 images_per_s=3.293124 device=mps
2026-09-13 04:32:11,727 INFO completed=21214 new=21182 elapsed_s=6432.213 images_per_s=3.293112 device=mps
2026-09-13 04:32:17,918 INFO completed=21234 new=21202 elapsed_s=6438.403 images_per_s=3.293052 device=mps
2026-09-13 04:32:24,053 INFO completed=21254 new=21222 elapsed_s=6444.538 images_per_s=3.293021 device=mps
2026-09-13 04:32:30,208 INFO completed=21274 new=21242 elapsed_s=6450.694 images_per_s=3.292979 device=mps
2026-09-13 04:32:36,371 INFO completed=21294 new=21262 elapsed_s=6456.856 images_per_s=3.292934 device=mps
2026-09-13 04:32:42,485 INFO completed=21314 new=21282 elapsed_s=6462.970 images_per_s=3.292913 device=mps
2026-09-13 04:32:48,653 INFO completed=21334 new=21302 elapsed_s=6469.138 images_per_s=3.292865 device=mps
2026-09-13 04:32:54,795 INFO completed=21354 new=21322 elapsed_s=6475.280 images_per_s=3.292831 device=mps
2026-09-13 04:33:00,922 INFO completed=21374 new=21342 elapsed_s=6481.407 images_per_s=3.292804 device=mps
2026-09-13 04:33:07,023 INFO completed=21394 new=21362 elapsed_s=6487.508 images_per_s=3.292790 device=mps
2026-09-13 04:33:13,128 INFO completed=21414 new=21382 elapsed_s=6493.613 images_per_s=3.292774 device=mps
2026-09-13 04:33:19,270 INFO completed=21434 new=21402 elapsed_s=6499.755 images_per_s=3.292739 device=mps
2026-09-13 04:33:25,399 INFO completed=21454 new=21422 elapsed_s=6505.884 images_per_s=3.292712 device=mps
2026-09-13 04:33:31,702 INFO completed=21474 new=21442 elapsed_s=6512.187 images_per_s=3.292596 device=mps
2026-09-13 04:33:37,978 INFO completed=21494 new=21462 elapsed_s=6518.463 images_per_s=3.292494 device=mps
2026-09-13 04:33:44,172 INFO completed=21514 new=21482 elapsed_s=6524.657 images_per_s=3.292434 device=mps
2026-09-13 04:33:50,326 INFO completed=21534 new=21502 elapsed_s=6530.811 images_per_s=3.292394 device=mps
2026-09-13 04:33:56,419 INFO completed=21554 new=21522 elapsed_s=6536.903 images_per_s=3.292385 device=mps
2026-09-13 04:34:02,510 INFO completed=21574 new=21542 elapsed_s=6542.995 images_per_s=3.292376 device=mps
2026-09-13 04:34:08,630 INFO completed=21594 new=21562 elapsed_s=6549.114 images_per_s=3.292354 device=mps
2026-09-13 04:34:14,820 INFO completed=21614 new=21582 elapsed_s=6555.305 images_per_s=3.292296 device=mps
2026-09-13 04:34:20,931 INFO completed=21634 new=21602 elapsed_s=6561.416 images_per_s=3.292277 device=mps
2026-09-13 04:34:27,039 INFO completed=21654 new=21622 elapsed_s=6567.524 images_per_s=3.292261 device=mps
2026-09-13 04:34:33,246 INFO completed=21674 new=21642 elapsed_s=6573.730 images_per_s=3.292195 device=mps
2026-09-13 04:34:39,407 INFO completed=21694 new=21662 elapsed_s=6579.892 images_per_s=3.292152 device=mps
2026-09-13 04:34:45,571 INFO completed=21714 new=21682 elapsed_s=6586.056 images_per_s=3.292107 device=mps
2026-09-13 04:34:51,794 INFO completed=21734 new=21702 elapsed_s=6592.278 images_per_s=3.292033 device=mps
2026-09-13 04:34:57,924 INFO completed=21754 new=21722 elapsed_s=6598.408 images_per_s=3.292006 device=mps
2026-09-13 04:35:04,085 INFO completed=21774 new=21742 elapsed_s=6604.570 images_per_s=3.291963 device=mps
2026-09-13 04:35:10,202 INFO completed=21794 new=21762 elapsed_s=6610.687 images_per_s=3.291942 device=mps
2026-09-13 04:35:16,383 INFO completed=21814 new=21782 elapsed_s=6616.867 images_per_s=3.291890 device=mps
2026-09-13 04:35:22,558 INFO completed=21834 new=21802 elapsed_s=6623.042 images_per_s=3.291841 device=mps
2026-09-13 04:35:28,749 INFO completed=21854 new=21822 elapsed_s=6629.232 images_per_s=3.291784 device=mps
2026-09-13 04:35:34,966 INFO completed=21874 new=21842 elapsed_s=6635.449 images_per_s=3.291714 device=mps
2026-09-13 04:35:41,141 INFO completed=21894 new=21862 elapsed_s=6641.624 images_per_s=3.291665 device=mps
2026-09-13 04:35:47,295 INFO completed=21914 new=21882 elapsed_s=6647.777 images_per_s=3.291626 device=mps
2026-09-13 04:35:53,491 INFO completed=21934 new=21902 elapsed_s=6653.973 images_per_s=3.291567 device=mps
2026-09-13 04:35:59,703 INFO completed=21954 new=21922 elapsed_s=6660.185 images_per_s=3.291500 device=mps
2026-09-13 04:36:05,911 INFO completed=21974 new=21942 elapsed_s=6666.394 images_per_s=3.291435 device=mps
2026-09-13 04:36:11,998 INFO completed=21994 new=21962 elapsed_s=6672.480 images_per_s=3.291430 device=mps
2026-09-13 04:36:18,195 INFO completed=22014 new=21982 elapsed_s=6678.677 images_per_s=3.291370 device=mps
2026-09-13 04:36:24,327 INFO completed=22034 new=22002 elapsed_s=6684.809 images_per_s=3.291343 device=mps
2026-09-13 04:36:30,444 INFO completed=22054 new=22022 elapsed_s=6690.926 images_per_s=3.291323 device=mps
2026-09-13 04:36:36,603 INFO completed=22074 new=22042 elapsed_s=6697.085 images_per_s=3.291283 device=mps
2026-09-13 04:36:42,746 INFO completed=22094 new=22062 elapsed_s=6703.228 images_per_s=3.291250 device=mps
2026-09-13 04:36:48,876 INFO completed=22114 new=22082 elapsed_s=6709.358 images_per_s=3.291224 device=mps
2026-09-13 04:36:55,008 INFO completed=22134 new=22102 elapsed_s=6715.490 images_per_s=3.291197 device=mps
2026-09-13 04:37:01,132 INFO completed=22154 new=22122 elapsed_s=6721.614 images_per_s=3.291174 device=mps
2026-09-13 04:37:07,309 INFO completed=22174 new=22142 elapsed_s=6727.791 images_per_s=3.291125 device=mps
2026-09-13 04:37:13,412 INFO completed=22194 new=22162 elapsed_s=6733.894 images_per_s=3.291112 device=mps
2026-09-13 04:37:19,581 INFO completed=22214 new=22182 elapsed_s=6740.063 images_per_s=3.291067 device=mps
2026-09-13 04:37:25,715 INFO completed=22234 new=22202 elapsed_s=6746.197 images_per_s=3.291040 device=mps
2026-09-13 04:37:31,814 INFO completed=22254 new=22222 elapsed_s=6752.296 images_per_s=3.291029 device=mps
2026-09-13 04:37:37,970 INFO completed=22274 new=22242 elapsed_s=6758.452 images_per_s=3.290990 device=mps
2026-09-13 04:37:44,167 INFO completed=22294 new=22262 elapsed_s=6764.649 images_per_s=3.290932 device=mps
2026-09-13 04:37:50,286 INFO completed=22314 new=22282 elapsed_s=6770.767 images_per_s=3.290912 device=mps
2026-09-13 04:37:56,512 INFO completed=22334 new=22302 elapsed_s=6776.993 images_per_s=3.290840 device=mps
2026-09-13 04:38:02,670 INFO completed=22354 new=22322 elapsed_s=6783.152 images_per_s=3.290801 device=mps
2026-09-13 04:38:08,878 INFO completed=22374 new=22342 elapsed_s=6789.360 images_per_s=3.290737 device=mps
2026-09-13 04:38:14,990 INFO completed=22394 new=22362 elapsed_s=6795.471 images_per_s=3.290721 device=mps
2026-09-13 04:38:21,203 INFO completed=22414 new=22382 elapsed_s=6801.684 images_per_s=3.290656 device=mps
2026-09-13 04:38:27,307 INFO completed=22434 new=22402 elapsed_s=6807.789 images_per_s=3.290643 device=mps
2026-09-13 04:38:33,441 INFO completed=22454 new=22422 elapsed_s=6813.922 images_per_s=3.290616 device=mps
2026-09-13 04:38:39,592 INFO completed=22474 new=22442 elapsed_s=6820.074 images_per_s=3.290580 device=mps
2026-09-13 04:38:45,794 INFO completed=22494 new=22462 elapsed_s=6826.275 images_per_s=3.290521 device=mps
2026-09-13 04:38:52,025 INFO completed=22514 new=22482 elapsed_s=6832.506 images_per_s=3.290447 device=mps
2026-09-13 04:38:58,242 INFO completed=22534 new=22502 elapsed_s=6838.723 images_per_s=3.290380 device=mps
2026-09-13 04:39:04,419 INFO completed=22554 new=22522 elapsed_s=6844.900 images_per_s=3.290333 device=mps
2026-09-13 04:39:10,591 INFO completed=22574 new=22542 elapsed_s=6851.072 images_per_s=3.290288 device=mps
2026-09-13 04:39:16,782 INFO completed=22594 new=22562 elapsed_s=6857.264 images_per_s=3.290234 device=mps
2026-09-13 04:39:22,967 INFO completed=22614 new=22582 elapsed_s=6863.448 images_per_s=3.290183 device=mps
2026-09-13 04:39:29,136 INFO completed=22634 new=22602 elapsed_s=6869.617 images_per_s=3.290140 device=mps
2026-09-13 04:39:35,250 INFO completed=22654 new=22622 elapsed_s=6875.731 images_per_s=3.290123 device=mps
2026-09-13 04:39:41,425 INFO completed=22674 new=22642 elapsed_s=6881.906 images_per_s=3.290077 device=mps
2026-09-13 04:39:47,505 INFO completed=22694 new=22662 elapsed_s=6887.986 images_per_s=3.290077 device=mps
2026-09-13 04:39:53,599 INFO completed=22714 new=22682 elapsed_s=6894.080 images_per_s=3.290069 device=mps
2026-09-13 04:39:59,788 INFO completed=22734 new=22702 elapsed_s=6900.269 images_per_s=3.290017 device=mps
2026-09-13 04:40:05,973 INFO completed=22754 new=22722 elapsed_s=6906.454 images_per_s=3.289966 device=mps
2026-09-13 04:40:12,161 INFO completed=22774 new=22742 elapsed_s=6912.642 images_per_s=3.289914 device=mps
2026-09-13 04:40:18,350 INFO completed=22794 new=22762 elapsed_s=6918.831 images_per_s=3.289862 device=mps
2026-09-13 04:40:24,595 INFO completed=22814 new=22782 elapsed_s=6925.075 images_per_s=3.289784 device=mps
2026-09-13 04:40:30,753 INFO completed=22834 new=22802 elapsed_s=6931.234 images_per_s=3.289746 device=mps
2026-09-13 04:40:36,940 INFO completed=22854 new=22822 elapsed_s=6937.421 images_per_s=3.289695 device=mps
2026-09-13 04:40:43,146 INFO completed=22874 new=22842 elapsed_s=6943.627 images_per_s=3.289635 device=mps
2026-09-13 04:40:49,333 INFO completed=22894 new=22862 elapsed_s=6949.814 images_per_s=3.289585 device=mps
2026-09-13 04:40:55,495 INFO completed=22914 new=22882 elapsed_s=6955.976 images_per_s=3.289546 device=mps
2026-09-13 04:41:01,693 INFO completed=22934 new=22902 elapsed_s=6962.174 images_per_s=3.289490 device=mps
2026-09-13 04:41:07,885 INFO completed=22954 new=22922 elapsed_s=6968.366 images_per_s=3.289437 device=mps
2026-09-13 04:41:14,097 INFO completed=22974 new=22942 elapsed_s=6974.578 images_per_s=3.289375 device=mps
2026-09-13 04:41:20,360 INFO completed=22994 new=22962 elapsed_s=6980.841 images_per_s=3.289289 device=mps
2026-09-13 04:41:26,530 INFO completed=23014 new=22982 elapsed_s=6987.010 images_per_s=3.289247 device=mps
2026-09-13 04:41:32,736 INFO completed=23034 new=23002 elapsed_s=6993.217 images_per_s=3.289187 device=mps
2026-09-13 04:41:38,931 INFO completed=23054 new=23022 elapsed_s=6999.412 images_per_s=3.289134 device=mps
2026-09-13 04:41:45,058 INFO completed=23074 new=23042 elapsed_s=7005.538 images_per_s=3.289112 device=mps
2026-09-13 04:41:51,189 INFO completed=23094 new=23062 elapsed_s=7011.669 images_per_s=3.289088 device=mps
2026-09-13 04:41:57,322 INFO completed=23114 new=23082 elapsed_s=7017.802 images_per_s=3.289064 device=mps
2026-09-13 04:42:03,436 INFO completed=23134 new=23102 elapsed_s=7023.916 images_per_s=3.289048 device=mps
2026-09-13 04:42:09,582 INFO completed=23154 new=23122 elapsed_s=7030.062 images_per_s=3.289018 device=mps
2026-09-13 04:42:15,740 INFO completed=23174 new=23142 elapsed_s=7036.220 images_per_s=3.288982 device=mps
2026-09-13 04:42:21,944 INFO completed=23194 new=23162 elapsed_s=7042.424 images_per_s=3.288924 device=mps
2026-09-13 04:42:28,136 INFO completed=23214 new=23182 elapsed_s=7048.615 images_per_s=3.288873 device=mps
2026-09-13 04:42:34,315 INFO completed=23234 new=23202 elapsed_s=7054.794 images_per_s=3.288827 device=mps
2026-09-13 04:42:40,495 INFO completed=23254 new=23222 elapsed_s=7060.974 images_per_s=3.288781 device=mps
2026-09-13 04:42:46,627 INFO completed=23274 new=23242 elapsed_s=7067.107 images_per_s=3.288758 device=mps
2026-09-13 04:42:52,760 INFO completed=23294 new=23262 elapsed_s=7073.239 images_per_s=3.288734 device=mps
2026-09-13 04:42:58,904 INFO completed=23314 new=23282 elapsed_s=7079.384 images_per_s=3.288704 device=mps
2026-09-13 04:43:05,068 INFO completed=23334 new=23302 elapsed_s=7085.548 images_per_s=3.288666 device=mps
2026-09-13 04:43:11,198 INFO completed=23354 new=23322 elapsed_s=7091.678 images_per_s=3.288643 device=mps
2026-09-13 04:43:17,354 INFO completed=23374 new=23342 elapsed_s=7097.833 images_per_s=3.288609 device=mps
2026-09-13 04:43:23,532 INFO completed=23394 new=23362 elapsed_s=7104.011 images_per_s=3.288565 device=mps
2026-09-13 04:43:29,693 INFO completed=23414 new=23382 elapsed_s=7110.172 images_per_s=3.288528 device=mps
2026-09-13 04:43:35,791 INFO completed=23434 new=23402 elapsed_s=7116.271 images_per_s=3.288520 device=mps
2026-09-13 04:43:41,959 INFO completed=23454 new=23422 elapsed_s=7122.439 images_per_s=3.288480 device=mps
2026-09-13 04:43:48,057 INFO completed=23474 new=23442 elapsed_s=7128.536 images_per_s=3.288473 device=mps
2026-09-13 04:43:54,194 INFO completed=23494 new=23462 elapsed_s=7134.673 images_per_s=3.288448 device=mps
2026-09-13 04:44:00,321 INFO completed=23514 new=23482 elapsed_s=7140.801 images_per_s=3.288427 device=mps
2026-09-13 04:44:06,502 INFO completed=23534 new=23502 elapsed_s=7146.981 images_per_s=3.288381 device=mps
2026-09-13 04:44:12,706 INFO completed=23554 new=23522 elapsed_s=7153.185 images_per_s=3.288325 device=mps
2026-09-13 04:44:18,863 INFO completed=23574 new=23542 elapsed_s=7159.342 images_per_s=3.288291 device=mps
2026-09-13 04:44:25,119 INFO completed=23594 new=23562 elapsed_s=7165.598 images_per_s=3.288211 device=mps
2026-09-13 04:44:31,271 INFO completed=23614 new=23582 elapsed_s=7171.750 images_per_s=3.288179 device=mps
2026-09-13 04:44:37,431 INFO completed=23634 new=23602 elapsed_s=7177.910 images_per_s=3.288144 device=mps
2026-09-13 04:44:43,685 INFO completed=23654 new=23622 elapsed_s=7184.164 images_per_s=3.288065 device=mps
2026-09-13 04:44:49,841 INFO completed=23674 new=23642 elapsed_s=7190.320 images_per_s=3.288032 device=mps
2026-09-13 04:44:56,053 INFO completed=23694 new=23662 elapsed_s=7196.532 images_per_s=3.287972 device=mps
2026-09-13 04:45:02,260 INFO completed=23714 new=23682 elapsed_s=7202.739 images_per_s=3.287916 device=mps
2026-09-13 04:45:08,404 INFO completed=23734 new=23702 elapsed_s=7208.882 images_per_s=3.287888 device=mps
2026-09-13 04:45:14,535 INFO completed=23754 new=23722 elapsed_s=7215.014 images_per_s=3.287866 device=mps
2026-09-13 04:45:20,705 INFO completed=23774 new=23742 elapsed_s=7221.183 images_per_s=3.287827 device=mps
2026-09-13 04:45:26,956 INFO completed=23794 new=23762 elapsed_s=7227.435 images_per_s=3.287750 device=mps
2026-09-13 04:45:33,127 INFO completed=23814 new=23782 elapsed_s=7233.606 images_per_s=3.287710 device=mps
2026-09-13 04:45:39,306 INFO completed=23834 new=23802 elapsed_s=7239.785 images_per_s=3.287667 device=mps
2026-09-13 04:45:45,538 INFO completed=23854 new=23822 elapsed_s=7246.017 images_per_s=3.287599 device=mps
2026-09-13 04:45:51,715 INFO completed=23874 new=23842 elapsed_s=7252.194 images_per_s=3.287557 device=mps
2026-09-13 04:45:57,877 INFO completed=23894 new=23862 elapsed_s=7258.356 images_per_s=3.287521 device=mps
2026-09-13 04:46:04,139 INFO completed=23914 new=23882 elapsed_s=7264.617 images_per_s=3.287441 device=mps
2026-09-13 04:46:10,267 INFO completed=23934 new=23902 elapsed_s=7270.745 images_per_s=3.287421 device=mps
2026-09-13 04:46:16,495 INFO completed=23954 new=23922 elapsed_s=7276.974 images_per_s=3.287356 device=mps
2026-09-13 04:46:22,635 INFO completed=23974 new=23942 elapsed_s=7283.113 images_per_s=3.287330 device=mps
2026-09-13 04:46:28,882 INFO completed=23994 new=23962 elapsed_s=7289.361 images_per_s=3.287257 device=mps
2026-09-13 04:46:35,072 INFO completed=24014 new=23982 elapsed_s=7295.550 images_per_s=3.287209 device=mps
2026-09-13 04:46:41,274 INFO completed=24034 new=24002 elapsed_s=7301.752 images_per_s=3.287156 device=mps
2026-09-13 04:46:47,462 INFO completed=24054 new=24022 elapsed_s=7307.940 images_per_s=3.287110 device=mps
2026-09-13 04:46:53,614 INFO completed=24074 new=24042 elapsed_s=7314.092 images_per_s=3.287079 device=mps
2026-09-13 04:46:59,811 INFO completed=24094 new=24062 elapsed_s=7320.289 images_per_s=3.287029 device=mps
2026-09-13 04:47:05,993 INFO completed=24114 new=24082 elapsed_s=7326.471 images_per_s=3.286985 device=mps
2026-09-13 04:47:12,213 INFO completed=24134 new=24102 elapsed_s=7332.691 images_per_s=3.286924 device=mps
2026-09-13 04:47:18,411 INFO completed=24154 new=24122 elapsed_s=7338.889 images_per_s=3.286874 device=mps
2026-09-13 04:47:24,544 INFO completed=24174 new=24142 elapsed_s=7345.022 images_per_s=3.286852 device=mps
2026-09-13 04:47:30,742 INFO completed=24194 new=24162 elapsed_s=7351.220 images_per_s=3.286802 device=mps
2026-09-13 04:47:36,873 INFO completed=24214 new=24182 elapsed_s=7357.351 images_per_s=3.286781 device=mps
2026-09-13 04:47:43,015 INFO completed=24234 new=24202 elapsed_s=7363.493 images_per_s=3.286755 device=mps
2026-09-13 04:47:49,232 INFO completed=24254 new=24222 elapsed_s=7369.710 images_per_s=3.286696 device=mps
2026-09-13 04:47:55,418 INFO completed=24274 new=24242 elapsed_s=7375.896 images_per_s=3.286652 device=mps
2026-09-13 04:48:01,622 INFO completed=24294 new=24262 elapsed_s=7382.099 images_per_s=3.286599 device=mps
2026-09-13 04:48:07,854 INFO completed=24314 new=24282 elapsed_s=7388.332 images_per_s=3.286533 device=mps
2026-09-13 04:48:14,049 INFO completed=24334 new=24302 elapsed_s=7394.526 images_per_s=3.286485 device=mps
2026-09-13 04:48:20,262 INFO completed=24354 new=24322 elapsed_s=7400.739 images_per_s=3.286429 device=mps
2026-09-13 04:48:26,448 INFO completed=24374 new=24342 elapsed_s=7406.925 images_per_s=3.286384 device=mps
2026-09-13 04:48:32,699 INFO completed=24394 new=24362 elapsed_s=7413.176 images_per_s=3.286311 device=mps
2026-09-13 04:48:38,947 INFO completed=24414 new=24382 elapsed_s=7419.425 images_per_s=3.286239 device=mps
2026-09-13 04:48:45,174 INFO completed=24434 new=24402 elapsed_s=7425.651 images_per_s=3.286176 device=mps
2026-09-13 04:48:51,443 INFO completed=24454 new=24422 elapsed_s=7431.920 images_per_s=3.286096 device=mps
2026-09-13 04:48:57,670 INFO completed=24474 new=24442 elapsed_s=7438.148 images_per_s=3.286033 device=mps
2026-09-13 04:49:03,944 INFO completed=24494 new=24462 elapsed_s=7444.421 images_per_s=3.285951 device=mps
2026-09-13 04:49:10,134 INFO completed=24514 new=24482 elapsed_s=7450.612 images_per_s=3.285905 device=mps
2026-09-13 04:49:16,290 INFO completed=24534 new=24502 elapsed_s=7456.767 images_per_s=3.285874 device=mps
2026-09-13 04:49:22,420 INFO completed=24554 new=24522 elapsed_s=7462.898 images_per_s=3.285855 device=mps
2026-09-13 04:49:28,598 INFO completed=24574 new=24542 elapsed_s=7469.076 images_per_s=3.285815 device=mps
2026-09-13 04:49:34,844 INFO completed=24594 new=24562 elapsed_s=7475.321 images_per_s=3.285745 device=mps
2026-09-13 04:49:41,055 INFO completed=24614 new=24582 elapsed_s=7481.533 images_per_s=3.285690 device=mps
2026-09-13 04:49:47,257 INFO completed=24634 new=24602 elapsed_s=7487.734 images_per_s=3.285640 device=mps
2026-09-13 04:49:53,519 INFO completed=24654 new=24622 elapsed_s=7493.996 images_per_s=3.285563 device=mps
2026-09-13 04:49:59,752 INFO completed=24674 new=24642 elapsed_s=7500.229 images_per_s=3.285500 device=mps
2026-09-13 04:50:06,009 INFO completed=24694 new=24662 elapsed_s=7506.486 images_per_s=3.285426 device=mps
2026-09-13 04:50:12,260 INFO completed=24714 new=24682 elapsed_s=7512.737 images_per_s=3.285354 device=mps
2026-09-13 04:50:18,436 INFO completed=24734 new=24702 elapsed_s=7518.913 images_per_s=3.285315 device=mps
2026-09-13 04:50:24,627 INFO completed=24754 new=24722 elapsed_s=7525.104 images_per_s=3.285270 device=mps
2026-09-13 04:50:31,064 INFO completed=24774 new=24742 elapsed_s=7531.541 images_per_s=3.285118 device=mps
2026-09-13 04:50:37,288 INFO completed=24794 new=24762 elapsed_s=7537.765 images_per_s=3.285059 device=mps
2026-09-13 04:50:43,570 INFO completed=24814 new=24782 elapsed_s=7544.047 images_per_s=3.284974 device=mps
2026-09-13 04:50:49,860 INFO completed=24834 new=24802 elapsed_s=7550.336 images_per_s=3.284887 device=mps
2026-09-13 04:50:56,105 INFO completed=24854 new=24822 elapsed_s=7556.582 images_per_s=3.284819 device=mps
2026-09-13 04:51:02,378 INFO completed=24874 new=24842 elapsed_s=7562.855 images_per_s=3.284738 device=mps
2026-09-13 04:51:08,621 INFO completed=24894 new=24862 elapsed_s=7569.097 images_per_s=3.284672 device=mps
2026-09-13 04:51:14,884 INFO completed=24914 new=24882 elapsed_s=7575.361 images_per_s=3.284596 device=mps
2026-09-13 04:51:21,057 INFO completed=24934 new=24902 elapsed_s=7581.533 images_per_s=3.284560 device=mps
2026-09-13 04:51:27,244 INFO completed=24954 new=24922 elapsed_s=7587.719 images_per_s=3.284518 device=mps
2026-09-13 04:51:33,522 INFO completed=24974 new=24942 elapsed_s=7593.997 images_per_s=3.284436 device=mps
2026-09-13 04:51:39,774 INFO completed=24994 new=24962 elapsed_s=7600.249 images_per_s=3.284366 device=mps
2026-09-13 04:51:46,090 INFO completed=25014 new=24982 elapsed_s=7606.565 images_per_s=3.284268 device=mps
2026-09-13 04:51:52,347 INFO completed=25034 new=25002 elapsed_s=7612.822 images_per_s=3.284196 device=mps
2026-09-13 04:51:58,605 INFO completed=25054 new=25022 elapsed_s=7619.080 images_per_s=3.284123 device=mps
2026-09-13 04:52:04,810 INFO completed=25074 new=25042 elapsed_s=7625.285 images_per_s=3.284074 device=mps
2026-09-13 04:52:11,012 INFO completed=25094 new=25062 elapsed_s=7631.486 images_per_s=3.284026 device=mps
2026-09-13 04:52:17,330 INFO completed=25114 new=25082 elapsed_s=7637.804 images_per_s=3.283928 device=mps
2026-09-13 04:52:23,516 INFO completed=25134 new=25102 elapsed_s=7643.991 images_per_s=3.283887 device=mps
2026-09-13 04:52:29,753 INFO completed=25154 new=25122 elapsed_s=7650.228 images_per_s=3.283824 device=mps
2026-09-13 04:52:36,041 INFO completed=25174 new=25142 elapsed_s=7656.516 images_per_s=3.283739 device=mps
2026-09-13 04:52:42,222 INFO completed=25194 new=25162 elapsed_s=7662.696 images_per_s=3.283700 device=mps
2026-09-13 04:52:48,423 INFO completed=25214 new=25182 elapsed_s=7668.898 images_per_s=3.283653 device=mps
2026-09-13 04:52:54,595 INFO completed=25234 new=25202 elapsed_s=7675.069 images_per_s=3.283618 device=mps
2026-09-13 04:53:00,838 INFO completed=25254 new=25222 elapsed_s=7681.313 images_per_s=3.283553 device=mps
2026-09-13 04:53:07,028 INFO completed=25274 new=25242 elapsed_s=7687.502 images_per_s=3.283511 device=mps
2026-09-13 04:53:13,206 INFO completed=25294 new=25262 elapsed_s=7693.680 images_per_s=3.283474 device=mps
2026-09-13 04:53:19,415 INFO completed=25314 new=25282 elapsed_s=7699.889 images_per_s=3.283424 device=mps
2026-09-13 04:53:25,589 INFO completed=25334 new=25302 elapsed_s=7706.064 images_per_s=3.283388 device=mps
2026-09-13 04:53:31,820 INFO completed=25354 new=25322 elapsed_s=7712.294 images_per_s=3.283329 device=mps
2026-09-13 04:53:38,049 INFO completed=25374 new=25342 elapsed_s=7718.523 images_per_s=3.283271 device=mps
2026-09-13 04:53:44,286 INFO completed=25394 new=25362 elapsed_s=7724.760 images_per_s=3.283209 device=mps
2026-09-13 04:53:50,497 INFO completed=25414 new=25382 elapsed_s=7730.971 images_per_s=3.283158 device=mps
2026-09-13 04:53:56,716 INFO completed=25434 new=25402 elapsed_s=7737.190 images_per_s=3.283104 device=mps
2026-09-13 04:54:02,971 INFO completed=25454 new=25422 elapsed_s=7743.444 images_per_s=3.283035 device=mps
2026-09-13 04:54:09,174 INFO completed=25474 new=25442 elapsed_s=7749.648 images_per_s=3.282988 device=mps
2026-09-13 04:54:15,421 INFO completed=25494 new=25462 elapsed_s=7755.895 images_per_s=3.282922 device=mps
2026-09-13 04:54:21,638 INFO completed=25514 new=25482 elapsed_s=7762.112 images_per_s=3.282869 device=mps
2026-09-13 04:54:27,875 INFO completed=25534 new=25502 elapsed_s=7768.349 images_per_s=3.282808 device=mps
2026-09-13 04:54:34,097 INFO completed=25554 new=25522 elapsed_s=7774.570 images_per_s=3.282754 device=mps
2026-09-13 04:54:40,222 INFO completed=25574 new=25542 elapsed_s=7780.696 images_per_s=3.282740 device=mps
2026-09-13 04:54:46,541 INFO completed=25594 new=25562 elapsed_s=7787.015 images_per_s=3.282644 device=mps
2026-09-13 04:54:52,756 INFO completed=25614 new=25582 elapsed_s=7793.229 images_per_s=3.282593 device=mps
2026-09-13 04:54:58,923 INFO completed=25634 new=25602 elapsed_s=7799.396 images_per_s=3.282562 device=mps
2026-09-13 04:55:05,123 INFO completed=25654 new=25622 elapsed_s=7805.597 images_per_s=3.282517 device=mps
2026-09-13 04:55:11,225 INFO completed=25674 new=25642 elapsed_s=7811.698 images_per_s=3.282513 device=mps
2026-09-13 04:55:17,340 INFO completed=25694 new=25662 elapsed_s=7817.813 images_per_s=3.282504 device=mps
2026-09-13 04:55:23,462 INFO completed=25714 new=25682 elapsed_s=7823.935 images_per_s=3.282491 device=mps
2026-09-13 04:55:29,625 INFO completed=25734 new=25702 elapsed_s=7830.098 images_per_s=3.282462 device=mps
2026-09-13 04:55:35,765 INFO completed=25754 new=25722 elapsed_s=7836.238 images_per_s=3.282443 device=mps
2026-09-13 04:55:41,862 INFO completed=25774 new=25742 elapsed_s=7842.335 images_per_s=3.282441 device=mps
2026-09-13 04:55:48,026 INFO completed=25794 new=25762 elapsed_s=7848.499 images_per_s=3.282411 device=mps
2026-09-13 04:55:54,146 INFO completed=25814 new=25782 elapsed_s=7854.619 images_per_s=3.282400 device=mps
2026-09-13 04:56:00,307 INFO completed=25834 new=25802 elapsed_s=7860.780 images_per_s=3.282371 device=mps
2026-09-13 04:56:06,522 INFO completed=25854 new=25822 elapsed_s=7866.995 images_per_s=3.282321 device=mps
2026-09-13 04:56:12,703 INFO completed=25874 new=25842 elapsed_s=7873.176 images_per_s=3.282284 device=mps
2026-09-13 04:56:18,841 INFO completed=25894 new=25862 elapsed_s=7879.314 images_per_s=3.282265 device=mps
2026-09-13 04:56:24,968 INFO completed=25914 new=25882 elapsed_s=7885.441 images_per_s=3.282251 device=mps
2026-09-13 04:56:31,115 INFO completed=25934 new=25902 elapsed_s=7891.588 images_per_s=3.282229 device=mps
2026-09-13 04:56:37,258 INFO completed=25954 new=25922 elapsed_s=7897.731 images_per_s=3.282209 device=mps
2026-09-13 04:56:43,373 INFO completed=25974 new=25942 elapsed_s=7903.846 images_per_s=3.282200 device=mps
2026-09-13 04:56:49,530 INFO completed=25994 new=25962 elapsed_s=7910.003 images_per_s=3.282173 device=mps
2026-09-13 04:56:55,688 INFO completed=26014 new=25982 elapsed_s=7916.161 images_per_s=3.282147 device=mps
2026-09-13 04:57:01,790 INFO completed=26034 new=26002 elapsed_s=7922.263 images_per_s=3.282143 device=mps
2026-09-13 04:57:07,931 INFO completed=26054 new=26022 elapsed_s=7928.404 images_per_s=3.282124 device=mps
2026-09-13 04:57:14,147 INFO completed=26074 new=26042 elapsed_s=7934.620 images_per_s=3.282073 device=mps
2026-09-13 04:57:20,250 INFO completed=26094 new=26062 elapsed_s=7940.722 images_per_s=3.282069 device=mps
2026-09-13 04:57:26,462 INFO completed=26114 new=26082 elapsed_s=7946.935 images_per_s=3.282020 device=mps
2026-09-13 04:57:32,651 INFO completed=26134 new=26102 elapsed_s=7953.124 images_per_s=3.281981 device=mps
2026-09-13 04:57:38,863 INFO completed=26154 new=26122 elapsed_s=7959.336 images_per_s=3.281932 device=mps
2026-09-13 04:57:44,986 INFO completed=26174 new=26142 elapsed_s=7965.459 images_per_s=3.281920 device=mps
2026-09-13 04:57:51,124 INFO completed=26194 new=26162 elapsed_s=7971.596 images_per_s=3.281902 device=mps
2026-09-13 04:57:57,277 INFO completed=26214 new=26182 elapsed_s=7977.750 images_per_s=3.281878 device=mps
2026-09-13 04:58:03,534 INFO completed=26234 new=26202 elapsed_s=7984.007 images_per_s=3.281811 device=mps
2026-09-13 04:58:09,663 INFO completed=26254 new=26222 elapsed_s=7990.135 images_per_s=3.281797 device=mps
2026-09-13 04:58:15,838 INFO completed=26274 new=26242 elapsed_s=7996.310 images_per_s=3.281764 device=mps
2026-09-13 04:58:21,957 INFO completed=26294 new=26262 elapsed_s=8002.429 images_per_s=3.281753 device=mps
2026-09-13 04:58:28,167 INFO completed=26314 new=26282 elapsed_s=8008.639 images_per_s=3.281706 device=mps
2026-09-13 04:58:34,402 INFO completed=26334 new=26302 elapsed_s=8014.874 images_per_s=3.281649 device=mps
2026-09-13 04:58:40,600 INFO completed=26354 new=26322 elapsed_s=8021.072 images_per_s=3.281606 device=mps
2026-09-13 04:58:46,782 INFO completed=26374 new=26342 elapsed_s=8027.254 images_per_s=3.281570 device=mps
2026-09-13 04:58:52,948 INFO completed=26394 new=26362 elapsed_s=8033.420 images_per_s=3.281541 device=mps
2026-09-13 04:58:59,152 INFO completed=26414 new=26382 elapsed_s=8039.624 images_per_s=3.281497 device=mps
2026-09-13 04:59:05,280 INFO completed=26434 new=26402 elapsed_s=8045.752 images_per_s=3.281483 device=mps
2026-09-13 04:59:11,417 INFO completed=26454 new=26422 elapsed_s=8051.889 images_per_s=3.281466 device=mps
2026-09-13 04:59:17,562 INFO completed=26474 new=26442 elapsed_s=8058.034 images_per_s=3.281446 device=mps
2026-09-13 04:59:23,677 INFO completed=26494 new=26462 elapsed_s=8064.149 images_per_s=3.281437 device=mps
2026-09-13 04:59:29,787 INFO completed=26514 new=26482 elapsed_s=8070.259 images_per_s=3.281431 device=mps
2026-09-13 04:59:35,920 INFO completed=26534 new=26502 elapsed_s=8076.391 images_per_s=3.281416 device=mps
2026-09-13 04:59:42,078 INFO completed=26554 new=26522 elapsed_s=8082.549 images_per_s=3.281390 device=mps
2026-09-13 04:59:48,204 INFO completed=26574 new=26542 elapsed_s=8088.675 images_per_s=3.281378 device=mps
2026-09-13 04:59:54,308 INFO completed=26594 new=26562 elapsed_s=8094.780 images_per_s=3.281374 device=mps
2026-09-13 05:00:00,465 INFO completed=26614 new=26582 elapsed_s=8100.936 images_per_s=3.281349 device=mps
2026-09-13 05:00:06,577 INFO completed=26634 new=26602 elapsed_s=8107.049 images_per_s=3.281342 device=mps
2026-09-13 05:00:12,678 INFO completed=26654 new=26622 elapsed_s=8113.150 images_per_s=3.281340 device=mps
2026-09-13 05:00:18,821 INFO completed=26674 new=26642 elapsed_s=8119.293 images_per_s=3.281320 device=mps
2026-09-13 05:00:24,922 INFO completed=26694 new=26662 elapsed_s=8125.394 images_per_s=3.281318 device=mps
2026-09-13 05:00:31,034 INFO completed=26714 new=26682 elapsed_s=8131.505 images_per_s=3.281311 device=mps
2026-09-13 05:00:37,154 INFO completed=26734 new=26702 elapsed_s=8137.625 images_per_s=3.281301 device=mps
2026-09-13 05:00:43,282 INFO completed=26754 new=26722 elapsed_s=8143.753 images_per_s=3.281288 device=mps
2026-09-13 05:00:49,331 INFO completed=26774 new=26742 elapsed_s=8149.802 images_per_s=3.281307 device=mps
2026-09-13 05:00:55,413 INFO completed=26794 new=26762 elapsed_s=8155.884 images_per_s=3.281312 device=mps
2026-09-13 05:01:01,526 INFO completed=26814 new=26782 elapsed_s=8161.997 images_per_s=3.281305 device=mps
2026-09-13 05:01:07,640 INFO completed=26834 new=26802 elapsed_s=8168.111 images_per_s=3.281297 device=mps
2026-09-13 05:01:13,731 INFO completed=26854 new=26822 elapsed_s=8174.202 images_per_s=3.281299 device=mps
2026-09-13 05:01:19,814 INFO completed=26874 new=26842 elapsed_s=8180.285 images_per_s=3.281304 device=mps
2026-09-13 05:01:25,898 INFO completed=26894 new=26862 elapsed_s=8186.369 images_per_s=3.281308 device=mps
2026-09-13 05:01:31,982 INFO completed=26914 new=26882 elapsed_s=8192.453 images_per_s=3.281313 device=mps
2026-09-13 05:01:38,088 INFO completed=26934 new=26902 elapsed_s=8198.559 images_per_s=3.281308 device=mps
2026-09-13 05:01:44,213 INFO completed=26954 new=26922 elapsed_s=8204.684 images_per_s=3.281297 device=mps
2026-09-13 05:01:50,278 INFO completed=26974 new=26942 elapsed_s=8210.749 images_per_s=3.281308 device=mps
2026-09-13 05:01:56,397 INFO completed=26994 new=26962 elapsed_s=8216.867 images_per_s=3.281299 device=mps
2026-09-13 05:02:02,484 INFO completed=27014 new=26982 elapsed_s=8222.954 images_per_s=3.281302 device=mps
2026-09-13 05:02:08,570 INFO completed=27034 new=27002 elapsed_s=8229.041 images_per_s=3.281306 device=mps
2026-09-13 05:02:14,668 INFO completed=27054 new=27022 elapsed_s=8235.139 images_per_s=3.281305 device=mps
2026-09-13 05:02:20,722 INFO completed=27074 new=27042 elapsed_s=8241.192 images_per_s=3.281321 device=mps
2026-09-13 05:02:26,816 INFO completed=27094 new=27062 elapsed_s=8247.286 images_per_s=3.281322 device=mps
2026-09-13 05:02:32,992 INFO completed=27114 new=27082 elapsed_s=8253.463 images_per_s=3.281289 device=mps
2026-09-13 05:02:39,112 INFO completed=27134 new=27102 elapsed_s=8259.582 images_per_s=3.281280 device=mps
2026-09-13 05:02:45,221 INFO completed=27154 new=27122 elapsed_s=8265.692 images_per_s=3.281274 device=mps
2026-09-13 05:02:51,331 INFO completed=27174 new=27142 elapsed_s=8271.801 images_per_s=3.281268 device=mps
2026-09-13 05:02:57,414 INFO completed=27194 new=27162 elapsed_s=8277.884 images_per_s=3.281273 device=mps
2026-09-13 05:03:03,519 INFO completed=27214 new=27182 elapsed_s=8283.989 images_per_s=3.281269 device=mps
2026-09-13 05:03:09,582 INFO completed=27234 new=27202 elapsed_s=8290.052 images_per_s=3.281282 device=mps
2026-09-13 05:03:15,691 INFO completed=27254 new=27222 elapsed_s=8296.161 images_per_s=3.281277 device=mps
2026-09-13 05:03:21,790 INFO completed=27274 new=27242 elapsed_s=8302.260 images_per_s=3.281275 device=mps
2026-09-13 05:03:27,887 INFO completed=27294 new=27262 elapsed_s=8308.357 images_per_s=3.281274 device=mps
2026-09-13 05:03:34,005 INFO completed=27314 new=27282 elapsed_s=8314.475 images_per_s=3.281265 device=mps
2026-09-13 05:03:40,076 INFO completed=27334 new=27302 elapsed_s=8320.546 images_per_s=3.281275 device=mps
2026-09-13 05:03:46,195 INFO completed=27354 new=27322 elapsed_s=8326.665 images_per_s=3.281266 device=mps
2026-09-13 05:03:52,283 INFO completed=27374 new=27342 elapsed_s=8332.752 images_per_s=3.281269 device=mps
2026-09-13 05:03:58,409 INFO completed=27394 new=27362 elapsed_s=8338.879 images_per_s=3.281256 device=mps
2026-09-13 05:04:04,505 INFO completed=27414 new=27382 elapsed_s=8344.975 images_per_s=3.281256 device=mps
2026-09-13 05:04:10,589 INFO completed=27434 new=27402 elapsed_s=8351.058 images_per_s=3.281261 device=mps
2026-09-13 05:04:16,752 INFO completed=27454 new=27422 elapsed_s=8357.222 images_per_s=3.281234 device=mps
2026-09-13 05:04:22,862 INFO completed=27474 new=27442 elapsed_s=8363.332 images_per_s=3.281228 device=mps
2026-09-13 05:04:28,988 INFO completed=27494 new=27462 elapsed_s=8369.458 images_per_s=3.281216 device=mps
2026-09-13 05:04:35,065 INFO completed=27514 new=27482 elapsed_s=8375.534 images_per_s=3.281224 device=mps
2026-09-13 05:04:41,199 INFO completed=27534 new=27502 elapsed_s=8381.668 images_per_s=3.281208 device=mps
2026-09-13 05:04:47,328 INFO completed=27554 new=27522 elapsed_s=8387.797 images_per_s=3.281195 device=mps
2026-09-13 05:04:53,416 INFO completed=27574 new=27542 elapsed_s=8393.886 images_per_s=3.281198 device=mps
2026-09-13 05:04:59,533 INFO completed=27594 new=27562 elapsed_s=8400.003 images_per_s=3.281189 device=mps
2026-09-13 05:05:05,670 INFO completed=27614 new=27582 elapsed_s=8406.139 images_per_s=3.281173 device=mps
2026-09-13 05:05:11,755 INFO completed=27634 new=27602 elapsed_s=8412.224 images_per_s=3.281177 device=mps
2026-09-13 05:05:17,915 INFO completed=27654 new=27622 elapsed_s=8418.384 images_per_s=3.281152 device=mps
2026-09-13 05:05:24,031 INFO completed=27674 new=27642 elapsed_s=8424.501 images_per_s=3.281144 device=mps
2026-09-13 05:05:30,155 INFO completed=27694 new=27662 elapsed_s=8430.624 images_per_s=3.281133 device=mps
