2026-09-13 18:29:26,824 INFO Parsing model identifier. Schema: None, Identifier: ViT-B-16
2026-09-13 18:29:26,824 INFO Loaded built-in ViT-B-16 model config.
2026-09-13 18:29:26,824 INFO `pretrained` specifies file path: /Users/von/Projects/cci-local-recovery/rerun_workspace/model_weights/ViT-B-16.pt
2026-09-13 18:29:26,824 INFO Instantiating model architecture: CLIP
2026-09-13 18:29:27,633 INFO Loading full pretrained weights from: /Users/von/Projects/cci-local-recovery/rerun_workspace/model_weights/ViT-B-16.pt
2026-09-13 18:29:27,873 INFO Final image preprocessing configuration set: {'size': (224, 224), 'mode': 'RGB', 'mean': (0.48145466, 0.4578275, 0.40821073), 'std': (0.26862954, 0.26130258, 0.27577711), 'interpolation': 'bicubic', 'resize_mode': 'shortest', 'fill_color': 0}
2026-09-13 18:29:27,873 INFO Model ViT-B-16 creation process complete.
2026-09-13 18:29:27,873 INFO Parsing tokenizer identifier. Schema: None, Identifier: ViT-B-16
2026-09-13 18:29:27,873 INFO Attempting to load config from built-in: ViT-B-16
2026-09-13 18:29:27,873 INFO Using default SimpleTokenizer.
2026-09-13 18:29:31,655 INFO completed=2 new=2 elapsed_s=0.791 images_per_s=2.529266 device=mps
2026-09-13 18:29:37,543 INFO completed=22 new=22 elapsed_s=6.679 images_per_s=3.294127 device=mps
2026-09-13 18:29:43,449 INFO completed=42 new=42 elapsed_s=12.585 images_per_s=3.337220 device=mps
2026-09-13 18:29:49,331 INFO completed=62 new=62 elapsed_s=18.466 images_per_s=3.357447 device=mps
2026-09-13 18:29:55,256 INFO completed=82 new=82 elapsed_s=24.392 images_per_s=3.361777 device=mps
2026-09-13 18:30:01,138 INFO completed=102 new=102 elapsed_s=30.274 images_per_s=3.369238 device=mps
2026-09-13 18:30:07,030 INFO completed=122 new=122 elapsed_s=36.166 images_per_s=3.373360 device=mps
2026-09-13 18:30:12,928 INFO completed=142 new=142 elapsed_s=42.064 images_per_s=3.375811 device=mps
2026-09-13 18:30:18,826 INFO completed=162 new=162 elapsed_s=47.961 images_per_s=3.377727 device=mps
2026-09-13 18:30:24,787 INFO completed=182 new=182 elapsed_s=53.923 images_per_s=3.375198 device=mps
2026-09-13 18:30:30,767 INFO completed=202 new=202 elapsed_s=59.903 images_per_s=3.372122 device=mps
2026-09-13 18:30:36,772 INFO completed=222 new=222 elapsed_s=65.908 images_per_s=3.368331 device=mps
2026-09-13 18:30:42,791 INFO completed=242 new=242 elapsed_s=71.927 images_per_s=3.364533 device=mps
2026-09-13 18:30:48,785 INFO completed=262 new=262 elapsed_s=77.921 images_per_s=3.362397 device=mps
2026-09-13 18:30:54,757 INFO completed=282 new=282 elapsed_s=83.893 images_per_s=3.361428 device=mps
2026-09-13 18:31:00,742 INFO completed=302 new=302 elapsed_s=89.878 images_per_s=3.360112 device=mps
2026-09-13 18:31:06,697 INFO completed=322 new=322 elapsed_s=95.832 images_per_s=3.360031 device=mps
2026-09-13 18:31:12,652 INFO completed=342 new=342 elapsed_s=101.788 images_per_s=3.359927 device=mps
2026-09-13 18:31:18,593 INFO completed=362 new=362 elapsed_s=107.729 images_per_s=3.360293 device=mps
2026-09-13 18:32:08,874 INFO Parsing model identifier. Schema: None, Identifier: ViT-B-16
2026-09-13 18:32:08,874 INFO Loaded built-in ViT-B-16 model config.
2026-09-13 18:32:08,874 INFO `pretrained` specifies file path: /Users/von/Projects/cci-local-recovery/rerun_workspace/model_weights/ViT-B-16.pt
2026-09-13 18:32:08,874 INFO Instantiating model architecture: CLIP
2026-09-13 18:32:09,691 INFO Loading full pretrained weights from: /Users/von/Projects/cci-local-recovery/rerun_workspace/model_weights/ViT-B-16.pt
2026-09-13 18:32:09,917 INFO Final image preprocessing configuration set: {'size': (224, 224), 'mode': 'RGB', 'mean': (0.48145466, 0.4578275, 0.40821073), 'std': (0.26862954, 0.26130258, 0.27577711), 'interpolation': 'bicubic', 'resize_mode': 'shortest', 'fill_color': 0}
2026-09-13 18:32:09,917 INFO Model ViT-B-16 creation process complete.
2026-09-13 18:32:09,917 INFO Parsing tokenizer identifier. Schema: None, Identifier: ViT-B-16
2026-09-13 18:32:09,917 INFO Attempting to load config from built-in: ViT-B-16
2026-09-13 18:32:09,917 INFO Using default SimpleTokenizer.
2026-09-13 18:32:13,605 INFO completed=382 new=2 elapsed_s=0.759 images_per_s=2.636292 device=mps
2026-09-13 18:32:19,524 INFO completed=402 new=22 elapsed_s=6.678 images_per_s=3.294604 device=mps
2026-09-13 18:32:25,407 INFO completed=422 new=42 elapsed_s=12.560 images_per_s=3.343887 device=mps
2026-09-13 18:32:31,243 INFO completed=442 new=62 elapsed_s=18.397 images_per_s=3.370174 device=mps
2026-09-13 18:32:37,123 INFO completed=462 new=82 elapsed_s=24.277 images_per_s=3.377699 device=mps
2026-09-13 18:32:42,963 INFO completed=482 new=102 elapsed_s=30.116 images_per_s=3.386861 device=mps
2026-09-13 18:32:48,856 INFO completed=502 new=122 elapsed_s=36.010 images_per_s=3.387945 device=mps
2026-09-13 18:32:54,733 INFO completed=522 new=142 elapsed_s=41.886 images_per_s=3.390116 device=mps
2026-09-13 18:33:00,613 INFO completed=542 new=162 elapsed_s=47.767 images_per_s=3.391478 device=mps
2026-09-13 18:33:06,502 INFO completed=562 new=182 elapsed_s=53.655 images_per_s=3.392011 device=mps
2026-09-13 18:33:12,378 INFO completed=582 new=202 elapsed_s=59.531 images_per_s=3.393172 device=mps
2026-09-13 18:33:18,277 INFO completed=602 new=222 elapsed_s=65.431 images_per_s=3.392904 device=mps
2026-09-13 18:33:24,152 INFO completed=622 new=242 elapsed_s=71.306 images_per_s=3.393839 device=mps
2026-09-13 18:33:30,026 INFO completed=642 new=262 elapsed_s=77.180 images_per_s=3.394683 device=mps
2026-09-13 18:33:35,897 INFO completed=662 new=282 elapsed_s=83.050 images_per_s=3.395535 device=mps
2026-09-13 18:33:41,780 INFO completed=682 new=302 elapsed_s=88.933 images_per_s=3.395817 device=mps
2026-09-13 18:33:47,669 INFO completed=702 new=322 elapsed_s=94.822 images_per_s=3.395832 device=mps
2026-09-13 18:33:53,574 INFO completed=722 new=342 elapsed_s=100.727 images_per_s=3.395309 device=mps
2026-09-13 18:33:59,480 INFO completed=742 new=362 elapsed_s=106.634 images_per_s=3.394800 device=mps
2026-09-13 18:34:05,431 INFO completed=762 new=382 elapsed_s=112.584 images_per_s=3.393012 device=mps
2026-09-13 18:34:11,356 INFO completed=782 new=402 elapsed_s=118.509 images_per_s=3.392143 device=mps
2026-09-13 18:34:17,374 INFO completed=802 new=422 elapsed_s=124.528 images_per_s=3.388806 device=mps
2026-09-13 18:34:23,339 INFO completed=822 new=442 elapsed_s=130.492 images_per_s=3.387176 device=mps
2026-09-13 18:34:29,373 INFO completed=842 new=462 elapsed_s=136.526 images_per_s=3.383974 device=mps
2026-09-13 18:34:35,380 INFO completed=862 new=482 elapsed_s=142.534 images_per_s=3.381660 device=mps
2026-09-13 18:34:41,469 INFO completed=882 new=502 elapsed_s=148.622 images_per_s=3.377689 device=mps
2026-09-13 18:34:47,517 INFO completed=902 new=522 elapsed_s=154.670 images_per_s=3.374934 device=mps
2026-09-13 18:34:53,618 INFO completed=922 new=542 elapsed_s=160.771 images_per_s=3.371252 device=mps
2026-09-13 18:34:59,722 INFO completed=942 new=562 elapsed_s=166.875 images_per_s=3.367799 device=mps
2026-09-13 18:35:05,991 INFO completed=962 new=582 elapsed_s=173.144 images_per_s=3.361356 device=mps
2026-09-13 18:35:12,310 INFO completed=982 new=602 elapsed_s=179.463 images_per_s=3.354443 device=mps
2026-09-13 18:35:18,545 INFO completed=1002 new=622 elapsed_s=185.698 images_per_s=3.349532 device=mps
2026-09-13 18:35:24,733 INFO completed=1022 new=642 elapsed_s=191.886 images_per_s=3.345740 device=mps
2026-09-13 18:35:31,086 INFO completed=1042 new=662 elapsed_s=198.239 images_per_s=3.339410 device=mps
2026-09-13 18:35:37,427 INFO completed=1062 new=682 elapsed_s=204.580 images_per_s=3.333666 device=mps
2026-09-13 18:35:43,716 INFO completed=1082 new=702 elapsed_s=210.869 images_per_s=3.329088 device=mps
2026-09-13 18:35:50,065 INFO completed=1102 new=722 elapsed_s=217.217 images_per_s=3.323859 device=mps
2026-09-13 18:35:56,465 INFO completed=1122 new=742 elapsed_s=223.618 images_per_s=3.318163 device=mps
2026-09-13 18:36:02,944 INFO completed=1142 new=762 elapsed_s=230.096 images_per_s=3.311654 device=mps
2026-09-13 18:36:09,401 INFO completed=1162 new=782 elapsed_s=236.554 images_per_s=3.305797 device=mps
2026-09-13 18:36:15,900 INFO completed=1182 new=802 elapsed_s=243.053 images_per_s=3.299696 device=mps
2026-09-13 18:36:22,449 INFO completed=1202 new=822 elapsed_s=249.601 images_per_s=3.293251 device=mps
2026-09-13 18:36:29,022 INFO completed=1222 new=842 elapsed_s=256.174 images_per_s=3.286823 device=mps
2026-09-13 18:36:35,603 INFO completed=1242 new=862 elapsed_s=262.756 images_per_s=3.280616 device=mps
2026-09-13 18:36:42,198 INFO completed=1262 new=882 elapsed_s=269.351 images_per_s=3.274536 device=mps
2026-09-13 18:36:48,917 INFO completed=1282 new=902 elapsed_s=276.070 images_per_s=3.267286 device=mps
2026-09-13 18:36:55,499 INFO completed=1302 new=922 elapsed_s=282.651 images_per_s=3.261969 device=mps
2026-09-13 18:37:02,118 INFO completed=1322 new=942 elapsed_s=289.271 images_per_s=3.256467 device=mps
2026-09-13 18:37:08,720 INFO completed=1342 new=962 elapsed_s=295.873 images_per_s=3.251398 device=mps
2026-09-13 18:37:15,387 INFO completed=1362 new=982 elapsed_s=302.540 images_per_s=3.245855 device=mps
2026-09-13 18:37:22,045 INFO completed=1382 new=1002 elapsed_s=309.198 images_per_s=3.240644 device=mps
2026-09-13 18:37:28,687 INFO completed=1402 new=1022 elapsed_s=315.839 images_per_s=3.235826 device=mps
2026-09-13 18:37:35,315 INFO completed=1422 new=1042 elapsed_s=322.467 images_per_s=3.231337 device=mps
2026-09-13 18:37:42,013 INFO completed=1442 new=1062 elapsed_s=329.166 images_per_s=3.226337 device=mps
2026-09-13 18:37:48,665 INFO completed=1462 new=1082 elapsed_s=335.817 images_per_s=3.221989 device=mps
2026-09-13 18:37:55,209 INFO completed=1482 new=1102 elapsed_s=342.361 images_per_s=3.218822 device=mps
2026-09-13 18:38:01,827 INFO completed=1502 new=1122 elapsed_s=348.980 images_per_s=3.215087 device=mps
2026-09-13 18:38:08,441 INFO completed=1522 new=1142 elapsed_s=355.594 images_per_s=3.211530 device=mps
2026-09-13 18:38:15,026 INFO completed=1542 new=1162 elapsed_s=362.178 images_per_s=3.208369 device=mps
2026-09-13 18:38:21,635 INFO completed=1562 new=1182 elapsed_s=368.787 images_per_s=3.205103 device=mps
2026-09-13 18:38:28,231 INFO completed=1582 new=1202 elapsed_s=375.384 images_per_s=3.202058 device=mps
2026-09-13 18:38:34,803 INFO completed=1602 new=1222 elapsed_s=381.955 images_per_s=3.199330 device=mps
2026-09-13 18:38:41,344 INFO completed=1622 new=1242 elapsed_s=388.496 images_per_s=3.196941 device=mps
2026-09-13 18:38:47,916 INFO completed=1642 new=1262 elapsed_s=395.068 images_per_s=3.194387 device=mps
2026-09-13 18:38:54,463 INFO completed=1662 new=1282 elapsed_s=401.616 images_per_s=3.192107 device=mps
2026-09-13 18:39:01,077 INFO completed=1682 new=1302 elapsed_s=408.230 images_per_s=3.189382 device=mps
2026-09-13 18:39:07,605 INFO completed=1702 new=1322 elapsed_s=414.757 images_per_s=3.187410 device=mps
2026-09-13 18:39:14,108 INFO completed=1722 new=1342 elapsed_s=421.260 images_per_s=3.185680 device=mps
2026-09-13 18:39:20,614 INFO completed=1742 new=1362 elapsed_s=427.766 images_per_s=3.183981 device=mps
2026-09-13 18:39:27,171 INFO completed=1762 new=1382 elapsed_s=434.323 images_per_s=3.181963 device=mps
2026-09-13 18:39:33,719 INFO completed=1782 new=1402 elapsed_s=440.871 images_per_s=3.180068 device=mps
2026-09-13 18:39:40,241 INFO completed=1802 new=1422 elapsed_s=447.393 images_per_s=3.178415 device=mps
2026-09-13 18:39:46,754 INFO completed=1822 new=1442 elapsed_s=453.906 images_per_s=3.176868 device=mps
2026-09-13 18:39:53,254 INFO completed=1842 new=1462 elapsed_s=460.406 images_per_s=3.175459 device=mps
2026-09-13 18:39:59,768 INFO completed=1862 new=1482 elapsed_s=466.920 images_per_s=3.173993 device=mps
2026-09-13 18:40:06,267 INFO completed=1882 new=1502 elapsed_s=473.419 images_per_s=3.172665 device=mps
2026-09-13 18:40:12,761 INFO completed=1902 new=1522 elapsed_s=479.913 images_per_s=3.171406 device=mps
2026-09-13 18:40:19,233 INFO completed=1922 new=1542 elapsed_s=486.385 images_per_s=3.170327 device=mps
2026-09-13 18:40:25,736 INFO completed=1942 new=1562 elapsed_s=492.888 images_per_s=3.169076 device=mps
2026-09-13 18:40:32,245 INFO completed=1962 new=1582 elapsed_s=499.397 images_per_s=3.167821 device=mps
2026-09-13 18:40:38,724 INFO completed=1982 new=1602 elapsed_s=505.875 images_per_s=3.166789 device=mps
2026-09-13 18:40:45,222 INFO completed=2002 new=1622 elapsed_s=512.374 images_per_s=3.165659 device=mps
2026-09-13 18:40:51,683 INFO completed=2022 new=1642 elapsed_s=518.835 images_per_s=3.164785 device=mps
2026-09-13 18:40:58,132 INFO completed=2042 new=1662 elapsed_s=525.283 images_per_s=3.164006 device=mps
2026-09-13 18:41:04,591 INFO completed=2062 new=1682 elapsed_s=531.742 images_per_s=3.163187 device=mps
2026-09-13 18:41:11,044 INFO completed=2082 new=1702 elapsed_s=538.195 images_per_s=3.162420 device=mps
2026-09-13 18:41:17,496 INFO completed=2102 new=1722 elapsed_s=544.649 images_per_s=3.161671 device=mps
2026-09-13 18:41:23,943 INFO completed=2122 new=1742 elapsed_s=551.097 images_per_s=3.160966 device=mps
2026-09-13 18:41:30,373 INFO completed=2142 new=1762 elapsed_s=557.529 images_per_s=3.160375 device=mps
2026-09-13 18:41:36,848 INFO completed=2162 new=1782 elapsed_s=564.005 images_per_s=3.159547 device=mps
2026-09-13 18:41:43,291 INFO completed=2182 new=1802 elapsed_s=570.448 images_per_s=3.158919 device=mps
2026-09-13 18:41:49,731 INFO completed=2202 new=1822 elapsed_s=576.889 images_per_s=3.158321 device=mps
2026-09-13 18:41:56,176 INFO completed=2222 new=1842 elapsed_s=583.334 images_per_s=3.157712 device=mps
2026-09-13 18:42:02,652 INFO completed=2242 new=1862 elapsed_s=589.810 images_per_s=3.156946 device=mps
2026-09-13 18:42:09,062 INFO completed=2262 new=1882 elapsed_s=596.221 images_per_s=3.156550 device=mps
2026-09-13 18:42:15,517 INFO completed=2282 new=1902 elapsed_s=602.675 images_per_s=3.155931 device=mps
2026-09-13 18:42:21,875 INFO completed=2302 new=1922 elapsed_s=609.033 images_per_s=3.155821 device=mps
2026-09-13 18:42:28,283 INFO completed=2322 new=1942 elapsed_s=615.441 images_per_s=3.155462 device=mps
2026-09-13 18:42:34,646 INFO completed=2342 new=1962 elapsed_s=621.804 images_per_s=3.155336 device=mps
2026-09-13 18:42:41,020 INFO completed=2362 new=1982 elapsed_s=628.178 images_per_s=3.155155 device=mps
2026-09-13 18:42:47,394 INFO completed=2382 new=2002 elapsed_s=634.552 images_per_s=3.154983 device=mps
2026-09-13 18:42:53,758 INFO completed=2402 new=2022 elapsed_s=640.916 images_per_s=3.154860 device=mps
2026-09-13 18:43:00,137 INFO completed=2422 new=2042 elapsed_s=647.295 images_per_s=3.154668 device=mps
2026-09-13 18:43:06,524 INFO completed=2442 new=2062 elapsed_s=653.682 images_per_s=3.154437 device=mps
2026-09-13 18:43:12,921 INFO completed=2462 new=2082 elapsed_s=660.079 images_per_s=3.154167 device=mps
2026-09-13 18:43:19,297 INFO completed=2482 new=2102 elapsed_s=666.455 images_per_s=3.153999 device=mps
2026-09-13 18:43:25,713 INFO completed=2502 new=2122 elapsed_s=672.871 images_per_s=3.153649 device=mps
2026-09-13 18:43:32,103 INFO completed=2522 new=2142 elapsed_s=679.261 images_per_s=3.153428 device=mps
2026-09-13 18:43:38,463 INFO completed=2542 new=2162 elapsed_s=685.621 images_per_s=3.153344 device=mps
2026-09-13 18:43:44,836 INFO completed=2562 new=2182 elapsed_s=691.994 images_per_s=3.153205 device=mps
2026-09-13 18:43:51,225 INFO completed=2582 new=2202 elapsed_s=698.383 images_per_s=3.152996 device=mps
2026-09-13 18:43:57,647 INFO completed=2602 new=2222 elapsed_s=704.805 images_per_s=3.152646 device=mps
2026-09-13 18:44:04,035 INFO completed=2622 new=2242 elapsed_s=711.193 images_per_s=3.152451 device=mps
2026-09-13 18:44:10,389 INFO completed=2642 new=2262 elapsed_s=717.547 images_per_s=3.152406 device=mps
2026-09-13 18:44:16,752 INFO completed=2662 new=2282 elapsed_s=723.910 images_per_s=3.152327 device=mps
2026-09-13 18:44:23,130 INFO completed=2682 new=2302 elapsed_s=730.288 images_per_s=3.152182 device=mps
2026-09-13 18:44:29,505 INFO completed=2702 new=2322 elapsed_s=736.663 images_per_s=3.152050 device=mps
2026-09-13 18:44:35,897 INFO completed=2722 new=2342 elapsed_s=743.055 images_per_s=3.151853 device=mps
2026-09-13 18:44:42,282 INFO completed=2742 new=2362 elapsed_s=749.440 images_per_s=3.151685 device=mps
2026-09-13 18:44:48,632 INFO completed=2762 new=2382 elapsed_s=755.790 images_per_s=3.151671 device=mps
2026-09-13 18:44:55,024 INFO completed=2782 new=2402 elapsed_s=762.181 images_per_s=3.151480 device=mps
2026-09-13 18:45:01,420 INFO completed=2802 new=2422 elapsed_s=768.578 images_per_s=3.151276 device=mps
2026-09-13 18:45:07,816 INFO completed=2822 new=2442 elapsed_s=774.974 images_per_s=3.151075 device=mps
2026-09-13 18:45:14,174 INFO completed=2842 new=2462 elapsed_s=781.332 images_per_s=3.151030 device=mps
2026-09-13 18:45:20,553 INFO completed=2862 new=2482 elapsed_s=787.711 images_per_s=3.150902 device=mps
2026-09-13 18:45:26,912 INFO completed=2882 new=2502 elapsed_s=794.070 images_per_s=3.150855 device=mps
2026-09-13 18:45:33,276 INFO completed=2902 new=2522 elapsed_s=800.434 images_per_s=3.150792 device=mps
2026-09-13 18:45:39,667 INFO completed=2922 new=2542 elapsed_s=806.825 images_per_s=3.150622 device=mps
2026-09-13 18:45:46,039 INFO completed=2942 new=2562 elapsed_s=813.196 images_per_s=3.150531 device=mps
2026-09-13 18:45:52,473 INFO completed=2962 new=2582 elapsed_s=819.630 images_per_s=3.150200 device=mps
2026-09-13 18:45:58,834 INFO completed=2982 new=2602 elapsed_s=825.992 images_per_s=3.150153 device=mps
2026-09-13 18:46:05,263 INFO completed=3002 new=2622 elapsed_s=832.421 images_per_s=3.149849 device=mps
2026-09-13 18:46:11,634 INFO completed=3022 new=2642 elapsed_s=838.792 images_per_s=3.149768 device=mps
2026-09-13 18:46:18,023 INFO completed=3042 new=2662 elapsed_s=845.181 images_per_s=3.149621 device=mps
2026-09-13 18:46:24,402 INFO completed=3062 new=2682 elapsed_s=851.560 images_per_s=3.149513 device=mps
2026-09-13 18:46:30,807 INFO completed=3082 new=2702 elapsed_s=857.964 images_per_s=3.149315 device=mps
2026-09-13 18:46:37,236 INFO completed=3102 new=2722 elapsed_s=864.394 images_per_s=3.149027 device=mps
2026-09-13 18:46:43,667 INFO completed=3122 new=2742 elapsed_s=870.825 images_per_s=3.148740 device=mps
2026-09-13 18:46:50,080 INFO completed=3142 new=2762 elapsed_s=877.237 images_per_s=3.148521 device=mps
2026-09-13 18:46:56,449 INFO completed=3162 new=2782 elapsed_s=883.606 images_per_s=3.148461 device=mps
2026-09-13 18:47:02,857 INFO completed=3182 new=2802 elapsed_s=890.014 images_per_s=3.148264 device=mps
2026-09-13 18:47:09,232 INFO completed=3202 new=2822 elapsed_s=896.389 images_per_s=3.148185 device=mps
2026-09-13 18:47:15,623 INFO completed=3222 new=2842 elapsed_s=902.781 images_per_s=3.148051 device=mps
2026-09-13 18:47:22,021 INFO completed=3242 new=2862 elapsed_s=909.179 images_per_s=3.147896 device=mps
2026-09-13 18:47:28,453 INFO completed=3262 new=2882 elapsed_s=915.611 images_per_s=3.147626 device=mps
2026-09-13 18:47:34,850 INFO completed=3282 new=2902 elapsed_s=922.008 images_per_s=3.147479 device=mps
2026-09-13 18:47:41,249 INFO completed=3302 new=2922 elapsed_s=928.407 images_per_s=3.147328 device=mps
2026-09-13 18:47:47,672 INFO completed=3322 new=2942 elapsed_s=934.830 images_per_s=3.147098 device=mps
2026-09-13 18:47:54,076 INFO completed=3342 new=2962 elapsed_s=941.233 images_per_s=3.146935 device=mps
2026-09-13 18:48:00,529 INFO completed=3362 new=2982 elapsed_s=947.686 images_per_s=3.146611 device=mps
2026-09-13 18:48:06,971 INFO completed=3382 new=3002 elapsed_s=954.128 images_per_s=3.146328 device=mps
2026-09-13 18:48:13,385 INFO completed=3402 new=3022 elapsed_s=960.542 images_per_s=3.146140 device=mps
2026-09-13 18:48:19,792 INFO completed=3422 new=3042 elapsed_s=966.949 images_per_s=3.145977 device=mps
2026-09-13 18:48:26,180 INFO completed=3442 new=3062 elapsed_s=973.337 images_per_s=3.145877 device=mps
2026-09-13 18:48:32,625 INFO completed=3462 new=3082 elapsed_s=979.782 images_per_s=3.145598 device=mps
2026-09-13 18:48:39,089 INFO completed=3482 new=3102 elapsed_s=986.246 images_per_s=3.145259 device=mps
2026-09-13 18:48:45,489 INFO completed=3502 new=3122 elapsed_s=992.646 images_per_s=3.145129 device=mps
2026-09-13 18:48:51,905 INFO completed=3522 new=3142 elapsed_s=999.062 images_per_s=3.144950 device=mps
2026-09-13 18:48:58,317 INFO completed=3542 new=3162 elapsed_s=1005.474 images_per_s=3.144785 device=mps
2026-09-13 18:49:04,750 INFO completed=3562 new=3182 elapsed_s=1011.907 images_per_s=3.144557 device=mps
2026-09-13 18:49:11,148 INFO completed=3582 new=3202 elapsed_s=1018.305 images_per_s=3.144440 device=mps
2026-09-13 18:49:17,572 INFO completed=3602 new=3222 elapsed_s=1024.729 images_per_s=3.144246 device=mps
2026-09-13 18:49:23,956 INFO completed=3622 new=3242 elapsed_s=1031.113 images_per_s=3.144175 device=mps
2026-09-13 18:49:30,369 INFO completed=3642 new=3262 elapsed_s=1037.527 images_per_s=3.144016 device=mps
2026-09-13 18:49:36,762 INFO completed=3662 new=3282 elapsed_s=1043.920 images_per_s=3.143920 device=mps
2026-09-13 18:49:43,169 INFO completed=3682 new=3302 elapsed_s=1050.326 images_per_s=3.143786 device=mps
2026-09-13 18:49:49,604 INFO completed=3702 new=3322 elapsed_s=1056.761 images_per_s=3.143569 device=mps
2026-09-13 18:49:56,031 INFO completed=3722 new=3342 elapsed_s=1063.188 images_per_s=3.143376 device=mps
2026-09-13 18:50:02,462 INFO completed=3742 new=3362 elapsed_s=1069.619 images_per_s=3.143175 device=mps
2026-09-13 18:50:08,879 INFO completed=3762 new=3382 elapsed_s=1076.036 images_per_s=3.143018 device=mps
2026-09-13 18:50:15,312 INFO completed=3782 new=3402 elapsed_s=1082.469 images_per_s=3.142815 device=mps
2026-09-13 18:50:21,743 INFO completed=3802 new=3422 elapsed_s=1088.900 images_per_s=3.142620 device=mps
2026-09-13 18:50:28,188 INFO completed=3822 new=3442 elapsed_s=1095.345 images_per_s=3.142389 device=mps
2026-09-13 18:50:34,557 INFO completed=3842 new=3462 elapsed_s=1101.714 images_per_s=3.142377 device=mps
2026-09-13 18:50:41,068 INFO completed=3862 new=3482 elapsed_s=1108.225 images_per_s=3.141961 device=mps
2026-09-13 18:50:47,626 INFO completed=3882 new=3502 elapsed_s=1114.783 images_per_s=3.141419 device=mps
2026-09-13 18:50:54,045 INFO completed=3902 new=3522 elapsed_s=1121.202 images_per_s=3.141272 device=mps
2026-09-13 18:51:00,500 INFO completed=3922 new=3542 elapsed_s=1127.657 images_per_s=3.141027 device=mps
2026-09-13 18:51:06,864 INFO completed=3942 new=3562 elapsed_s=1134.021 images_per_s=3.141036 device=mps
2026-09-13 18:51:13,280 INFO completed=3962 new=3582 elapsed_s=1140.436 images_per_s=3.140903 device=mps
2026-09-13 18:51:19,744 INFO completed=3982 new=3602 elapsed_s=1146.901 images_per_s=3.140637 device=mps
2026-09-13 18:51:26,225 INFO completed=4002 new=3622 elapsed_s=1153.382 images_per_s=3.140330 device=mps
2026-09-13 18:51:32,706 INFO completed=4022 new=3642 elapsed_s=1159.863 images_per_s=3.140027 device=mps
2026-09-13 18:51:39,108 INFO completed=4042 new=3662 elapsed_s=1166.264 images_per_s=3.139940 device=mps
2026-09-13 18:51:45,506 INFO completed=4062 new=3682 elapsed_s=1172.663 images_per_s=3.139863 device=mps
2026-09-13 18:51:51,929 INFO completed=4082 new=3702 elapsed_s=1179.086 images_per_s=3.139720 device=mps
2026-09-13 18:51:58,295 INFO completed=4102 new=3722 elapsed_s=1185.452 images_per_s=3.139732 device=mps
2026-09-13 18:52:04,713 INFO completed=4122 new=3742 elapsed_s=1191.870 images_per_s=3.139605 device=mps
2026-09-13 18:52:11,106 INFO completed=4142 new=3762 elapsed_s=1198.263 images_per_s=3.139545 device=mps
2026-09-13 18:52:17,505 INFO completed=4162 new=3782 elapsed_s=1204.661 images_per_s=3.139472 device=mps
2026-09-13 18:52:23,887 INFO completed=4182 new=3802 elapsed_s=1211.044 images_per_s=3.139440 device=mps
2026-09-13 18:52:30,366 INFO completed=4202 new=3822 elapsed_s=1217.522 images_per_s=3.139162 device=mps
2026-09-13 18:52:36,734 INFO completed=4222 new=3842 elapsed_s=1223.891 images_per_s=3.139168 device=mps
2026-09-13 18:52:43,161 INFO completed=4242 new=3862 elapsed_s=1230.318 images_per_s=3.139026 device=mps
2026-09-13 18:52:49,530 INFO completed=4262 new=3882 elapsed_s=1236.687 images_per_s=3.139032 device=mps
2026-09-13 18:52:55,922 INFO completed=4282 new=3902 elapsed_s=1243.078 images_per_s=3.138982 device=mps
2026-09-13 18:53:02,315 INFO completed=4302 new=3922 elapsed_s=1249.471 images_per_s=3.138927 device=mps
2026-09-13 18:53:08,701 INFO completed=4322 new=3942 elapsed_s=1255.857 images_per_s=3.138892 device=mps
2026-09-13 18:53:15,121 INFO completed=4342 new=3962 elapsed_s=1262.277 images_per_s=3.138772 device=mps
2026-09-13 18:53:21,495 INFO completed=4362 new=3982 elapsed_s=1268.651 images_per_s=3.138766 device=mps
2026-09-13 18:53:27,883 INFO completed=4382 new=4002 elapsed_s=1275.039 images_per_s=3.138727 device=mps
2026-09-13 18:53:34,276 INFO completed=4402 new=4022 elapsed_s=1281.432 images_per_s=3.138676 device=mps
2026-09-13 18:53:40,691 INFO completed=4422 new=4042 elapsed_s=1287.848 images_per_s=3.138570 device=mps
2026-09-13 18:53:47,088 INFO completed=4442 new=4062 elapsed_s=1294.244 images_per_s=3.138511 device=mps
2026-09-13 18:53:53,443 INFO completed=4462 new=4082 elapsed_s=1300.599 images_per_s=3.138554 device=mps
2026-09-13 18:53:59,851 INFO completed=4482 new=4102 elapsed_s=1307.007 images_per_s=3.138468 device=mps
2026-09-13 18:54:06,279 INFO completed=4502 new=4122 elapsed_s=1313.435 images_per_s=3.138335 device=mps
2026-09-13 18:54:12,652 INFO completed=4522 new=4142 elapsed_s=1319.809 images_per_s=3.138334 device=mps
2026-09-13 18:54:19,055 INFO completed=4542 new=4162 elapsed_s=1326.211 images_per_s=3.138263 device=mps
2026-09-13 18:54:25,428 INFO completed=4562 new=4182 elapsed_s=1332.584 images_per_s=3.138263 device=mps
2026-09-13 18:54:31,828 INFO completed=4582 new=4202 elapsed_s=1338.984 images_per_s=3.138200 device=mps
2026-09-13 18:54:38,277 INFO completed=4602 new=4222 elapsed_s=1345.433 images_per_s=3.138023 device=mps
2026-09-13 18:54:44,676 INFO completed=4622 new=4242 elapsed_s=1351.832 images_per_s=3.137963 device=mps
2026-09-13 18:54:51,108 INFO completed=4642 new=4262 elapsed_s=1358.264 images_per_s=3.137829 device=mps
2026-09-13 18:54:57,467 INFO completed=4662 new=4282 elapsed_s=1364.623 images_per_s=3.137862 device=mps
2026-09-13 18:55:03,910 INFO completed=4682 new=4302 elapsed_s=1371.066 images_per_s=3.137704 device=mps
2026-09-13 18:55:10,291 INFO completed=4702 new=4322 elapsed_s=1377.447 images_per_s=3.137688 device=mps
2026-09-13 18:55:16,679 INFO completed=4722 new=4342 elapsed_s=1383.835 images_per_s=3.137657 device=mps
2026-09-13 18:55:23,113 INFO completed=4742 new=4362 elapsed_s=1390.269 images_per_s=3.137522 device=mps
2026-09-13 18:55:29,549 INFO completed=4762 new=4382 elapsed_s=1396.705 images_per_s=3.137385 device=mps
2026-09-13 18:55:35,987 INFO completed=4782 new=4402 elapsed_s=1403.143 images_per_s=3.137243 device=mps
2026-09-13 18:55:42,403 INFO completed=4802 new=4422 elapsed_s=1409.559 images_per_s=3.137151 device=mps
2026-09-13 18:55:48,831 INFO completed=4822 new=4442 elapsed_s=1415.987 images_per_s=3.137034 device=mps
2026-09-13 18:55:55,246 INFO completed=4842 new=4462 elapsed_s=1422.402 images_per_s=3.136947 device=mps
2026-09-13 18:56:01,742 INFO completed=4862 new=4482 elapsed_s=1428.898 images_per_s=3.136683 device=mps
2026-09-13 18:56:08,123 INFO completed=4882 new=4502 elapsed_s=1435.279 images_per_s=3.136673 device=mps
2026-09-13 18:56:14,585 INFO completed=4902 new=4522 elapsed_s=1441.741 images_per_s=3.136486 device=mps
2026-09-13 18:56:20,947 INFO completed=4922 new=4542 elapsed_s=1448.103 images_per_s=3.136517 device=mps
2026-09-13 18:56:27,370 INFO completed=4942 new=4562 elapsed_s=1454.526 images_per_s=3.136417 device=mps
2026-09-13 18:56:33,739 INFO completed=4962 new=4582 elapsed_s=1460.894 images_per_s=3.136435 device=mps
2026-09-13 18:56:40,127 INFO completed=4982 new=4602 elapsed_s=1467.283 images_per_s=3.136410 device=mps
2026-09-13 18:56:46,462 INFO completed=5002 new=4622 elapsed_s=1473.618 images_per_s=3.136499 device=mps
2026-09-13 18:56:52,807 INFO completed=5022 new=4642 elapsed_s=1479.962 images_per_s=3.136566 device=mps
2026-09-13 18:56:59,234 INFO completed=5042 new=4662 elapsed_s=1486.390 images_per_s=3.136458 device=mps
2026-09-13 18:57:05,598 INFO completed=5062 new=4682 elapsed_s=1492.754 images_per_s=3.136484 device=mps
2026-09-13 18:57:11,963 INFO completed=5082 new=4702 elapsed_s=1499.118 images_per_s=3.136511 device=mps
2026-09-13 18:57:18,335 INFO completed=5102 new=4722 elapsed_s=1505.489 images_per_s=3.136523 device=mps
2026-09-13 18:57:24,708 INFO completed=5122 new=4742 elapsed_s=1511.860 images_per_s=3.136533 device=mps
2026-09-13 18:57:31,115 INFO completed=5142 new=4762 elapsed_s=1518.266 images_per_s=3.136472 device=mps
2026-09-13 18:57:37,486 INFO completed=5162 new=4782 elapsed_s=1524.637 images_per_s=3.136485 device=mps
2026-09-13 18:57:43,849 INFO completed=5182 new=4802 elapsed_s=1530.999 images_per_s=3.136513 device=mps
2026-09-13 18:57:50,224 INFO completed=5202 new=4822 elapsed_s=1537.374 images_per_s=3.136517 device=mps
2026-09-13 18:57:56,585 INFO completed=5222 new=4842 elapsed_s=1543.735 images_per_s=3.136548 device=mps
2026-09-13 18:58:03,004 INFO completed=5242 new=4862 elapsed_s=1550.154 images_per_s=3.136462 device=mps
2026-09-13 18:58:09,385 INFO completed=5262 new=4882 elapsed_s=1556.535 images_per_s=3.136454 device=mps
2026-09-13 18:58:15,748 INFO completed=5282 new=4902 elapsed_s=1562.898 images_per_s=3.136481 device=mps
2026-09-13 18:58:22,147 INFO completed=5302 new=4922 elapsed_s=1569.296 images_per_s=3.136438 device=mps
2026-09-13 18:58:28,515 INFO completed=5322 new=4942 elapsed_s=1575.665 images_per_s=3.136454 device=mps
2026-09-13 18:58:34,896 INFO completed=5342 new=4962 elapsed_s=1582.045 images_per_s=3.136446 device=mps
2026-09-13 18:58:41,268 INFO completed=5362 new=4982 elapsed_s=1588.417 images_per_s=3.136456 device=mps
2026-09-13 18:58:47,633 INFO completed=5382 new=5002 elapsed_s=1594.782 images_per_s=3.136478 device=mps
2026-09-13 18:58:54,000 INFO completed=5402 new=5022 elapsed_s=1601.150 images_per_s=3.136496 device=mps
2026-09-13 18:59:00,367 INFO completed=5422 new=5042 elapsed_s=1607.516 images_per_s=3.136516 device=mps
2026-09-13 18:59:06,762 INFO completed=5442 new=5062 elapsed_s=1613.912 images_per_s=3.136479 device=mps
2026-09-13 18:59:13,125 INFO completed=5462 new=5082 elapsed_s=1620.274 images_per_s=3.136506 device=mps
2026-09-13 18:59:19,501 INFO completed=5482 new=5102 elapsed_s=1626.650 images_per_s=3.136508 device=mps
2026-09-13 18:59:25,890 INFO completed=5502 new=5122 elapsed_s=1633.039 images_per_s=3.136484 device=mps
2026-09-13 18:59:32,264 INFO completed=5522 new=5142 elapsed_s=1639.413 images_per_s=3.136488 device=mps
2026-09-13 18:59:38,694 INFO completed=5542 new=5162 elapsed_s=1645.844 images_per_s=3.136385 device=mps
2026-09-13 18:59:45,080 INFO completed=5562 new=5182 elapsed_s=1652.229 images_per_s=3.136369 device=mps
2026-09-13 18:59:51,466 INFO completed=5582 new=5202 elapsed_s=1658.615 images_per_s=3.136352 device=mps
2026-09-13 18:59:57,875 INFO completed=5602 new=5222 elapsed_s=1665.024 images_per_s=3.136291 device=mps
2026-09-13 19:00:04,264 INFO completed=5622 new=5242 elapsed_s=1671.413 images_per_s=3.136268 device=mps
2026-09-13 19:00:10,646 INFO completed=5642 new=5262 elapsed_s=1677.795 images_per_s=3.136260 device=mps
2026-09-13 19:00:17,074 INFO completed=5662 new=5282 elapsed_s=1684.223 images_per_s=3.136164 device=mps
2026-09-13 19:00:23,509 INFO completed=5682 new=5302 elapsed_s=1690.658 images_per_s=3.136057 device=mps
2026-09-13 19:00:29,891 INFO completed=5702 new=5322 elapsed_s=1697.040 images_per_s=3.136048 device=mps
2026-09-13 19:00:36,314 INFO completed=5722 new=5342 elapsed_s=1703.464 images_per_s=3.135964 device=mps
2026-09-13 19:00:42,691 INFO completed=5742 new=5362 elapsed_s=1709.841 images_per_s=3.135965 device=mps
2026-09-13 19:00:49,052 INFO completed=5762 new=5382 elapsed_s=1716.201 images_per_s=3.135996 device=mps
2026-09-13 19:00:55,522 INFO completed=5782 new=5402 elapsed_s=1722.671 images_per_s=3.135828 device=mps
2026-09-13 19:01:01,866 INFO completed=5802 new=5422 elapsed_s=1729.015 images_per_s=3.135890 device=mps
2026-09-13 19:01:08,228 INFO completed=5822 new=5442 elapsed_s=1735.377 images_per_s=3.135918 device=mps
2026-09-13 19:01:14,613 INFO completed=5842 new=5462 elapsed_s=1741.762 images_per_s=3.135905 device=mps
2026-09-13 19:01:20,980 INFO completed=5862 new=5482 elapsed_s=1748.129 images_per_s=3.135924 device=mps
2026-09-13 19:01:27,397 INFO completed=5882 new=5502 elapsed_s=1754.546 images_per_s=3.135855 device=mps
2026-09-13 19:01:33,767 INFO completed=5902 new=5522 elapsed_s=1760.916 images_per_s=3.135868 device=mps
2026-09-13 19:01:40,120 INFO completed=5922 new=5542 elapsed_s=1767.269 images_per_s=3.135913 device=mps
2026-09-13 19:01:46,488 INFO completed=5942 new=5562 elapsed_s=1773.637 images_per_s=3.135929 device=mps
2026-09-13 19:01:52,874 INFO completed=5962 new=5582 elapsed_s=1780.023 images_per_s=3.135914 device=mps
2026-09-13 19:01:59,271 INFO completed=5982 new=5602 elapsed_s=1786.420 images_per_s=3.135881 device=mps
2026-09-13 19:02:05,630 INFO completed=6002 new=5622 elapsed_s=1792.779 images_per_s=3.135914 device=mps
2026-09-13 19:02:11,988 INFO completed=6022 new=5642 elapsed_s=1799.137 images_per_s=3.135948 device=mps
2026-09-13 19:02:18,335 INFO completed=6042 new=5662 elapsed_s=1805.484 images_per_s=3.136001 device=mps
2026-09-13 19:02:24,707 INFO completed=6062 new=5682 elapsed_s=1811.856 images_per_s=3.136011 device=mps
2026-09-13 19:02:31,060 INFO completed=6082 new=5702 elapsed_s=1818.209 images_per_s=3.136054 device=mps
2026-09-13 19:02:37,441 INFO completed=6102 new=5722 elapsed_s=1824.590 images_per_s=3.136047 device=mps
2026-09-13 19:02:43,810 INFO completed=6122 new=5742 elapsed_s=1830.958 images_per_s=3.136062 device=mps
2026-09-13 19:02:50,177 INFO completed=6142 new=5762 elapsed_s=1837.326 images_per_s=3.136080 device=mps
2026-09-13 19:02:56,563 INFO completed=6162 new=5782 elapsed_s=1843.711 images_per_s=3.136066 device=mps
2026-09-13 19:03:02,943 INFO completed=6182 new=5802 elapsed_s=1850.091 images_per_s=3.136061 device=mps
2026-09-13 19:03:09,308 INFO completed=6202 new=5822 elapsed_s=1856.457 images_per_s=3.136081 device=mps
2026-09-13 19:03:15,688 INFO completed=6222 new=5842 elapsed_s=1862.837 images_per_s=3.136077 device=mps
2026-09-13 19:03:22,101 INFO completed=6242 new=5862 elapsed_s=1869.249 images_per_s=3.136018 device=mps
2026-09-13 19:03:28,472 INFO completed=6262 new=5882 elapsed_s=1875.620 images_per_s=3.136029 device=mps
2026-09-13 19:03:34,876 INFO completed=6282 new=5902 elapsed_s=1882.024 images_per_s=3.135985 device=mps
2026-09-13 19:03:41,250 INFO completed=6302 new=5922 elapsed_s=1888.398 images_per_s=3.135991 device=mps
2026-09-13 19:03:47,663 INFO completed=6322 new=5942 elapsed_s=1894.811 images_per_s=3.135933 device=mps
2026-09-13 19:03:54,043 INFO completed=6342 new=5962 elapsed_s=1901.192 images_per_s=3.135928 device=mps
2026-09-13 19:04:00,424 INFO completed=6362 new=5982 elapsed_s=1907.572 images_per_s=3.135923 device=mps
2026-09-13 19:04:06,781 INFO completed=6382 new=6002 elapsed_s=1913.929 images_per_s=3.135957 device=mps
2026-09-13 19:04:13,201 INFO completed=6402 new=6022 elapsed_s=1920.349 images_per_s=3.135888 device=mps
2026-09-13 19:04:19,582 INFO completed=6422 new=6042 elapsed_s=1926.730 images_per_s=3.135883 device=mps
2026-09-13 19:04:26,014 INFO completed=6442 new=6062 elapsed_s=1933.163 images_per_s=3.135794 device=mps
2026-09-13 19:04:32,405 INFO completed=6462 new=6082 elapsed_s=1939.553 images_per_s=3.135774 device=mps
2026-09-13 19:04:38,764 INFO completed=6482 new=6102 elapsed_s=1945.912 images_per_s=3.135805 device=mps
2026-09-13 19:04:45,140 INFO completed=6502 new=6122 elapsed_s=1952.288 images_per_s=3.135807 device=mps
2026-09-13 19:04:51,518 INFO completed=6522 new=6142 elapsed_s=1958.666 images_per_s=3.135807 device=mps
2026-09-13 19:04:57,992 INFO completed=6542 new=6162 elapsed_s=1965.140 images_per_s=3.135655 device=mps
2026-09-13 19:05:04,393 INFO completed=6562 new=6182 elapsed_s=1971.541 images_per_s=3.135618 device=mps
2026-09-13 19:05:10,783 INFO completed=6582 new=6202 elapsed_s=1977.931 images_per_s=3.135600 device=mps
2026-09-13 19:05:17,195 INFO completed=6602 new=6222 elapsed_s=1984.343 images_per_s=3.135547 device=mps
2026-09-13 19:05:23,638 INFO completed=6622 new=6242 elapsed_s=1990.786 images_per_s=3.135445 device=mps
2026-09-13 19:05:30,088 INFO completed=6642 new=6262 elapsed_s=1997.236 images_per_s=3.135332 device=mps
2026-09-13 19:05:36,508 INFO completed=6662 new=6282 elapsed_s=2003.656 images_per_s=3.135268 device=mps
2026-09-13 19:05:42,929 INFO completed=6682 new=6302 elapsed_s=2010.077 images_per_s=3.135204 device=mps
2026-09-13 19:05:49,392 INFO completed=6702 new=6322 elapsed_s=2016.540 images_per_s=3.135073 device=mps
2026-09-13 19:05:55,766 INFO completed=6722 new=6342 elapsed_s=2022.914 images_per_s=3.135082 device=mps
2026-09-13 19:06:02,100 INFO completed=6742 new=6362 elapsed_s=2029.248 images_per_s=3.135152 device=mps
2026-09-13 19:06:08,492 INFO completed=6762 new=6382 elapsed_s=2035.639 images_per_s=3.135133 device=mps
2026-09-13 19:06:14,893 INFO completed=6782 new=6402 elapsed_s=2042.041 images_per_s=3.135099 device=mps
2026-09-13 19:06:21,301 INFO completed=6802 new=6422 elapsed_s=2048.448 images_per_s=3.135056 device=mps
2026-09-13 19:06:27,646 INFO completed=6822 new=6442 elapsed_s=2054.794 images_per_s=3.135108 device=mps
2026-09-13 19:06:34,042 INFO completed=6842 new=6462 elapsed_s=2061.190 images_per_s=3.135083 device=mps
2026-09-13 19:06:40,441 INFO completed=6862 new=6482 elapsed_s=2067.588 images_per_s=3.135053 device=mps
2026-09-13 19:06:46,852 INFO completed=6882 new=6502 elapsed_s=2073.999 images_per_s=3.135006 device=mps
2026-09-13 19:06:53,284 INFO completed=6902 new=6522 elapsed_s=2080.432 images_per_s=3.134926 device=mps
2026-09-13 19:06:59,715 INFO completed=6922 new=6542 elapsed_s=2086.863 images_per_s=3.134849 device=mps
2026-09-13 19:07:06,125 INFO completed=6942 new=6562 elapsed_s=2093.272 images_per_s=3.134805 device=mps
2026-09-13 19:07:12,581 INFO completed=6962 new=6582 elapsed_s=2099.728 images_per_s=3.134691 device=mps
2026-09-13 19:07:18,967 INFO completed=6982 new=6602 elapsed_s=2106.115 images_per_s=3.134682 device=mps
2026-09-13 19:07:25,355 INFO completed=7002 new=6622 elapsed_s=2112.503 images_per_s=3.134671 device=mps
2026-09-13 19:07:31,748 INFO completed=7022 new=6642 elapsed_s=2118.895 images_per_s=3.134652 device=mps
2026-09-13 19:07:38,161 INFO completed=7042 new=6662 elapsed_s=2125.309 images_per_s=3.134603 device=mps
2026-09-13 19:07:44,552 INFO completed=7062 new=6682 elapsed_s=2131.700 images_per_s=3.134588 device=mps
2026-09-13 19:07:50,966 INFO completed=7082 new=6702 elapsed_s=2138.114 images_per_s=3.134539 device=mps
2026-09-13 19:07:57,436 INFO completed=7102 new=6722 elapsed_s=2144.584 images_per_s=3.134408 device=mps
2026-09-13 19:08:03,815 INFO completed=7122 new=6742 elapsed_s=2150.963 images_per_s=3.134411 device=mps
2026-09-13 19:08:10,192 INFO completed=7142 new=6762 elapsed_s=2157.340 images_per_s=3.134416 device=mps
2026-09-13 19:08:16,584 INFO completed=7162 new=6782 elapsed_s=2163.731 images_per_s=3.134400 device=mps
2026-09-13 19:08:22,982 INFO completed=7182 new=6802 elapsed_s=2170.130 images_per_s=3.134375 device=mps
2026-09-13 19:08:29,349 INFO completed=7202 new=6822 elapsed_s=2176.496 images_per_s=3.134396 device=mps
2026-09-13 19:08:35,727 INFO completed=7222 new=6842 elapsed_s=2182.874 images_per_s=3.134400 device=mps
2026-09-13 19:08:42,110 INFO completed=7242 new=6862 elapsed_s=2189.257 images_per_s=3.134397 device=mps
2026-09-13 19:08:48,483 INFO completed=7262 new=6882 elapsed_s=2195.630 images_per_s=3.134407 device=mps
2026-09-13 19:08:54,874 INFO completed=7282 new=6902 elapsed_s=2202.021 images_per_s=3.134393 device=mps
2026-09-13 19:09:01,249 INFO completed=7302 new=6922 elapsed_s=2208.396 images_per_s=3.134402 device=mps
2026-09-13 19:09:07,655 INFO completed=7322 new=6942 elapsed_s=2214.803 images_per_s=3.134365 device=mps
2026-09-13 19:09:14,026 INFO completed=7342 new=6962 elapsed_s=2221.173 images_per_s=3.134380 device=mps
2026-09-13 19:09:20,465 INFO completed=7362 new=6982 elapsed_s=2227.612 images_per_s=3.134299 device=mps
2026-09-13 19:09:26,847 INFO completed=7382 new=7002 elapsed_s=2233.994 images_per_s=3.134296 device=mps
2026-09-13 19:09:33,211 INFO completed=7402 new=7022 elapsed_s=2240.359 images_per_s=3.134320 device=mps
2026-09-13 19:09:39,659 INFO completed=7422 new=7042 elapsed_s=2246.806 images_per_s=3.134227 device=mps
2026-09-13 19:09:46,034 INFO completed=7442 new=7062 elapsed_s=2253.181 images_per_s=3.134236 device=mps
2026-09-13 19:09:52,450 INFO completed=7462 new=7082 elapsed_s=2259.597 images_per_s=3.134187 device=mps
2026-09-13 19:09:58,816 INFO completed=7482 new=7102 elapsed_s=2265.963 images_per_s=3.134208 device=mps
2026-09-13 19:10:05,231 INFO completed=7502 new=7122 elapsed_s=2272.378 images_per_s=3.134161 device=mps
2026-09-13 19:10:11,654 INFO completed=7522 new=7142 elapsed_s=2278.801 images_per_s=3.134104 device=mps
2026-09-13 19:10:18,044 INFO completed=7542 new=7162 elapsed_s=2285.191 images_per_s=3.134093 device=mps
2026-09-13 19:10:24,496 INFO completed=7562 new=7182 elapsed_s=2291.643 images_per_s=3.133996 device=mps
2026-09-13 19:10:30,897 INFO completed=7582 new=7202 elapsed_s=2298.044 images_per_s=3.133970 device=mps
2026-09-13 19:10:37,267 INFO completed=7602 new=7222 elapsed_s=2304.414 images_per_s=3.133986 device=mps
2026-09-13 19:10:43,693 INFO completed=7622 new=7242 elapsed_s=2310.840 images_per_s=3.133926 device=mps
2026-09-13 19:10:50,076 INFO completed=7642 new=7262 elapsed_s=2317.223 images_per_s=3.133924 device=mps
2026-09-13 19:10:56,430 INFO completed=7662 new=7282 elapsed_s=2323.577 images_per_s=3.133961 device=mps
2026-09-13 19:11:02,792 INFO completed=7682 new=7302 elapsed_s=2329.939 images_per_s=3.133988 device=mps
2026-09-13 19:11:09,162 INFO completed=7702 new=7322 elapsed_s=2336.308 images_per_s=3.134004 device=mps
2026-09-13 19:11:15,568 INFO completed=7722 new=7342 elapsed_s=2342.714 images_per_s=3.133971 device=mps
2026-09-13 19:11:21,954 INFO completed=7742 new=7362 elapsed_s=2349.101 images_per_s=3.133965 device=mps
2026-09-13 19:11:28,351 INFO completed=7762 new=7382 elapsed_s=2355.498 images_per_s=3.133944 device=mps
2026-09-13 19:11:34,752 INFO completed=7782 new=7402 elapsed_s=2361.899 images_per_s=3.133919 device=mps
2026-09-13 19:11:41,165 INFO completed=7802 new=7422 elapsed_s=2368.311 images_per_s=3.133879 device=mps
2026-09-13 19:11:47,475 INFO completed=7822 new=7442 elapsed_s=2374.621 images_per_s=3.133973 device=mps
2026-09-13 19:11:53,849 INFO completed=7842 new=7462 elapsed_s=2380.996 images_per_s=3.133983 device=mps
2026-09-13 19:12:00,244 INFO completed=7862 new=7482 elapsed_s=2387.391 images_per_s=3.133966 device=mps
2026-09-13 19:12:06,538 INFO completed=7882 new=7502 elapsed_s=2393.684 images_per_s=3.134081 device=mps
2026-09-13 19:12:12,906 INFO completed=7902 new=7522 elapsed_s=2400.053 images_per_s=3.134098 device=mps
2026-09-13 19:12:19,296 INFO completed=7922 new=7542 elapsed_s=2406.442 images_per_s=3.134087 device=mps
2026-09-13 19:12:25,712 INFO completed=7942 new=7562 elapsed_s=2412.858 images_per_s=3.134042 device=mps
2026-09-13 19:12:32,122 INFO completed=7962 new=7582 elapsed_s=2419.268 images_per_s=3.134006 device=mps
2026-09-13 19:12:38,527 INFO completed=7982 new=7602 elapsed_s=2425.673 images_per_s=3.133975 device=mps
2026-09-13 19:12:44,927 INFO completed=8002 new=7622 elapsed_s=2432.073 images_per_s=3.133952 device=mps
2026-09-13 19:12:51,334 INFO completed=8022 new=7642 elapsed_s=2438.480 images_per_s=3.133920 device=mps
2026-09-13 19:12:57,712 INFO completed=8042 new=7662 elapsed_s=2444.858 images_per_s=3.133924 device=mps
2026-09-13 19:13:04,071 INFO completed=8062 new=7682 elapsed_s=2451.217 images_per_s=3.133953 device=mps
2026-09-13 19:13:10,396 INFO completed=8082 new=7702 elapsed_s=2457.542 images_per_s=3.134026 device=mps
2026-09-13 19:13:16,778 INFO completed=8102 new=7722 elapsed_s=2463.923 images_per_s=3.134026 device=mps
2026-09-13 19:13:23,117 INFO completed=8122 new=7742 elapsed_s=2470.261 images_per_s=3.134082 device=mps
2026-09-13 19:13:29,548 INFO completed=8142 new=7762 elapsed_s=2476.692 images_per_s=3.134020 device=mps
2026-09-13 19:13:35,932 INFO completed=8162 new=7782 elapsed_s=2483.075 images_per_s=3.134017 device=mps
2026-09-13 19:13:42,294 INFO completed=8182 new=7802 elapsed_s=2489.436 images_per_s=3.134043 device=mps
2026-09-13 19:13:48,704 INFO completed=8202 new=7822 elapsed_s=2495.846 images_per_s=3.134007 device=mps
2026-09-13 19:13:55,069 INFO completed=8222 new=7842 elapsed_s=2502.211 images_per_s=3.134029 device=mps
2026-09-13 19:14:01,410 INFO completed=8242 new=7862 elapsed_s=2508.552 images_per_s=3.134079 device=mps
2026-09-13 19:14:07,744 INFO completed=8262 new=7882 elapsed_s=2514.885 images_per_s=3.134139 device=mps
2026-09-13 19:14:14,102 INFO completed=8282 new=7902 elapsed_s=2521.244 images_per_s=3.134168 device=mps
2026-09-13 19:14:20,452 INFO completed=8302 new=7922 elapsed_s=2527.594 images_per_s=3.134206 device=mps
2026-09-13 19:14:26,849 INFO completed=8322 new=7942 elapsed_s=2533.990 images_per_s=3.134187 device=mps
2026-09-13 19:14:33,214 INFO completed=8342 new=7962 elapsed_s=2540.355 images_per_s=3.134207 device=mps
2026-09-13 19:14:39,571 INFO completed=8362 new=7982 elapsed_s=2546.713 images_per_s=3.134237 device=mps
2026-09-13 19:14:45,919 INFO completed=8382 new=8002 elapsed_s=2553.060 images_per_s=3.134278 device=mps
2026-09-13 19:14:52,274 INFO completed=8402 new=8022 elapsed_s=2559.415 images_per_s=3.134310 device=mps
2026-09-13 19:14:58,665 INFO completed=8422 new=8042 elapsed_s=2565.806 images_per_s=3.134298 device=mps
2026-09-13 19:15:05,004 INFO completed=8442 new=8062 elapsed_s=2572.145 images_per_s=3.134349 device=mps
2026-09-13 19:15:11,350 INFO completed=8462 new=8082 elapsed_s=2578.491 images_per_s=3.134391 device=mps
2026-09-13 19:15:17,726 INFO completed=8482 new=8102 elapsed_s=2584.867 images_per_s=3.134397 device=mps
2026-09-13 19:15:24,073 INFO completed=8502 new=8122 elapsed_s=2591.215 images_per_s=3.134438 device=mps
2026-09-13 19:15:30,390 INFO completed=8522 new=8142 elapsed_s=2597.531 images_per_s=3.134515 device=mps
2026-09-13 19:15:36,714 INFO completed=8542 new=8162 elapsed_s=2603.855 images_per_s=3.134584 device=mps
2026-09-13 19:15:43,033 INFO completed=8562 new=8182 elapsed_s=2610.174 images_per_s=3.134657 device=mps
2026-09-13 19:15:49,366 INFO completed=8582 new=8202 elapsed_s=2616.507 images_per_s=3.134714 device=mps
2026-09-13 19:15:55,711 INFO completed=8602 new=8222 elapsed_s=2622.852 images_per_s=3.134755 device=mps
2026-09-13 19:16:02,079 INFO completed=8622 new=8242 elapsed_s=2629.220 images_per_s=3.134770 device=mps
2026-09-13 19:16:08,404 INFO completed=8642 new=8262 elapsed_s=2635.545 images_per_s=3.134836 device=mps
2026-09-13 19:16:14,764 INFO completed=8662 new=8282 elapsed_s=2641.905 images_per_s=3.134859 device=mps
2026-09-13 19:16:21,159 INFO completed=8682 new=8302 elapsed_s=2648.299 images_per_s=3.134842 device=mps
2026-09-13 19:16:27,538 INFO completed=8702 new=8322 elapsed_s=2654.679 images_per_s=3.134842 device=mps
2026-09-13 19:16:33,968 INFO completed=8722 new=8342 elapsed_s=2661.108 images_per_s=3.134784 device=mps
2026-09-13 19:16:40,343 INFO completed=8742 new=8362 elapsed_s=2667.484 images_per_s=3.134789 device=mps
2026-09-13 19:16:46,734 INFO completed=8762 new=8382 elapsed_s=2673.874 images_per_s=3.134777 device=mps
2026-09-13 19:16:53,186 INFO completed=8782 new=8402 elapsed_s=2680.326 images_per_s=3.134693 device=mps
2026-09-13 19:16:59,552 INFO completed=8802 new=8422 elapsed_s=2686.693 images_per_s=3.134709 device=mps
2026-09-13 19:17:05,940 INFO completed=8822 new=8442 elapsed_s=2693.081 images_per_s=3.134700 device=mps
2026-09-13 19:17:12,316 INFO completed=8842 new=8462 elapsed_s=2699.457 images_per_s=3.134705 device=mps
2026-09-13 19:17:18,698 INFO completed=8862 new=8482 elapsed_s=2705.838 images_per_s=3.134703 device=mps
2026-09-13 19:17:25,082 INFO completed=8882 new=8502 elapsed_s=2712.222 images_per_s=3.134699 device=mps
2026-09-13 19:17:31,480 INFO completed=8902 new=8522 elapsed_s=2718.621 images_per_s=3.134678 device=mps
2026-09-13 19:17:37,896 INFO completed=8922 new=8542 elapsed_s=2725.036 images_per_s=3.134637 device=mps
2026-09-13 19:17:44,282 INFO completed=8942 new=8562 elapsed_s=2731.422 images_per_s=3.134631 device=mps
2026-09-13 19:17:50,678 INFO completed=8962 new=8582 elapsed_s=2737.819 images_per_s=3.134612 device=mps
2026-09-13 19:17:57,124 INFO completed=8982 new=8602 elapsed_s=2744.265 images_per_s=3.134537 device=mps
2026-09-13 19:18:03,505 INFO completed=9002 new=8622 elapsed_s=2750.646 images_per_s=3.134537 device=mps
2026-09-13 19:18:09,906 INFO completed=9022 new=8642 elapsed_s=2757.046 images_per_s=3.134514 device=mps
2026-09-13 19:18:16,294 INFO completed=9042 new=8662 elapsed_s=2763.434 images_per_s=3.134506 device=mps
2026-09-13 19:18:22,671 INFO completed=9062 new=8682 elapsed_s=2769.811 images_per_s=3.134510 device=mps
2026-09-13 19:18:29,059 INFO completed=9082 new=8702 elapsed_s=2776.199 images_per_s=3.134502 device=mps
2026-09-13 19:18:35,457 INFO completed=9102 new=8722 elapsed_s=2782.597 images_per_s=3.134482 device=mps
2026-09-13 19:18:41,873 INFO completed=9122 new=8742 elapsed_s=2789.014 images_per_s=3.134442 device=mps
2026-09-13 19:18:48,275 INFO completed=9142 new=8762 elapsed_s=2795.416 images_per_s=3.134418 device=mps
2026-09-13 19:18:54,675 INFO completed=9162 new=8782 elapsed_s=2801.816 images_per_s=3.134396 device=mps
2026-09-13 19:19:01,066 INFO completed=9182 new=8802 elapsed_s=2808.206 images_per_s=3.134385 device=mps
2026-09-13 19:19:07,465 INFO completed=9202 new=8822 elapsed_s=2814.605 images_per_s=3.134365 device=mps
2026-09-13 19:19:13,882 INFO completed=9222 new=8842 elapsed_s=2821.022 images_per_s=3.134325 device=mps
2026-09-13 19:19:20,314 INFO completed=9242 new=8862 elapsed_s=2827.454 images_per_s=3.134268 device=mps
2026-09-13 19:19:26,720 INFO completed=9262 new=8882 elapsed_s=2833.860 images_per_s=3.134241 device=mps
2026-09-13 19:19:33,053 INFO completed=9282 new=8902 elapsed_s=2840.193 images_per_s=3.134294 device=mps
2026-09-13 19:19:39,399 INFO completed=9302 new=8922 elapsed_s=2846.538 images_per_s=3.134333 device=mps
2026-09-13 19:19:45,760 INFO completed=9322 new=8942 elapsed_s=2852.900 images_per_s=3.134354 device=mps
2026-09-13 19:19:52,133 INFO completed=9342 new=8962 elapsed_s=2859.272 images_per_s=3.134364 device=mps
2026-09-13 19:19:58,485 INFO completed=9362 new=8982 elapsed_s=2865.625 images_per_s=3.134395 device=mps
2026-09-13 19:20:04,879 INFO completed=9382 new=9002 elapsed_s=2872.019 images_per_s=3.134380 device=mps
2026-09-13 19:20:11,182 INFO completed=9402 new=9022 elapsed_s=2878.321 images_per_s=3.134466 device=mps
2026-09-13 19:20:17,500 INFO completed=9422 new=9042 elapsed_s=2884.640 images_per_s=3.134533 device=mps
2026-09-13 19:20:23,817 INFO completed=9442 new=9062 elapsed_s=2890.957 images_per_s=3.134602 device=mps
2026-09-13 19:20:30,137 INFO completed=9462 new=9082 elapsed_s=2897.276 images_per_s=3.134668 device=mps
2026-09-13 19:20:36,466 INFO completed=9482 new=9102 elapsed_s=2903.606 images_per_s=3.134723 device=mps
2026-09-13 19:20:42,797 INFO completed=9502 new=9122 elapsed_s=2909.936 images_per_s=3.134776 device=mps
2026-09-13 19:20:49,157 INFO completed=9522 new=9142 elapsed_s=2916.297 images_per_s=3.134798 device=mps
2026-09-13 19:20:55,513 INFO completed=9542 new=9162 elapsed_s=2922.653 images_per_s=3.134824 device=mps
2026-09-13 19:21:01,836 INFO completed=9562 new=9182 elapsed_s=2928.975 images_per_s=3.134885 device=mps
2026-09-13 19:21:08,164 INFO completed=9582 new=9202 elapsed_s=2935.303 images_per_s=3.134940 device=mps
2026-09-13 19:21:14,483 INFO completed=9602 new=9222 elapsed_s=2941.622 images_per_s=3.135005 device=mps
2026-09-13 19:21:20,830 INFO completed=9622 new=9242 elapsed_s=2947.970 images_per_s=3.135039 device=mps
2026-09-13 19:21:27,141 INFO completed=9642 new=9262 elapsed_s=2954.280 images_per_s=3.135112 device=mps
2026-09-13 19:21:33,492 INFO completed=9662 new=9282 elapsed_s=2960.632 images_per_s=3.135142 device=mps
2026-09-13 19:21:39,800 INFO completed=9682 new=9302 elapsed_s=2966.939 images_per_s=3.135218 device=mps
2026-09-13 19:21:46,146 INFO completed=9702 new=9322 elapsed_s=2973.285 images_per_s=3.135252 device=mps
2026-09-13 19:21:52,457 INFO completed=9722 new=9342 elapsed_s=2979.596 images_per_s=3.135324 device=mps
2026-09-13 19:21:58,812 INFO completed=9742 new=9362 elapsed_s=2985.951 images_per_s=3.135350 device=mps
2026-09-13 19:22:05,144 INFO completed=9762 new=9382 elapsed_s=2992.283 images_per_s=3.135398 device=mps
2026-09-13 19:22:11,482 INFO completed=9782 new=9402 elapsed_s=2998.621 images_per_s=3.135441 device=mps
2026-09-13 19:22:17,844 INFO completed=9802 new=9422 elapsed_s=3004.983 images_per_s=3.135459 device=mps
2026-09-13 19:22:24,156 INFO completed=9822 new=9442 elapsed_s=3011.295 images_per_s=3.135528 device=mps
2026-09-13 19:22:30,520 INFO completed=9842 new=9462 elapsed_s=3017.659 images_per_s=3.135543 device=mps
2026-09-13 19:22:36,839 INFO completed=9862 new=9482 elapsed_s=3023.978 images_per_s=3.135605 device=mps
2026-09-13 19:22:43,224 INFO completed=9882 new=9502 elapsed_s=3030.363 images_per_s=3.135598 device=mps
2026-09-13 19:22:49,541 INFO completed=9902 new=9522 elapsed_s=3036.680 images_per_s=3.135662 device=mps
2026-09-13 19:22:55,872 INFO completed=9922 new=9542 elapsed_s=3043.011 images_per_s=3.135710 device=mps
2026-09-13 19:23:02,231 INFO completed=9942 new=9562 elapsed_s=3049.370 images_per_s=3.135730 device=mps
2026-09-13 19:23:08,543 INFO completed=9962 new=9582 elapsed_s=3055.682 images_per_s=3.135798 device=mps
2026-09-13 19:23:14,923 INFO completed=9982 new=9602 elapsed_s=3062.061 images_per_s=3.135796 device=mps
2026-09-13 19:23:21,175 INFO completed=10002 new=9622 elapsed_s=3068.314 images_per_s=3.135924 device=mps
2026-09-13 19:23:27,485 INFO completed=10022 new=9642 elapsed_s=3074.624 images_per_s=3.135994 device=mps
2026-09-13 19:23:33,816 INFO completed=10042 new=9662 elapsed_s=3080.955 images_per_s=3.136041 device=mps
2026-09-13 19:23:40,122 INFO completed=10062 new=9682 elapsed_s=3087.260 images_per_s=3.136114 device=mps
2026-09-13 19:23:46,478 INFO completed=10082 new=9702 elapsed_s=3093.617 images_per_s=3.136135 device=mps
2026-09-13 19:23:52,837 INFO completed=10102 new=9722 elapsed_s=3099.976 images_per_s=3.136153 device=mps
2026-09-13 19:23:59,211 INFO completed=10122 new=9742 elapsed_s=3106.350 images_per_s=3.136157 device=mps
2026-09-13 19:24:05,563 INFO completed=10142 new=9762 elapsed_s=3112.702 images_per_s=3.136182 device=mps
2026-09-13 19:24:11,913 INFO completed=10162 new=9782 elapsed_s=3119.051 images_per_s=3.136210 device=mps
2026-09-13 19:24:18,260 INFO completed=10182 new=9802 elapsed_s=3125.399 images_per_s=3.136240 device=mps
2026-09-13 19:24:24,654 INFO completed=10202 new=9822 elapsed_s=3131.793 images_per_s=3.136223 device=mps
2026-09-13 19:24:31,143 INFO completed=10222 new=9842 elapsed_s=3138.282 images_per_s=3.136111 device=mps
2026-09-13 19:24:37,476 INFO completed=10242 new=9862 elapsed_s=3144.614 images_per_s=3.136156 device=mps
2026-09-13 19:24:43,817 INFO completed=10262 new=9882 elapsed_s=3150.956 images_per_s=3.136191 device=mps
2026-09-13 19:24:50,117 INFO completed=10282 new=9902 elapsed_s=3157.256 images_per_s=3.136268 device=mps
2026-09-13 19:24:56,456 INFO completed=10302 new=9922 elapsed_s=3163.595 images_per_s=3.136306 device=mps
2026-09-13 19:25:02,790 INFO completed=10322 new=9942 elapsed_s=3169.928 images_per_s=3.136349 device=mps
2026-09-13 19:25:09,122 INFO completed=10342 new=9962 elapsed_s=3176.260 images_per_s=3.136393 device=mps
2026-09-13 19:25:15,444 INFO completed=10362 new=9982 elapsed_s=3182.583 images_per_s=3.136446 device=mps
2026-09-13 19:25:21,763 INFO completed=10382 new=10002 elapsed_s=3188.902 images_per_s=3.136503 device=mps
2026-09-13 19:25:28,079 INFO completed=10402 new=10022 elapsed_s=3195.217 images_per_s=3.136563 device=mps
2026-09-13 19:25:34,443 INFO completed=10422 new=10042 elapsed_s=3201.581 images_per_s=3.136575 device=mps
2026-09-13 19:25:40,762 INFO completed=10442 new=10062 elapsed_s=3207.900 images_per_s=3.136631 device=mps
2026-09-13 19:25:47,105 INFO completed=10462 new=10082 elapsed_s=3214.243 images_per_s=3.136664 device=mps
2026-09-13 19:25:53,445 INFO completed=10482 new=10102 elapsed_s=3220.584 images_per_s=3.136699 device=mps
2026-09-13 19:25:59,770 INFO completed=10502 new=10122 elapsed_s=3226.909 images_per_s=3.136748 device=mps
2026-09-13 19:26:06,123 INFO completed=10522 new=10142 elapsed_s=3233.261 images_per_s=3.136771 device=mps
2026-09-13 19:26:12,431 INFO completed=10542 new=10162 elapsed_s=3239.569 images_per_s=3.136837 device=mps
2026-09-13 19:26:18,753 INFO completed=10562 new=10182 elapsed_s=3245.891 images_per_s=3.136889 device=mps
2026-09-13 19:26:25,099 INFO completed=10582 new=10202 elapsed_s=3252.237 images_per_s=3.136918 device=mps
2026-09-13 19:26:31,455 INFO completed=10602 new=10222 elapsed_s=3258.593 images_per_s=3.136937 device=mps
2026-09-13 19:26:37,815 INFO completed=10622 new=10242 elapsed_s=3264.953 images_per_s=3.136951 device=mps
2026-09-13 19:26:44,136 INFO completed=10642 new=10262 elapsed_s=3271.274 images_per_s=3.137004 device=mps
2026-09-13 19:26:50,481 INFO completed=10662 new=10282 elapsed_s=3277.619 images_per_s=3.137033 device=mps
2026-09-13 19:26:56,808 INFO completed=10682 new=10302 elapsed_s=3283.946 images_per_s=3.137080 device=mps
2026-09-13 19:27:03,146 INFO completed=10702 new=10322 elapsed_s=3290.284 images_per_s=3.137116 device=mps
2026-09-13 19:27:09,469 INFO completed=10722 new=10342 elapsed_s=3296.606 images_per_s=3.137166 device=mps
2026-09-13 19:27:15,809 INFO completed=10742 new=10362 elapsed_s=3302.947 images_per_s=3.137198 device=mps
2026-09-13 19:27:22,128 INFO completed=10762 new=10382 elapsed_s=3309.265 images_per_s=3.137252 device=mps
2026-09-13 19:27:28,454 INFO completed=10782 new=10402 elapsed_s=3315.591 images_per_s=3.137298 device=mps
2026-09-13 19:27:34,891 INFO completed=10802 new=10422 elapsed_s=3322.029 images_per_s=3.137240 device=mps
2026-09-13 19:27:41,228 INFO completed=10822 new=10442 elapsed_s=3328.366 images_per_s=3.137275 device=mps
2026-09-13 19:27:47,797 INFO completed=10842 new=10462 elapsed_s=3334.934 images_per_s=3.137093 device=mps
2026-09-13 19:27:54,265 INFO completed=10862 new=10482 elapsed_s=3341.402 images_per_s=3.137006 device=mps
2026-09-13 19:28:00,631 INFO completed=10882 new=10502 elapsed_s=3347.769 images_per_s=3.137015 device=mps
2026-09-13 19:28:06,987 INFO completed=10902 new=10522 elapsed_s=3354.124 images_per_s=3.137034 device=mps
2026-09-13 19:28:13,336 INFO completed=10922 new=10542 elapsed_s=3360.473 images_per_s=3.137058 device=mps
2026-09-13 19:28:19,684 INFO completed=10942 new=10562 elapsed_s=3366.822 images_per_s=3.137083 device=mps
2026-09-13 19:28:26,027 INFO completed=10962 new=10582 elapsed_s=3373.165 images_per_s=3.137113 device=mps
2026-09-13 19:28:32,374 INFO completed=10982 new=10602 elapsed_s=3379.511 images_per_s=3.137140 device=mps
2026-09-13 19:28:38,744 INFO completed=11002 new=10622 elapsed_s=3385.881 images_per_s=3.137145 device=mps
2026-09-13 19:28:45,064 INFO completed=11022 new=10642 elapsed_s=3392.201 images_per_s=3.137196 device=mps
2026-09-13 19:28:51,448 INFO completed=11042 new=10662 elapsed_s=3398.585 images_per_s=3.137188 device=mps
2026-09-13 19:28:57,727 INFO completed=11062 new=10682 elapsed_s=3404.864 images_per_s=3.137276 device=mps
2026-09-13 19:29:04,026 INFO completed=11082 new=10702 elapsed_s=3411.163 images_per_s=3.137346 device=mps
2026-09-13 19:29:10,298 INFO completed=11102 new=10722 elapsed_s=3417.436 images_per_s=3.137440 device=mps
2026-09-13 19:29:16,545 INFO completed=11122 new=10742 elapsed_s=3423.682 images_per_s=3.137558 device=mps
2026-09-13 19:29:22,815 INFO completed=11142 new=10762 elapsed_s=3429.950 images_per_s=3.137655 device=mps
2026-09-13 19:29:29,085 INFO completed=11162 new=10782 elapsed_s=3436.220 images_per_s=3.137750 device=mps
2026-09-13 19:29:35,308 INFO completed=11182 new=10802 elapsed_s=3442.443 images_per_s=3.137888 device=mps
2026-09-13 19:29:41,496 INFO completed=11202 new=10822 elapsed_s=3448.631 images_per_s=3.138057 device=mps
2026-09-13 19:29:47,742 INFO completed=11222 new=10842 elapsed_s=3454.876 images_per_s=3.138173 device=mps
2026-09-13 19:29:53,974 INFO completed=11242 new=10862 elapsed_s=3461.108 images_per_s=3.138302 device=mps
2026-09-13 19:30:00,218 INFO completed=11262 new=10882 elapsed_s=3467.352 images_per_s=3.138418 device=mps
2026-09-13 19:30:06,435 INFO completed=11282 new=10902 elapsed_s=3473.569 images_per_s=3.138559 device=mps
2026-09-13 19:30:12,664 INFO completed=11302 new=10922 elapsed_s=3479.797 images_per_s=3.138689 device=mps
2026-09-13 19:30:18,862 INFO completed=11322 new=10942 elapsed_s=3485.995 images_per_s=3.138845 device=mps
2026-09-13 19:30:25,099 INFO completed=11342 new=10962 elapsed_s=3492.232 images_per_s=3.138967 device=mps
2026-09-13 19:30:31,340 INFO completed=11362 new=10982 elapsed_s=3498.473 images_per_s=3.139084 device=mps
2026-09-13 19:30:37,567 INFO completed=11382 new=11002 elapsed_s=3504.700 images_per_s=3.139213 device=mps
2026-09-13 19:30:43,778 INFO completed=11402 new=11022 elapsed_s=3510.911 images_per_s=3.139356 device=mps
2026-09-13 19:30:50,030 INFO completed=11422 new=11042 elapsed_s=3517.163 images_per_s=3.139462 device=mps
2026-09-13 19:30:56,243 INFO completed=11442 new=11062 elapsed_s=3523.376 images_per_s=3.139602 device=mps
2026-09-13 19:31:02,482 INFO completed=11462 new=11082 elapsed_s=3529.615 images_per_s=3.139719 device=mps
2026-09-13 19:31:08,673 INFO completed=11482 new=11102 elapsed_s=3535.806 images_per_s=3.139878 device=mps
2026-09-13 19:31:15,194 INFO completed=11502 new=11122 elapsed_s=3542.328 images_per_s=3.139744 device=mps
2026-09-13 19:31:21,638 INFO completed=11522 new=11142 elapsed_s=3548.771 images_per_s=3.139679 device=mps
2026-09-13 19:31:27,136 INFO completed=11542 new=11162 elapsed_s=3554.269 images_per_s=3.140449 device=mps
2026-09-13 19:31:32,432 INFO completed=11562 new=11182 elapsed_s=3559.565 images_per_s=3.141395 device=mps
2026-09-13 19:31:37,823 INFO completed=11582 new=11202 elapsed_s=3564.956 images_per_s=3.142255 device=mps
2026-09-13 19:31:43,202 INFO completed=11602 new=11222 elapsed_s=3570.335 images_per_s=3.143122 device=mps
2026-09-13 19:31:49,867 INFO completed=11622 new=11242 elapsed_s=3577.000 images_per_s=3.142857 device=mps
2026-09-13 19:31:56,448 INFO completed=11642 new=11262 elapsed_s=3583.580 images_per_s=3.142667 device=mps
2026-09-13 19:32:02,883 INFO completed=11662 new=11282 elapsed_s=3590.016 images_per_s=3.142604 device=mps
2026-09-13 19:32:09,280 INFO completed=11682 new=11302 elapsed_s=3596.413 images_per_s=3.142576 device=mps
2026-09-13 19:32:15,626 INFO completed=11702 new=11322 elapsed_s=3602.759 images_per_s=3.142591 device=mps
2026-09-13 19:32:21,931 INFO completed=11722 new=11342 elapsed_s=3609.064 images_per_s=3.142643 device=mps
2026-09-13 19:32:28,270 INFO completed=11742 new=11362 elapsed_s=3615.403 images_per_s=3.142665 device=mps
2026-09-13 19:32:34,560 INFO completed=11762 new=11382 elapsed_s=3621.693 images_per_s=3.142729 device=mps
2026-09-13 19:32:40,943 INFO completed=11782 new=11402 elapsed_s=3628.075 images_per_s=3.142713 device=mps
2026-09-13 19:32:47,333 INFO completed=11802 new=11422 elapsed_s=3634.466 images_per_s=3.142690 device=mps
2026-09-13 19:32:53,689 INFO completed=11822 new=11442 elapsed_s=3640.822 images_per_s=3.142697 device=mps
2026-09-13 19:33:00,047 INFO completed=11842 new=11462 elapsed_s=3647.179 images_per_s=3.142703 device=mps
2026-09-13 19:33:06,460 INFO completed=11862 new=11482 elapsed_s=3653.592 images_per_s=3.142660 device=mps
2026-09-13 19:33:12,818 INFO completed=11882 new=11502 elapsed_s=3659.950 images_per_s=3.142666 device=mps
2026-09-13 19:33:19,253 INFO completed=11902 new=11522 elapsed_s=3666.385 images_per_s=3.142605 device=mps
2026-09-13 19:33:25,668 INFO completed=11922 new=11542 elapsed_s=3672.800 images_per_s=3.142562 device=mps
2026-09-13 19:33:32,047 INFO completed=11942 new=11562 elapsed_s=3679.180 images_per_s=3.142548 device=mps
2026-09-13 19:33:38,483 INFO completed=11962 new=11582 elapsed_s=3685.615 images_per_s=3.142487 device=mps
2026-09-13 19:33:44,845 INFO completed=11982 new=11602 elapsed_s=3691.977 images_per_s=3.142489 device=mps
2026-09-13 19:33:51,254 INFO completed=12002 new=11622 elapsed_s=3698.386 images_per_s=3.142452 device=mps
2026-09-13 19:33:57,639 INFO completed=12022 new=11642 elapsed_s=3704.772 images_per_s=3.142434 device=mps
2026-09-13 19:34:04,058 INFO completed=12042 new=11662 elapsed_s=3711.190 images_per_s=3.142388 device=mps
2026-09-13 19:34:10,467 INFO completed=12062 new=11682 elapsed_s=3717.599 images_per_s=3.142351 device=mps
2026-09-13 19:34:16,833 INFO completed=12082 new=11702 elapsed_s=3723.965 images_per_s=3.142349 device=mps
2026-09-13 19:34:23,250 INFO completed=12102 new=11722 elapsed_s=3730.382 images_per_s=3.142305 device=mps
2026-09-13 19:34:29,569 INFO completed=12122 new=11742 elapsed_s=3736.701 images_per_s=3.142344 device=mps
2026-09-13 19:34:35,839 INFO completed=12142 new=11762 elapsed_s=3742.971 images_per_s=3.142424 device=mps
2026-09-13 19:34:42,153 INFO completed=12162 new=11782 elapsed_s=3749.285 images_per_s=3.142466 device=mps
2026-09-13 19:34:48,476 INFO completed=12182 new=11802 elapsed_s=3755.608 images_per_s=3.142500 device=mps
2026-09-13 19:34:54,797 INFO completed=12202 new=11822 elapsed_s=3761.929 images_per_s=3.142537 device=mps
2026-09-13 19:35:01,136 INFO completed=12222 new=11842 elapsed_s=3768.268 images_per_s=3.142558 device=mps
2026-09-13 19:35:07,463 INFO completed=12242 new=11862 elapsed_s=3774.594 images_per_s=3.142589 device=mps
2026-09-13 19:35:13,775 INFO completed=12262 new=11882 elapsed_s=3780.907 images_per_s=3.142632 device=mps
2026-09-13 19:35:20,090 INFO completed=12282 new=11902 elapsed_s=3787.222 images_per_s=3.142673 device=mps
2026-09-13 19:35:26,396 INFO completed=12302 new=11922 elapsed_s=3793.528 images_per_s=3.142721 device=mps
2026-09-13 19:35:32,843 INFO completed=12322 new=11942 elapsed_s=3799.975 images_per_s=3.142653 device=mps
2026-09-13 19:35:39,153 INFO completed=12342 new=11962 elapsed_s=3806.285 images_per_s=3.142697 device=mps
2026-09-13 19:35:45,521 INFO completed=12362 new=11982 elapsed_s=3812.653 images_per_s=3.142694 device=mps
2026-09-13 19:35:51,856 INFO completed=12382 new=12002 elapsed_s=3818.987 images_per_s=3.142718 device=mps
2026-09-13 19:35:58,205 INFO completed=12402 new=12022 elapsed_s=3825.337 images_per_s=3.142730 device=mps
2026-09-13 19:36:04,545 INFO completed=12422 new=12042 elapsed_s=3831.676 images_per_s=3.142750 device=mps
2026-09-13 19:36:10,918 INFO completed=12442 new=12062 elapsed_s=3838.050 images_per_s=3.142742 device=mps
2026-09-13 19:36:17,296 INFO completed=12462 new=12082 elapsed_s=3844.428 images_per_s=3.142730 device=mps
2026-09-13 19:36:23,627 INFO completed=12482 new=12102 elapsed_s=3850.759 images_per_s=3.142757 device=mps
2026-09-13 19:36:29,962 INFO completed=12502 new=12122 elapsed_s=3857.094 images_per_s=3.142781 device=mps
2026-09-13 19:36:36,310 INFO completed=12522 new=12142 elapsed_s=3863.442 images_per_s=3.142794 device=mps
2026-09-13 19:36:42,664 INFO completed=12542 new=12162 elapsed_s=3869.796 images_per_s=3.142802 device=mps
2026-09-13 19:36:49,043 INFO completed=12562 new=12182 elapsed_s=3876.175 images_per_s=3.142789 device=mps
2026-09-13 19:36:55,390 INFO completed=12582 new=12202 elapsed_s=3882.521 images_per_s=3.142803 device=mps
2026-09-13 19:37:01,804 INFO completed=12602 new=12222 elapsed_s=3888.936 images_per_s=3.142762 device=mps
2026-09-13 19:37:08,212 INFO completed=12622 new=12242 elapsed_s=3895.344 images_per_s=3.142726 device=mps
2026-09-13 19:37:14,736 INFO completed=12642 new=12262 elapsed_s=3901.867 images_per_s=3.142598 device=mps
2026-09-13 19:37:20,917 INFO completed=12662 new=12282 elapsed_s=3908.048 images_per_s=3.142746 device=mps
2026-09-13 19:37:26,815 INFO completed=12682 new=12302 elapsed_s=3913.946 images_per_s=3.143119 device=mps
2026-09-13 19:37:32,931 INFO completed=12702 new=12322 elapsed_s=3920.062 images_per_s=3.143318 device=mps
2026-09-13 19:37:38,912 INFO completed=12722 new=12342 elapsed_s=3926.043 images_per_s=3.143623 device=mps
2026-09-13 19:37:44,323 INFO completed=12742 new=12362 elapsed_s=3931.454 images_per_s=3.144383 device=mps
2026-09-13 19:37:49,663 INFO completed=12762 new=12382 elapsed_s=3936.794 images_per_s=3.145199 device=mps
2026-09-13 19:37:55,095 INFO completed=12782 new=12402 elapsed_s=3942.226 images_per_s=3.145938 device=mps
2026-09-13 19:38:00,429 INFO completed=12802 new=12422 elapsed_s=3947.560 images_per_s=3.146754 device=mps
2026-09-13 19:38:05,853 INFO completed=12822 new=12442 elapsed_s=3952.984 images_per_s=3.147496 device=mps
2026-09-13 19:38:11,230 INFO completed=12842 new=12462 elapsed_s=3958.361 images_per_s=3.148273 device=mps
2026-09-13 19:38:16,678 INFO completed=12862 new=12482 elapsed_s=3963.809 images_per_s=3.148991 device=mps
2026-09-13 19:38:22,051 INFO completed=12882 new=12502 elapsed_s=3969.182 images_per_s=3.149767 device=mps
2026-09-13 19:38:27,464 INFO completed=12902 new=12522 elapsed_s=3974.595 images_per_s=3.150510 device=mps
2026-09-13 19:38:32,859 INFO completed=12922 new=12542 elapsed_s=3979.990 images_per_s=3.151264 device=mps
2026-09-13 19:38:38,229 INFO completed=12942 new=12562 elapsed_s=3985.360 images_per_s=3.152037 device=mps
2026-09-13 19:38:43,607 INFO completed=12962 new=12582 elapsed_s=3990.738 images_per_s=3.152800 device=mps
2026-09-13 19:38:49,018 INFO completed=12982 new=12602 elapsed_s=3996.149 images_per_s=3.153536 device=mps
2026-09-13 19:38:54,443 INFO completed=13002 new=12622 elapsed_s=4001.573 images_per_s=3.154259 device=mps
2026-09-13 19:38:59,816 INFO completed=13022 new=12642 elapsed_s=4006.947 images_per_s=3.155021 device=mps
2026-09-13 19:39:05,164 INFO completed=13042 new=12662 elapsed_s=4012.294 images_per_s=3.155800 device=mps
2026-09-13 19:39:10,473 INFO completed=13062 new=12682 elapsed_s=4017.604 images_per_s=3.156608 device=mps
2026-09-13 19:39:15,835 INFO completed=13082 new=12702 elapsed_s=4022.966 images_per_s=3.157372 device=mps
2026-09-13 19:39:21,774 INFO completed=13102 new=12722 elapsed_s=4028.904 images_per_s=3.157682 device=mps
2026-09-13 19:39:27,568 INFO completed=13122 new=12742 elapsed_s=4034.699 images_per_s=3.158105 device=mps
2026-09-13 19:39:33,716 INFO completed=13142 new=12762 elapsed_s=4040.847 images_per_s=3.158249 device=mps
2026-09-13 19:39:40,281 INFO completed=13162 new=12782 elapsed_s=4047.411 images_per_s=3.158068 device=mps
2026-09-13 19:39:46,621 INFO completed=13182 new=12802 elapsed_s=4053.751 images_per_s=3.158062 device=mps
2026-09-13 19:39:53,017 INFO completed=13202 new=12822 elapsed_s=4060.147 images_per_s=3.158014 device=mps
2026-09-13 19:39:59,340 INFO completed=13222 new=12842 elapsed_s=4066.470 images_per_s=3.158021 device=mps
2026-09-13 19:40:05,597 INFO completed=13242 new=12862 elapsed_s=4072.727 images_per_s=3.158081 device=mps
2026-09-13 19:40:11,853 INFO completed=13262 new=12882 elapsed_s=4078.983 images_per_s=3.158140 device=mps
2026-09-13 19:40:18,125 INFO completed=13282 new=12902 elapsed_s=4085.255 images_per_s=3.158187 device=mps
2026-09-13 19:40:24,389 INFO completed=13302 new=12922 elapsed_s=4091.519 images_per_s=3.158240 device=mps
2026-09-13 19:40:30,601 INFO completed=13322 new=12942 elapsed_s=4097.731 images_per_s=3.158333 device=mps
2026-09-13 19:40:36,857 INFO completed=13342 new=12962 elapsed_s=4103.988 images_per_s=3.158392 device=mps
2026-09-13 19:40:43,079 INFO completed=13362 new=12982 elapsed_s=4110.209 images_per_s=3.158477 device=mps
2026-09-13 19:40:49,274 INFO completed=13382 new=13002 elapsed_s=4116.404 images_per_s=3.158582 device=mps
2026-09-13 19:40:55,264 INFO completed=13402 new=13022 elapsed_s=4122.394 images_per_s=3.158844 device=mps
2026-09-13 19:41:01,499 INFO completed=13422 new=13042 elapsed_s=4128.629 images_per_s=3.158918 device=mps
2026-09-13 19:41:07,910 INFO completed=13442 new=13062 elapsed_s=4135.040 images_per_s=3.158857 device=mps
2026-09-13 19:41:14,199 INFO completed=13462 new=13082 elapsed_s=4141.329 images_per_s=3.158889 device=mps
2026-09-13 19:41:20,477 INFO completed=13482 new=13102 elapsed_s=4147.607 images_per_s=3.158930 device=mps
2026-09-13 19:41:26,726 INFO completed=13502 new=13122 elapsed_s=4153.856 images_per_s=3.158993 device=mps
2026-09-13 19:41:32,924 INFO completed=13522 new=13142 elapsed_s=4160.054 images_per_s=3.159093 device=mps
2026-09-13 19:41:39,128 INFO completed=13542 new=13162 elapsed_s=4166.258 images_per_s=3.159190 device=mps
2026-09-13 19:41:45,334 INFO completed=13562 new=13182 elapsed_s=4172.464 images_per_s=3.159285 device=mps
2026-09-13 19:41:51,519 INFO completed=13582 new=13202 elapsed_s=4178.649 images_per_s=3.159395 device=mps
2026-09-13 19:41:57,724 INFO completed=13602 new=13222 elapsed_s=4184.854 images_per_s=3.159489 device=mps
2026-09-13 19:42:03,940 INFO completed=13622 new=13242 elapsed_s=4191.069 images_per_s=3.159575 device=mps
2026-09-13 19:42:10,141 INFO completed=13642 new=13262 elapsed_s=4197.271 images_per_s=3.159672 device=mps
2026-09-13 19:42:16,330 INFO completed=13662 new=13282 elapsed_s=4203.460 images_per_s=3.159778 device=mps
2026-09-13 19:42:22,488 INFO completed=13682 new=13302 elapsed_s=4209.617 images_per_s=3.159907 device=mps
2026-09-13 19:42:28,640 INFO completed=13702 new=13322 elapsed_s=4215.770 images_per_s=3.160040 device=mps
2026-09-13 19:42:34,795 INFO completed=13722 new=13342 elapsed_s=4221.925 images_per_s=3.160170 device=mps
2026-09-13 19:42:40,908 INFO completed=13742 new=13362 elapsed_s=4228.038 images_per_s=3.160331 device=mps
2026-09-13 19:42:47,021 INFO completed=13762 new=13382 elapsed_s=4234.150 images_per_s=3.160493 device=mps
2026-09-13 19:42:53,160 INFO completed=13782 new=13402 elapsed_s=4240.290 images_per_s=3.160633 device=mps
2026-09-13 19:42:59,295 INFO completed=13802 new=13422 elapsed_s=4246.425 images_per_s=3.160777 device=mps
2026-09-13 19:43:05,408 INFO completed=13822 new=13442 elapsed_s=4252.537 images_per_s=3.160937 device=mps
2026-09-13 19:43:11,530 INFO completed=13842 new=13462 elapsed_s=4258.659 images_per_s=3.161089 device=mps
2026-09-13 19:43:17,616 INFO completed=13862 new=13482 elapsed_s=4264.745 images_per_s=3.161267 device=mps
2026-09-13 19:43:23,733 INFO completed=13882 new=13502 elapsed_s=4270.862 images_per_s=3.161423 device=mps
2026-09-13 19:43:29,808 INFO completed=13902 new=13522 elapsed_s=4276.937 images_per_s=3.161609 device=mps
2026-09-13 19:43:35,899 INFO completed=13922 new=13542 elapsed_s=4283.028 images_per_s=3.161781 device=mps
2026-09-13 19:43:41,954 INFO completed=13942 new=13562 elapsed_s=4289.083 images_per_s=3.161981 device=mps
2026-09-13 19:43:48,021 INFO completed=13962 new=13582 elapsed_s=4295.150 images_per_s=3.162171 device=mps
2026-09-13 19:43:54,080 INFO completed=13982 new=13602 elapsed_s=4301.209 images_per_s=3.162366 device=mps
2026-09-13 19:44:00,205 INFO completed=14002 new=13622 elapsed_s=4307.334 images_per_s=3.162513 device=mps
2026-09-13 19:44:06,291 INFO completed=14022 new=13642 elapsed_s=4313.420 images_per_s=3.162688 device=mps
2026-09-13 19:44:12,357 INFO completed=14042 new=13662 elapsed_s=4319.486 images_per_s=3.162876 device=mps
2026-09-13 19:44:18,410 INFO completed=14062 new=13682 elapsed_s=4325.539 images_per_s=3.163074 device=mps
2026-09-13 19:44:24,449 INFO completed=14082 new=13702 elapsed_s=4331.578 images_per_s=3.163282 device=mps
2026-09-13 19:44:30,499 INFO completed=14102 new=13722 elapsed_s=4337.628 images_per_s=3.163480 device=mps
2026-09-13 19:44:36,528 INFO completed=14122 new=13742 elapsed_s=4343.657 images_per_s=3.163694 device=mps
2026-09-13 19:44:42,603 INFO completed=14142 new=13762 elapsed_s=4349.732 images_per_s=3.163873 device=mps
2026-09-13 19:44:48,666 INFO completed=14162 new=13782 elapsed_s=4355.794 images_per_s=3.164061 device=mps
2026-09-13 19:44:54,760 INFO completed=14182 new=13802 elapsed_s=4361.889 images_per_s=3.164226 device=mps
2026-09-13 19:45:00,799 INFO completed=14202 new=13822 elapsed_s=4367.928 images_per_s=3.164430 device=mps
2026-09-13 19:45:06,831 INFO completed=14222 new=13842 elapsed_s=4373.960 images_per_s=3.164638 device=mps
2026-09-13 19:45:12,840 INFO completed=14242 new=13862 elapsed_s=4379.968 images_per_s=3.164863 device=mps
2026-09-13 19:45:18,865 INFO completed=14262 new=13882 elapsed_s=4385.994 images_per_s=3.165075 device=mps
2026-09-13 19:45:24,927 INFO completed=14282 new=13902 elapsed_s=4392.055 images_per_s=3.165261 device=mps
2026-09-13 19:45:30,976 INFO completed=14302 new=13922 elapsed_s=4398.104 images_per_s=3.165455 device=mps
2026-09-13 19:45:36,993 INFO completed=14322 new=13942 elapsed_s=4404.122 images_per_s=3.165671 device=mps
2026-09-13 19:45:43,012 INFO completed=14342 new=13962 elapsed_s=4410.141 images_per_s=3.165885 device=mps
2026-09-13 19:45:49,035 INFO completed=14362 new=13982 elapsed_s=4416.164 images_per_s=3.166096 device=mps
2026-09-13 19:45:55,074 INFO completed=14382 new=14002 elapsed_s=4422.202 images_per_s=3.166296 device=mps
2026-09-13 19:46:01,160 INFO completed=14402 new=14022 elapsed_s=4428.288 images_per_s=3.166461 device=mps
2026-09-13 19:46:07,199 INFO completed=14422 new=14042 elapsed_s=4434.328 images_per_s=3.166658 device=mps
2026-09-13 19:46:13,251 INFO completed=14442 new=14062 elapsed_s=4440.379 images_per_s=3.166847 device=mps
2026-09-13 19:46:19,298 INFO completed=14462 new=14082 elapsed_s=4446.426 images_per_s=3.167038 device=mps
2026-09-13 19:46:25,329 INFO completed=14482 new=14102 elapsed_s=4452.457 images_per_s=3.167240 device=mps
2026-09-13 19:46:31,346 INFO completed=14502 new=14122 elapsed_s=4458.474 images_per_s=3.167452 device=mps
2026-09-13 19:46:37,368 INFO completed=14522 new=14142 elapsed_s=4464.496 images_per_s=3.167658 device=mps
2026-09-13 19:46:43,421 INFO completed=14542 new=14162 elapsed_s=4470.549 images_per_s=3.167844 device=mps
2026-09-13 19:46:49,435 INFO completed=14562 new=14182 elapsed_s=4476.564 images_per_s=3.168055 device=mps
2026-09-13 19:46:55,511 INFO completed=14582 new=14202 elapsed_s=4482.639 images_per_s=3.168223 device=mps
2026-09-13 19:47:01,565 INFO completed=14602 new=14222 elapsed_s=4488.693 images_per_s=3.168406 device=mps
2026-09-13 19:47:07,632 INFO completed=14622 new=14242 elapsed_s=4494.759 images_per_s=3.168579 device=mps
2026-09-13 19:47:13,674 INFO completed=14642 new=14262 elapsed_s=4500.802 images_per_s=3.168768 device=mps
2026-09-13 19:47:19,719 INFO completed=14662 new=14282 elapsed_s=4506.847 images_per_s=3.168956 device=mps
2026-09-13 19:47:25,771 INFO completed=14682 new=14302 elapsed_s=4512.899 images_per_s=3.169138 device=mps
2026-09-13 19:47:31,831 INFO completed=14702 new=14322 elapsed_s=4518.959 images_per_s=3.169314 device=mps
2026-09-13 19:47:37,876 INFO completed=14722 new=14342 elapsed_s=4525.003 images_per_s=3.169500 device=mps
2026-09-13 19:47:43,903 INFO completed=14742 new=14362 elapsed_s=4531.030 images_per_s=3.169698 device=mps
2026-09-13 19:47:49,969 INFO completed=14762 new=14382 elapsed_s=4537.097 images_per_s=3.169868 device=mps
2026-09-13 19:47:56,056 INFO completed=14782 new=14402 elapsed_s=4543.184 images_per_s=3.170024 device=mps
2026-09-13 19:48:02,188 INFO completed=14802 new=14422 elapsed_s=4549.315 images_per_s=3.170147 device=mps
2026-09-13 19:48:08,301 INFO completed=14822 new=14442 elapsed_s=4555.429 images_per_s=3.170283 device=mps
2026-09-13 19:48:14,419 INFO completed=14842 new=14462 elapsed_s=4561.547 images_per_s=3.170416 device=mps
2026-09-13 19:48:20,541 INFO completed=14862 new=14482 elapsed_s=4567.669 images_per_s=3.170545 device=mps
2026-09-13 19:48:26,738 INFO completed=14882 new=14502 elapsed_s=4573.866 images_per_s=3.170622 device=mps
2026-09-13 19:48:32,913 INFO completed=14902 new=14522 elapsed_s=4580.041 images_per_s=3.170714 device=mps
2026-09-13 19:48:39,103 INFO completed=14922 new=14542 elapsed_s=4586.231 images_per_s=3.170796 device=mps
2026-09-13 19:48:45,288 INFO completed=14942 new=14562 elapsed_s=4592.416 images_per_s=3.170880 device=mps
2026-09-13 19:48:51,438 INFO completed=14962 new=14582 elapsed_s=4598.565 images_per_s=3.170989 device=mps
2026-09-13 19:48:57,637 INFO completed=14982 new=14602 elapsed_s=4604.765 images_per_s=3.171063 device=mps
2026-09-13 19:49:03,849 INFO completed=15002 new=14622 elapsed_s=4610.976 images_per_s=3.171129 device=mps
2026-09-13 19:49:10,049 INFO completed=15022 new=14642 elapsed_s=4617.177 images_per_s=3.171202 device=mps
2026-09-13 19:49:16,224 INFO completed=15042 new=14662 elapsed_s=4623.351 images_per_s=3.171293 device=mps
2026-09-13 19:49:22,423 INFO completed=15062 new=14682 elapsed_s=4629.550 images_per_s=3.171367 device=mps
2026-09-13 19:49:28,614 INFO completed=15082 new=14702 elapsed_s=4635.741 images_per_s=3.171445 device=mps
2026-09-13 19:49:34,986 INFO completed=15102 new=14722 elapsed_s=4642.113 images_per_s=3.171401 device=mps
2026-09-13 19:49:41,179 INFO completed=15122 new=14742 elapsed_s=4648.306 images_per_s=3.171478 device=mps
2026-09-13 19:49:47,329 INFO completed=15142 new=14762 elapsed_s=4654.456 images_per_s=3.171584 device=mps
2026-09-13 19:49:53,486 INFO completed=15162 new=14782 elapsed_s=4660.613 images_per_s=3.171686 device=mps
2026-09-13 19:49:59,156 INFO completed=15182 new=14802 elapsed_s=4666.283 images_per_s=3.172118 device=mps
2026-09-13 19:50:04,429 INFO completed=15202 new=14822 elapsed_s=4671.556 images_per_s=3.172819 device=mps
2026-09-13 19:50:09,608 INFO completed=15222 new=14842 elapsed_s=4676.735 images_per_s=3.173582 device=mps
2026-09-13 19:50:15,198 INFO completed=15242 new=14862 elapsed_s=4682.325 images_per_s=3.174064 device=mps
2026-09-13 19:50:20,545 INFO completed=15262 new=14882 elapsed_s=4687.672 images_per_s=3.174710 device=mps
2026-09-13 19:50:25,822 INFO completed=15282 new=14902 elapsed_s=4692.949 images_per_s=3.175402 device=mps
2026-09-13 19:50:31,017 INFO completed=15302 new=14922 elapsed_s=4698.144 images_per_s=3.176148 device=mps
2026-09-13 19:50:36,207 INFO completed=15322 new=14942 elapsed_s=4703.333 images_per_s=3.176896 device=mps
2026-09-13 19:50:41,377 INFO completed=15342 new=14962 elapsed_s=4708.503 images_per_s=3.177655 device=mps
2026-09-13 19:50:46,568 INFO completed=15362 new=14982 elapsed_s=4713.695 images_per_s=3.178399 device=mps
2026-09-13 19:50:51,775 INFO completed=15382 new=15002 elapsed_s=4718.902 images_per_s=3.179130 device=mps
2026-09-13 19:50:57,091 INFO completed=15402 new=15022 elapsed_s=4724.218 images_per_s=3.179785 device=mps
2026-09-13 19:51:02,321 INFO completed=15422 new=15042 elapsed_s=4729.448 images_per_s=3.180498 device=mps
2026-09-13 19:51:07,557 INFO completed=15442 new=15062 elapsed_s=4734.683 images_per_s=3.181205 device=mps
2026-09-13 19:51:12,779 INFO completed=15462 new=15082 elapsed_s=4739.906 images_per_s=3.181920 device=mps
2026-09-13 19:51:17,991 INFO completed=15482 new=15102 elapsed_s=4745.117 images_per_s=3.182640 device=mps
2026-09-13 19:51:23,231 INFO completed=15502 new=15122 elapsed_s=4750.357 images_per_s=3.183339 device=mps
2026-09-13 19:51:28,438 INFO completed=15522 new=15142 elapsed_s=4755.564 images_per_s=3.184060 device=mps
2026-09-13 19:51:33,659 INFO completed=15542 new=15162 elapsed_s=4760.785 images_per_s=3.184769 device=mps
2026-09-13 19:51:38,893 INFO completed=15562 new=15182 elapsed_s=4766.019 images_per_s=3.185468 device=mps
2026-09-13 19:51:44,112 INFO completed=15582 new=15202 elapsed_s=4771.238 images_per_s=3.186175 device=mps
2026-09-13 19:51:49,339 INFO completed=15602 new=15222 elapsed_s=4776.466 images_per_s=3.186875 device=mps
2026-09-13 19:51:54,596 INFO completed=15622 new=15242 elapsed_s=4781.723 images_per_s=3.187554 device=mps
2026-09-13 19:51:59,833 INFO completed=15642 new=15262 elapsed_s=4786.960 images_per_s=3.188245 device=mps
2026-09-13 19:52:05,076 INFO completed=15662 new=15282 elapsed_s=4792.202 images_per_s=3.188931 device=mps
2026-09-13 19:52:10,313 INFO completed=15682 new=15302 elapsed_s=4797.440 images_per_s=3.189618 device=mps
2026-09-13 19:52:15,606 INFO completed=15702 new=15322 elapsed_s=4802.733 images_per_s=3.190267 device=mps
2026-09-13 19:52:20,887 INFO completed=15722 new=15342 elapsed_s=4808.013 images_per_s=3.190923 device=mps
2026-09-13 19:52:26,176 INFO completed=15742 new=15362 elapsed_s=4813.303 images_per_s=3.191572 device=mps
2026-09-13 19:52:31,462 INFO completed=15762 new=15382 elapsed_s=4818.588 images_per_s=3.192221 device=mps
2026-09-13 19:52:36,766 INFO completed=15782 new=15402 elapsed_s=4823.892 images_per_s=3.192857 device=mps
2026-09-13 19:52:42,058 INFO completed=15802 new=15422 elapsed_s=4829.184 images_per_s=3.193500 device=mps
2026-09-13 19:52:47,340 INFO completed=15822 new=15442 elapsed_s=4834.466 images_per_s=3.194148 device=mps
2026-09-13 19:52:52,633 INFO completed=15842 new=15462 elapsed_s=4839.759 images_per_s=3.194787 device=mps
2026-09-13 19:52:57,951 INFO completed=15862 new=15482 elapsed_s=4845.077 images_per_s=3.195408 device=mps
2026-09-13 19:53:03,292 INFO completed=15882 new=15502 elapsed_s=4850.418 images_per_s=3.196013 device=mps
2026-09-13 19:53:08,616 INFO completed=15902 new=15522 elapsed_s=4855.742 images_per_s=3.196628 device=mps
2026-09-13 19:53:13,919 INFO completed=15922 new=15542 elapsed_s=4861.045 images_per_s=3.197255 device=mps
2026-09-13 19:53:19,239 INFO completed=15942 new=15562 elapsed_s=4866.365 images_per_s=3.197869 device=mps
2026-09-13 19:53:24,585 INFO completed=15962 new=15582 elapsed_s=4871.711 images_per_s=3.198466 device=mps
2026-09-13 19:53:29,910 INFO completed=15982 new=15602 elapsed_s=4877.035 images_per_s=3.199075 device=mps
2026-09-13 19:53:35,230 INFO completed=16002 new=15622 elapsed_s=4882.356 images_per_s=3.199685 device=mps
2026-09-13 19:53:40,602 INFO completed=16022 new=15642 elapsed_s=4887.728 images_per_s=3.200260 device=mps
2026-09-13 19:53:45,930 INFO completed=16042 new=15662 elapsed_s=4893.056 images_per_s=3.200863 device=mps
2026-09-13 19:53:51,279 INFO completed=16062 new=15682 elapsed_s=4898.405 images_per_s=3.201450 device=mps
2026-09-13 19:53:56,633 INFO completed=16082 new=15702 elapsed_s=4903.759 images_per_s=3.202033 device=mps
2026-09-13 19:54:01,969 INFO completed=16102 new=15722 elapsed_s=4909.095 images_per_s=3.202627 device=mps
2026-09-13 19:54:07,290 INFO completed=16122 new=15742 elapsed_s=4914.415 images_per_s=3.203229 device=mps
2026-09-13 19:54:12,631 INFO completed=16142 new=15762 elapsed_s=4919.757 images_per_s=3.203817 device=mps
2026-09-13 19:54:17,946 INFO completed=16162 new=15782 elapsed_s=4925.072 images_per_s=3.204420 device=mps
2026-09-13 19:54:23,304 INFO completed=16182 new=15802 elapsed_s=4930.430 images_per_s=3.204995 device=mps
2026-09-13 19:54:28,664 INFO completed=16202 new=15822 elapsed_s=4935.790 images_per_s=3.205566 device=mps
2026-09-13 19:54:34,036 INFO completed=16222 new=15842 elapsed_s=4941.162 images_per_s=3.206129 device=mps
2026-09-13 19:54:39,403 INFO completed=16242 new=15862 elapsed_s=4946.529 images_per_s=3.206693 device=mps
2026-09-13 19:54:44,739 INFO completed=16262 new=15882 elapsed_s=4951.865 images_per_s=3.207277 device=mps
2026-09-13 19:54:50,064 INFO completed=16282 new=15902 elapsed_s=4957.190 images_per_s=3.207866 device=mps
2026-09-13 19:54:55,419 INFO completed=16302 new=15922 elapsed_s=4962.545 images_per_s=3.208435 device=mps
2026-09-13 19:55:00,799 INFO completed=16322 new=15942 elapsed_s=4967.924 images_per_s=3.208986 device=mps
2026-09-13 19:55:06,221 INFO completed=16342 new=15962 elapsed_s=4973.347 images_per_s=3.209509 device=mps
2026-09-13 19:55:11,652 INFO completed=16362 new=15982 elapsed_s=4978.778 images_per_s=3.210025 device=mps
2026-09-13 19:55:17,021 INFO completed=16382 new=16002 elapsed_s=4984.147 images_per_s=3.210580 device=mps
2026-09-13 19:55:22,347 INFO completed=16402 new=16022 elapsed_s=4989.472 images_per_s=3.211161 device=mps
2026-09-13 19:55:27,697 INFO completed=16422 new=16042 elapsed_s=4994.822 images_per_s=3.211726 device=mps
2026-09-13 19:55:33,049 INFO completed=16442 new=16062 elapsed_s=5000.175 images_per_s=3.212288 device=mps
2026-09-13 19:55:38,375 INFO completed=16462 new=16082 elapsed_s=5005.500 images_per_s=3.212866 device=mps
2026-09-13 19:55:43,707 INFO completed=16482 new=16102 elapsed_s=5010.832 images_per_s=3.213438 device=mps
2026-09-13 19:55:49,035 INFO completed=16502 new=16122 elapsed_s=5016.160 images_per_s=3.214012 device=mps
2026-09-13 19:55:54,365 INFO completed=16522 new=16142 elapsed_s=5021.490 images_per_s=3.214584 device=mps
2026-09-13 19:55:59,693 INFO completed=16542 new=16162 elapsed_s=5026.818 images_per_s=3.215155 device=mps
2026-09-13 19:56:05,066 INFO completed=16562 new=16182 elapsed_s=5032.192 images_per_s=3.215696 device=mps
2026-09-13 19:56:10,501 INFO completed=16582 new=16202 elapsed_s=5037.626 images_per_s=3.216197 device=mps
2026-09-13 19:56:17,109 INFO completed=16602 new=16222 elapsed_s=5044.235 images_per_s=3.215949 device=mps
2026-09-13 19:56:22,522 INFO completed=16622 new=16242 elapsed_s=5049.647 images_per_s=3.216462 device=mps
2026-09-13 19:56:27,821 INFO completed=16642 new=16262 elapsed_s=5054.946 images_per_s=3.217047 device=mps
2026-09-13 19:56:33,119 INFO completed=16662 new=16282 elapsed_s=5060.244 images_per_s=3.217631 device=mps
2026-09-13 19:56:38,422 INFO completed=16682 new=16302 elapsed_s=5065.547 images_per_s=3.218211 device=mps
2026-09-13 19:56:43,689 INFO completed=16702 new=16322 elapsed_s=5070.814 images_per_s=3.218813 device=mps
2026-09-13 19:56:48,982 INFO completed=16722 new=16342 elapsed_s=5076.107 images_per_s=3.219396 device=mps
2026-09-13 19:56:54,271 INFO completed=16742 new=16362 elapsed_s=5081.396 images_per_s=3.219981 device=mps
2026-09-13 19:56:59,546 INFO completed=16762 new=16382 elapsed_s=5086.670 images_per_s=3.220574 device=mps
2026-09-13 19:57:04,841 INFO completed=16782 new=16402 elapsed_s=5091.965 images_per_s=3.221153 device=mps
2026-09-13 19:57:10,103 INFO completed=16802 new=16422 elapsed_s=5097.228 images_per_s=3.221751 device=mps
2026-09-13 19:57:15,365 INFO completed=16822 new=16442 elapsed_s=5102.490 images_per_s=3.222348 device=mps
2026-09-13 19:57:20,633 INFO completed=16842 new=16462 elapsed_s=5107.757 images_per_s=3.222941 device=mps
2026-09-13 19:57:25,879 INFO completed=16862 new=16482 elapsed_s=5113.004 images_per_s=3.223545 device=mps
2026-09-13 19:57:31,159 INFO completed=16882 new=16502 elapsed_s=5118.284 images_per_s=3.224127 device=mps
2026-09-13 19:57:36,426 INFO completed=16902 new=16522 elapsed_s=5123.551 images_per_s=3.224717 device=mps
2026-09-13 19:57:41,707 INFO completed=16922 new=16542 elapsed_s=5128.831 images_per_s=3.225296 device=mps
2026-09-13 19:57:46,980 INFO completed=16942 new=16562 elapsed_s=5134.105 images_per_s=3.225879 device=mps
2026-09-13 19:57:52,226 INFO completed=16962 new=16582 elapsed_s=5139.351 images_per_s=3.226478 device=mps
2026-09-13 19:57:57,493 INFO completed=16982 new=16602 elapsed_s=5144.617 images_per_s=3.227062 device=mps
2026-09-13 19:58:02,758 INFO completed=17002 new=16622 elapsed_s=5149.883 images_per_s=3.227646 device=mps
2026-09-13 19:58:08,001 INFO completed=17022 new=16642 elapsed_s=5155.125 images_per_s=3.228243 device=mps
2026-09-13 19:58:13,251 INFO completed=17042 new=16662 elapsed_s=5160.376 images_per_s=3.228835 device=mps
2026-09-13 19:58:18,509 INFO completed=17062 new=16682 elapsed_s=5165.633 images_per_s=3.229420 device=mps
2026-09-13 19:58:23,765 INFO completed=17082 new=16702 elapsed_s=5170.889 images_per_s=3.230005 device=mps
2026-09-13 19:58:29,104 INFO completed=17102 new=16722 elapsed_s=5176.228 images_per_s=3.230538 device=mps
2026-09-13 19:58:35,603 INFO completed=17122 new=16742 elapsed_s=5182.728 images_per_s=3.230345 device=mps
2026-09-13 19:58:42,017 INFO completed=17142 new=16762 elapsed_s=5189.142 images_per_s=3.230207 device=mps
2026-09-13 19:58:48,421 INFO completed=17162 new=16782 elapsed_s=5195.545 images_per_s=3.230075 device=mps
2026-09-13 19:58:54,737 INFO completed=17182 new=16802 elapsed_s=5201.861 images_per_s=3.229998 device=mps
2026-09-13 19:59:01,045 INFO completed=17202 new=16822 elapsed_s=5208.169 images_per_s=3.229926 device=mps
2026-09-13 19:59:07,362 INFO completed=17222 new=16842 elapsed_s=5214.487 images_per_s=3.229848 device=mps
2026-09-13 19:59:13,674 INFO completed=17242 new=16862 elapsed_s=5220.798 images_per_s=3.229774 device=mps
2026-09-13 19:59:19,953 INFO completed=17262 new=16882 elapsed_s=5227.077 images_per_s=3.229721 device=mps
2026-09-13 19:59:26,219 INFO completed=17282 new=16902 elapsed_s=5233.343 images_per_s=3.229676 device=mps
2026-09-13 19:59:32,452 INFO completed=17302 new=16922 elapsed_s=5239.576 images_per_s=3.229651 device=mps
2026-09-13 19:59:38,671 INFO completed=17322 new=16942 elapsed_s=5245.795 images_per_s=3.229635 device=mps
2026-09-13 19:59:44,875 INFO completed=17342 new=16962 elapsed_s=5251.999 images_per_s=3.229628 device=mps
2026-09-13 19:59:51,051 INFO completed=17362 new=16982 elapsed_s=5258.175 images_per_s=3.229637 device=mps
2026-09-13 19:59:57,230 INFO completed=17382 new=17002 elapsed_s=5264.353 images_per_s=3.229646 device=mps
2026-09-13 20:00:03,432 INFO completed=17402 new=17022 elapsed_s=5270.556 images_per_s=3.229640 device=mps
2026-09-13 20:00:09,596 INFO completed=17422 new=17042 elapsed_s=5276.720 images_per_s=3.229658 device=mps
2026-09-13 20:00:15,784 INFO completed=17442 new=17062 elapsed_s=5282.908 images_per_s=3.229661 device=mps
2026-09-13 20:00:21,929 INFO completed=17462 new=17082 elapsed_s=5289.053 images_per_s=3.229690 device=mps
2026-09-13 20:00:28,095 INFO completed=17482 new=17102 elapsed_s=5295.219 images_per_s=3.229706 device=mps
2026-09-13 20:00:34,293 INFO completed=17502 new=17122 elapsed_s=5301.417 images_per_s=3.229703 device=mps
2026-09-13 20:00:40,426 INFO completed=17522 new=17142 elapsed_s=5307.549 images_per_s=3.229739 device=mps
2026-09-13 20:00:46,559 INFO completed=17542 new=17162 elapsed_s=5313.682 images_per_s=3.229775 device=mps
2026-09-13 20:00:52,686 INFO completed=17562 new=17182 elapsed_s=5319.809 images_per_s=3.229815 device=mps
2026-09-13 20:00:58,807 INFO completed=17582 new=17202 elapsed_s=5325.931 images_per_s=3.229858 device=mps
2026-09-13 20:01:04,951 INFO completed=17602 new=17222 elapsed_s=5332.075 images_per_s=3.229887 device=mps
2026-09-13 20:01:11,084 INFO completed=17622 new=17242 elapsed_s=5338.207 images_per_s=3.229923 device=mps
2026-09-13 20:01:17,205 INFO completed=17642 new=17262 elapsed_s=5344.328 images_per_s=3.229967 device=mps
2026-09-13 20:01:23,310 INFO completed=17662 new=17282 elapsed_s=5350.432 images_per_s=3.230019 device=mps
2026-09-13 20:01:29,404 INFO completed=17682 new=17302 elapsed_s=5356.526 images_per_s=3.230079 device=mps
2026-09-13 20:01:35,509 INFO completed=17702 new=17322 elapsed_s=5362.630 images_per_s=3.230131 device=mps
2026-09-13 20:01:41,603 INFO completed=17722 new=17342 elapsed_s=5368.725 images_per_s=3.230190 device=mps
2026-09-13 20:01:47,720 INFO completed=17742 new=17362 elapsed_s=5374.842 images_per_s=3.230235 device=mps
2026-09-13 20:01:53,811 INFO completed=17762 new=17382 elapsed_s=5380.932 images_per_s=3.230295 device=mps
2026-09-13 20:01:59,902 INFO completed=17782 new=17402 elapsed_s=5387.023 images_per_s=3.230355 device=mps
2026-09-13 20:02:05,968 INFO completed=17802 new=17422 elapsed_s=5393.089 images_per_s=3.230430 device=mps
2026-09-13 20:02:12,052 INFO completed=17822 new=17442 elapsed_s=5399.173 images_per_s=3.230495 device=mps
2026-09-13 20:02:18,090 INFO completed=17842 new=17462 elapsed_s=5405.211 images_per_s=3.230586 device=mps
2026-09-13 20:02:24,153 INFO completed=17862 new=17482 elapsed_s=5411.274 images_per_s=3.230663 device=mps
2026-09-13 20:02:30,206 INFO completed=17882 new=17502 elapsed_s=5417.327 images_per_s=3.230744 device=mps
2026-09-13 20:02:36,261 INFO completed=17902 new=17522 elapsed_s=5423.382 images_per_s=3.230826 device=mps
2026-09-13 20:02:42,330 INFO completed=17922 new=17542 elapsed_s=5429.451 images_per_s=3.230898 device=mps
2026-09-13 20:02:48,393 INFO completed=17942 new=17562 elapsed_s=5435.514 images_per_s=3.230973 device=mps
2026-09-13 20:02:54,459 INFO completed=17962 new=17582 elapsed_s=5441.580 images_per_s=3.231047 device=mps
2026-09-13 20:03:00,512 INFO completed=17982 new=17602 elapsed_s=5447.632 images_per_s=3.231129 device=mps
2026-09-13 20:03:06,551 INFO completed=18002 new=17622 elapsed_s=5453.672 images_per_s=3.231218 device=mps
2026-09-13 20:03:12,601 INFO completed=18022 new=17642 elapsed_s=5459.722 images_per_s=3.231300 device=mps
2026-09-13 20:03:18,637 INFO completed=18042 new=17662 elapsed_s=5465.758 images_per_s=3.231391 device=mps
2026-09-13 20:03:24,679 INFO completed=18062 new=17682 elapsed_s=5471.800 images_per_s=3.231478 device=mps
2026-09-13 20:03:30,718 INFO completed=18082 new=17702 elapsed_s=5477.838 images_per_s=3.231567 device=mps
2026-09-13 20:03:36,838 INFO completed=18102 new=17722 elapsed_s=5483.959 images_per_s=3.231607 device=mps
2026-09-13 20:03:42,946 INFO completed=18122 new=17742 elapsed_s=5490.066 images_per_s=3.231655 device=mps
2026-09-13 20:03:49,084 INFO completed=18142 new=17762 elapsed_s=5496.205 images_per_s=3.231684 device=mps
2026-09-13 20:03:55,222 INFO completed=18162 new=17782 elapsed_s=5502.342 images_per_s=3.231715 device=mps
2026-09-13 20:04:01,310 INFO completed=18182 new=17802 elapsed_s=5508.430 images_per_s=3.231774 device=mps
2026-09-13 20:04:07,489 INFO completed=18202 new=17822 elapsed_s=5514.610 images_per_s=3.231779 device=mps
2026-09-13 20:04:13,628 INFO completed=18222 new=17842 elapsed_s=5520.748 images_per_s=3.231808 device=mps
2026-09-13 20:04:19,786 INFO completed=18242 new=17862 elapsed_s=5526.907 images_per_s=3.231826 device=mps
2026-09-13 20:04:25,953 INFO completed=18262 new=17882 elapsed_s=5533.074 images_per_s=3.231838 device=mps
2026-09-13 20:04:32,111 INFO completed=18282 new=17902 elapsed_s=5539.231 images_per_s=3.231856 device=mps
2026-09-13 20:04:38,233 INFO completed=18302 new=17922 elapsed_s=5545.353 images_per_s=3.231895 device=mps
2026-09-13 20:04:44,403 INFO completed=18322 new=17942 elapsed_s=5551.523 images_per_s=3.231906 device=mps
2026-09-13 20:04:50,547 INFO completed=18342 new=17962 elapsed_s=5557.667 images_per_s=3.231932 device=mps
2026-09-13 20:04:56,710 INFO completed=18362 new=17982 elapsed_s=5563.830 images_per_s=3.231946 device=mps
2026-09-13 20:05:02,874 INFO completed=18382 new=18002 elapsed_s=5569.994 images_per_s=3.231960 device=mps
2026-09-13 20:05:08,993 INFO completed=18402 new=18022 elapsed_s=5576.113 images_per_s=3.232001 device=mps
2026-09-13 20:05:15,110 INFO completed=18422 new=18042 elapsed_s=5582.230 images_per_s=3.232041 device=mps
2026-09-13 20:05:21,230 INFO completed=18442 new=18062 elapsed_s=5588.349 images_per_s=3.232081 device=mps
2026-09-13 20:05:27,376 INFO completed=18462 new=18082 elapsed_s=5594.496 images_per_s=3.232105 device=mps
2026-09-13 20:05:33,548 INFO completed=18482 new=18102 elapsed_s=5600.668 images_per_s=3.232114 device=mps
2026-09-13 20:05:39,701 INFO completed=18502 new=18122 elapsed_s=5606.821 images_per_s=3.232135 device=mps
2026-09-13 20:05:45,860 INFO completed=18522 new=18142 elapsed_s=5612.980 images_per_s=3.232151 device=mps
2026-09-13 20:05:52,043 INFO completed=18542 new=18162 elapsed_s=5619.163 images_per_s=3.232154 device=mps
2026-09-13 20:05:58,163 INFO completed=18562 new=18182 elapsed_s=5625.283 images_per_s=3.232193 device=mps
2026-09-13 20:06:04,372 INFO completed=18582 new=18202 elapsed_s=5631.491 images_per_s=3.232181 device=mps
2026-09-13 20:06:10,538 INFO completed=18602 new=18222 elapsed_s=5637.658 images_per_s=3.232193 device=mps
2026-09-13 20:06:16,734 INFO completed=18622 new=18242 elapsed_s=5643.854 images_per_s=3.232189 device=mps
2026-09-13 20:06:22,928 INFO completed=18642 new=18262 elapsed_s=5650.047 images_per_s=3.232185 device=mps
2026-09-13 20:06:29,178 INFO completed=18662 new=18282 elapsed_s=5656.297 images_per_s=3.232150 device=mps
2026-09-13 20:06:35,331 INFO completed=18682 new=18302 elapsed_s=5662.450 images_per_s=3.232170 device=mps
2026-09-13 20:06:41,469 INFO completed=18702 new=18322 elapsed_s=5668.589 images_per_s=3.232198 device=mps
2026-09-13 20:06:47,637 INFO completed=18722 new=18342 elapsed_s=5674.757 images_per_s=3.232209 device=mps
2026-09-13 20:06:53,805 INFO completed=18742 new=18362 elapsed_s=5680.924 images_per_s=3.232221 device=mps
2026-09-13 20:06:59,967 INFO completed=18762 new=18382 elapsed_s=5687.086 images_per_s=3.232235 device=mps
2026-09-13 20:07:06,162 INFO completed=18782 new=18402 elapsed_s=5693.282 images_per_s=3.232231 device=mps
2026-09-13 20:07:12,374 INFO completed=18802 new=18422 elapsed_s=5699.494 images_per_s=3.232217 device=mps
2026-09-13 20:07:18,501 INFO completed=18822 new=18442 elapsed_s=5705.620 images_per_s=3.232252 device=mps
2026-09-13 20:07:24,664 INFO completed=18842 new=18462 elapsed_s=5711.783 images_per_s=3.232266 device=mps
2026-09-13 20:07:30,861 INFO completed=18862 new=18482 elapsed_s=5717.980 images_per_s=3.232260 device=mps
2026-09-13 20:07:36,998 INFO completed=18882 new=18502 elapsed_s=5724.118 images_per_s=3.232289 device=mps
2026-09-13 20:07:43,103 INFO completed=18902 new=18522 elapsed_s=5730.222 images_per_s=3.232335 device=mps
2026-09-13 20:07:49,219 INFO completed=18922 new=18542 elapsed_s=5736.338 images_per_s=3.232376 device=mps
2026-09-13 20:07:55,372 INFO completed=18942 new=18562 elapsed_s=5742.491 images_per_s=3.232395 device=mps
2026-09-13 20:08:01,505 INFO completed=18962 new=18582 elapsed_s=5748.624 images_per_s=3.232426 device=mps
2026-09-13 20:08:07,630 INFO completed=18982 new=18602 elapsed_s=5754.749 images_per_s=3.232461 device=mps
2026-09-13 20:08:13,781 INFO completed=19002 new=18622 elapsed_s=5760.900 images_per_s=3.232481 device=mps
2026-09-13 20:08:19,879 INFO completed=19022 new=18642 elapsed_s=5766.998 images_per_s=3.232531 device=mps
2026-09-13 20:08:25,925 INFO completed=19042 new=18662 elapsed_s=5773.044 images_per_s=3.232610 device=mps
2026-09-13 20:08:32,047 INFO completed=19062 new=18682 elapsed_s=5779.166 images_per_s=3.232646 device=mps
2026-09-13 20:08:38,121 INFO completed=19082 new=18702 elapsed_s=5785.240 images_per_s=3.232709 device=mps
2026-09-13 20:08:44,245 INFO completed=19102 new=18722 elapsed_s=5791.364 images_per_s=3.232745 device=mps
2026-09-13 20:08:50,297 INFO completed=19122 new=18742 elapsed_s=5797.415 images_per_s=3.232820 device=mps
2026-09-13 20:08:56,457 INFO completed=19142 new=18762 elapsed_s=5803.575 images_per_s=3.232835 device=mps
2026-09-13 20:09:02,521 INFO completed=19162 new=18782 elapsed_s=5809.640 images_per_s=3.232903 device=mps
2026-09-13 20:09:08,611 INFO completed=19182 new=18802 elapsed_s=5815.730 images_per_s=3.232956 device=mps
2026-09-13 20:09:14,687 INFO completed=19202 new=18822 elapsed_s=5821.805 images_per_s=3.233018 device=mps
2026-09-13 20:09:20,807 INFO completed=19222 new=18842 elapsed_s=5827.925 images_per_s=3.233054 device=mps
2026-09-13 20:09:26,870 INFO completed=19242 new=18862 elapsed_s=5833.989 images_per_s=3.233122 device=mps
2026-09-13 20:09:32,968 INFO completed=19262 new=18882 elapsed_s=5840.086 images_per_s=3.233172 device=mps
2026-09-13 20:09:39,058 INFO completed=19282 new=18902 elapsed_s=5846.176 images_per_s=3.233224 device=mps
2026-09-13 20:09:45,116 INFO completed=19302 new=18922 elapsed_s=5852.235 images_per_s=3.233295 device=mps
2026-09-13 20:09:51,213 INFO completed=19322 new=18942 elapsed_s=5858.331 images_per_s=3.233344 device=mps
2026-09-13 20:09:57,290 INFO completed=19342 new=18962 elapsed_s=5864.409 images_per_s=3.233404 device=mps
2026-09-13 20:10:03,354 INFO completed=19362 new=18982 elapsed_s=5870.472 images_per_s=3.233471 device=mps
2026-09-13 20:10:09,431 INFO completed=19382 new=19002 elapsed_s=5876.549 images_per_s=3.233530 device=mps
2026-09-13 20:10:15,511 INFO completed=19402 new=19022 elapsed_s=5882.629 images_per_s=3.233588 device=mps
2026-09-13 20:10:21,606 INFO completed=19422 new=19042 elapsed_s=5888.724 images_per_s=3.233638 device=mps
2026-09-13 20:10:27,715 INFO completed=19442 new=19062 elapsed_s=5894.833 images_per_s=3.233679 device=mps
2026-09-13 20:10:33,801 INFO completed=19462 new=19082 elapsed_s=5900.919 images_per_s=3.233734 device=mps
2026-09-13 20:10:39,887 INFO completed=19482 new=19102 elapsed_s=5907.006 images_per_s=3.233787 device=mps
2026-09-13 20:10:45,962 INFO completed=19502 new=19122 elapsed_s=5913.080 images_per_s=3.233848 device=mps
2026-09-13 20:10:52,060 INFO completed=19522 new=19142 elapsed_s=5919.178 images_per_s=3.233895 device=mps
2026-09-13 20:10:58,180 INFO completed=19542 new=19162 elapsed_s=5925.298 images_per_s=3.233930 device=mps
2026-09-13 20:11:04,316 INFO completed=19562 new=19182 elapsed_s=5931.434 images_per_s=3.233956 device=mps
2026-09-13 20:11:10,484 INFO completed=19582 new=19202 elapsed_s=5937.602 images_per_s=3.233965 device=mps
2026-09-13 20:11:16,633 INFO completed=19602 new=19222 elapsed_s=5943.751 images_per_s=3.233985 device=mps
2026-09-13 20:11:22,777 INFO completed=19622 new=19242 elapsed_s=5949.894 images_per_s=3.234007 device=mps
2026-09-13 20:11:28,887 INFO completed=19642 new=19262 elapsed_s=5956.005 images_per_s=3.234047 device=mps
2026-09-13 20:11:35,041 INFO completed=19662 new=19282 elapsed_s=5962.159 images_per_s=3.234064 device=mps
2026-09-13 20:11:41,190 INFO completed=19682 new=19302 elapsed_s=5968.308 images_per_s=3.234082 device=mps
2026-09-13 20:11:47,333 INFO completed=19702 new=19322 elapsed_s=5974.450 images_per_s=3.234105 device=mps
2026-09-13 20:11:53,478 INFO completed=19722 new=19342 elapsed_s=5980.596 images_per_s=3.234126 device=mps
2026-09-13 20:11:59,655 INFO completed=19742 new=19362 elapsed_s=5986.772 images_per_s=3.234130 device=mps
2026-09-13 20:12:05,790 INFO completed=19762 new=19382 elapsed_s=5992.908 images_per_s=3.234156 device=mps
2026-09-13 20:12:11,909 INFO completed=19782 new=19402 elapsed_s=5999.027 images_per_s=3.234191 device=mps
2026-09-13 20:12:18,026 INFO completed=19802 new=19422 elapsed_s=6005.144 images_per_s=3.234227 device=mps
2026-09-13 20:12:24,147 INFO completed=19822 new=19442 elapsed_s=6011.265 images_per_s=3.234261 device=mps
2026-09-13 20:12:30,279 INFO completed=19842 new=19462 elapsed_s=6017.396 images_per_s=3.234289 device=mps
2026-09-13 20:12:36,413 INFO completed=19862 new=19482 elapsed_s=6023.530 images_per_s=3.234316 device=mps
2026-09-13 20:12:42,600 INFO completed=19882 new=19502 elapsed_s=6029.717 images_per_s=3.234314 device=mps
2026-09-13 20:12:48,738 INFO completed=19902 new=19522 elapsed_s=6035.856 images_per_s=3.234338 device=mps
2026-09-13 20:12:54,861 INFO completed=19922 new=19542 elapsed_s=6041.979 images_per_s=3.234371 device=mps
2026-09-13 20:13:00,978 INFO completed=19942 new=19562 elapsed_s=6048.096 images_per_s=3.234407 device=mps
2026-09-13 20:13:07,172 INFO completed=19962 new=19582 elapsed_s=6054.289 images_per_s=3.234401 device=mps
2026-09-13 20:13:13,368 INFO completed=19982 new=19602 elapsed_s=6060.485 images_per_s=3.234395 device=mps
2026-09-13 20:13:19,589 INFO completed=20002 new=19622 elapsed_s=6066.706 images_per_s=3.234375 device=mps
2026-09-13 20:13:25,805 INFO completed=20022 new=19642 elapsed_s=6072.922 images_per_s=3.234357 device=mps
2026-09-13 20:13:31,962 INFO completed=20042 new=19662 elapsed_s=6079.079 images_per_s=3.234372 device=mps
2026-09-13 20:13:38,077 INFO completed=20062 new=19682 elapsed_s=6085.194 images_per_s=3.234408 device=mps
2026-09-13 20:13:44,175 INFO completed=20082 new=19702 elapsed_s=6091.292 images_per_s=3.234453 device=mps
2026-09-13 20:13:50,275 INFO completed=20102 new=19722 elapsed_s=6097.392 images_per_s=3.234498 device=mps
2026-09-13 20:13:56,411 INFO completed=20122 new=19742 elapsed_s=6103.528 images_per_s=3.234523 device=mps
2026-09-13 20:14:02,566 INFO completed=20142 new=19762 elapsed_s=6109.682 images_per_s=3.234538 device=mps
2026-09-13 20:14:08,682 INFO completed=20162 new=19782 elapsed_s=6115.798 images_per_s=3.234574 device=mps
2026-09-13 20:14:14,811 INFO completed=20182 new=19802 elapsed_s=6121.928 images_per_s=3.234602 device=mps
2026-09-13 20:14:20,978 INFO completed=20202 new=19822 elapsed_s=6128.095 images_per_s=3.234611 device=mps
2026-09-13 20:14:27,121 INFO completed=20222 new=19842 elapsed_s=6134.238 images_per_s=3.234632 device=mps
2026-09-13 20:14:33,297 INFO completed=20242 new=19862 elapsed_s=6140.414 images_per_s=3.234635 device=mps
2026-09-13 20:14:39,409 INFO completed=20262 new=19882 elapsed_s=6146.526 images_per_s=3.234673 device=mps
2026-09-13 20:14:45,586 INFO completed=20282 new=19902 elapsed_s=6152.702 images_per_s=3.234676 device=mps
2026-09-13 20:14:51,726 INFO completed=20302 new=19922 elapsed_s=6158.843 images_per_s=3.234698 device=mps
2026-09-13 20:14:57,922 INFO completed=20322 new=19942 elapsed_s=6165.039 images_per_s=3.234692 device=mps
2026-09-13 20:15:04,174 INFO completed=20342 new=19962 elapsed_s=6171.290 images_per_s=3.234656 device=mps
2026-09-13 20:15:10,358 INFO completed=20362 new=19982 elapsed_s=6177.474 images_per_s=3.234655 device=mps
2026-09-13 20:15:16,569 INFO completed=20382 new=20002 elapsed_s=6183.685 images_per_s=3.234641 device=mps
2026-09-13 20:15:22,797 INFO completed=20402 new=20022 elapsed_s=6189.913 images_per_s=3.234617 device=mps
2026-09-13 20:15:29,088 INFO completed=20422 new=20042 elapsed_s=6196.204 images_per_s=3.234561 device=mps
2026-09-13 20:15:35,313 INFO completed=20442 new=20062 elapsed_s=6202.429 images_per_s=3.234539 device=mps
2026-09-13 20:15:41,551 INFO completed=20462 new=20082 elapsed_s=6208.668 images_per_s=3.234510 device=mps
2026-09-13 20:15:47,801 INFO completed=20482 new=20102 elapsed_s=6214.917 images_per_s=3.234476 device=mps
2026-09-13 20:15:54,061 INFO completed=20502 new=20122 elapsed_s=6221.177 images_per_s=3.234436 device=mps
2026-09-13 20:16:00,397 INFO completed=20522 new=20142 elapsed_s=6227.514 images_per_s=3.234357 device=mps
2026-09-13 20:16:06,672 INFO completed=20542 new=20162 elapsed_s=6233.788 images_per_s=3.234309 device=mps
2026-09-13 20:16:12,918 INFO completed=20562 new=20182 elapsed_s=6240.034 images_per_s=3.234277 device=mps
2026-09-13 20:16:19,197 INFO completed=20582 new=20202 elapsed_s=6246.313 images_per_s=3.234228 device=mps
2026-09-13 20:16:25,477 INFO completed=20602 new=20222 elapsed_s=6252.593 images_per_s=3.234178 device=mps
2026-09-13 20:16:31,759 INFO completed=20622 new=20242 elapsed_s=6258.875 images_per_s=3.234128 device=mps
2026-09-13 20:16:38,026 INFO completed=20642 new=20262 elapsed_s=6265.142 images_per_s=3.234085 device=mps
2026-09-13 20:16:44,283 INFO completed=20662 new=20282 elapsed_s=6271.399 images_per_s=3.234047 device=mps
2026-09-13 20:16:50,577 INFO completed=20682 new=20302 elapsed_s=6277.693 images_per_s=3.233991 device=mps
2026-09-13 20:16:56,855 INFO completed=20702 new=20322 elapsed_s=6283.971 images_per_s=3.233942 device=mps
2026-09-13 20:17:03,114 INFO completed=20722 new=20342 elapsed_s=6290.230 images_per_s=3.233904 device=mps
2026-09-13 20:17:09,388 INFO completed=20742 new=20362 elapsed_s=6296.503 images_per_s=3.233858 device=mps
2026-09-13 20:17:15,687 INFO completed=20762 new=20382 elapsed_s=6302.803 images_per_s=3.233799 device=mps
2026-09-13 20:17:21,956 INFO completed=20782 new=20402 elapsed_s=6309.072 images_per_s=3.233756 device=mps
2026-09-13 20:17:28,283 INFO completed=20802 new=20422 elapsed_s=6315.398 images_per_s=3.233684 device=mps
2026-09-13 20:17:34,515 INFO completed=20822 new=20442 elapsed_s=6321.630 images_per_s=3.233660 device=mps
2026-09-13 20:17:40,797 INFO completed=20842 new=20462 elapsed_s=6327.912 images_per_s=3.233610 device=mps
2026-09-13 20:17:47,090 INFO completed=20862 new=20482 elapsed_s=6334.205 images_per_s=3.233555 device=mps
2026-09-13 20:17:53,386 INFO completed=20882 new=20502 elapsed_s=6340.501 images_per_s=3.233499 device=mps
2026-09-13 20:17:59,672 INFO completed=20902 new=20522 elapsed_s=6346.787 images_per_s=3.233447 device=mps
2026-09-13 20:18:05,950 INFO completed=20922 new=20542 elapsed_s=6353.065 images_per_s=3.233400 device=mps
2026-09-13 20:18:12,249 INFO completed=20942 new=20562 elapsed_s=6359.364 images_per_s=3.233342 device=mps
2026-09-13 20:18:18,581 INFO completed=20962 new=20582 elapsed_s=6365.696 images_per_s=3.233268 device=mps
2026-09-13 20:18:24,983 INFO completed=20982 new=20602 elapsed_s=6372.098 images_per_s=3.233158 device=mps
2026-09-13 20:18:31,435 INFO completed=21002 new=20622 elapsed_s=6378.550 images_per_s=3.233023 device=mps
2026-09-13 20:18:37,824 INFO completed=21022 new=20642 elapsed_s=6384.938 images_per_s=3.232921 device=mps
2026-09-13 20:18:44,228 INFO completed=21042 new=20662 elapsed_s=6391.342 images_per_s=3.232811 device=mps
2026-09-13 20:18:50,644 INFO completed=21062 new=20682 elapsed_s=6397.758 images_per_s=3.232695 device=mps
2026-09-13 20:18:57,060 INFO completed=21082 new=20702 elapsed_s=6404.174 images_per_s=3.232579 device=mps
2026-09-13 20:19:03,435 INFO completed=21102 new=20722 elapsed_s=6410.550 images_per_s=3.232484 device=mps
2026-09-13 20:19:09,843 INFO completed=21122 new=20742 elapsed_s=6416.957 images_per_s=3.232373 device=mps
2026-09-13 20:19:16,306 INFO completed=21142 new=20762 elapsed_s=6423.420 images_per_s=3.232235 device=mps
2026-09-13 20:19:22,766 INFO completed=21162 new=20782 elapsed_s=6429.880 images_per_s=3.232097 device=mps
2026-09-13 20:19:29,224 INFO completed=21182 new=20802 elapsed_s=6436.338 images_per_s=3.231962 device=mps
2026-09-13 20:19:35,777 INFO completed=21202 new=20822 elapsed_s=6442.891 images_per_s=3.231779 device=mps
2026-09-13 20:19:42,216 INFO completed=21222 new=20842 elapsed_s=6449.330 images_per_s=3.231653 device=mps
2026-09-13 20:19:48,664 INFO completed=21242 new=20862 elapsed_s=6455.778 images_per_s=3.231524 device=mps
2026-09-13 20:19:55,144 INFO completed=21262 new=20882 elapsed_s=6462.258 images_per_s=3.231378 device=mps
2026-09-13 20:20:01,514 INFO completed=21282 new=20902 elapsed_s=6468.628 images_per_s=3.231288 device=mps
2026-09-13 20:20:07,941 INFO completed=21302 new=20922 elapsed_s=6475.055 images_per_s=3.231169 device=mps
2026-09-13 20:20:14,348 INFO completed=21322 new=20942 elapsed_s=6481.462 images_per_s=3.231061 device=mps
2026-09-13 20:20:20,838 INFO completed=21342 new=20962 elapsed_s=6487.952 images_per_s=3.230912 device=mps
2026-09-13 20:20:27,233 INFO completed=21362 new=20982 elapsed_s=6494.347 images_per_s=3.230810 device=mps
2026-09-13 20:20:33,613 INFO completed=21382 new=21002 elapsed_s=6500.726 images_per_s=3.230716 device=mps
2026-09-13 20:20:40,024 INFO completed=21402 new=21022 elapsed_s=6507.138 images_per_s=3.230606 device=mps
2026-09-13 20:20:46,411 INFO completed=21422 new=21042 elapsed_s=6513.524 images_per_s=3.230509 device=mps
2026-09-13 20:20:52,791 INFO completed=21442 new=21062 elapsed_s=6519.905 images_per_s=3.230415 device=mps
2026-09-13 20:20:59,177 INFO completed=21462 new=21082 elapsed_s=6526.291 images_per_s=3.230319 device=mps
2026-09-13 20:21:05,582 INFO completed=21482 new=21102 elapsed_s=6532.696 images_per_s=3.230213 device=mps
2026-09-13 20:21:11,994 INFO completed=21502 new=21122 elapsed_s=6539.107 images_per_s=3.230105 device=mps
2026-09-13 20:21:18,369 INFO completed=21522 new=21142 elapsed_s=6545.482 images_per_s=3.230014 device=mps
2026-09-13 20:21:24,743 INFO completed=21542 new=21162 elapsed_s=6551.857 images_per_s=3.229924 device=mps
2026-09-13 20:21:31,131 INFO completed=21562 new=21182 elapsed_s=6558.244 images_per_s=3.229828 device=mps
2026-09-13 20:21:37,502 INFO completed=21582 new=21202 elapsed_s=6564.616 images_per_s=3.229740 device=mps
2026-09-13 20:21:43,916 INFO completed=21602 new=21222 elapsed_s=6571.029 images_per_s=3.229631 device=mps
2026-09-13 20:21:50,346 INFO completed=21622 new=21242 elapsed_s=6577.459 images_per_s=3.229514 device=mps
2026-09-13 20:21:56,727 INFO completed=21642 new=21262 elapsed_s=6583.841 images_per_s=3.229422 device=mps
2026-09-13 20:22:03,077 INFO completed=21662 new=21282 elapsed_s=6590.190 images_per_s=3.229345 device=mps
2026-09-13 20:22:09,556 INFO completed=21682 new=21302 elapsed_s=6596.670 images_per_s=3.229205 device=mps
2026-09-13 20:22:15,953 INFO completed=21702 new=21322 elapsed_s=6603.066 images_per_s=3.229106 device=mps
2026-09-13 20:22:22,322 INFO completed=21722 new=21342 elapsed_s=6609.435 images_per_s=3.229020 device=mps
2026-09-13 20:22:28,733 INFO completed=21742 new=21362 elapsed_s=6615.846 images_per_s=3.228914 device=mps
2026-09-13 20:22:35,126 INFO completed=21762 new=21382 elapsed_s=6622.239 images_per_s=3.228817 device=mps
2026-09-13 20:22:41,532 INFO completed=21782 new=21402 elapsed_s=6628.645 images_per_s=3.228714 device=mps
2026-09-13 20:22:47,906 INFO completed=21802 new=21422 elapsed_s=6635.019 images_per_s=3.228627 device=mps
2026-09-13 20:22:54,333 INFO completed=21822 new=21442 elapsed_s=6641.446 images_per_s=3.228514 device=mps
2026-09-13 20:23:00,718 INFO completed=21842 new=21462 elapsed_s=6647.831 images_per_s=3.228422 device=mps
2026-09-13 20:23:07,177 INFO completed=21862 new=21482 elapsed_s=6654.289 images_per_s=3.228294 device=mps
2026-09-13 20:23:13,720 INFO completed=21882 new=21502 elapsed_s=6660.833 images_per_s=3.228125 device=mps
2026-09-13 20:23:20,196 INFO completed=21902 new=21522 elapsed_s=6667.308 images_per_s=3.227989 device=mps
2026-09-13 20:23:26,711 INFO completed=21922 new=21542 elapsed_s=6673.824 images_per_s=3.227835 device=mps
2026-09-13 20:23:33,239 INFO completed=21942 new=21562 elapsed_s=6680.352 images_per_s=3.227674 device=mps
2026-09-13 20:23:39,768 INFO completed=21962 new=21582 elapsed_s=6686.881 images_per_s=3.227514 device=mps
2026-09-13 20:23:46,314 INFO completed=21982 new=21602 elapsed_s=6693.427 images_per_s=3.227345 device=mps
2026-09-13 20:23:52,909 INFO completed=22002 new=21622 elapsed_s=6700.022 images_per_s=3.227154 device=mps
2026-09-13 20:23:59,460 INFO completed=22022 new=21642 elapsed_s=6706.573 images_per_s=3.226984 device=mps
2026-09-13 20:24:06,018 INFO completed=22042 new=21662 elapsed_s=6713.130 images_per_s=3.226811 device=mps
2026-09-13 20:24:12,522 INFO completed=22062 new=21682 elapsed_s=6719.635 images_per_s=3.226663 device=mps
2026-09-13 20:24:19,084 INFO completed=22082 new=21702 elapsed_s=6726.196 images_per_s=3.226489 device=mps
2026-09-13 20:24:25,701 INFO completed=22102 new=21722 elapsed_s=6732.814 images_per_s=3.226289 device=mps
2026-09-13 20:24:32,278 INFO completed=22122 new=21742 elapsed_s=6739.390 images_per_s=3.226108 device=mps
2026-09-13 20:24:38,808 INFO completed=22142 new=21762 elapsed_s=6745.921 images_per_s=3.225950 device=mps
2026-09-13 20:24:45,423 INFO completed=22162 new=21782 elapsed_s=6752.535 images_per_s=3.225751 device=mps
2026-09-13 20:24:51,901 INFO completed=22182 new=21802 elapsed_s=6759.013 images_per_s=3.225619 device=mps
2026-09-13 20:24:58,395 INFO completed=22202 new=21822 elapsed_s=6765.507 images_per_s=3.225479 device=mps
2026-09-13 20:25:04,903 INFO completed=22222 new=21842 elapsed_s=6772.016 images_per_s=3.225332 device=mps
2026-09-13 20:25:11,418 INFO completed=22242 new=21862 elapsed_s=6778.530 images_per_s=3.225183 device=mps
2026-09-13 20:25:17,887 INFO completed=22262 new=21882 elapsed_s=6784.999 images_per_s=3.225056 device=mps
2026-09-13 20:25:24,370 INFO completed=22282 new=21902 elapsed_s=6791.482 images_per_s=3.224922 device=mps
2026-09-13 20:25:30,887 INFO completed=22302 new=21922 elapsed_s=6797.999 images_per_s=3.224773 device=mps
2026-09-13 20:25:37,377 INFO completed=22322 new=21942 elapsed_s=6804.489 images_per_s=3.224636 device=mps
2026-09-13 20:25:43,939 INFO completed=22342 new=21962 elapsed_s=6811.051 images_per_s=3.224466 device=mps
2026-09-13 20:25:50,460 INFO completed=22362 new=21982 elapsed_s=6817.572 images_per_s=3.224315 device=mps
2026-09-13 20:25:56,936 INFO completed=22382 new=22002 elapsed_s=6824.048 images_per_s=3.224186 device=mps
2026-09-13 20:26:03,444 INFO completed=22402 new=22022 elapsed_s=6830.556 images_per_s=3.224042 device=mps
2026-09-13 20:26:09,936 INFO completed=22422 new=22042 elapsed_s=6837.048 images_per_s=3.223906 device=mps
2026-09-13 20:26:16,498 INFO completed=22442 new=22062 elapsed_s=6843.610 images_per_s=3.223737 device=mps
2026-09-13 20:26:22,985 INFO completed=22462 new=22082 elapsed_s=6850.096 images_per_s=3.223604 device=mps
2026-09-13 20:26:29,514 INFO completed=22482 new=22102 elapsed_s=6856.626 images_per_s=3.223451 device=mps
2026-09-13 20:26:36,004 INFO completed=22502 new=22122 elapsed_s=6863.116 images_per_s=3.223317 device=mps
2026-09-13 20:26:42,493 INFO completed=22522 new=22142 elapsed_s=6869.605 images_per_s=3.223184 device=mps
2026-09-13 20:26:49,055 INFO completed=22542 new=22162 elapsed_s=6876.167 images_per_s=3.223016 device=mps
2026-09-13 20:26:55,493 INFO completed=22562 new=22182 elapsed_s=6882.604 images_per_s=3.222908 device=mps
2026-09-13 20:27:01,965 INFO completed=22582 new=22202 elapsed_s=6889.076 images_per_s=3.222783 device=mps
2026-09-13 20:27:08,459 INFO completed=22602 new=22222 elapsed_s=6895.571 images_per_s=3.222648 device=mps
2026-09-13 20:27:14,936 INFO completed=22622 new=22242 elapsed_s=6902.047 images_per_s=3.222522 device=mps
2026-09-13 20:27:21,497 INFO completed=22642 new=22262 elapsed_s=6908.609 images_per_s=3.222356 device=mps
2026-09-13 20:27:27,920 INFO completed=22662 new=22282 elapsed_s=6915.031 images_per_s=3.222256 device=mps
2026-09-13 20:27:34,361 INFO completed=22682 new=22302 elapsed_s=6921.473 images_per_s=3.222147 device=mps
2026-09-13 20:27:40,814 INFO completed=22702 new=22322 elapsed_s=6927.925 images_per_s=3.222033 device=mps
2026-09-13 20:27:47,279 INFO completed=22722 new=22342 elapsed_s=6934.390 images_per_s=3.221913 device=mps
2026-09-13 20:27:53,767 INFO completed=22742 new=22362 elapsed_s=6940.879 images_per_s=3.221782 device=mps
2026-09-13 20:28:00,229 INFO completed=22762 new=22382 elapsed_s=6947.340 images_per_s=3.221665 device=mps
2026-09-13 20:28:06,702 INFO completed=22782 new=22402 elapsed_s=6953.813 images_per_s=3.221542 device=mps
2026-09-13 20:28:13,143 INFO completed=22802 new=22422 elapsed_s=6960.255 images_per_s=3.221434 device=mps
2026-09-13 20:28:19,593 INFO completed=22822 new=22442 elapsed_s=6966.704 images_per_s=3.221322 device=mps
2026-09-13 20:28:26,034 INFO completed=22842 new=22462 elapsed_s=6973.145 images_per_s=3.221215 device=mps
2026-09-13 20:28:32,435 INFO completed=22862 new=22482 elapsed_s=6979.546 images_per_s=3.221126 device=mps
2026-09-13 20:28:38,919 INFO completed=22882 new=22502 elapsed_s=6986.030 images_per_s=3.221000 device=mps
2026-09-13 20:28:45,442 INFO completed=22902 new=22522 elapsed_s=6992.553 images_per_s=3.220855 device=mps
2026-09-13 20:28:51,895 INFO completed=22922 new=22542 elapsed_s=6999.006 images_per_s=3.220743 device=mps
2026-09-13 20:28:58,320 INFO completed=22942 new=22562 elapsed_s=7005.431 images_per_s=3.220644 device=mps
2026-09-13 20:29:04,745 INFO completed=22962 new=22582 elapsed_s=7011.856 images_per_s=3.220545 device=mps
2026-09-13 20:29:11,202 INFO completed=22982 new=22602 elapsed_s=7018.313 images_per_s=3.220432 device=mps
2026-09-13 20:29:17,578 INFO completed=23002 new=22622 elapsed_s=7024.689 images_per_s=3.220356 device=mps
2026-09-13 20:29:24,021 INFO completed=23022 new=22642 elapsed_s=7031.132 images_per_s=3.220250 device=mps
2026-09-13 20:29:30,455 INFO completed=23042 new=22662 elapsed_s=7037.566 images_per_s=3.220148 device=mps
2026-09-13 20:29:36,855 INFO completed=23062 new=22682 elapsed_s=7043.966 images_per_s=3.220061 device=mps
2026-09-13 20:29:43,245 INFO completed=23082 new=22702 elapsed_s=7050.355 images_per_s=3.219979 device=mps
2026-09-13 20:29:49,696 INFO completed=23102 new=22722 elapsed_s=7056.807 images_per_s=3.219870 device=mps
2026-09-13 20:29:56,092 INFO completed=23122 new=22742 elapsed_s=7063.203 images_per_s=3.219786 device=mps
2026-09-13 20:30:02,518 INFO completed=23142 new=22762 elapsed_s=7069.629 images_per_s=3.219688 device=mps
2026-09-13 20:30:08,903 INFO completed=23162 new=22782 elapsed_s=7076.014 images_per_s=3.219609 device=mps
2026-09-13 20:30:15,275 INFO completed=23182 new=22802 elapsed_s=7082.385 images_per_s=3.219537 device=mps
2026-09-13 20:30:21,670 INFO completed=23202 new=22822 elapsed_s=7088.781 images_per_s=3.219454 device=mps
2026-09-13 20:30:28,062 INFO completed=23222 new=22842 elapsed_s=7095.172 images_per_s=3.219372 device=mps
2026-09-13 20:30:34,449 INFO completed=23242 new=22862 elapsed_s=7101.560 images_per_s=3.219293 device=mps
2026-09-13 20:30:40,821 INFO completed=23262 new=22882 elapsed_s=7107.932 images_per_s=3.219221 device=mps
2026-09-13 20:30:47,198 INFO completed=23282 new=22902 elapsed_s=7114.308 images_per_s=3.219147 device=mps
2026-09-13 20:30:53,613 INFO completed=23302 new=22922 elapsed_s=7120.724 images_per_s=3.219055 device=mps
2026-09-13 20:31:00,035 INFO completed=23322 new=22942 elapsed_s=7127.145 images_per_s=3.218961 device=mps
2026-09-13 20:31:06,425 INFO completed=23342 new=22962 elapsed_s=7133.535 images_per_s=3.218881 device=mps
2026-09-13 20:31:12,784 INFO completed=23362 new=22982 elapsed_s=7139.895 images_per_s=3.218815 device=mps
2026-09-13 20:31:19,149 INFO completed=23382 new=23002 elapsed_s=7146.259 images_per_s=3.218747 device=mps
2026-09-13 20:31:25,548 INFO completed=23402 new=23022 elapsed_s=7152.658 images_per_s=3.218664 device=mps
2026-09-13 20:31:31,952 INFO completed=23422 new=23042 elapsed_s=7159.062 images_per_s=3.218578 device=mps
2026-09-13 20:31:38,349 INFO completed=23442 new=23062 elapsed_s=7165.459 images_per_s=3.218496 device=mps
2026-09-13 20:31:44,733 INFO completed=23462 new=23082 elapsed_s=7171.843 images_per_s=3.218420 device=mps
2026-09-13 20:31:51,139 INFO completed=23482 new=23102 elapsed_s=7178.249 images_per_s=3.218334 device=mps
2026-09-13 20:31:57,542 INFO completed=23502 new=23122 elapsed_s=7184.652 images_per_s=3.218249 device=mps
2026-09-13 20:32:03,917 INFO completed=23522 new=23142 elapsed_s=7191.026 images_per_s=3.218178 device=mps
2026-09-13 20:32:10,325 INFO completed=23542 new=23162 elapsed_s=7197.435 images_per_s=3.218091 device=mps
2026-09-13 20:32:16,726 INFO completed=23562 new=23182 elapsed_s=7203.836 images_per_s=3.218008 device=mps
2026-09-13 20:32:23,113 INFO completed=23582 new=23202 elapsed_s=7210.222 images_per_s=3.217931 device=mps
2026-09-13 20:32:29,491 INFO completed=23602 new=23222 elapsed_s=7216.600 images_per_s=3.217859 device=mps
2026-09-13 20:32:35,915 INFO completed=23622 new=23242 elapsed_s=7223.025 images_per_s=3.217766 device=mps
2026-09-13 20:32:42,299 INFO completed=23642 new=23262 elapsed_s=7229.409 images_per_s=3.217690 device=mps
2026-09-13 20:32:48,733 INFO completed=23662 new=23282 elapsed_s=7235.843 images_per_s=3.217594 device=mps
2026-09-13 20:32:55,151 INFO completed=23682 new=23302 elapsed_s=7242.261 images_per_s=3.217504 device=mps
2026-09-13 20:33:01,550 INFO completed=23702 new=23322 elapsed_s=7248.659 images_per_s=3.217423 device=mps
2026-09-13 20:33:07,968 INFO completed=23722 new=23342 elapsed_s=7255.078 images_per_s=3.217333 device=mps
2026-09-13 20:33:14,363 INFO completed=23742 new=23362 elapsed_s=7261.472 images_per_s=3.217254 device=mps
2026-09-13 20:33:20,736 INFO completed=23762 new=23382 elapsed_s=7267.845 images_per_s=3.217185 device=mps
2026-09-13 20:33:27,126 INFO completed=23782 new=23402 elapsed_s=7274.235 images_per_s=3.217108 device=mps
2026-09-13 20:33:33,539 INFO completed=23802 new=23422 elapsed_s=7280.647 images_per_s=3.217022 device=mps
2026-09-13 20:33:39,989 INFO completed=23822 new=23442 elapsed_s=7287.098 images_per_s=3.216918 device=mps
2026-09-13 20:33:46,524 INFO completed=23842 new=23462 elapsed_s=7293.633 images_per_s=3.216778 device=mps
2026-09-13 20:33:53,028 INFO completed=23862 new=23482 elapsed_s=7300.137 images_per_s=3.216652 device=mps
2026-09-13 20:33:59,426 INFO completed=23882 new=23502 elapsed_s=7306.535 images_per_s=3.216573 device=mps
2026-09-13 20:34:05,869 INFO completed=23902 new=23522 elapsed_s=7312.977 images_per_s=3.216474 device=mps
2026-09-13 20:34:12,256 INFO completed=23922 new=23542 elapsed_s=7319.365 images_per_s=3.216399 device=mps
2026-09-13 20:34:18,684 INFO completed=23942 new=23562 elapsed_s=7325.792 images_per_s=3.216307 device=mps
2026-09-13 20:34:25,141 INFO completed=23962 new=23582 elapsed_s=7332.249 images_per_s=3.216203 device=mps
2026-09-13 20:34:31,552 INFO completed=23982 new=23602 elapsed_s=7338.660 images_per_s=3.216119 device=mps
2026-09-13 20:34:37,953 INFO completed=24002 new=23622 elapsed_s=7345.061 images_per_s=3.216039 device=mps
2026-09-13 20:34:44,367 INFO completed=24022 new=23642 elapsed_s=7351.475 images_per_s=3.215953 device=mps
2026-09-13 20:34:50,811 INFO completed=24042 new=23662 elapsed_s=7357.919 images_per_s=3.215855 device=mps
2026-09-13 20:34:57,267 INFO completed=24062 new=23682 elapsed_s=7364.375 images_per_s=3.215752 device=mps
2026-09-13 20:35:03,647 INFO completed=24082 new=23702 elapsed_s=7370.755 images_per_s=3.215681 device=mps
2026-09-13 20:35:10,032 INFO completed=24102 new=23722 elapsed_s=7377.140 images_per_s=3.215609 device=mps
2026-09-13 20:35:16,478 INFO completed=24122 new=23742 elapsed_s=7383.586 images_per_s=3.215511 device=mps
2026-09-13 20:35:22,931 INFO completed=24142 new=23762 elapsed_s=7390.038 images_per_s=3.215410 device=mps
2026-09-13 20:35:29,379 INFO completed=24162 new=23782 elapsed_s=7396.487 images_per_s=3.215310 device=mps
2026-09-13 20:35:35,842 INFO completed=24182 new=23802 elapsed_s=7402.949 images_per_s=3.215205 device=mps
2026-09-13 20:35:42,202 INFO completed=24202 new=23822 elapsed_s=7409.310 images_per_s=3.215144 device=mps
2026-09-13 20:35:48,652 INFO completed=24222 new=23842 elapsed_s=7415.760 images_per_s=3.215045 device=mps
2026-09-13 20:35:55,067 INFO completed=24242 new=23862 elapsed_s=7422.175 images_per_s=3.214961 device=mps
2026-09-13 20:36:01,480 INFO completed=24262 new=23882 elapsed_s=7428.588 images_per_s=3.214877 device=mps
2026-09-13 20:36:07,976 INFO completed=24282 new=23902 elapsed_s=7435.084 images_per_s=3.214759 device=mps
2026-09-13 20:36:14,364 INFO completed=24302 new=23922 elapsed_s=7441.471 images_per_s=3.214687 device=mps
2026-09-13 20:36:20,776 INFO completed=24322 new=23942 elapsed_s=7447.884 images_per_s=3.214605 device=mps
2026-09-13 20:36:27,160 INFO completed=24342 new=23962 elapsed_s=7454.268 images_per_s=3.214534 device=mps
2026-09-13 20:36:33,547 INFO completed=24362 new=23982 elapsed_s=7460.654 images_per_s=3.214463 device=mps
2026-09-13 20:36:39,947 INFO completed=24382 new=24002 elapsed_s=7467.055 images_per_s=3.214387 device=mps
2026-09-13 20:36:46,327 INFO completed=24402 new=24022 elapsed_s=7473.434 images_per_s=3.214319 device=mps
2026-09-13 20:36:52,796 INFO completed=24422 new=24042 elapsed_s=7479.903 images_per_s=3.214213 device=mps
2026-09-13 20:36:59,181 INFO completed=24442 new=24062 elapsed_s=7486.288 images_per_s=3.214143 device=mps
2026-09-13 20:37:05,630 INFO completed=24462 new=24082 elapsed_s=7492.738 images_per_s=3.214046 device=mps
2026-09-13 20:37:12,036 INFO completed=24482 new=24102 elapsed_s=7499.143 images_per_s=3.213967 device=mps
2026-09-13 20:37:18,400 INFO completed=24502 new=24122 elapsed_s=7505.507 images_per_s=3.213907 device=mps
2026-09-13 20:37:24,865 INFO completed=24522 new=24142 elapsed_s=7511.972 images_per_s=3.213803 device=mps
2026-09-13 20:37:31,208 INFO completed=24542 new=24162 elapsed_s=7518.315 images_per_s=3.213752 device=mps
2026-09-13 20:37:37,634 INFO completed=24562 new=24182 elapsed_s=7524.741 images_per_s=3.213665 device=mps
2026-09-13 20:37:44,021 INFO completed=24582 new=24202 elapsed_s=7531.128 images_per_s=3.213596 device=mps
2026-09-13 20:37:50,461 INFO completed=24602 new=24222 elapsed_s=7537.568 images_per_s=3.213503 device=mps
2026-09-13 20:37:56,893 INFO completed=24622 new=24242 elapsed_s=7544.000 images_per_s=3.213415 device=mps
2026-09-13 20:38:03,280 INFO completed=24642 new=24262 elapsed_s=7550.386 images_per_s=3.213345 device=mps
2026-09-13 20:38:09,752 INFO completed=24662 new=24282 elapsed_s=7556.859 images_per_s=3.213240 device=mps
2026-09-13 20:38:16,119 INFO completed=24682 new=24302 elapsed_s=7563.226 images_per_s=3.213179 device=mps
2026-09-13 20:38:22,484 INFO completed=24702 new=24322 elapsed_s=7569.591 images_per_s=3.213120 device=mps
2026-09-13 20:38:28,832 INFO completed=24722 new=24342 elapsed_s=7575.938 images_per_s=3.213067 device=mps
2026-09-13 20:38:35,194 INFO completed=24742 new=24362 elapsed_s=7582.301 images_per_s=3.213009 device=mps
2026-09-13 20:38:41,551 INFO completed=24762 new=24382 elapsed_s=7588.658 images_per_s=3.212953 device=mps
2026-09-13 20:38:47,899 INFO completed=24782 new=24402 elapsed_s=7595.006 images_per_s=3.212901 device=mps
2026-09-13 20:38:54,300 INFO completed=24802 new=24422 elapsed_s=7601.407 images_per_s=3.212826 device=mps
2026-09-13 20:39:00,683 INFO completed=24822 new=24442 elapsed_s=7607.790 images_per_s=3.212760 device=mps
2026-09-13 20:39:07,085 INFO completed=24842 new=24462 elapsed_s=7614.192 images_per_s=3.212685 device=mps
2026-09-13 20:39:13,432 INFO completed=24862 new=24482 elapsed_s=7620.539 images_per_s=3.212634 device=mps
2026-09-13 20:39:19,792 INFO completed=24882 new=24502 elapsed_s=7626.899 images_per_s=3.212577 device=mps
2026-09-13 20:39:26,184 INFO completed=24902 new=24522 elapsed_s=7633.290 images_per_s=3.212507 device=mps
2026-09-13 20:39:32,575 INFO completed=24922 new=24542 elapsed_s=7639.681 images_per_s=3.212438 device=mps
2026-09-13 20:39:38,994 INFO completed=24942 new=24562 elapsed_s=7646.101 images_per_s=3.212356 device=mps
2026-09-13 20:39:45,385 INFO completed=24962 new=24582 elapsed_s=7652.492 images_per_s=3.212287 device=mps
2026-09-13 20:39:51,732 INFO completed=24982 new=24602 elapsed_s=7658.838 images_per_s=3.212237 device=mps
2026-09-13 20:39:58,123 INFO completed=25002 new=24622 elapsed_s=7665.229 images_per_s=3.212168 device=mps
2026-09-13 20:40:04,481 INFO completed=25022 new=24642 elapsed_s=7671.587 images_per_s=3.212112 device=mps
2026-09-13 20:40:10,834 INFO completed=25042 new=24662 elapsed_s=7677.940 images_per_s=3.212059 device=mps
2026-09-13 20:40:17,248 INFO completed=25062 new=24682 elapsed_s=7684.354 images_per_s=3.211981 device=mps
2026-09-13 20:40:23,576 INFO completed=25082 new=24702 elapsed_s=7690.682 images_per_s=3.211939 device=mps
2026-09-13 20:40:29,964 INFO completed=25102 new=24722 elapsed_s=7697.070 images_per_s=3.211871 device=mps
2026-09-13 20:40:36,317 INFO completed=25122 new=24742 elapsed_s=7703.423 images_per_s=3.211819 device=mps
2026-09-13 20:40:42,690 INFO completed=25142 new=24762 elapsed_s=7709.796 images_per_s=3.211758 device=mps
2026-09-13 20:40:49,089 INFO completed=25162 new=24782 elapsed_s=7716.194 images_per_s=3.211687 device=mps
2026-09-13 20:40:55,498 INFO completed=25182 new=24802 elapsed_s=7722.603 images_per_s=3.211611 device=mps
2026-09-13 20:41:01,843 INFO completed=25202 new=24822 elapsed_s=7728.949 images_per_s=3.211562 device=mps
2026-09-13 20:41:08,241 INFO completed=25222 new=24842 elapsed_s=7735.347 images_per_s=3.211491 device=mps
2026-09-13 20:41:14,685 INFO completed=25242 new=24862 elapsed_s=7741.791 images_per_s=3.211402 device=mps
2026-09-13 20:41:21,053 INFO completed=25262 new=24882 elapsed_s=7748.158 images_per_s=3.211344 device=mps
2026-09-13 20:41:27,422 INFO completed=25282 new=24902 elapsed_s=7754.528 images_per_s=3.211285 device=mps
2026-09-13 20:41:33,843 INFO completed=25302 new=24922 elapsed_s=7760.948 images_per_s=3.211206 device=mps
2026-09-13 20:41:40,217 INFO completed=25322 new=24942 elapsed_s=7767.323 images_per_s=3.211145 device=mps
2026-09-13 20:41:46,587 INFO completed=25342 new=24962 elapsed_s=7773.693 images_per_s=3.211087 device=mps
2026-09-13 20:41:52,964 INFO completed=25362 new=24982 elapsed_s=7780.069 images_per_s=3.211025 device=mps
2026-09-13 20:41:59,348 INFO completed=25382 new=25002 elapsed_s=7786.454 images_per_s=3.210961 device=mps
2026-09-13 20:42:05,829 INFO completed=25402 new=25022 elapsed_s=7792.935 images_per_s=3.210857 device=mps
2026-09-13 20:42:12,290 INFO completed=25422 new=25042 elapsed_s=7799.395 images_per_s=3.210762 device=mps
2026-09-13 20:42:18,725 INFO completed=25442 new=25062 elapsed_s=7805.830 images_per_s=3.210677 device=mps
2026-09-13 20:42:25,122 INFO completed=25462 new=25082 elapsed_s=7812.227 images_per_s=3.210608 device=mps
2026-09-13 20:42:31,508 INFO completed=25482 new=25102 elapsed_s=7818.613 images_per_s=3.210544 device=mps
2026-09-13 20:42:37,936 INFO completed=25502 new=25122 elapsed_s=7825.041 images_per_s=3.210463 device=mps
2026-09-13 20:42:44,338 INFO completed=25522 new=25142 elapsed_s=7831.443 images_per_s=3.210392 device=mps
2026-09-13 20:42:50,864 INFO completed=25542 new=25162 elapsed_s=7837.969 images_per_s=3.210271 device=mps
2026-09-13 20:42:57,290 INFO completed=25562 new=25182 elapsed_s=7844.395 images_per_s=3.210190 device=mps
2026-09-13 20:43:03,716 INFO completed=25582 new=25202 elapsed_s=7850.821 images_per_s=3.210110 device=mps
2026-09-13 20:43:10,151 INFO completed=25602 new=25222 elapsed_s=7857.256 images_per_s=3.210027 device=mps
2026-09-13 20:43:16,561 INFO completed=25622 new=25242 elapsed_s=7863.666 images_per_s=3.209953 device=mps
2026-09-13 20:43:22,991 INFO completed=25642 new=25262 elapsed_s=7870.096 images_per_s=3.209872 device=mps
2026-09-13 20:43:29,479 INFO completed=25662 new=25282 elapsed_s=7876.584 images_per_s=3.209767 device=mps
2026-09-13 20:43:35,958 INFO completed=25682 new=25302 elapsed_s=7883.063 images_per_s=3.209666 device=mps
2026-09-13 20:43:42,408 INFO completed=25702 new=25322 elapsed_s=7889.513 images_per_s=3.209577 device=mps
2026-09-13 20:43:48,874 INFO completed=25722 new=25342 elapsed_s=7895.978 images_per_s=3.209482 device=mps
2026-09-13 20:43:55,366 INFO completed=25742 new=25362 elapsed_s=7902.471 images_per_s=3.209376 device=mps
2026-09-13 20:44:01,844 INFO completed=25762 new=25382 elapsed_s=7908.949 images_per_s=3.209276 device=mps
2026-09-13 20:44:08,278 INFO completed=25782 new=25402 elapsed_s=7915.383 images_per_s=3.209194 device=mps
2026-09-13 20:44:14,767 INFO completed=25802 new=25422 elapsed_s=7921.871 images_per_s=3.209090 device=mps
2026-09-13 20:44:21,260 INFO completed=25822 new=25442 elapsed_s=7928.364 images_per_s=3.208985 device=mps
2026-09-13 20:44:27,781 INFO completed=25842 new=25462 elapsed_s=7934.886 images_per_s=3.208868 device=mps
2026-09-13 20:44:34,339 INFO completed=25862 new=25482 elapsed_s=7941.443 images_per_s=3.208737 device=mps
2026-09-13 20:44:40,829 INFO completed=25882 new=25502 elapsed_s=7947.933 images_per_s=3.208633 device=mps
2026-09-13 20:44:47,341 INFO completed=25902 new=25522 elapsed_s=7954.445 images_per_s=3.208520 device=mps
2026-09-13 20:44:53,842 INFO completed=25922 new=25542 elapsed_s=7960.946 images_per_s=3.208413 device=mps
2026-09-13 20:45:00,357 INFO completed=25942 new=25562 elapsed_s=7967.461 images_per_s=3.208299 device=mps
2026-09-13 20:45:06,856 INFO completed=25962 new=25582 elapsed_s=7973.961 images_per_s=3.208192 device=mps
2026-09-13 20:45:13,350 INFO completed=25982 new=25602 elapsed_s=7980.454 images_per_s=3.208088 device=mps
2026-09-13 20:45:19,886 INFO completed=26002 new=25622 elapsed_s=7986.990 images_per_s=3.207967 device=mps
2026-09-13 20:45:26,411 INFO completed=26022 new=25642 elapsed_s=7993.515 images_per_s=3.207850 device=mps
2026-09-13 20:45:32,965 INFO completed=26042 new=25662 elapsed_s=8000.069 images_per_s=3.207722 device=mps
2026-09-13 20:45:39,439 INFO completed=26062 new=25682 elapsed_s=8006.543 images_per_s=3.207627 device=mps
2026-09-13 20:45:46,040 INFO completed=26082 new=25702 elapsed_s=8013.144 images_per_s=3.207480 device=mps
2026-09-13 20:45:52,575 INFO completed=26102 new=25722 elapsed_s=8019.679 images_per_s=3.207360 device=mps
2026-09-13 20:45:59,110 INFO completed=26122 new=25742 elapsed_s=8026.214 images_per_s=3.207241 device=mps
2026-09-13 20:46:05,665 INFO completed=26142 new=25762 elapsed_s=8032.769 images_per_s=3.207113 device=mps
2026-09-13 20:46:12,141 INFO completed=26162 new=25782 elapsed_s=8039.245 images_per_s=3.207017 device=mps
2026-09-13 20:46:18,672 INFO completed=26182 new=25802 elapsed_s=8045.776 images_per_s=3.206900 device=mps
2026-09-13 20:46:25,147 INFO completed=26202 new=25822 elapsed_s=8052.250 images_per_s=3.206805 device=mps
2026-09-13 20:46:31,629 INFO completed=26222 new=25842 elapsed_s=8058.733 images_per_s=3.206707 device=mps
2026-09-13 20:46:38,127 INFO completed=26242 new=25862 elapsed_s=8065.231 images_per_s=3.206604 device=mps
2026-09-13 20:46:44,669 INFO completed=26262 new=25882 elapsed_s=8071.773 images_per_s=3.206483 device=mps
2026-09-13 20:46:51,160 INFO completed=26282 new=25902 elapsed_s=8078.264 images_per_s=3.206382 device=mps
2026-09-13 20:46:57,613 INFO completed=26302 new=25922 elapsed_s=8084.717 images_per_s=3.206297 device=mps
2026-09-13 20:47:04,114 INFO completed=26322 new=25942 elapsed_s=8091.218 images_per_s=3.206192 device=mps
2026-09-13 20:47:10,626 INFO completed=26342 new=25962 elapsed_s=8097.730 images_per_s=3.206084 device=mps
2026-09-13 20:47:17,117 INFO completed=26362 new=25982 elapsed_s=8104.220 images_per_s=3.205984 device=mps
2026-09-13 20:47:23,565 INFO completed=26382 new=26002 elapsed_s=8110.669 images_per_s=3.205901 device=mps
2026-09-13 20:47:30,063 INFO completed=26402 new=26022 elapsed_s=8117.166 images_per_s=3.205799 device=mps
2026-09-13 20:47:36,498 INFO completed=26422 new=26042 elapsed_s=8123.602 images_per_s=3.205721 device=mps
2026-09-13 20:47:42,942 INFO completed=26442 new=26062 elapsed_s=8130.046 images_per_s=3.205640 device=mps
2026-09-13 20:47:49,416 INFO completed=26462 new=26082 elapsed_s=8136.519 images_per_s=3.205548 device=mps
2026-09-13 20:47:55,858 INFO completed=26482 new=26102 elapsed_s=8142.961 images_per_s=3.205468 device=mps
2026-09-13 20:48:02,298 INFO completed=26502 new=26122 elapsed_s=8149.401 images_per_s=3.205389 device=mps
2026-09-13 20:48:08,764 INFO completed=26522 new=26142 elapsed_s=8155.867 images_per_s=3.205300 device=mps
2026-09-13 20:48:15,216 INFO completed=26542 new=26162 elapsed_s=8162.319 images_per_s=3.205216 device=mps
2026-09-13 20:48:21,781 INFO completed=26562 new=26182 elapsed_s=8168.884 images_per_s=3.205089 device=mps
2026-09-13 20:48:28,290 INFO completed=26582 new=26202 elapsed_s=8175.393 images_per_s=3.204983 device=mps
2026-09-13 20:48:34,731 INFO completed=26602 new=26222 elapsed_s=8181.834 images_per_s=3.204905 device=mps
2026-09-13 20:48:41,165 INFO completed=26622 new=26242 elapsed_s=8188.268 images_per_s=3.204829 device=mps
2026-09-13 20:48:47,635 INFO completed=26642 new=26262 elapsed_s=8194.738 images_per_s=3.204739 device=mps
2026-09-13 20:48:54,040 INFO completed=26662 new=26282 elapsed_s=8201.143 images_per_s=3.204675 device=mps
2026-09-13 20:49:00,485 INFO completed=26682 new=26302 elapsed_s=8207.588 images_per_s=3.204596 device=mps
2026-09-13 20:49:06,902 INFO completed=26702 new=26322 elapsed_s=8214.005 images_per_s=3.204527 device=mps
2026-09-13 20:49:13,347 INFO completed=26722 new=26342 elapsed_s=8220.450 images_per_s=3.204448 device=mps
2026-09-13 20:49:19,830 INFO completed=26742 new=26362 elapsed_s=8226.933 images_per_s=3.204353 device=mps
2026-09-13 20:49:26,223 INFO completed=26762 new=26382 elapsed_s=8233.326 images_per_s=3.204295 device=mps
2026-09-13 20:49:32,668 INFO completed=26782 new=26402 elapsed_s=8239.771 images_per_s=3.204215 device=mps
2026-09-13 20:49:39,043 INFO completed=26802 new=26422 elapsed_s=8246.146 images_per_s=3.204163 device=mps
2026-09-13 20:49:45,432 INFO completed=26822 new=26442 elapsed_s=8252.535 images_per_s=3.204106 device=mps
2026-09-13 20:49:51,831 INFO completed=26842 new=26462 elapsed_s=8258.934 images_per_s=3.204045 device=mps
2026-09-13 20:49:58,221 INFO completed=26862 new=26482 elapsed_s=8265.324 images_per_s=3.203988 device=mps
2026-09-13 20:50:04,638 INFO completed=26882 new=26502 elapsed_s=8271.741 images_per_s=3.203920 device=mps
2026-09-13 20:50:11,008 INFO completed=26902 new=26522 elapsed_s=8278.111 images_per_s=3.203871 device=mps
2026-09-13 20:50:17,370 INFO completed=26922 new=26542 elapsed_s=8284.473 images_per_s=3.203825 device=mps
2026-09-13 20:50:23,800 INFO completed=26942 new=26562 elapsed_s=8290.903 images_per_s=3.203752 device=mps
2026-09-13 20:50:30,154 INFO completed=26962 new=26582 elapsed_s=8297.257 images_per_s=3.203709 device=mps
2026-09-13 20:50:36,503 INFO completed=26982 new=26602 elapsed_s=8303.606 images_per_s=3.203668 device=mps
2026-09-13 20:50:42,922 INFO completed=27002 new=26622 elapsed_s=8310.025 images_per_s=3.203600 device=mps
2026-09-13 20:50:49,264 INFO completed=27022 new=26642 elapsed_s=8316.367 images_per_s=3.203562 device=mps
2026-09-13 20:50:55,634 INFO completed=27042 new=26662 elapsed_s=8322.737 images_per_s=3.203514 device=mps
2026-09-13 20:51:01,979 INFO completed=27062 new=26682 elapsed_s=8329.081 images_per_s=3.203475 device=mps
2026-09-13 20:51:08,416 INFO completed=27082 new=26702 elapsed_s=8335.519 images_per_s=3.203400 device=mps
2026-09-13 20:51:14,783 INFO completed=27102 new=26722 elapsed_s=8341.886 images_per_s=3.203352 device=mps
2026-09-13 20:51:21,188 INFO completed=27122 new=26742 elapsed_s=8348.290 images_per_s=3.203291 device=mps
2026-09-13 20:51:27,593 INFO completed=27142 new=26762 elapsed_s=8354.696 images_per_s=3.203229 device=mps
2026-09-13 20:51:34,034 INFO completed=27162 new=26782 elapsed_s=8361.136 images_per_s=3.203153 device=mps
2026-09-13 20:51:40,389 INFO completed=27182 new=26802 elapsed_s=8367.492 images_per_s=3.203110 device=mps
2026-09-13 20:51:46,801 INFO completed=27202 new=26822 elapsed_s=8373.904 images_per_s=3.203046 device=mps
2026-09-13 20:51:53,172 INFO completed=27222 new=26842 elapsed_s=8380.274 images_per_s=3.202998 device=mps
2026-09-13 20:51:59,555 INFO completed=27242 new=26862 elapsed_s=8386.657 images_per_s=3.202945 device=mps
2026-09-13 20:52:05,917 INFO completed=27262 new=26882 elapsed_s=8393.020 images_per_s=3.202900 device=mps
2026-09-13 20:52:12,270 INFO completed=27282 new=26902 elapsed_s=8399.372 images_per_s=3.202858 device=mps
2026-09-13 20:52:18,672 INFO completed=27302 new=26922 elapsed_s=8405.775 images_per_s=3.202798 device=mps
2026-09-13 20:52:25,018 INFO completed=27322 new=26942 elapsed_s=8412.120 images_per_s=3.202760 device=mps
2026-09-13 20:52:31,372 INFO completed=27342 new=26962 elapsed_s=8418.474 images_per_s=3.202718 device=mps
2026-09-13 20:52:37,754 INFO completed=27362 new=26982 elapsed_s=8424.856 images_per_s=3.202666 device=mps
2026-09-13 20:52:44,111 INFO completed=27382 new=27002 elapsed_s=8431.213 images_per_s=3.202623 device=mps
2026-09-13 20:52:50,468 INFO completed=27402 new=27022 elapsed_s=8437.570 images_per_s=3.202581 device=mps
2026-09-13 20:52:56,822 INFO completed=27422 new=27042 elapsed_s=8443.924 images_per_s=3.202540 device=mps
2026-09-13 20:53:03,164 INFO completed=27442 new=27062 elapsed_s=8450.266 images_per_s=3.202503 device=mps
2026-09-13 20:53:09,527 INFO completed=27462 new=27082 elapsed_s=8456.629 images_per_s=3.202458 device=mps
2026-09-13 20:53:15,876 INFO completed=27482 new=27102 elapsed_s=8462.978 images_per_s=3.202419 device=mps
2026-09-13 20:53:22,213 INFO completed=27502 new=27122 elapsed_s=8469.315 images_per_s=3.202384 device=mps
2026-09-13 20:53:28,670 INFO completed=27522 new=27142 elapsed_s=8475.772 images_per_s=3.202304 device=mps
2026-09-13 20:53:35,034 INFO completed=27542 new=27162 elapsed_s=8482.136 images_per_s=3.202259 device=mps
2026-09-13 20:53:41,382 INFO completed=27562 new=27182 elapsed_s=8488.484 images_per_s=3.202221 device=mps
2026-09-13 20:53:47,794 INFO completed=27582 new=27202 elapsed_s=8494.896 images_per_s=3.202158 device=mps
2026-09-13 20:53:54,133 INFO completed=27602 new=27222 elapsed_s=8501.235 images_per_s=3.202123 device=mps
2026-09-13 20:54:00,507 INFO completed=27622 new=27242 elapsed_s=8507.608 images_per_s=3.202075 device=mps
2026-09-13 20:54:06,885 INFO completed=27642 new=27262 elapsed_s=8513.986 images_per_s=3.202025 device=mps
2026-09-13 20:54:13,216 INFO completed=27662 new=27282 elapsed_s=8520.318 images_per_s=3.201993 device=mps
2026-09-13 20:54:19,600 INFO completed=27682 new=27302 elapsed_s=8526.702 images_per_s=3.201941 device=mps
2026-09-13 20:54:25,976 INFO completed=27702 new=27322 elapsed_s=8533.077 images_per_s=3.201893 device=mps
