sample_index,image_id,target_id,A,Aplus,B,C0,C1,C2,r,full_failure,absent_failure,exact_matched_random_failure_probability,cci_region,wf_region,mean_region,max_0_1_region,cci_bbox_precision,wf_bbox_precision,feasible_set_size,n_full_foils,n_absent_foils,m_outranking_foils
0,6915,dog,0,0,0,0,0,0,0,1,1,1.0,0,0,0,0,0.4444444477558136,0.4444444477558136,1,19,17,6
1,364,motorbike,1,1,1,1,0,0,0,1,1,1.0,6,6,6,6,0.5,0.5,1,19,18,7
2,8846,cat,1,1,0,0,0,0,0,0,0,0.0,0,0,0,0,0.75,0.75,1,19,18,0
3,4964,sofa,1,1,0,0,0,0,0,0,0,0.0,1,1,1,1,0.800000011920929,0.800000011920929,1,19,17,0
4,2631,person,0,0,0,0,0,0,0,1,1,1.0,0,0,0,0,0.4000000059604645,0.4000000059604645,1,19,18,15
5,4225,boat,0,0,0,0,0,0,0,0,0,0.0,0,0,0,0,0.1111111119389534,0.1111111119389534,1,19,18,0
6,3701,car,0,0,0,0,0,0,0,1,1,1.0,0,0,0,0,0.0,0.0,1,19,18,8
7,6811,horse,1,1,0,0,0,0,0,0,0,0.0,2,2,2,2,0.5555555820465088,0.5555555820465088,1,19,18,0
8,3217,car,1,1,1,0,1,0,0,1,1,1.0,6,6,6,6,1.0,1.0,1,19,18,4
9,2239,person,0,0,0,0,0,0,0,1,1,1.0,3,3,4,3,0.0,0.0,2,19,18,7
10,8563,chair,0,0,0,0,0,0,0,1,1,1.0,3,3,3,3,0.0,0.0,1,19,18,3
11,5844,diningtable,1,1,0,0,0,0,0,0,0,0.0,7,7,7,7,0.875,0.875,1,19,18,0
12,4721,person,0,0,0,0,0,0,0,1,1,1.0,2,2,2,2,0.6000000238418579,0.6000000238418579,1,19,18,10
13,4243,motorbike,1,1,0,0,0,0,0,0,0,0.0,3,3,3,3,0.6666666865348816,0.6666666865348816,1,19,18,0
14,2728,person,1,1,1,0,1,0,0,1,1,1.0,7,7,7,7,1.0,1.0,1,19,18,3
15,2062,tvmonitor,1,1,0,0,0,0,0,0,0,0.0,3,3,3,3,0.875,0.875,1,19,18,0
16,6481,car,0,0,0,0,0,0,0,1,1,1.0,7,7,7,7,1.0,1.0,1,19,18,10
17,6771,diningtable,1,1,0,0,0,0,0,0,0,0.0,3,3,3,3,1.0,1.0,1,19,17,0
18,8039,pottedplant,0,0,0,0,0,0,0,1,1,1.0,4,4,4,4,0.0,0.0,1,19,17,5
19,3893,car,0,0,0,0,0,0,0,1,1,1.0,7,7,7,7,0.3333333432674408,0.3333333432674408,1,19,18,9
20,7689,person,1,1,1,1,0,0,0,1,1,1.0,4,4,4,4,1.0,1.0,1,19,18,2
21,6984,chair,1,1,0,0,0,0,0,0,0,0.0,3,3,3,3,1.0,1.0,1,19,18,0
22,9231,horse,1,1,1,1,0,0,0,1,1,1.0,1,1,1,1,0.9166666865348816,0.9166666865348816,2,19,18,3
23,4650,motorbike,1,1,0,0,0,0,0,0,0,0.0,1,1,1,1,0.6000000238418579,0.6000000238418579,1,19,17,0
24,7553,motorbike,1,1,1,0,1,0,0,1,1,1.0,2,2,2,2,1.0,1.0,1,19,18,4
25,116,sofa,1,1,0,0,0,0,0,0,0,0.0,2,2,2,2,0.875,0.875,1,19,17,0
26,2856,diningtable,1,1,1,0,1,0,0,1,1,1.0,2,2,2,2,1.0,1.0,1,19,18,6
27,5898,sofa,0,0,0,0,0,0,0,0,0,0.0,5,5,5,5,0.4000000059604645,0.4000000059604645,1,19,15,0
28,8126,person,0,0,0,0,0,0,0,1,1,0.9473684210526316,2,2,2,2,0.4545454680919647,0.4545454680919647,1,19,18,1
29,2982,person,1,1,1,1,0,0,0,1,1,1.0,3,3,3,3,1.0,1.0,1,19,18,5
30,7044,person,0,0,0,0,0,0,0,1,1,1.0,1,1,1,1,0.25,0.25,1,19,18,8
31,9475,car,1,1,1,1,0,0,0,1,1,1.0,5,5,5,5,0.75,0.75,1,19,18,6
32,1513,chair,0,0,0,0,0,0,0,1,1,1.0,7,7,7,7,0.0,0.0,1,19,18,5
33,8493,dog,0,0,0,0,0,0,0,1,1,1.0,5,5,5,5,0.20000000298023224,0.20000000298023224,1,19,18,10
34,4561,horse,1,1,0,0,0,0,0,0,0,0.0,3,3,3,3,1.0,1.0,1,19,18,0
35,1476,person,0,0,0,0,0,0,0,0,0,0.0,3,3,3,3,0.375,0.375,1,19,17,0
36,3617,person,1,1,1,1,0,0,0,1,1,0.9941520467836258,2,2,2,2,0.7333333492279053,0.7333333492279053,1,19,17,2
37,9916,sofa,1,1,0,0,0,0,0,0,0,0.0,3,3,3,3,0.5714285969734192,0.5714285969734192,1,19,18,0
38,4491,chair,1,1,1,1,0,0,0,1,1,0.9473684210526316,2,2,2,2,0.75,0.75,1,19,18,1
39,1551,chair,0,0,0,0,0,0,0,0,0,0.0,7,7,7,7,0.3333333432674408,0.3333333432674408,1,19,18,0
40,1376,person,1,1,0,0,0,0,0,0,0,0.0,2,2,2,2,0.7777777910232544,0.7777777910232544,1,19,18,0
41,9708,person,0,0,0,0,0,0,0,1,1,1.0,0,0,0,0,0.25,0.25,1,19,18,13
42,3479,dog,1,1,1,1,0,0,0,1,1,1.0,3,3,3,3,1.0,1.0,1,19,18,8
43,7462,sheep,1,1,0,0,0,0,0,0,0,0.0,1,1,1,1,0.6666666865348816,0.6666666865348816,1,19,18,0
44,3494,aeroplane,0,0,0,0,0,0,0,1,1,1.0,7,7,7,7,0.3333333432674408,0.3333333432674408,1,19,18,4
45,8486,sofa,1,1,0,0,0,0,0,0,0,0.0,3,3,3,3,0.5,0.5,1,19,17,0
46,9960,motorbike,1,1,1,1,0,0,0,1,1,0.9473684210526316,4,4,4,4,1.0,1.0,1,19,18,1
47,4756,horse,1,1,0,0,0,0,0,0,0,0.0,2,2,2,2,0.6666666865348816,0.6666666865348816,1,19,18,0
48,9152,person,0,0,0,0,0,0,0,1,1,1.0,0,0,0,0,0.0,0.0,1,19,18,3
49,8619,motorbike,1,1,1,1,0,0,0,1,1,1.0,2,2,2,2,1.0,1.0,1,19,18,4
50,4042,person,0,0,0,0,0,0,0,1,1,1.0,6,6,6,6,1.0,1.0,1,19,18,14
51,5506,motorbike,1,1,0,0,0,0,0,0,0,0.0,4,4,4,4,1.0,1.0,1,19,18,0
52,7453,sofa,1,1,1,0,1,0,0,1,0,0.9941520467836258,7,7,7,7,1.0,1.0,1,19,17,2
53,1340,person,1,1,0,0,0,0,0,0,0,0.0,4,4,4,4,1.0,1.0,1,19,17,0
54,3075,person,1,1,1,0,1,0,0,1,1,0.9473684210526316,0,0,0,0,1.0,1.0,1,19,18,1
55,9487,person,1,1,0,0,0,0,0,0,0,0.0,2,2,2,2,1.0,1.0,2,19,18,0
56,1157,motorbike,0,0,0,0,0,0,0,1,1,1.0,5,5,5,5,0.0,0.0,1,19,18,11
57,314,sofa,0,0,0,0,0,0,0,0,0,0.0,0,0,0,0,0.3333333432674408,0.3333333432674408,1,19,17,0
58,6461,diningtable,1,1,0,0,0,0,0,0,0,0.0,6,6,6,6,0.7142857313156128,0.7142857313156128,1,19,17,0
59,4101,sofa,1,1,0,0,0,0,0,0,0,0.0,0,0,0,0,1.0,1.0,1,19,17,0
60,1824,dog,1,1,0,0,0,0,0,0,0,0.0,1,1,1,1,1.0,1.0,1,19,18,0
61,4426,car,0,0,0,0,0,0,0,1,1,1.0,5,5,5,5,1.0,1.0,1,19,18,9
62,1180,person,0,0,0,0,0,0,0,1,1,1.0,0,0,0,0,0.2222222238779068,0.2222222238779068,1,19,17,16
63,1095,dog,1,1,1,0,1,0,0,1,1,0.9473684210526316,4,4,4,4,1.0,1.0,1,19,18,1
64,9827,train,1,1,1,0,1,0,0,1,1,1.0,3,3,3,3,1.0,1.0,1,19,18,2
65,1055,chair,0,0,0,0,0,0,0,1,1,1.0,1,1,1,1,0.0625,0.0625,1,19,18,7
66,3532,sofa,0,0,0,0,0,0,0,1,1,1.0,5,5,5,5,0.1666666716337204,0.1666666716337204,1,19,17,3
67,1826,sofa,0,0,0,0,0,0,0,0,0,0.0,5,5,5,5,0.375,0.375,1,19,17,0
68,5392,aeroplane,1,1,0,0,0,0,0,0,0,0.0,0,0,0,0,1.0,1.0,1,19,18,0
69,8579,motorbike,1,1,0,0,0,0,0,0,0,0.0,1,1,1,1,1.0,1.0,1,19,17,0
70,2240,diningtable,1,1,0,0,0,0,0,0,0,0.0,5,5,5,5,0.5,0.5,1,19,17,0
71,4937,boat,1,1,0,0,0,0,0,0,0,0.0,2,2,2,2,0.5,0.5,1,19,18,0
72,10,horse,1,1,0,0,0,0,0,0,0,0.0,0,0,0,0,1.0,1.0,1,19,18,0
73,6452,person,1,1,0,0,0,0,0,0,0,0.0,1,1,1,1,1.0,1.0,1,19,16,0
74,5119,bicycle,1,1,0,0,0,0,0,0,0,0.0,3,3,3,3,1.0,1.0,1,19,18,0
75,7756,chair,1,1,0,0,0,0,0,0,0,0.0,2,2,2,2,0.75,0.75,1,19,18,0
76,2813,chair,1,1,1,1,0,0,0,1,1,0.9473684210526316,3,3,3,3,1.0,1.0,1,19,18,1
77,687,car,0,0,0,0,0,0,0,1,1,1.0,5,5,5,5,1.0,1.0,1,19,18,8
78,8852,motorbike,1,1,1,1,0,0,0,1,1,1.0,1,1,1,1,1.0,1.0,1,19,18,10
79,8566,person,1,1,1,1,0,0,0,1,1,1.0,3,3,3,3,0.5,0.5,1,19,18,6
80,4410,tvmonitor,0,0,0,0,0,0,0,1,1,0.9473684210526316,7,7,7,7,0.0,0.0,1,19,18,1
81,252,bus,1,1,0,0,0,0,0,0,0,0.0,4,4,4,4,0.8333333134651184,0.8333333134651184,1,19,17,0
82,9690,diningtable,0,0,0,0,0,0,0,0,0,0.0,3,3,3,3,0.0,0.0,1,19,18,0
83,9599,car,1,1,0,0,0,0,0,0,0,0.0,4,4,4,4,1.0,1.0,1,19,18,0
84,3755,sofa,1,1,0,0,0,0,0,0,0,0.0,3,3,3,3,0.7272727489471436,0.7272727489471436,1,19,18,0
85,2301,diningtable,0,0,0,0,0,0,0,1,1,0.8947368421052632,7,7,7,7,0.4000000059604645,0.4000000059604645,1,19,17,1
86,4378,person,1,1,1,1,0,0,0,1,1,0.9473684210526316,5,5,5,5,0.9166666865348816,0.9166666865348816,1,19,18,1
87,2144,bird,0,0,0,0,0,0,0,1,1,0.9473684210526316,0,0,0,0,0.0,0.0,1,19,18,1
88,291,tvmonitor,0,0,0,0,0,0,0,1,1,1.0,1,1,1,1,0.0,0.0,1,19,18,4
89,697,person,0,0,0,0,0,0,0,1,1,1.0,0,1,1,1,0.0,0.0,2,19,18,15
90,9486,diningtable,1,1,0,0,0,0,0,0,0,0.0,1,1,1,1,0.5,0.5,1,19,16,0
91,8868,boat,0,0,0,0,0,0,0,0,0,0.0,3,3,3,3,0.4000000059604645,0.4000000059604645,1,19,17,0
92,532,person,1,1,0,0,0,0,0,0,0,0.0,4,4,4,4,1.0,1.0,1,19,18,0
93,234,chair,0,0,0,0,0,0,0,0,0,0.0,7,7,7,7,0.4000000059604645,0.4000000059604645,1,19,18,0
94,6432,person,1,1,1,1,0,0,0,1,1,1.0,3,3,3,3,1.0,1.0,1,19,18,5
95,6779,horse,1,1,0,0,0,0,0,0,0,0.0,1,1,1,1,1.0,1.0,1,19,18,0
96,1975,diningtable,1,1,1,0,1,0,0,1,1,1.0,3,3,3,3,1.0,1.0,1,19,17,8
97,4029,sofa,0,0,0,0,0,0,0,0,0,0.0,0,0,0,0,0.3333333432674408,0.3333333432674408,1,19,17,0
98,5936,cat,1,1,1,1,0,0,0,1,1,1.0,4,2,2,2,1.0,0.0,2,19,18,9
99,6672,horse,1,1,0,0,0,0,0,0,0,0.0,2,2,2,2,1.0,1.0,1,19,18,0
100,3304,person,0,0,0,0,0,0,0,0,0,0.0,3,3,3,3,0.0,0.0,1,19,18,0
101,5255,tvmonitor,0,0,0,0,0,0,0,1,0,0.8947368421052632,7,7,7,7,0.4000000059604645,0.4000000059604645,1,19,17,1
102,1133,sofa,1,1,0,0,0,0,0,0,0,0.0,4,4,4,4,1.0,1.0,1,19,18,0
103,7652,person,1,1,1,1,0,0,0,1,1,0.8947368421052632,3,3,3,3,1.0,1.0,1,19,17,1
104,227,cat,1,1,1,1,0,0,0,1,1,1.0,6,6,6,6,1.0,1.0,1,19,18,4
105,8238,person,0,0,0,0,0,0,0,1,1,1.0,3,3,3,3,0.375,0.375,1,19,18,5
106,7303,horse,1,1,1,1,0,0,0,1,1,0.9473684210526316,2,2,2,2,1.0,1.0,1,19,18,1
107,1363,tvmonitor,1,1,0,0,0,0,0,0,0,0.0,4,4,4,4,0.75,0.75,1,19,18,0
108,5240,train,0,0,0,0,0,0,0,1,1,1.0,3,3,3,3,0.3571428656578064,0.3571428656578064,1,19,18,4
109,2597,dog,1,1,1,0,1,0,0,1,1,1.0,1,1,1,1,1.0,1.0,1,19,18,2
110,2607,car,0,0,0,0,0,0,0,1,1,1.0,7,7,7,7,0.4000000059604645,0.4000000059604645,1,19,18,3
111,2626,person,0,0,0,0,0,0,0,1,1,1.0,5,5,5,5,0.2857142984867096,0.2857142984867096,1,19,18,7
112,630,motorbike,1,1,0,0,0,0,0,0,0,0.0,2,2,2,2,1.0,1.0,1,19,18,0
113,7081,person,1,1,1,1,0,0,0,1,1,1.0,4,4,4,4,1.0,1.0,1,19,18,4
114,5727,sofa,1,1,0,0,0,0,0,0,0,0.0,1,1,1,1,1.0,1.0,1,19,18,0
115,6152,person,0,0,0,0,0,0,0,1,1,1.0,4,4,4,4,1.0,1.0,1,19,18,18
116,2031,horse,0,0,0,0,0,0,0,1,1,1.0,5,5,5,5,0.0,0.0,1,19,18,12
117,6057,diningtable,0,0,0,0,0,0,0,1,1,0.9941520467836258,0,1,1,1,0.4000000059604645,0.5833333134651184,2,19,17,2
118,4144,person,0,0,0,0,0,0,0,1,1,1.0,4,4,4,4,0.0,0.0,1,19,18,2
119,7646,bicycle,1,1,0,0,0,0,0,0,0,0.0,1,1,1,1,1.0,1.0,1,19,18,0
120,9118,sofa,1,1,0,0,0,0,0,0,0,0.0,7,7,7,7,1.0,1.0,1,19,18,0
121,8207,person,0,0,0,0,0,0,0,1,1,1.0,7,7,7,7,1.0,1.0,1,19,18,15
122,9023,car,0,0,0,0,0,0,0,1,1,1.0,0,0,0,0,1.0,1.0,1,19,18,10
123,9590,car,0,0,0,0,0,0,0,1,1,1.0,4,7,7,7,1.0,0.0,2,19,18,13
124,3517,person,1,1,1,0,1,0,0,1,1,0.8947368421052632,0,0,0,0,0.875,0.875,1,19,17,1
125,8915,bus,0,0,0,0,0,0,0,1,1,1.0,1,3,3,3,1.0,0.25,2,19,17,15
126,9014,dog,1,1,0,0,0,0,0,0,0,0.0,3,3,3,3,0.6000000238418579,0.6000000238418579,1,19,18,0
127,3488,pottedplant,1,1,0,0,0,0,0,0,0,0.0,4,4,4,4,1.0,1.0,1,19,18,0
128,3049,person,1,1,0,0,0,0,0,0,0,0.0,1,1,1,1,0.625,0.625,1,19,18,0
129,4725,motorbike,1,1,1,1,0,0,0,1,1,1.0,5,5,5,5,1.0,1.0,1,19,18,3
130,5959,car,0,0,0,0,0,0,0,1,1,1.0,5,5,5,5,0.2857142984867096,0.2857142984867096,2,19,18,3
131,1159,sofa,1,1,0,0,0,0,0,0,0,0.0,1,1,1,1,0.7142857313156128,0.7142857313156128,1,19,18,0
132,9662,diningtable,1,1,0,0,0,0,0,0,0,0.0,4,4,4,4,1.0,1.0,1,19,18,0
133,7164,aeroplane,1,1,1,1,0,0,0,1,1,0.8421052631578947,2,2,2,2,1.0,1.0,1,19,16,1
134,4210,sofa,1,1,0,0,0,0,0,0,0,0.0,0,0,0,0,1.0,1.0,1,19,18,0
135,8162,sofa,1,1,0,0,0,0,0,0,0,0.0,3,3,3,3,0.8999999761581421,0.8999999761581421,1,19,18,0
136,6453,person,0,0,0,0,0,0,0,1,1,1.0,3,3,3,3,0.375,0.375,1,19,18,14
137,7722,diningtable,1,1,0,0,0,0,0,0,0,0.0,6,6,6,6,1.0,1.0,1,19,17,0
138,7181,person,0,0,0,0,0,0,0,1,1,1.0,2,2,2,2,0.07692307978868484,0.07692307978868484,1,19,18,2
139,8496,person,0,0,0,0,0,0,0,1,1,1.0,6,6,6,6,0.0,0.0,1,19,16,4
140,5809,bus,1,1,0,0,0,0,0,0,0,0.0,3,3,3,3,0.800000011920929,0.800000011920929,1,19,17,0
141,9310,chair,1,1,0,0,0,0,0,0,0,0.0,5,5,5,5,1.0,1.0,1,19,17,0
142,9930,person,0,0,0,0,0,0,0,1,1,1.0,4,4,4,4,0.27272728085517883,0.27272728085517883,1,19,17,9
143,8525,tvmonitor,1,1,0,0,0,0,0,0,0,0.0,1,1,1,1,1.0,1.0,1,19,18,0
144,4476,person,1,1,1,1,0,0,0,1,1,1.0,0,0,0,0,1.0,1.0,1,19,18,3
145,5617,cow,1,1,0,0,0,0,0,0,0,0.0,1,1,1,1,0.5714285969734192,0.5714285969734192,1,19,18,0
146,8648,person,1,1,1,1,0,0,0,1,0,0.9473684210526316,4,4,4,4,0.6666666865348816,0.6666666865348816,1,19,18,1
147,3894,diningtable,0,0,0,0,0,0,0,0,0,0.0,4,4,4,4,0.375,0.375,1,19,18,0
148,693,car,1,1,0,0,0,0,0,0,0,0.0,3,3,3,3,0.5,0.5,1,19,18,0
149,4084,horse,1,1,0,0,0,0,0,0,0,0.0,3,3,3,3,1.0,1.0,1,19,18,0
150,3815,car,0,0,0,0,0,0,0,1,1,1.0,0,0,0,0,0.4000000059604645,0.4000000059604645,1,19,18,6
151,5251,train,0,0,0,0,0,0,0,1,1,1.0,2,2,2,2,0.25,0.25,1,19,18,3
152,7348,chair,1,1,0,0,0,0,0,0,0,0.0,2,2,2,2,0.8571428656578064,0.8571428656578064,1,19,18,0
153,9124,train,1,1,1,1,0,0,0,1,1,1.0,2,2,2,2,1.0,1.0,1,19,18,3
154,8418,person,1,1,1,1,0,0,0,1,1,1.0,7,7,7,7,1.0,1.0,1,19,18,7
155,7752,person,0,0,0,0,0,0,0,1,1,1.0,5,5,6,5,0.0,0.0,2,19,17,7
156,8785,car,0,0,0,0,0,0,0,1,1,1.0,4,4,4,4,1.0,1.0,1,19,18,17
157,5931,motorbike,1,1,0,0,0,0,0,0,0,0.0,5,5,5,5,1.0,1.0,1,19,18,0
158,7828,dog,0,0,0,0,0,0,0,1,1,1.0,6,6,6,6,0.0,0.0,1,19,18,3
159,727,bus,1,1,0,0,0,0,0,0,0,0.0,6,6,6,6,1.0,1.0,1,19,17,0
160,2168,person,0,0,0,0,0,0,0,1,1,1.0,3,3,3,3,0.0,0.0,1,19,18,17
161,8034,person,1,1,0,0,0,0,0,0,0,0.0,3,3,3,3,0.5,0.5,1,19,18,0
162,538,person,0,0,0,0,0,0,0,1,1,1.0,6,6,6,6,0.0,0.0,1,19,18,7
163,8543,sofa,0,0,0,0,0,0,0,0,0,0.0,3,3,7,3,0.0,0.0,2,19,18,0
164,8152,car,0,0,0,0,0,0,0,1,1,1.0,0,0,0,0,0.25,0.25,1,19,18,9
165,8245,diningtable,1,1,0,0,0,0,0,0,0,0.0,2,2,2,2,1.0,1.0,1,19,16,0
166,978,person,1,1,1,1,0,0,0,1,1,1.0,3,3,3,3,1.0,1.0,1,19,18,7
167,9804,car,0,0,0,0,0,0,0,1,1,0.9473684210526316,2,2,2,2,0.1111111119389534,0.1111111119389534,1,19,18,1
168,7700,person,0,0,0,0,0,0,0,1,1,1.0,0,6,6,6,0.20000000298023224,0.75,2,19,18,6
169,8400,person,1,1,1,0,1,0,0,1,1,1.0,5,5,5,5,1.0,1.0,1,19,18,3
170,7937,sofa,1,1,0,0,0,0,0,0,0,0.0,4,4,4,4,1.0,1.0,1,19,17,0
171,7573,bus,1,1,0,0,0,0,0,0,0,0.0,4,4,4,4,0.8571428656578064,0.8571428656578064,1,19,18,0
172,2582,train,1,1,0,0,0,0,0,0,0,0.0,5,5,5,5,0.5,0.5,1,19,18,0
173,1169,person,0,0,0,0,0,0,0,1,1,1.0,5,5,5,5,0.1666666716337204,0.1666666716337204,2,19,17,7
174,6312,bicycle,1,1,0,0,0,0,0,0,0,0.0,3,3,3,3,0.5,0.5,1,19,18,0
175,8264,bus,0,0,0,0,0,0,0,1,1,1.0,7,7,7,7,0.0,0.0,1,19,17,4
176,85,person,1,1,0,0,0,0,0,0,0,0.0,5,5,5,5,0.7142857313156128,0.7142857313156128,1,19,17,0
177,6050,chair,1,1,0,0,0,0,0,0,0,0.0,1,1,1,1,0.8181818127632141,0.8181818127632141,1,19,18,0
178,7967,person,0,0,0,0,0,0,0,1,1,1.0,2,2,2,2,0.375,0.375,1,19,18,2
179,5339,cow,1,1,0,0,0,0,0,0,0,0.0,3,3,3,3,0.5833333134651184,0.5833333134651184,1,19,18,0
180,6795,chair,1,1,0,0,0,0,0,0,0,0.0,4,4,4,4,1.0,1.0,1,19,17,0
181,1626,bus,0,0,0,0,0,0,0,1,1,0.9941520467836258,4,4,4,4,0.1666666716337204,0.1666666716337204,1,19,17,2
182,7423,person,0,0,0,0,0,0,0,1,1,1.0,2,2,2,2,0.0,0.0,1,19,18,18
183,8875,cat,1,1,0,0,0,0,0,0,0,0.0,3,3,3,3,0.75,0.75,1,19,18,0
184,6608,bicycle,1,1,1,1,0,0,0,1,1,1.0,5,5,5,5,1.0,1.0,1,19,18,2
185,6313,person,0,0,0,0,0,0,0,1,1,0.9941520467836258,6,6,6,6,0.4000000059604645,0.4000000059604645,1,19,17,2
186,5180,chair,0,0,0,0,0,0,0,1,1,1.0,2,2,2,2,0.5,0.5,1,19,18,13
187,2885,sofa,0,0,0,0,0,0,0,0,0,0.0,2,2,2,2,0.3333333432674408,0.3333333432674408,1,19,17,0
188,4342,person,0,0,0,0,0,0,0,1,1,1.0,7,7,7,7,1.0,1.0,1,19,18,15
189,4324,train,1,1,1,1,0,0,0,1,1,1.0,5,5,5,5,1.0,1.0,1,19,18,9
190,2137,sheep,1,1,0,0,0,0,0,0,0,0.0,2,2,2,2,1.0,1.0,1,19,18,0
191,6897,horse,0,0,0,0,0,0,0,1,1,1.0,1,1,1,1,0.1538461595773697,0.1538461595773697,1,19,18,3
192,4925,person,1,1,1,1,0,0,0,1,1,1.0,2,2,2,2,1.0,1.0,1,19,18,6
193,649,car,1,1,0,0,0,0,0,0,0,0.0,3,3,3,3,0.5,0.5,1,19,18,0
194,5333,car,1,1,0,0,0,0,0,0,0,0.0,0,0,0,0,0.75,0.75,1,19,18,0
195,8864,sofa,0,0,0,0,0,0,0,1,1,1.0,2,1,2,1,0.0,0.25,2,19,17,7
196,5777,person,0,0,0,0,0,0,0,1,1,1.0,7,7,7,7,1.0,1.0,1,19,18,12
197,2617,chair,0,0,0,0,0,0,0,1,1,0.9473684210526316,7,7,7,7,0.1428571492433548,0.1428571492433548,1,19,18,1
198,3221,sofa,1,1,0,0,0,0,0,0,0,0.0,6,6,6,6,0.8571428656578064,0.8571428656578064,1,19,17,0
199,819,person,1,1,1,1,0,0,0,1,1,1.0,2,2,2,2,1.0,1.0,1,19,18,6
200,8745,bicycle,1,1,1,1,0,0,0,1,1,0.9473684210526316,2,2,2,2,0.8571428656578064,0.8571428656578064,1,19,18,1
201,1646,boat,0,0,0,0,0,0,0,1,1,1.0,6,6,6,6,0.0,0.0,1,19,18,8
202,6144,tvmonitor,1,1,0,0,0,0,0,0,0,0.0,3,3,3,3,1.0,1.0,1,19,18,0
203,497,motorbike,0,0,0,0,0,0,0,1,1,1.0,6,6,6,6,0.5,0.5,1,19,18,12
204,7625,person,0,0,0,0,0,0,0,1,1,1.0,0,0,0,0,0.0,0.0,1,19,18,12
205,5758,diningtable,1,1,1,1,0,0,0,1,1,0.9473684210526316,7,7,7,7,1.0,1.0,1,19,18,1
206,5721,sofa,0,0,0,0,0,0,0,1,1,1.0,4,4,4,4,0.0,0.0,1,19,17,4
207,6093,person,0,0,0,0,0,0,0,1,1,1.0,2,2,2,2,0.0,0.0,1,19,16,16
208,9683,bus,0,0,0,0,0,0,0,1,1,1.0,0,0,0,0,0.375,0.375,1,19,18,17
209,8895,bus,1,1,0,0,0,0,0,0,0,0.0,3,3,3,3,1.0,1.0,1,19,16,0
210,2389,diningtable,1,1,0,0,0,0,0,0,0,0.0,1,1,1,1,1.0,1.0,2,19,17,0
211,7862,sofa,1,1,0,0,0,0,0,0,0,0.0,4,4,4,4,1.0,1.0,1,19,17,0
212,9854,diningtable,1,1,0,0,0,0,0,0,0,0.0,0,0,0,0,0.8571428656578064,0.8571428656578064,1,19,16,0
213,3902,diningtable,1,1,0,0,0,0,0,0,0,0.0,7,7,7,7,0.75,0.75,1,19,18,0
214,5546,person,0,0,0,0,0,0,0,1,1,0.9473684210526316,7,7,7,7,0.0,0.0,1,19,18,1
215,634,car,1,1,0,0,0,0,0,0,0,0.0,2,2,2,2,0.5,0.5,1,19,18,0
216,7835,chair,0,0,0,0,0,0,0,0,0,0.0,4,4,4,4,0.0,0.0,1,19,16,0
217,658,sofa,1,1,0,0,0,0,0,0,0,0.0,7,7,7,7,0.5714285969734192,0.5714285969734192,1,19,18,0
218,3222,horse,1,1,1,1,0,0,0,1,1,0.9473684210526316,7,7,7,7,1.0,1.0,1,19,18,1
219,6620,person,1,1,0,0,0,0,0,0,0,0.0,1,1,1,1,0.8888888955116272,0.8888888955116272,1,19,18,0
220,8167,pottedplant,1,1,0,0,0,0,0,0,0,0.0,7,7,7,7,0.5,0.5,1,19,18,0
221,3512,car,0,0,0,0,0,0,0,1,1,1.0,6,6,6,6,0.0,0.0,1,19,18,7
222,3794,dog,0,0,0,0,0,0,0,1,1,1.0,1,1,1,1,0.0,0.0,1,19,18,14
223,7228,diningtable,0,0,0,0,0,0,0,1,1,0.8947368421052632,1,6,6,6,0.10000000149011612,0.3333333432674408,2,19,17,1
224,5412,chair,1,1,1,1,0,0,0,1,1,0.9473684210526316,5,5,5,5,0.5555555820465088,0.5555555820465088,1,19,18,1
225,5848,bicycle,1,1,0,0,0,0,0,0,0,0.0,1,1,1,1,1.0,1.0,1,19,18,0
226,2602,motorbike,1,1,0,0,0,0,0,0,0,0.0,1,1,1,1,1.0,1.0,1,19,17,0
227,3025,sheep,1,1,0,0,0,0,0,0,0,0.0,1,1,1,1,1.0,1.0,1,19,18,0
228,6581,bicycle,1,1,1,0,1,0,0,1,1,1.0,7,7,7,7,0.6666666865348816,0.6666666865348816,1,19,18,2
229,7598,person,1,1,0,0,0,0,0,0,0,0.0,0,0,0,0,1.0,1.0,1,19,18,0
230,3123,diningtable,1,1,0,0,0,0,0,0,0,0.0,5,5,5,5,1.0,1.0,1,19,17,0
231,8196,chair,0,0,0,0,0,0,0,0,0,0.0,2,2,2,2,0.0,0.0,1,19,17,0
232,3884,person,1,1,1,1,0,0,0,1,1,1.0,2,2,2,2,1.0,1.0,1,19,18,7
233,9844,train,1,1,1,1,0,0,0,1,1,1.0,0,0,0,0,0.5,0.5,1,19,18,3
234,5491,person,0,0,0,0,0,0,0,1,1,0.9941520467836258,2,2,2,2,0.125,0.125,1,19,17,2
235,1564,person,1,1,1,1,0,0,0,1,1,1.0,4,4,4,4,1.0,1.0,1,19,18,2
236,922,person,1,1,0,0,0,0,0,0,0,0.0,4,4,4,4,1.0,1.0,1,19,18,0
237,3251,diningtable,1,1,0,0,0,0,0,0,0,0.0,0,0,0,0,0.800000011920929,0.800000011920929,1,19,18,0
238,8897,person,1,1,0,0,0,0,0,0,0,0.0,2,2,2,2,0.8571428656578064,0.8571428656578064,1,19,17,0
239,2408,dog,1,1,0,0,0,0,0,0,0,0.0,6,6,6,6,1.0,1.0,1,19,18,0
240,277,sofa,1,1,0,0,0,0,0,0,0,0.0,0,0,0,0,0.8181818127632141,0.8181818127632141,1,19,18,0
241,9957,horse,1,1,0,0,0,0,0,0,0,0.0,0,0,0,0,1.0,1.0,1,19,18,0
242,6435,car,0,0,0,0,0,0,0,1,1,0.9473684210526316,6,6,6,6,0.2222222238779068,0.2222222238779068,1,19,18,1
243,3762,dog,1,1,0,0,0,0,0,0,0,0.0,6,6,6,6,1.0,1.0,1,19,18,0
244,2081,tvmonitor,1,1,0,0,0,0,0,0,0,0.0,4,4,4,4,0.625,0.625,1,19,18,0
245,8590,boat,0,0,0,0,0,0,0,0,0,0.0,1,1,1,1,0.2857142984867096,0.2857142984867096,1,19,18,0
246,4781,chair,0,0,0,0,0,0,0,1,1,1.0,4,5,5,5,0.0,0.800000011920929,2,19,18,18
247,1419,person,1,1,1,1,0,0,0,1,1,1.0,4,4,4,4,0.5714285969734192,0.5714285969734192,1,19,18,5
248,8128,bicycle,0,0,0,0,0,0,0,1,1,0.9473684210526316,7,7,7,7,0.2857142984867096,0.2857142984867096,1,19,18,1
249,7341,aeroplane,1,1,0,0,0,0,0,0,0,0.0,2,2,2,2,1.0,1.0,1,19,18,0
250,6145,person,0,0,0,0,0,0,0,1,1,1.0,1,1,2,1,1.0,1.0,2,19,18,16
251,5125,car,1,1,1,1,0,0,0,1,1,1.0,0,0,0,0,1.0,1.0,1,19,18,2
252,9361,motorbike,0,0,0,0,0,0,0,1,1,1.0,0,0,0,0,0.0,0.0,1,19,18,3
253,5767,sofa,1,1,0,0,0,0,0,0,0,0.0,7,7,7,7,1.0,1.0,1,19,18,0
254,2532,train,0,0,0,0,0,0,0,1,1,1.0,1,1,1,1,0.0,0.0,1,19,18,2
255,151,person,1,1,0,0,0,0,0,0,0,0.0,0,0,0,0,1.0,1.0,1,19,18,0
256,5754,sofa,1,1,0,0,0,0,0,0,0,0.0,5,5,5,5,0.8571428656578064,0.8571428656578064,1,19,15,0
257,7195,person,0,0,0,0,0,0,0,1,1,1.0,6,6,6,6,0.0,0.0,1,19,18,3
258,7179,person,1,1,1,1,0,0,0,1,1,1.0,5,5,5,5,1.0,1.0,1,19,18,3
259,2692,horse,1,1,0,0,0,0,0,0,0,0.0,0,0,0,0,0.75,0.75,1,19,18,0
260,2429,person,1,1,1,1,0,0,0,1,1,0.9473684210526316,6,6,6,6,0.5555555820465088,0.5555555820465088,1,19,18,1
261,4666,bus,1,1,0,0,0,0,0,0,0,0.0,4,4,4,4,0.8888888955116272,0.8888888955116272,1,19,18,0
262,2235,person,0,0,0,0,0,0,0,1,1,1.0,5,5,5,5,1.0,1.0,1,19,18,10
263,9744,person,0,0,0,0,0,0,0,1,1,1.0,6,6,6,6,0.0,0.0,1,19,18,4
264,1508,cow,1,1,0,0,0,0,0,0,0,0.0,3,3,3,3,1.0,1.0,1,19,18,0
265,7989,diningtable,0,0,0,0,0,0,0,0,0,0.0,6,6,6,6,0.0,0.0,1,19,18,0
266,8147,horse,0,0,0,0,0,0,0,1,1,1.0,3,3,3,3,0.0714285746216774,0.0714285746216774,1,19,18,2
267,8516,cat,0,0,0,0,0,0,0,1,1,1.0,0,0,0,0,1.0,1.0,1,19,18,11
268,2673,sofa,1,1,0,0,0,0,0,0,0,0.0,0,0,0,0,1.0,1.0,1,19,18,0
269,7903,sofa,1,1,0,0,0,0,0,0,0,0.0,2,2,2,2,0.9090909361839294,0.9090909361839294,1,19,18,0
270,2072,horse,1,1,1,1,0,0,0,1,1,1.0,7,7,1,7,1.0,1.0,2,19,18,6
271,7335,chair,0,0,0,0,0,0,0,1,1,1.0,2,2,2,2,0.0,0.0,1,19,18,2
272,9171,diningtable,1,1,1,0,1,0,0,1,1,0.8947368421052632,7,7,7,7,1.0,1.0,1,19,17,1
273,1302,diningtable,1,1,1,0,1,0,0,1,1,1.0,3,3,3,3,1.0,1.0,1,19,18,7
274,1916,person,0,0,0,0,0,0,0,1,1,0.9473684210526316,7,7,7,7,0.0,0.0,1,19,18,1
275,5570,person,0,0,0,0,0,0,0,1,1,1.0,3,3,3,3,1.0,1.0,1,19,18,9
276,6745,chair,1,1,1,1,0,0,0,1,1,0.8947368421052632,0,0,6,0,0.800000011920929,0.800000011920929,2,19,17,1
277,1267,car,0,0,0,0,0,0,0,0,0,0.0,1,1,1,1,0.0,0.0,1,19,18,0
278,1883,car,1,1,1,1,0,0,0,1,1,1.0,1,1,1,1,1.0,1.0,1,19,18,2
279,3736,chair,1,1,0,0,0,0,0,0,0,0.0,2,2,2,2,0.875,0.875,1,19,17,0
280,4456,car,1,1,1,1,0,0,0,1,1,1.0,4,4,4,4,0.75,0.75,1,19,18,5
281,3723,train,1,1,0,0,0,0,0,0,0,0.0,2,2,2,2,0.75,0.75,1,19,17,0
282,8788,bus,1,1,0,0,0,0,0,0,0,0.0,0,0,0,0,0.9166666865348816,0.9166666865348816,1,19,18,0
283,8077,sofa,1,1,1,0,0,0,1,1,1,0.9473684210526316,2,1,1,1,1.0,0.2142857164144516,2,19,18,1
284,4738,motorbike,1,1,0,0,0,0,0,0,0,0.0,6,6,6,6,0.75,0.75,1,19,18,0
285,5724,motorbike,1,1,1,0,1,0,0,1,1,0.9473684210526316,1,1,1,1,1.0,1.0,1,19,18,1
286,7651,diningtable,0,0,0,0,0,0,0,1,1,1.0,3,3,3,3,0.0,0.0,1,19,18,2
287,8954,chair,0,0,0,0,0,0,0,0,0,0.0,5,5,5,5,0.3333333432674408,0.3333333432674408,1,19,18,0
288,2731,bicycle,1,1,0,0,0,0,0,0,0,0.0,4,4,4,4,1.0,1.0,1,19,18,0
289,567,person,1,1,1,1,0,0,0,1,1,1.0,7,7,7,7,1.0,1.0,1,19,18,4
290,1585,sofa,1,1,0,0,0,0,0,0,0,0.0,7,7,7,7,1.0,1.0,1,19,17,0
291,5272,boat,0,0,0,0,0,0,0,1,1,0.9473684210526316,7,7,7,7,0.0,0.0,1,19,18,1
292,3851,bicycle,1,1,0,0,0,0,0,0,0,0.0,2,2,2,2,0.875,0.875,1,19,18,0
293,2792,person,1,1,1,1,0,0,0,1,1,1.0,7,7,7,7,1.0,1.0,1,19,17,3
294,529,boat,1,1,0,0,0,0,0,0,0,0.0,4,4,4,4,0.6666666865348816,0.6666666865348816,1,19,18,0
295,1540,sofa,0,0,0,0,0,0,0,0,0,0.0,5,5,5,5,0.4166666567325592,0.4166666567325592,1,19,18,0
296,9328,sofa,1,1,0,0,0,0,0,0,0,0.0,0,0,0,0,0.8333333134651184,0.8333333134651184,1,19,18,0
297,1905,sofa,1,1,0,0,0,0,0,0,0,0.0,1,1,1,1,1.0,1.0,1,19,17,0
298,570,motorbike,0,0,0,0,0,0,0,1,1,1.0,5,5,5,5,0.5,0.5,1,19,18,11
299,3322,chair,0,0,0,0,0,0,0,1,1,0.9473684210526316,0,0,0,0,0.0,0.0,1,19,18,1
300,3012,person,0,0,0,0,0,0,0,1,1,1.0,5,5,5,5,0.0,0.0,1,19,18,6
301,8708,person,0,0,0,0,0,0,0,1,1,1.0,1,1,1,1,0.25,0.25,1,19,18,6
302,414,tvmonitor,1,1,0,0,0,0,0,0,0,0.0,4,4,4,4,1.0,1.0,1,19,17,0
303,247,person,0,0,0,0,0,0,0,1,1,1.0,7,7,1,7,0.1428571492433548,0.1428571492433548,2,19,18,13
304,3922,horse,1,1,0,0,0,0,0,0,0,0.0,0,0,0,0,1.0,1.0,1,19,18,0
305,8945,diningtable,1,1,0,0,0,0,0,0,0,0.0,3,0,0,3,1.0,1.0,2,19,18,0
306,5849,boat,1,1,0,0,0,0,0,0,0,0.0,0,0,0,0,1.0,1.0,1,19,18,0
307,8689,motorbike,1,1,0,0,0,0,0,0,0,0.0,3,3,3,3,1.0,1.0,1,19,18,0
308,9787,pottedplant,1,1,0,0,0,0,0,0,0,0.0,7,7,7,7,0.800000011920929,0.800000011920929,1,19,18,0
309,718,dog,0,0,0,0,0,0,0,1,1,1.0,2,2,2,2,0.20000000298023224,0.20000000298023224,1,19,18,6
310,1856,diningtable,0,0,0,0,0,0,0,0,0,0.0,4,4,4,4,0.4000000059604645,0.4000000059604645,1,19,17,0
311,5095,train,0,0,0,0,0,0,0,0,0,0.0,5,5,5,5,0.0,0.0,1,19,18,0
312,8045,diningtable,1,1,1,0,1,0,0,1,1,0.9941520467836258,0,0,0,0,0.7777777910232544,0.7777777910232544,1,19,17,2
313,3928,diningtable,1,1,0,0,0,0,0,0,0,0.0,1,1,1,1,1.0,1.0,1,19,16,0
314,4072,person,0,0,0,0,0,0,0,1,1,0.9941520467836258,5,5,5,5,0.1666666716337204,0.1666666716337204,1,19,17,2
315,7623,horse,1,1,1,1,0,0,0,1,1,1.0,2,2,2,2,1.0,1.0,2,19,18,6
316,6816,sofa,1,1,0,0,0,0,0,0,0,0.0,7,7,7,7,1.0,1.0,1,19,18,0
317,9677,bicycle,1,1,1,0,1,0,0,1,1,1.0,6,6,6,6,1.0,1.0,1,19,18,2
318,1502,motorbike,1,1,0,0,0,0,0,0,0,0.0,1,1,1,1,1.0,1.0,1,19,18,0
319,3399,person,1,1,1,1,0,0,0,1,1,1.0,5,5,5,5,0.875,0.875,1,19,18,5
320,2650,sofa,1,1,0,0,0,0,0,0,0,0.0,0,0,0,0,1.0,1.0,1,19,17,0
321,467,person,0,0,0,0,0,0,0,1,1,1.0,7,7,7,7,0.25,0.25,1,19,18,6
322,6002,person,0,0,0,0,0,0,0,1,1,0.9473684210526316,4,4,4,4,0.0,0.0,1,19,18,1
323,6068,tvmonitor,1,1,0,0,0,0,0,0,0,0.0,0,0,0,0,0.8333333134651184,0.8333333134651184,1,19,18,0
324,2573,horse,0,0,0,0,0,0,0,1,1,1.0,0,0,0,0,0.0,0.0,1,19,18,12
325,5087,motorbike,0,0,0,0,0,0,0,1,1,0.9473684210526316,7,7,7,7,0.0,0.0,1,19,18,1
326,6796,person,1,1,0,0,0,0,0,0,0,0.0,6,6,6,6,1.0,1.0,1,19,18,0
327,8869,boat,0,0,0,0,0,0,0,1,1,1.0,1,1,1,1,0.2222222238779068,0.2222222238779068,1,19,18,10
328,5882,horse,1,1,0,0,0,0,0,0,0,0.0,4,4,4,4,1.0,1.0,1,19,18,0
329,7367,bus,1,1,0,0,0,0,0,0,0,0.0,6,6,6,6,0.5,0.5,1,19,18,0
330,7725,bicycle,1,1,1,1,0,0,0,1,1,1.0,3,3,3,3,0.5714285969734192,0.5714285969734192,1,19,18,7
331,397,chair,0,0,0,0,0,0,0,1,1,1.0,7,7,7,7,0.0,0.0,1,19,17,6
332,3910,boat,0,0,0,0,0,0,0,1,1,1.0,0,0,0,0,0.0,0.0,1,19,18,3
333,6591,cow,1,1,0,0,0,0,0,0,0,0.0,3,3,3,3,0.75,0.75,1,19,18,0
334,2773,person,0,0,0,0,0,0,0,1,1,1.0,6,6,6,6,0.6000000238418579,0.6000000238418579,1,19,18,10
335,1794,person,0,0,0,0,0,0,0,1,1,0.9473684210526316,4,4,4,4,0.0,0.0,1,19,18,1
336,9435,sofa,1,1,0,0,0,0,0,0,0,0.0,3,3,3,3,0.8333333134651184,0.8333333134651184,1,19,18,0
337,25,person,1,1,1,0,1,0,0,1,1,1.0,5,5,5,5,1.0,1.0,1,19,18,10
338,1105,person,1,1,0,0,0,0,0,0,0,0.0,2,2,2,2,0.6000000238418579,0.6000000238418579,1,19,17,0
339,956,person,1,1,1,0,1,0,0,1,1,1.0,2,2,2,2,1.0,1.0,1,19,18,4
340,299,person,1,1,0,0,0,0,0,0,0,0.0,4,4,4,4,1.0,1.0,1,19,16,0
341,6287,sofa,1,1,0,0,0,0,0,0,0,0.0,3,3,3,3,1.0,1.0,1,19,17,0
342,5774,motorbike,1,1,1,1,0,0,0,1,1,1.0,0,0,0,0,1.0,1.0,1,19,18,6
343,3501,car,0,0,0,0,0,0,0,1,1,0.9473684210526316,5,5,5,5,0.0,0.0,1,19,18,1
344,7382,train,0,0,0,0,0,0,0,1,1,1.0,7,7,7,7,0.0,0.0,1,19,18,9
345,2614,diningtable,1,1,0,0,0,0,0,0,0,0.0,1,1,1,1,0.8181818127632141,0.8181818127632141,1,19,17,0
346,9689,chair,1,1,0,0,0,0,0,0,0,0.0,2,2,2,2,0.8333333134651184,0.8333333134651184,1,19,18,0
347,3590,person,0,0,0,0,0,0,0,1,1,1.0,5,5,5,5,0.0,0.0,1,19,16,4
348,3418,dog,1,1,0,0,0,0,0,0,0,0.0,2,2,2,2,0.875,0.875,1,19,17,0
349,1781,person,1,1,1,0,1,0,0,1,1,1.0,1,1,1,1,1.0,1.0,1,19,18,2
350,825,bicycle,1,1,1,1,0,0,0,1,1,1.0,6,6,6,6,1.0,1.0,1,19,18,3
351,9592,sofa,1,1,1,1,0,0,0,1,1,0.9473684210526316,3,3,3,3,1.0,1.0,1,19,18,1
352,4177,horse,1,1,0,0,0,0,0,0,0,0.0,3,3,3,3,1.0,1.0,1,19,18,0
353,144,person,0,0,0,0,0,0,0,1,1,1.0,2,2,2,2,0.10000000149011612,0.10000000149011612,1,19,16,14
354,6237,person,1,1,1,1,0,0,0,1,1,1.0,0,0,0,0,1.0,1.0,1,19,18,2
355,1549,dog,0,0,0,0,0,0,0,1,1,1.0,5,5,5,5,0.4166666567325592,0.4166666567325592,1,19,18,4
356,2823,motorbike,1,1,0,0,0,0,0,0,0,0.0,0,0,0,0,1.0,1.0,1,19,18,0
357,9320,person,0,0,0,0,0,0,0,1,1,1.0,4,4,4,4,1.0,1.0,1,19,18,8
358,5276,person,0,0,0,0,0,0,0,1,1,1.0,6,6,6,6,0.0,0.0,1,19,17,18
359,1757,diningtable,0,0,0,0,0,0,0,0,0,0.0,7,7,7,7,0.0,0.0,1,19,18,0
360,2416,car,1,1,1,0,1,0,0,1,1,1.0,3,3,3,3,1.0,1.0,1,19,18,7
361,2245,bus,1,1,1,1,0,0,0,1,1,0.9473684210526316,5,5,5,5,1.0,1.0,1,19,18,1
362,6405,bus,1,1,1,0,1,0,0,1,0,0.9473684210526316,4,4,4,4,1.0,1.0,1,19,18,1
363,434,horse,1,1,0,0,0,0,0,0,0,0.0,2,2,2,2,1.0,1.0,1,19,18,0
364,2740,car,1,1,1,0,1,0,0,1,1,0.9473684210526316,6,6,6,6,1.0,1.0,1,19,18,1
365,7338,person,0,0,0,0,0,0,0,1,1,1.0,7,7,7,7,0.0,0.0,1,19,18,13
366,5558,car,1,1,1,0,1,0,0,1,1,1.0,3,3,3,3,1.0,1.0,1,19,18,13
367,719,bus,1,1,0,0,0,0,0,0,0,0.0,3,3,3,3,0.75,0.75,1,19,17,0
368,9563,motorbike,0,0,0,0,0,0,0,1,1,1.0,2,2,2,2,0.4736842215061188,0.4736842215061188,1,19,18,2
369,2654,sofa,1,1,0,0,0,0,0,0,0,0.0,2,2,2,2,0.875,0.875,1,19,18,0
370,8380,sofa,1,1,0,0,0,0,0,0,0,0.0,1,1,1,1,1.0,1.0,1,19,18,0
371,3733,car,0,0,0,0,0,0,0,1,1,1.0,6,6,6,6,0.0,0.0,1,19,18,3
372,1850,aeroplane,1,1,1,0,1,0,0,1,1,1.0,0,0,0,0,1.0,1.0,1,19,18,2
373,6288,sofa,1,1,0,0,0,0,0,0,0,0.0,4,4,4,4,0.8888888955116272,0.8888888955116272,1,19,18,0
374,4712,person,1,1,1,1,0,0,0,1,1,0.9997420020639834,6,6,6,6,1.0,1.0,1,19,15,4
375,1696,person,0,0,0,0,0,0,0,1,1,1.0,7,7,7,7,0.1428571492433548,0.1428571492433548,1,19,17,6
376,4704,sofa,1,1,1,0,1,0,0,1,1,1.0,6,6,6,6,1.0,1.0,1,19,17,8
377,9046,horse,1,1,0,0,0,0,0,0,0,0.0,7,7,7,7,1.0,1.0,1,19,18,0
378,6561,motorbike,0,0,0,0,0,0,0,1,1,1.0,7,7,7,7,0.0,0.0,2,19,18,11
379,8114,sofa,1,1,0,0,0,0,0,0,0,0.0,3,3,3,3,1.0,1.0,1,19,18,0
380,4717,chair,0,0,0,0,0,0,0,0,0,0.0,7,7,7,7,0.0,0.0,1,19,17,0
381,6014,boat,1,1,1,1,0,0,0,1,1,1.0,7,7,7,7,1.0,1.0,1,19,18,4
382,8027,person,1,1,0,0,0,0,0,0,0,0.0,0,0,0,0,0.6666666865348816,0.6666666865348816,2,19,18,0
383,517,person,1,1,1,1,0,0,0,1,1,1.0,6,6,6,6,0.75,0.75,1,19,16,7
384,9651,person,1,1,1,1,0,0,0,1,1,1.0,0,0,0,0,1.0,1.0,1,19,17,3
385,3955,horse,1,1,1,0,1,0,0,1,1,1.0,1,1,1,1,1.0,1.0,1,19,18,2
386,4763,bicycle,0,0,0,0,0,0,0,1,1,1.0,7,7,7,7,0.5,0.5,1,19,18,16
387,3141,diningtable,0,0,0,0,0,0,0,0,0,0.0,0,0,0,0,0.1428571492433548,0.1428571492433548,1,19,18,0
388,9397,sofa,0,0,0,0,0,0,0,1,1,1.0,6,6,6,6,0.0,0.0,1,19,17,3
389,5937,sofa,1,1,1,0,1,0,0,1,1,0.9989680082559339,5,5,5,5,1.0,1.0,1,19,16,3
390,2905,person,1,1,1,1,0,0,0,1,1,0.9941520467836258,3,3,3,3,1.0,1.0,1,19,17,2
391,8824,motorbike,1,1,0,0,0,0,0,0,0,0.0,0,0,0,0,0.5,0.5,1,19,17,0
392,2712,person,1,1,0,0,0,0,0,0,0,0.0,5,5,5,5,1.0,1.0,1,19,18,0
393,1949,diningtable,0,0,0,0,0,0,0,1,1,1.0,6,6,6,6,0.1666666716337204,0.1666666716337204,1,19,18,8
394,166,horse,1,1,0,0,0,0,0,0,0,0.0,2,2,2,2,1.0,1.0,1,19,18,0
395,4268,bottle,0,0,0,0,0,0,0,1,1,1.0,3,3,3,3,0.0,0.0,1,19,18,5
396,6951,motorbike,1,1,1,1,0,0,0,1,1,1.0,4,4,4,4,1.0,1.0,1,19,18,6
397,5296,car,1,1,0,0,0,0,0,0,0,0.0,1,1,1,1,0.6428571343421936,0.6428571343421936,1,19,18,0
398,4804,horse,1,1,1,0,1,0,0,1,1,0.8947368421052632,4,4,4,4,1.0,1.0,1,19,17,1
399,6875,horse,1,1,1,0,1,0,0,1,1,0.9473684210526316,4,4,4,4,0.7777777910232544,0.7777777910232544,1,19,18,1
400,9387,bus,1,1,0,0,0,0,0,0,0,0.0,4,4,4,4,0.800000011920929,0.800000011920929,1,19,18,0
401,1297,sofa,1,1,0,0,0,0,0,0,0,0.0,2,2,2,2,1.0,1.0,1,19,18,0
402,5002,person,0,0,0,0,0,0,0,0,0,0.0,3,3,3,3,0.0,0.0,1,19,18,0
403,4357,person,0,0,0,0,0,0,0,1,1,1.0,1,1,1,1,0.0,0.0,1,19,18,9
404,6010,diningtable,1,1,0,0,0,0,0,0,0,0.0,6,6,6,6,0.5,0.5,1,19,17,0
405,8255,bicycle,0,0,0,0,0,0,0,1,0,0.9473684210526316,3,3,3,3,0.0,0.0,1,19,18,1
406,7620,horse,1,1,1,1,0,0,0,1,1,1.0,5,5,5,5,1.0,1.0,1,19,18,2
407,5025,sofa,1,1,0,0,0,0,0,0,0,0.0,7,7,7,7,0.8888888955116272,0.8888888955116272,1,19,18,0
408,7589,car,0,0,0,0,0,0,0,1,1,0.9473684210526316,3,3,3,3,0.0,0.0,1,19,18,1
409,9115,person,1,1,1,1,0,0,0,1,1,1.0,6,6,6,6,1.0,1.0,1,19,18,3
410,7170,person,1,1,1,1,0,0,0,1,1,1.0,7,7,7,7,1.0,1.0,1,19,18,7
411,2624,person,1,1,1,1,0,0,0,1,1,0.9473684210526316,3,3,3,3,1.0,1.0,1,19,18,1
412,178,person,1,1,1,1,0,0,0,1,1,1.0,3,3,3,3,1.0,1.0,1,19,18,8
413,2065,chair,0,0,0,0,0,0,0,1,1,0.9473684210526316,0,0,0,0,0.0,0.0,1,19,18,1
414,8907,dog,1,1,0,0,0,0,0,0,0,0.0,5,5,5,5,1.0,1.0,1,19,18,0
415,5035,car,0,0,0,0,0,0,0,1,1,1.0,5,5,5,5,0.3333333432674408,0.3333333432674408,2,19,18,4
416,8215,sheep,1,1,0,0,0,0,0,0,0,0.0,3,3,3,3,1.0,1.0,1,19,17,0
417,6094,car,1,1,1,0,1,0,0,1,1,1.0,3,3,3,3,0.6666666865348816,0.6666666865348816,1,19,18,3
418,6469,motorbike,1,1,0,0,0,0,0,0,0,0.0,2,2,2,2,0.6666666865348816,0.6666666865348816,1,19,17,0
419,5816,motorbike,1,1,0,0,0,0,0,0,0,0.0,0,0,0,0,0.5555555820465088,0.5555555820465088,1,19,18,0
420,1974,boat,0,0,0,0,0,0,0,1,1,1.0,2,2,2,2,0.3333333432674408,0.3333333432674408,1,19,17,10
421,7333,person,1,1,1,0,1,0,0,1,1,1.0,7,7,7,7,1.0,1.0,1,19,18,9
422,3584,horse,1,1,1,1,0,0,0,1,1,1.0,1,1,1,1,0.8571428656578064,0.8571428656578064,1,19,18,2
423,4492,horse,1,1,0,0,0,0,0,0,0,0.0,4,4,4,4,1.0,1.0,1,19,18,0
424,1353,person,1,1,1,1,0,0,0,1,1,1.0,6,6,6,6,1.0,1.0,1,19,18,3
425,3289,bus,0,0,0,0,0,0,0,0,0,0.0,0,0,0,0,0.1428571492433548,0.1428571492433548,1,19,17,0
426,4887,sofa,0,0,0,0,0,0,0,0,0,0.0,3,3,3,3,0.4000000059604645,0.4000000059604645,1,19,18,0
427,5505,horse,1,1,1,0,1,0,0,1,1,1.0,3,3,3,3,0.6000000238418579,0.6000000238418579,1,19,18,2
428,9657,motorbike,1,1,0,0,0,0,0,0,0,0.0,1,1,1,1,1.0,1.0,1,19,18,0
429,7032,sofa,1,1,0,0,0,0,0,0,0,0.0,0,0,0,0,1.0,1.0,1,19,18,0
430,223,train,0,0,0,0,0,0,0,1,1,0.9473684210526316,0,0,0,0,0.0,0.0,2,19,18,1
431,6083,motorbike,1,1,0,0,0,0,0,0,0,0.0,3,3,3,3,1.0,1.0,1,19,18,0
432,6936,horse,0,0,0,0,0,0,0,1,1,1.0,1,1,1,1,0.125,0.125,1,19,18,8
433,4154,car,1,1,0,0,0,0,0,0,0,0.0,7,7,7,7,0.6000000238418579,0.6000000238418579,1,19,18,0
434,662,sofa,1,1,0,0,0,0,0,0,0,0.0,0,0,0,0,1.0,1.0,1,19,17,0
435,185,person,0,0,0,0,0,0,0,1,1,1.0,7,7,7,7,0.125,0.125,1,19,17,7
436,2449,diningtable,0,0,0,0,0,0,0,0,0,0.0,1,1,1,1,0.23076923191547394,0.23076923191547394,1,19,17,0
437,7127,train,0,0,0,0,0,0,0,1,1,1.0,5,5,5,5,0.0,0.0,1,19,18,5
438,6669,train,1,1,0,0,0,0,0,0,0,0.0,4,4,4,4,0.5,0.5,1,19,18,0
439,7332,person,0,0,0,0,0,0,0,1,1,0.9997420020639834,2,2,2,2,0.20000000298023224,0.20000000298023224,1,19,15,4
440,6574,person,0,0,0,0,0,0,0,1,1,1.0,7,7,7,7,1.0,1.0,1,19,18,11
441,202,person,0,0,0,0,0,0,0,1,1,1.0,2,2,2,2,1.0,1.0,1,19,18,13
442,7634,person,1,1,1,0,1,0,0,1,1,1.0,0,0,0,0,1.0,1.0,1,19,18,3
443,4862,chair,0,0,0,0,0,0,0,1,1,1.0,1,1,1,1,0.0,0.0,1,19,18,15
444,4162,person,0,0,0,0,0,0,0,0,0,0.0,2,2,2,2,0.0,0.0,2,19,18,0
445,4661,person,0,0,0,0,0,0,0,1,1,1.0,4,4,4,4,0.0,0.0,1,19,18,11
446,9643,bus,0,0,0,0,0,0,0,0,0,0.0,5,5,5,5,0.3333333432674408,0.3333333432674408,1,19,18,0
447,9635,sofa,0,0,0,0,0,0,0,0,0,0.0,7,7,7,7,0.20000000298023224,0.20000000298023224,1,19,18,0
448,621,person,1,1,1,0,1,0,0,1,1,0.8947368421052632,3,3,3,3,0.5,0.5,1,19,17,1
449,4881,diningtable,1,1,0,0,0,0,0,0,0,0.0,1,1,1,1,1.0,1.0,1,19,18,0
450,1469,person,1,1,0,0,0,0,0,0,0,0.0,4,4,4,4,0.800000011920929,0.800000011920929,1,19,18,0
451,9240,person,0,0,0,0,0,0,0,1,1,1.0,2,5,5,5,0.0,0.0,2,19,18,6
452,2365,person,1,1,1,1,0,0,0,1,1,1.0,6,6,6,6,0.5,0.5,1,19,18,6
453,7778,person,1,1,1,1,0,0,0,1,1,0.9473684210526316,5,5,5,5,1.0,1.0,1,19,18,1
454,111,person,0,0,0,0,0,0,0,1,1,1.0,1,1,1,1,0.0,0.0,1,19,16,8
455,7961,car,1,1,1,0,1,0,0,1,1,0.9473684210526316,7,7,7,7,1.0,1.0,1,19,18,1
456,2904,person,1,1,1,1,0,0,0,1,1,1.0,2,2,2,2,1.0,1.0,1,19,17,5
457,7360,person,1,1,1,0,1,0,0,1,1,1.0,0,0,0,0,0.5,0.5,1,19,18,3
458,5354,motorbike,1,1,1,1,0,0,0,1,1,1.0,0,0,0,0,1.0,1.0,1,19,18,8
459,4971,person,1,1,1,1,0,0,0,1,1,0.9473684210526316,0,0,0,0,0.5,0.5,1,19,18,1
460,6941,diningtable,1,1,0,0,0,0,0,0,0,0.0,2,2,2,2,1.0,1.0,1,19,18,0
461,6817,tvmonitor,0,0,0,0,0,0,0,0,0,0.0,2,2,2,2,0.1538461595773697,0.1538461595773697,1,19,17,0
462,9311,person,0,0,0,0,0,0,0,1,1,0.9941520467836258,1,1,1,1,0.0,0.0,1,19,17,2
463,9101,horse,0,0,0,0,0,0,0,1,1,1.0,1,1,1,1,1.0,1.0,1,19,18,11
464,1625,sheep,1,1,1,0,1,0,0,1,1,0.9473684210526316,7,7,7,7,0.6666666865348816,0.6666666865348816,1,19,18,1
465,9556,person,1,1,1,1,0,0,0,1,1,1.0,0,0,0,0,0.5555555820465088,0.5555555820465088,1,19,18,2
466,5703,person,1,0,1,0,1,0,0,1,1,1.0,7,7,7,7,1.0,1.0,1,19,16,5
467,7596,sheep,1,1,0,0,0,0,0,0,0,0.0,3,3,3,3,0.8571428656578064,0.8571428656578064,1,19,18,0
468,5074,boat,0,0,0,0,0,0,0,1,1,0.9941520467836258,4,4,4,4,0.0,0.0,1,19,17,2
469,1354,diningtable,1,1,0,0,0,0,0,0,0,0.0,1,1,1,1,0.8571428656578064,0.8571428656578064,1,19,17,0
470,5737,bus,1,1,0,0,0,0,0,0,0,0.0,1,1,1,1,0.8999999761581421,0.8999999761581421,1,19,18,0
471,1606,person,0,0,0,0,0,0,0,1,1,1.0,1,1,1,1,0.1818181872367859,0.1818181872367859,1,19,18,13
472,8080,person,1,1,0,0,0,0,0,0,0,0.0,3,3,3,3,1.0,1.0,1,19,18,0
473,4183,car,1,1,1,1,0,0,0,1,1,1.0,5,5,5,5,0.6666666865348816,0.6666666865348816,1,19,18,3
474,9314,person,1,1,0,0,0,0,0,0,0,0.0,3,3,3,3,0.8333333134651184,0.8333333134651184,1,19,18,0
475,6082,bus,1,1,0,0,0,0,0,0,0,0.0,0,0,0,0,1.0,1.0,2,19,18,0
476,723,bus,1,1,0,0,0,0,0,0,0,0.0,1,1,1,1,0.8571428656578064,0.8571428656578064,1,19,18,0
477,6895,sofa,1,1,0,0,0,0,0,0,0,0.0,0,0,0,0,0.699999988079071,0.699999988079071,1,19,18,0
478,8700,sofa,1,1,0,0,0,0,0,0,0,0.0,4,4,4,4,0.5,0.5,1,19,18,0
479,3384,dog,1,1,0,0,0,0,0,0,0,0.0,2,2,2,2,0.75,0.75,1,19,18,0
480,3720,horse,1,1,0,0,0,0,0,0,0,0.0,0,0,0,0,0.8333333134651184,0.8333333134651184,1,19,18,0
481,2927,car,1,1,1,1,0,0,0,1,1,1.0,2,2,2,2,0.75,0.75,1,19,18,5
482,8548,car,0,0,0,0,0,0,0,1,1,1.0,7,7,7,7,0.6666666865348816,0.6666666865348816,1,19,18,8
483,8795,sheep,0,0,0,0,0,0,0,1,1,1.0,6,6,6,6,0.5,0.5,1,19,18,10
484,3084,horse,1,1,0,0,0,0,0,0,0,0.0,3,3,3,3,1.0,1.0,1,19,17,0
485,3234,car,1,1,0,0,0,0,0,0,0,0.0,2,2,2,2,1.0,1.0,1,19,18,0
486,1219,train,1,1,0,0,0,0,0,0,0,0.0,3,3,3,3,0.5,0.5,1,19,18,0
487,8099,boat,0,0,0,0,0,0,0,1,1,1.0,7,7,7,7,0.20000000298023224,0.20000000298023224,1,19,18,3
488,1370,person,1,1,1,1,0,0,0,1,1,1.0,6,6,6,6,1.0,1.0,1,19,18,3
489,1342,person,1,1,0,0,0,0,0,0,0,0.0,4,4,4,4,0.8333333134651184,0.8333333134651184,1,19,18,0
490,6032,bicycle,1,1,0,0,0,0,0,0,0,0.0,0,0,0,0,0.875,0.875,1,19,18,0
491,9840,tvmonitor,1,1,0,0,0,0,0,0,0,0.0,0,0,0,0,1.0,1.0,1,19,17,0
492,8641,person,0,0,0,0,0,0,0,1,1,1.0,5,5,5,5,1.0,1.0,1,19,18,14
493,8183,horse,1,1,1,1,0,0,0,1,1,1.0,1,1,1,1,1.0,1.0,1,19,18,2
494,4081,pottedplant,0,0,0,0,0,0,0,1,1,1.0,6,6,6,6,0.0,0.0,1,19,18,7
495,2562,car,1,1,1,1,0,0,0,1,1,1.0,1,1,1,1,1.0,1.0,1,19,18,6
496,4478,car,1,1,1,1,0,0,0,1,1,1.0,0,0,0,0,1.0,1.0,1,19,18,5
497,5193,dog,1,1,1,1,0,0,0,1,1,1.0,2,2,2,2,0.625,0.625,1,19,18,2
498,4904,bicycle,0,0,0,0,0,0,0,0,0,0.0,0,0,0,0,0.125,0.125,1,19,18,0
499,4119,sofa,1,1,0,0,0,0,0,0,0,0.0,0,0,0,0,1.0,1.0,1,19,18,0
500,8431,diningtable,1,1,0,0,0,0,0,0,0,0.0,6,6,6,6,1.0,1.0,1,19,18,0
501,8916,person,1,1,1,1,0,0,0,1,1,1.0,4,4,4,4,1.0,1.0,1,19,18,8
502,2719,boat,0,0,0,0,0,0,0,0,0,0.0,0,0,0,0,0.0,0.0,1,19,18,0
503,2418,train,0,0,0,0,0,0,0,0,0,0.0,6,6,6,6,0.0,0.0,1,19,18,0
504,546,dog,1,1,0,0,0,0,0,0,0,0.0,1,1,1,1,0.8181818127632141,0.8181818127632141,1,19,18,0
505,9228,person,1,1,1,1,0,0,0,1,1,1.0,4,4,4,4,1.0,1.0,1,19,18,5
506,704,horse,1,1,0,0,0,0,0,0,0,0.0,1,1,1,1,0.800000011920929,0.800000011920929,1,19,18,0
507,168,horse,1,1,0,0,0,0,0,0,0,0.0,1,1,1,1,0.7272727489471436,0.7272727489471436,1,19,18,0
508,2575,person,0,0,0,0,0,0,0,1,1,1.0,4,4,4,4,0.2222222238779068,0.2222222238779068,1,19,17,5
509,4355,person,1,1,1,1,0,0,0,1,1,1.0,2,2,2,2,1.0,1.0,1,19,18,7
510,8673,chair,1,1,0,0,0,0,0,0,0,0.0,3,3,3,3,1.0,1.0,1,19,18,0
511,7067,sofa,1,1,0,0,0,0,0,0,0,0.0,5,5,5,5,0.800000011920929,0.800000011920929,1,19,18,0
512,4166,diningtable,1,1,0,0,0,0,0,0,0,0.0,7,7,7,7,0.5714285969734192,0.5714285969734192,1,19,15,0
513,4094,bus,0,0,0,0,0,0,0,1,1,1.0,3,3,3,3,1.0,1.0,1,19,18,18
514,3160,aeroplane,1,1,1,1,0,0,0,1,1,1.0,2,2,2,2,1.0,1.0,1,19,18,6
515,9871,person,0,0,0,0,0,0,0,1,1,1.0,4,4,4,4,1.0,1.0,1,19,18,14
516,5733,horse,0,0,0,0,0,0,0,1,1,1.0,4,4,4,4,0.0,0.0,1,19,18,8
517,8176,dog,1,1,0,0,0,0,0,0,0,0.0,0,0,0,0,1.0,1.0,1,19,18,0
518,8957,chair,1,1,0,0,0,0,0,0,0,0.0,2,2,2,2,0.5,0.5,1,19,18,0
519,2830,motorbike,1,1,0,0,0,0,0,0,0,0.0,6,6,6,6,0.800000011920929,0.800000011920929,1,19,18,0
520,7206,train,1,1,1,1,0,0,0,1,1,0.9473684210526316,7,7,7,7,0.6666666865348816,0.6666666865348816,1,19,18,1
521,4740,diningtable,1,1,0,0,0,0,0,0,0,0.0,1,1,1,1,0.75,0.75,1,19,18,0
522,8234,train,0,0,0,0,0,0,0,0,0,0.0,1,1,1,1,0.4166666567325592,0.4166666567325592,1,19,18,0
523,5939,sofa,0,0,0,0,0,0,0,1,1,0.9473684210526316,6,6,6,6,0.2222222238779068,0.2222222238779068,1,19,18,1
524,9962,person,0,0,0,0,0,0,0,1,1,1.0,4,4,4,4,1.0,1.0,1,19,17,16
525,870,person,1,1,1,1,0,0,0,1,1,1.0,3,3,3,3,1.0,1.0,1,19,18,5
526,6514,person,1,1,1,1,0,0,0,1,0,0.9473684210526316,3,3,3,3,1.0,1.0,1,19,18,1
527,6487,sofa,1,1,1,0,1,0,0,1,1,0.9941520467836258,2,2,2,2,1.0,1.0,1,19,17,2
528,1601,dog,1,1,1,1,0,0,0,1,1,1.0,0,0,0,0,1.0,1.0,1,19,18,5
529,3542,bicycle,0,0,0,0,0,0,0,1,1,1.0,1,1,2,1,0.0,0.0,2,19,18,10
530,8046,person,0,0,0,0,0,0,0,1,1,1.0,4,2,4,2,0.0,0.0,2,19,18,12
531,4222,sofa,1,1,1,1,0,0,0,1,1,0.8947368421052632,3,3,3,3,0.5,0.5,1,19,17,1
532,8844,person,1,1,1,1,0,0,0,1,1,1.0,4,4,4,4,0.800000011920929,0.800000011920929,1,19,18,11
533,2945,person,0,0,0,0,0,0,0,1,1,1.0,1,1,1,1,0.0,0.0,1,19,16,9
534,5092,pottedplant,0,0,0,0,0,0,0,0,0,0.0,0,0,0,0,0.10000000149011612,0.10000000149011612,1,19,18,0
535,4930,person,0,0,0,0,0,0,0,1,1,1.0,3,3,3,3,1.0,1.0,1,19,18,10
536,7785,person,1,1,0,0,0,0,0,0,0,0.0,1,1,1,1,0.5,0.5,1,19,17,0
537,6954,person,0,0,0,0,0,0,0,1,1,1.0,4,4,4,4,1.0,1.0,1,19,18,10
538,8578,boat,0,0,0,0,0,0,0,1,1,0.9473684210526316,5,5,5,5,0.0,0.0,1,19,18,1
539,136,cat,0,0,0,0,0,0,0,0,0,0.0,0,0,0,0,0.3333333432674408,0.3333333432674408,1,19,18,0
540,3527,car,1,1,0,0,0,0,0,0,0,0.0,1,1,1,1,0.8888888955116272,0.8888888955116272,1,19,18,0
541,940,person,0,0,0,0,0,0,0,1,1,1.0,3,3,3,3,0.800000011920929,0.800000011920929,2,19,18,9
542,1656,dog,1,1,0,0,0,0,0,0,0,0.0,7,7,7,7,1.0,1.0,1,19,18,0
543,1542,cat,1,1,1,1,0,0,0,1,1,1.0,7,7,7,7,1.0,1.0,1,19,18,5
544,8074,person,1,1,1,0,1,0,0,1,1,1.0,6,6,6,6,1.0,1.0,1,19,18,3
545,2789,cow,1,1,0,0,0,0,0,0,0,0.0,3,3,3,3,0.75,0.75,1,19,17,0
546,8059,horse,0,0,0,0,0,0,0,1,1,1.0,7,7,7,7,0.125,0.125,1,19,18,5
547,6629,train,1,1,1,0,1,0,0,1,1,1.0,2,2,2,2,1.0,1.0,1,19,18,3
548,2552,chair,0,0,0,0,0,0,0,1,1,1.0,3,3,3,3,0.1666666716337204,0.1666666716337204,1,19,18,8
549,2161,pottedplant,0,0,0,0,0,0,0,1,1,0.9473684210526316,6,6,6,6,0.0,0.0,1,19,18,1
550,6308,tvmonitor,1,1,0,0,0,0,0,0,0,0.0,5,5,5,5,1.0,1.0,1,19,18,0
551,1435,car,1,1,1,1,0,0,0,1,1,1.0,1,1,1,1,0.625,0.625,1,19,18,4
552,6193,motorbike,0,0,0,0,0,0,0,1,1,1.0,3,4,3,4,1.0,0.5,2,19,18,16
553,4218,dog,1,1,1,0,1,0,0,1,1,0.9473684210526316,5,5,5,5,1.0,1.0,1,19,18,1
554,606,diningtable,1,1,0,0,0,0,0,0,0,0.0,5,5,5,5,0.8181818127632141,0.8181818127632141,1,19,16,0
555,6504,sofa,0,0,0,0,0,0,0,1,0,0.9473684210526316,3,3,3,3,0.0,0.0,1,19,18,1
556,9216,tvmonitor,1,1,1,0,1,0,0,1,1,1.0,3,3,3,3,1.0,1.0,1,19,18,2
557,4580,person,1,1,1,1,0,0,0,1,1,0.9473684210526316,0,0,0,0,1.0,1.0,1,19,18,1
558,2788,person,0,0,0,0,0,0,0,1,1,1.0,0,0,0,0,0.0,0.0,1,19,17,5
559,7126,person,0,0,0,0,0,0,0,1,1,1.0,0,0,0,0,0.2222222238779068,0.2222222238779068,1,19,18,4
560,445,horse,0,0,0,0,0,0,0,1,1,1.0,2,2,2,2,0.0,0.0,2,19,18,4
561,5005,car,0,0,0,0,0,0,0,1,1,1.0,2,2,2,2,0.0,0.0,1,19,18,13
562,7315,sofa,1,1,0,0,0,0,0,0,0,0.0,7,7,7,7,1.0,1.0,1,19,18,0
563,642,person,0,0,0,0,0,0,0,1,1,1.0,3,3,3,3,1.0,1.0,1,19,18,10
564,5377,person,0,0,0,0,0,0,0,1,1,1.0,2,2,2,2,0.25,0.25,1,19,18,5
565,7665,car,1,1,1,1,0,0,0,1,1,1.0,6,6,6,6,0.6666666865348816,0.6666666865348816,1,19,18,2
566,9673,motorbike,1,1,0,0,0,0,0,0,0,0.0,2,2,2,2,1.0,1.0,1,19,18,0
567,616,horse,1,1,0,0,0,0,0,0,0,0.0,7,7,7,7,1.0,1.0,1,19,18,0
568,7019,sofa,1,1,0,0,0,0,0,0,0,0.0,0,0,0,0,1.0,1.0,1,19,18,0
569,8780,person,1,1,1,1,0,0,0,1,1,1.0,1,1,1,1,1.0,1.0,1,19,18,3
570,8528,diningtable,1,1,0,0,0,0,0,0,0,0.0,6,6,6,6,1.0,1.0,1,19,17,0
571,3323,diningtable,1,1,0,0,0,0,0,0,0,0.0,5,5,5,5,1.0,1.0,1,19,16,0
572,1851,dog,1,1,1,1,0,0,0,1,1,1.0,0,0,0,0,1.0,1.0,1,19,18,6
573,9102,boat,1,1,0,0,0,0,0,0,0,0.0,5,5,5,5,1.0,1.0,1,19,17,0
574,3633,cow,0,0,0,0,0,0,0,1,1,1.0,4,4,4,4,0.4000000059604645,0.4000000059604645,1,19,18,3
575,913,person,1,1,1,1,0,0,0,1,1,1.0,3,3,3,3,1.0,1.0,1,19,18,4
576,3942,person,1,1,1,1,0,0,0,1,1,1.0,2,2,2,2,1.0,1.0,1,19,18,2
577,1921,person,1,1,0,0,0,0,0,0,0,0.0,3,3,3,3,1.0,1.0,1,19,18,0
578,3544,sofa,0,0,0,0,0,0,0,1,1,0.9473684210526316,0,0,0,0,0.0,0.0,1,19,18,1
579,734,person,1,1,0,0,0,0,0,0,0,0.0,3,3,3,3,1.0,1.0,1,19,18,0
580,2974,person,0,0,0,0,0,0,0,1,1,1.0,2,2,2,2,0.4000000059604645,0.4000000059604645,1,19,17,8
581,4104,bus,1,1,0,0,0,0,0,0,0,0.0,6,6,6,6,0.8333333134651184,0.8333333134651184,1,19,18,0
582,4482,diningtable,1,1,0,0,0,0,0,0,0,0.0,4,4,4,4,1.0,1.0,1,19,18,0
583,4447,bicycle,1,1,0,0,0,0,0,0,0,0.0,3,3,3,3,0.6666666865348816,0.6666666865348816,1,19,18,0
584,974,tvmonitor,0,0,0,0,0,0,0,0,0,0.0,1,1,1,1,0.20000000298023224,0.20000000298023224,1,19,18,0
585,6399,dog,0,0,0,0,0,0,0,0,0,0.0,4,4,4,4,0.0,0.0,1,19,18,0
586,475,sheep,1,1,0,0,0,0,0,0,0,0.0,2,2,2,2,0.6666666865348816,0.6666666865348816,1,19,18,0
587,9741,person,1,1,0,0,0,0,0,0,0,0.0,2,2,2,2,1.0,1.0,1,19,17,0
588,5359,train,1,1,1,1,0,0,0,1,1,1.0,4,4,4,4,1.0,1.0,1,19,18,5
589,5553,motorbike,1,1,0,0,0,0,0,0,0,0.0,1,1,1,1,1.0,1.0,1,19,18,0
590,3746,bicycle,0,0,0,0,0,0,0,1,1,1.0,3,3,3,3,0.0,0.0,1,19,17,15
591,6401,horse,0,0,0,0,0,0,0,1,1,1.0,4,4,4,4,0.0,0.0,1,19,18,5
592,8697,diningtable,1,1,0,0,0,0,0,0,0,0.0,6,6,6,6,1.0,1.0,1,19,18,0
593,2793,motorbike,0,0,0,0,0,0,0,0,0,0.0,2,2,2,2,0.125,0.125,1,19,18,0
594,5456,horse,1,1,0,0,0,0,0,0,0,0.0,2,2,2,2,1.0,1.0,1,19,18,0
595,2777,chair,1,1,0,0,0,0,0,0,0,0.0,1,1,1,1,0.6000000238418579,0.6000000238418579,1,19,18,0
596,8531,train,0,0,0,0,0,0,0,1,1,1.0,0,0,0,0,0.0,0.0,1,19,18,8
597,1600,sofa,0,0,0,0,0,0,0,0,0,0.0,5,5,5,5,0.375,0.375,1,19,17,0
598,4749,horse,1,1,1,0,1,0,0,1,1,0.9473684210526316,2,2,2,2,1.0,1.0,1,19,18,1
599,8544,dog,1,1,1,0,1,0,0,1,1,1.0,5,5,5,5,1.0,1.0,1,19,18,3
600,8946,person,0,0,0,0,0,0,0,1,1,0.9473684210526316,1,1,1,1,0.0,0.0,1,19,18,1
601,3795,person,1,1,0,0,0,0,0,0,0,0.0,7,7,7,7,1.0,1.0,1,19,18,0
602,1805,diningtable,0,0,0,0,0,0,0,1,1,1.0,3,3,3,3,0.20000000298023224,0.20000000298023224,1,19,17,4
603,6742,person,0,0,0,0,0,0,0,1,1,1.0,3,2,2,2,1.0,0.38461539149284363,2,19,18,16
604,5100,person,1,1,1,1,0,0,0,1,1,1.0,1,1,1,1,1.0,1.0,1,19,17,6
605,5225,person,1,1,1,0,1,0,0,1,1,1.0,6,6,6,6,1.0,1.0,1,19,18,9
606,8399,horse,0,0,0,0,0,0,0,1,1,1.0,6,6,6,6,0.0,0.0,1,19,18,3
607,8347,sofa,1,1,0,0,0,0,0,0,0,0.0,4,4,4,4,0.5,0.5,1,19,17,0
608,3952,boat,1,1,1,1,0,0,0,1,1,1.0,3,3,3,3,1.0,1.0,1,19,18,3
609,7252,horse,1,1,0,0,0,0,0,0,0,0.0,2,2,2,2,1.0,1.0,1,19,18,0
610,3825,chair,1,1,0,0,0,0,0,0,0,0.0,0,0,0,0,0.8888888955116272,0.8888888955116272,1,19,18,0
611,3193,horse,1,1,0,0,0,0,0,0,0,0.0,0,0,0,0,1.0,1.0,1,19,18,0
612,6505,sofa,1,1,0,0,0,0,0,0,0,0.0,3,3,3,3,1.0,1.0,1,19,18,0
613,1779,sofa,1,1,0,0,0,0,0,0,0,0.0,0,0,0,0,1.0,1.0,1,19,18,0
614,6713,person,1,1,1,1,0,0,0,1,1,1.0,4,4,4,4,0.875,0.875,1,19,18,7
615,2587,dog,0,0,0,0,0,0,0,1,1,1.0,2,2,2,2,1.0,1.0,1,19,18,9
616,6633,person,1,1,1,0,1,0,0,1,1,1.0,7,7,7,7,1.0,1.0,1,19,17,10
617,378,horse,1,1,0,0,0,0,0,0,0,0.0,5,5,5,5,0.6000000238418579,0.6000000238418579,1,19,18,0
618,5944,horse,0,0,0,0,0,0,0,1,1,1.0,2,2,2,2,0.23076923191547394,0.23076923191547394,1,19,18,9
619,3934,pottedplant,1,1,0,0,0,0,0,0,0,0.0,1,1,1,1,0.6666666865348816,0.6666666865348816,1,19,18,0
620,7371,bicycle,1,1,0,0,0,0,0,0,0,0.0,2,2,2,2,1.0,1.0,1,19,18,0
621,9332,aeroplane,1,0,0,0,0,0,0,0,0,0.0,6,6,6,6,1.0,1.0,1,19,18,0
622,8113,diningtable,0,0,0,0,0,0,0,0,0,0.0,4,4,4,4,0.30000001192092896,0.30000001192092896,1,19,18,0
623,4109,chair,1,1,1,0,1,0,0,1,1,1.0,7,7,7,7,1.0,1.0,1,19,17,5
624,8041,chair,1,1,1,1,0,0,0,1,1,0.9473684210526316,5,5,5,5,1.0,1.0,1,19,18,1
625,6451,chair,1,1,0,0,0,0,0,0,0,0.0,2,2,2,2,1.0,1.0,1,19,18,0
626,5994,person,0,0,0,0,0,0,0,1,1,1.0,6,6,6,6,1.0,1.0,1,19,17,11
627,7034,car,1,1,1,1,0,0,0,1,1,1.0,4,4,4,4,1.0,1.0,1,19,18,2
628,4791,sofa,0,0,0,0,0,0,0,1,1,1.0,5,5,5,5,0.0,0.0,1,19,17,3
629,4667,person,0,0,0,0,0,0,0,1,1,1.0,4,4,4,4,0.0,0.0,2,19,18,8
630,6571,dog,1,1,0,0,0,0,0,0,0,0.0,3,3,3,3,1.0,1.0,1,19,18,0
631,607,car,0,0,0,0,0,0,0,1,1,0.9473684210526316,7,7,7,7,0.0,0.0,1,19,18,1
632,8239,person,1,1,1,1,0,0,0,1,1,1.0,4,4,4,4,0.5,0.5,1,19,18,6
633,5218,chair,0,0,0,0,0,0,0,1,1,0.9473684210526316,3,3,3,3,0.0,0.0,1,19,18,1
634,3278,person,0,0,0,0,0,0,0,1,1,1.0,4,4,4,4,0.1666666716337204,0.1666666716337204,1,19,17,14
635,4959,car,1,1,0,0,0,0,0,0,0,0.0,3,3,3,3,1.0,1.0,1,19,18,0
636,1437,pottedplant,0,0,0,0,0,0,0,0,0,0.0,2,2,2,2,0.0833333358168602,0.0833333358168602,1,19,18,0
637,283,person,0,0,0,0,0,0,0,1,1,1.0,3,3,3,3,0.0833333358168602,0.0833333358168602,1,19,18,14
638,4665,boat,1,1,1,1,0,0,0,1,1,1.0,0,0,0,0,0.800000011920929,0.800000011920929,1,19,18,4
639,7012,chair,0,0,0,0,0,0,0,1,1,0.9473684210526316,2,2,2,2,0.1428571492433548,0.1428571492433548,1,19,18,1
640,2252,person,1,1,1,1,0,0,0,1,1,1.0,5,1,5,1,1.0,0.75,2,19,18,7
641,4811,person,1,1,1,0,1,0,0,1,1,1.0,7,7,7,7,1.0,1.0,1,19,18,5
642,9511,chair,1,1,0,0,0,0,0,0,0,0.0,6,6,6,6,0.8571428656578064,0.8571428656578064,1,19,17,0
643,1735,person,1,1,1,1,0,0,0,1,1,1.0,7,7,7,7,1.0,1.0,1,19,18,4
644,9380,horse,1,1,0,0,0,0,0,0,0,0.0,0,0,0,0,0.7777777910232544,0.7777777910232544,2,19,18,0
645,3867,person,0,0,0,0,0,0,0,1,1,1.0,5,5,5,5,0.0833333358168602,0.0833333358168602,1,19,17,7
646,6567,motorbike,0,0,0,0,0,0,0,1,1,1.0,7,7,7,7,0.5,0.5,1,19,17,12
647,2748,bus,0,0,0,0,0,0,0,0,0,0.0,5,5,5,5,0.0,0.0,1,19,18,0
648,8666,person,0,0,0,0,0,0,0,1,1,1.0,4,4,4,4,0.4285714328289032,0.4285714328289032,1,19,18,8
649,5677,horse,1,1,0,0,0,0,0,0,0,0.0,1,1,1,1,0.75,0.75,1,19,18,0
650,271,car,0,0,0,0,0,0,0,1,1,1.0,4,4,4,4,0.0,0.0,1,19,18,4
651,4179,person,1,0,1,1,0,0,0,1,1,0.9941520467836258,6,6,6,6,0.5,0.5,1,19,17,2
652,9201,car,1,1,1,0,1,0,0,1,1,1.0,6,6,6,6,1.0,1.0,1,19,18,7
653,883,car,0,0,0,0,0,0,0,1,1,0.9473684210526316,1,1,1,1,0.0,0.0,1,19,18,1
654,7766,horse,1,1,1,1,0,0,0,1,1,1.0,3,3,3,3,1.0,1.0,2,19,18,3
655,4319,diningtable,1,1,0,0,0,0,0,0,0,0.0,0,0,0,0,1.0,1.0,1,19,18,0
656,7532,person,1,1,1,0,1,0,0,1,1,1.0,0,0,0,0,1.0,1.0,1,19,18,6
657,155,bicycle,1,1,0,0,0,0,0,0,0,0.0,0,0,0,0,1.0,1.0,1,19,18,0
658,9521,sofa,0,0,0,0,0,0,0,0,0,0.0,4,4,4,4,0.4285714328289032,0.4285714328289032,1,19,16,0
659,9722,horse,1,1,0,0,0,0,0,0,0,0.0,2,2,2,2,1.0,1.0,1,19,18,0
660,14,car,0,0,0,0,0,0,0,1,1,0.9941520467836258,3,3,3,3,0.20000000298023224,0.20000000298023224,1,19,17,2
661,4932,horse,1,1,0,0,0,0,0,0,0,0.0,1,1,1,1,0.9090909361839294,0.9090909361839294,1,19,18,0
662,2133,sheep,1,1,0,0,0,0,0,0,0,0.0,3,3,3,3,0.7142857313156128,0.7142857313156128,1,19,18,0
663,4731,train,1,1,1,0,1,0,0,1,1,0.9941520467836258,1,1,1,1,1.0,1.0,1,19,17,2
664,6113,bus,1,1,0,0,0,0,0,0,0,0.0,2,2,2,2,0.75,0.75,1,19,16,0
665,2242,car,1,1,0,0,0,0,0,0,0,0.0,3,3,3,3,1.0,1.0,1,19,16,0
666,1238,person,1,0,1,0,1,0,0,1,1,1.0,3,3,3,3,0.800000011920929,0.800000011920929,1,19,18,6
667,8922,chair,0,0,0,0,0,0,0,0,0,0.0,4,4,4,4,0.4000000059604645,0.4000000059604645,1,19,16,0
668,2119,person,0,0,0,0,0,0,0,1,1,1.0,0,0,0,0,0.5,0.5,1,19,18,10
669,2951,tvmonitor,1,1,0,0,0,0,0,0,0,0.0,7,7,7,7,0.800000011920929,0.800000011920929,1,19,17,0
670,7137,person,1,1,1,1,0,0,0,1,1,1.0,4,4,4,4,1.0,1.0,1,19,18,2
671,3810,motorbike,0,0,0,0,0,0,0,1,1,1.0,4,4,4,4,0.0,0.0,1,19,17,7
672,4006,horse,1,1,0,0,0,0,0,0,0,0.0,5,5,5,5,1.0,1.0,1,19,18,0
673,9204,dog,1,1,1,1,0,0,0,1,1,1.0,2,2,2,2,1.0,1.0,1,19,18,2
674,2402,car,1,1,1,1,0,0,0,1,1,1.0,3,3,3,3,0.5714285969734192,0.5714285969734192,1,19,18,4
675,3016,bus,1,1,0,0,0,0,0,0,0,0.0,2,2,2,2,1.0,1.0,1,19,18,0
676,9525,horse,1,1,0,0,0,0,0,0,0,0.0,2,2,2,2,0.800000011920929,0.800000011920929,1,19,18,0
677,5638,person,1,1,0,0,0,0,0,0,0,0.0,3,3,3,3,1.0,1.0,1,19,18,0
678,8205,horse,0,0,0,0,0,0,0,1,1,0.9473684210526316,2,2,2,2,0.1428571492433548,0.1428571492433548,1,19,18,1
679,5763,car,0,0,0,0,0,0,0,1,1,1.0,2,2,2,2,0.07692307978868484,0.07692307978868484,1,19,18,5
680,6982,horse,1,1,0,0,0,0,0,0,0,0.0,6,6,6,6,1.0,1.0,1,19,18,0
681,4412,person,0,0,0,0,0,0,0,1,1,1.0,6,6,6,6,0.3333333432674408,0.3333333432674408,1,19,18,4
682,562,person,0,0,0,0,0,0,0,1,1,1.0,4,4,4,4,0.0,0.0,1,19,18,11
683,1891,car,1,1,1,1,0,0,0,1,1,1.0,4,4,4,4,0.6666666865348816,0.6666666865348816,1,19,18,2
684,2743,pottedplant,1,1,0,0,0,0,0,0,0,0.0,5,5,5,5,0.8571428656578064,0.8571428656578064,1,19,18,0
685,3944,sofa,1,1,0,0,0,0,0,0,0,0.0,1,1,1,1,0.625,0.625,1,19,17,0
686,1914,person,1,1,1,1,0,0,0,1,1,0.9941520467836258,5,5,5,5,1.0,1.0,1,19,17,2
687,6798,pottedplant,1,1,0,0,0,0,0,0,0,0.0,7,7,7,7,1.0,1.0,1,19,18,0
688,6273,person,1,1,1,1,0,0,0,1,1,1.0,3,3,3,3,1.0,1.0,1,19,18,4
689,447,person,0,0,0,0,0,0,0,0,0,0.0,0,0,0,0,0.4545454680919647,0.4545454680919647,1,19,18,0
690,4309,horse,1,1,0,0,0,0,0,0,0,0.0,1,1,1,1,1.0,1.0,1,19,18,0
691,2806,motorbike,0,0,0,0,0,0,0,1,1,1.0,6,6,6,6,0.0,0.0,1,19,18,5
692,798,sofa,1,1,1,0,1,0,0,1,1,1.0,0,0,0,0,1.0,1.0,1,19,18,2
693,5375,person,1,1,0,0,0,0,0,0,0,0.0,2,2,2,2,1.0,1.0,1,19,18,0
694,2223,bus,1,1,0,0,0,0,0,0,0,0.0,5,5,5,5,1.0,1.0,1,19,17,0
695,2283,horse,1,1,0,0,0,0,0,0,0,0.0,1,1,1,1,0.9090909361839294,0.9090909361839294,1,19,18,0
696,8882,horse,1,1,1,1,0,0,0,1,1,0.9473684210526316,6,6,6,6,1.0,1.0,1,19,18,1
697,3819,person,1,1,1,1,0,0,0,1,1,0.9941520467836258,2,2,2,2,1.0,1.0,1,19,17,2
698,4417,bicycle,1,1,0,0,0,0,0,0,0,0.0,5,5,5,5,0.5,0.5,1,19,18,0
699,5709,bicycle,0,0,0,0,0,0,0,1,1,0.9473684210526316,0,0,0,0,0.0,0.0,1,19,18,1
700,137,car,0,0,0,0,0,0,0,1,1,0.9473684210526316,1,1,1,1,0.0,0.0,1,19,18,1
701,1099,aeroplane,0,0,0,0,0,0,0,0,0,0.0,4,4,4,4,0.0,0.0,1,19,18,0
702,2964,person,1,1,1,0,1,0,0,1,1,1.0,4,4,4,4,0.75,0.75,1,19,18,6
703,2538,person,0,0,0,0,0,0,0,1,1,1.0,7,7,7,7,0.1428571492433548,0.1428571492433548,1,19,17,4
704,8751,diningtable,1,1,0,0,0,0,0,0,0,0.0,6,6,6,6,1.0,1.0,1,19,16,0
705,2604,chair,1,1,0,0,0,0,0,0,0,0.0,6,6,6,6,0.5,0.5,1,19,17,0
706,9028,bicycle,0,0,0,0,0,0,0,1,1,1.0,2,2,2,2,0.375,0.375,1,19,18,5
707,1720,diningtable,1,1,1,1,0,0,0,1,0,0.8947368421052632,2,2,2,2,0.8999999761581421,0.8999999761581421,1,19,17,1
708,8761,aeroplane,1,1,1,0,1,0,0,1,0,0.8947368421052632,6,6,6,6,1.0,1.0,1,19,17,1
709,7393,diningtable,1,1,0,0,0,0,0,0,0,0.0,6,6,6,6,1.0,1.0,1,19,17,0
710,7739,person,0,0,0,0,0,0,0,1,1,1.0,1,1,1,1,0.4166666567325592,0.4166666567325592,1,19,17,14
711,7882,car,0,0,0,0,0,0,0,1,1,1.0,3,3,3,3,1.0,1.0,1,19,18,8
712,4573,boat,0,0,0,0,0,0,0,0,0,0.0,0,0,0,0,0.4000000059604645,0.4000000059604645,1,19,18,0
713,587,person,0,0,0,0,0,0,0,1,1,1.0,5,5,5,5,0.6666666865348816,0.6666666865348816,1,19,17,12
714,7509,horse,1,1,1,0,1,0,0,1,1,1.0,7,7,7,7,0.8333333134651184,0.8333333134651184,1,19,18,5
715,3434,person,0,0,0,0,0,0,0,1,1,1.0,0,0,0,0,0.0,0.0,1,19,18,11
716,3041,horse,1,1,1,1,0,0,0,1,1,0.9473684210526316,1,1,1,1,0.75,0.75,1,19,18,1
717,858,bus,1,1,0,0,0,0,0,0,0,0.0,3,3,3,3,0.8333333134651184,0.8333333134651184,1,19,18,0
718,1075,dog,0,0,0,0,0,0,0,1,1,1.0,4,4,4,4,0.0,0.0,1,19,18,14
719,9663,chair,1,1,1,1,0,0,0,1,0,0.9473684210526316,2,2,2,2,0.692307710647583,0.692307710647583,1,19,18,1
720,9263,person,1,1,0,0,0,0,0,0,0,0.0,2,2,2,2,0.6666666865348816,0.6666666865348816,1,19,18,0
721,9008,motorbike,0,0,0,0,0,0,0,1,1,1.0,5,5,5,5,0.0,0.0,1,19,18,4
722,9013,sofa,1,1,0,0,0,0,0,0,0,0.0,1,1,1,1,1.0,1.0,1,19,18,0
723,3569,sofa,1,1,1,1,0,0,0,1,1,1.0,0,0,0,0,0.8333333134651184,0.8333333134651184,1,19,18,4
724,3276,car,0,0,0,0,0,0,0,1,1,1.0,5,5,5,5,1.0,1.0,1,19,18,11
725,3601,train,0,0,0,0,0,0,0,1,1,1.0,0,0,0,0,0.20000000298023224,0.20000000298023224,1,19,18,5
726,2121,person,0,0,0,0,0,0,0,1,1,1.0,7,7,7,7,0.0,0.0,1,19,18,10
727,3978,horse,1,1,0,0,0,0,0,0,0,0.0,0,0,0,0,1.0,1.0,1,19,18,0
728,2955,bus,1,1,0,0,0,0,0,0,0,0.0,3,3,3,3,1.0,1.0,1,19,18,0
729,5287,car,1,1,1,0,1,0,0,1,1,1.0,1,1,1,1,1.0,1.0,1,19,18,8
730,1228,person,0,0,0,0,0,0,0,1,1,1.0,4,4,4,4,0.0,0.0,1,19,18,13
731,7929,sofa,1,1,0,0,0,0,0,0,0,0.0,2,2,2,2,0.8888888955116272,0.8888888955116272,1,19,18,0
732,4180,sofa,1,1,0,0,0,0,0,0,0,0.0,0,0,0,0,1.0,1.0,1,19,17,0
733,652,person,1,1,1,1,0,0,0,1,1,1.0,0,0,7,0,1.0,1.0,2,19,18,3
734,3249,bottle,1,1,1,1,0,0,0,1,1,1.0,1,1,1,1,0.6666666865348816,0.6666666865348816,1,19,18,3
735,7747,diningtable,0,0,0,0,0,0,0,1,0,0.8421052631578947,2,2,2,2,0.3333333432674408,0.3333333432674408,1,19,16,1
736,7347,car,0,0,0,0,0,0,0,1,1,1.0,7,7,7,7,0.0,0.0,1,19,18,5
737,1155,boat,0,0,0,0,0,0,0,0,0,0.0,5,5,5,5,0.1428571492433548,0.1428571492433548,1,19,17,0
738,9782,diningtable,0,0,0,0,0,0,0,0,0,0.0,0,0,0,0,0.0,0.0,1,19,16,0
739,7339,car,0,0,0,0,0,0,0,1,1,1.0,2,2,2,2,0.6666666865348816,0.6666666865348816,1,19,18,9
740,1516,motorbike,0,0,0,0,0,0,0,1,1,1.0,5,5,5,5,1.0,1.0,1,19,18,11
741,9928,pottedplant,1,1,0,0,0,0,0,0,0,0.0,2,2,2,2,1.0,1.0,1,19,18,0
742,9631,chair,0,0,0,0,0,0,0,1,1,1.0,1,1,1,1,0.0,0.0,1,19,18,2
743,6431,motorbike,1,1,0,0,0,0,0,0,0,0.0,1,1,1,1,0.7142857313156128,0.7142857313156128,1,19,18,0
744,4305,bus,1,1,0,0,0,0,0,0,0,0.0,0,0,0,0,1.0,1.0,1,19,16,0
745,507,car,1,1,0,0,0,0,0,0,0,0.0,3,3,3,3,1.0,1.0,1,19,18,0
746,8407,person,1,1,1,0,1,0,0,1,1,0.9941520467836258,7,7,7,7,1.0,1.0,1,19,17,2
747,4294,horse,0,0,0,0,0,0,0,0,0,0.0,1,1,1,1,0.0,0.0,1,19,18,0
748,641,chair,1,1,0,0,0,0,0,0,0,0.0,1,1,1,1,0.9230769276618958,0.9230769276618958,1,19,18,0
749,6317,bus,1,1,0,0,0,0,0,0,0,0.0,1,1,1,1,1.0,1.0,1,19,17,0
750,7051,person,1,1,0,0,0,0,0,0,0,0.0,0,0,0,0,1.0,1.0,1,19,18,0
751,6686,sofa,1,1,0,0,0,0,0,0,0,0.0,5,5,5,5,0.75,0.75,1,19,18,0
752,9376,car,1,1,1,1,0,0,0,1,1,1.0,4,4,4,4,1.0,1.0,1,19,18,3
753,5232,bicycle,1,1,0,0,0,0,0,0,0,0.0,1,1,1,1,0.875,0.875,1,19,18,0
754,510,diningtable,1,1,0,0,0,0,0,0,0,0.0,4,4,4,4,0.75,0.75,1,19,18,0
755,4449,person,1,1,0,0,0,0,0,0,0,0.0,2,2,2,2,1.0,1.0,1,19,18,0
756,1728,sofa,0,0,0,0,0,0,0,0,0,0.0,3,3,3,3,0.2857142984867096,0.2857142984867096,1,19,18,0
757,1715,chair,0,0,0,0,0,0,0,0,0,0.0,2,2,2,2,0.0,0.0,1,19,18,0
758,1811,sofa,0,0,0,0,0,0,0,0,0,0.0,5,5,5,5,0.0,0.0,1,19,16,0
759,3328,person,0,0,0,0,0,0,0,1,1,1.0,0,0,0,0,0.125,0.125,1,19,18,10
760,5722,horse,1,1,1,0,1,0,0,1,1,0.9473684210526316,0,0,0,0,1.0,1.0,1,19,18,1
761,4098,diningtable,0,0,0,0,0,0,0,1,1,1.0,6,6,6,6,0.3333333432674408,0.3333333432674408,1,19,17,9
762,1167,sofa,1,1,0,0,0,0,0,0,0,0.0,1,1,1,1,1.0,1.0,1,19,17,0
763,9134,train,1,1,0,0,0,0,0,0,0,0.0,1,1,1,1,0.9090909361839294,0.9090909361839294,1,19,18,0
764,1086,person,1,1,1,1,0,0,0,1,1,1.0,3,3,3,3,0.75,0.75,1,19,18,6
765,7500,person,1,1,1,1,0,0,0,1,1,1.0,0,0,0,0,1.0,1.0,1,19,18,6
766,1998,motorbike,0,0,0,0,0,0,0,0,0,0.0,7,7,7,7,0.4000000059604645,0.4000000059604645,1,19,18,0
767,2111,person,0,0,0,0,0,0,0,1,1,1.0,0,0,0,0,0.0,0.0,1,19,18,6
768,217,diningtable,1,1,0,0,0,0,0,0,0,0.0,0,0,0,0,1.0,1.0,1,19,18,0
769,2888,diningtable,0,0,0,0,0,0,0,0,0,0.0,0,0,0,0,0.0714285746216774,0.0714285746216774,1,19,18,0
770,1823,person,1,1,0,0,0,0,0,0,0,0.0,4,4,4,4,0.5,0.5,1,19,18,0
771,9010,chair,1,1,0,0,0,0,0,0,0,0.0,1,1,1,1,0.800000011920929,0.800000011920929,1,19,18,0
772,9143,person,1,1,1,1,0,0,0,1,1,1.0,5,5,5,5,1.0,1.0,1,19,18,5
773,4629,horse,1,1,0,0,0,0,0,0,0,0.0,1,1,1,1,1.0,1.0,1,19,18,0
774,8192,person,1,1,1,0,1,0,0,1,1,0.8421052631578947,4,4,4,4,0.8571428656578064,0.8571428656578064,1,19,16,1
775,7028,sheep,1,1,0,0,0,0,0,0,0,0.0,2,2,2,2,0.5,0.5,1,19,18,0
776,205,sofa,0,0,0,0,0,0,0,1,1,1.0,0,0,0,0,0.7272727489471436,0.7272727489471436,1,19,17,13
777,3232,horse,1,1,0,0,0,0,0,0,0,0.0,6,6,6,6,1.0,1.0,1,19,18,0
778,1134,car,0,0,0,0,0,0,0,1,1,1.0,6,6,6,6,0.3333333432674408,0.3333333432674408,1,19,18,17
779,8104,aeroplane,1,1,1,0,1,0,0,1,1,0.9941520467836258,6,6,6,6,1.0,1.0,1,19,17,2
780,2768,person,0,0,0,0,0,0,0,1,1,1.0,1,1,1,1,0.0,0.0,1,19,18,3
781,504,cow,1,1,0,0,0,0,0,0,0,0.0,4,4,4,4,1.0,1.0,1,19,18,0
782,7178,person,0,0,0,0,0,0,0,1,1,1.0,2,2,2,2,0.1111111119389534,0.1111111119389534,1,19,17,10
783,4249,car,0,0,0,0,0,0,0,1,1,1.0,2,2,2,2,0.0,0.0,1,19,18,4
784,1039,chair,1,1,0,0,0,0,0,0,0,0.0,2,2,2,2,1.0,1.0,1,19,18,0
785,9606,diningtable,0,0,0,0,0,0,0,1,1,0.8947368421052632,7,7,7,7,0.0,0.0,1,19,17,1
786,2874,sofa,0,0,0,0,0,0,0,1,1,0.9473684210526316,3,3,3,3,0.0,0.0,1,19,18,1
787,1619,car,1,1,1,1,0,0,0,1,1,0.8947368421052632,3,3,3,3,0.6000000238418579,0.6000000238418579,1,19,17,1
788,9237,person,0,0,0,0,0,0,0,1,1,1.0,3,3,3,3,0.0,0.0,1,19,18,16
789,924,bus,0,0,0,0,0,0,0,1,1,0.9473684210526316,1,1,1,1,0.0,0.0,1,19,18,1
790,7321,tvmonitor,0,0,0,0,0,0,0,1,1,1.0,2,2,2,2,0.1666666716337204,0.1666666716337204,1,19,17,3
791,6361,horse,1,1,1,1,0,0,0,1,1,1.0,5,5,5,5,0.8333333134651184,0.8333333134651184,1,19,18,3
792,2703,aeroplane,0,0,0,0,0,0,0,1,1,1.0,7,7,7,7,0.0,0.0,1,19,18,8
793,1620,person,0,0,0,0,0,0,0,1,1,1.0,3,3,3,3,0.0,0.0,1,19,18,5
794,3220,train,1,1,0,0,0,0,0,0,0,0.0,3,3,3,3,1.0,1.0,1,19,17,0
795,839,sofa,1,1,0,0,0,0,0,0,0,0.0,1,1,1,1,0.5,0.5,1,19,18,0
796,6060,person,0,0,0,0,0,0,0,1,1,1.0,0,0,0,0,0.0,0.0,1,19,18,10
797,6274,person,1,1,1,1,0,0,0,1,1,0.9473684210526316,4,4,4,4,1.0,1.0,1,19,18,1
798,2159,person,1,1,1,1,0,0,0,1,1,1.0,2,2,2,2,1.0,1.0,1,19,18,4
799,1992,person,1,1,1,0,1,0,0,1,1,0.9941520467836258,0,0,0,0,1.0,1.0,1,19,17,2
800,1307,person,1,1,0,0,0,0,0,0,0,0.0,6,6,6,6,1.0,1.0,1,19,18,0
801,7176,car,0,0,0,0,0,0,0,1,1,1.0,6,6,6,6,0.4000000059604645,0.4000000059604645,1,19,18,13
802,4422,pottedplant,0,0,0,0,0,0,0,1,1,1.0,7,7,7,7,0.0,0.0,1,19,18,4
803,4245,car,1,1,1,1,0,0,0,1,1,1.0,1,1,1,1,1.0,1.0,1,19,18,4
804,743,train,1,1,1,1,0,0,0,1,1,1.0,2,2,2,2,1.0,1.0,1,19,18,2
805,38,person,0,0,0,0,0,0,0,0,0,0.0,0,0,0,0,0.0,0.0,1,19,17,0
806,9895,car,0,0,0,0,0,0,0,1,1,1.0,7,7,7,7,0.0,0.0,1,19,18,8
807,2511,horse,1,1,0,0,0,0,0,0,0,0.0,2,2,2,2,0.7272727489471436,0.7272727489471436,2,19,18,0
808,1256,bicycle,0,0,0,0,0,0,0,1,1,0.9473684210526316,5,5,5,5,0.2857142984867096,0.2857142984867096,1,19,18,1
809,536,bus,0,0,0,0,0,0,0,1,1,1.0,2,2,2,2,0.0,0.0,1,19,18,3
810,9674,motorbike,1,1,0,0,0,0,0,0,0,0.0,6,6,6,6,0.6000000238418579,0.6000000238418579,1,19,18,0
811,6056,diningtable,1,1,0,0,0,0,0,0,0,0.0,7,7,7,7,0.8333333134651184,0.8333333134651184,1,19,16,0
812,3670,motorbike,0,0,0,0,0,0,0,1,1,1.0,3,3,3,3,0.09090909361839294,0.09090909361839294,1,19,18,16
813,5250,sofa,0,0,0,0,0,0,0,1,1,1.0,6,6,6,6,0.0,0.0,1,19,18,7
814,5943,sofa,1,1,0,0,0,0,0,0,0,0.0,0,0,0,0,1.0,1.0,1,19,18,0
815,6334,bus,1,1,0,0,0,0,0,0,0,0.0,4,4,4,4,0.6666666865348816,0.6666666865348816,1,19,17,0
816,6407,bus,0,0,0,0,0,0,0,1,1,1.0,3,3,3,3,1.0,1.0,1,19,18,10
817,4068,sofa,1,1,0,0,0,0,0,0,0,0.0,1,1,1,1,0.800000011920929,0.800000011920929,1,19,16,0
818,5140,diningtable,1,1,0,0,0,0,0,0,0,0.0,7,7,7,7,0.75,0.75,1,19,18,0
819,942,train,0,0,0,0,0,0,0,1,1,0.9473684210526316,7,7,7,7,0.0,0.0,1,19,18,1
820,9696,person,1,1,1,1,0,0,0,1,1,1.0,2,2,2,2,1.0,1.0,1,19,18,7
821,9660,chair,1,1,1,1,0,0,0,1,1,0.8947368421052632,7,7,7,7,1.0,1.0,1,19,17,1
822,3643,person,1,1,1,1,0,0,0,1,1,0.9989680082559339,3,3,3,3,1.0,1.0,1,19,16,3
823,258,person,1,1,1,1,0,0,0,1,1,1.0,5,5,5,5,0.6000000238418579,0.6000000238418579,1,19,18,3
824,6307,sofa,1,1,0,0,0,0,0,0,0,0.0,7,7,7,7,1.0,1.0,1,19,15,0
825,90,person,1,1,0,0,0,0,0,0,0,0.0,0,0,0,0,1.0,1.0,1,19,18,0
826,8603,dog,1,1,1,1,0,0,0,1,1,1.0,7,7,7,7,1.0,1.0,1,19,18,2
827,7945,train,1,0,1,1,0,0,0,1,1,1.0,0,0,0,0,1.0,1.0,1,19,18,11
828,7913,pottedplant,1,1,0,0,0,0,0,0,0,0.0,7,4,4,4,1.0,1.0,2,19,18,0
829,3734,horse,1,1,0,0,0,0,0,0,0,0.0,2,2,2,2,0.8888888955116272,0.8888888955116272,1,19,18,0
830,4393,train,1,1,1,0,1,0,0,1,1,0.9473684210526316,1,1,1,1,0.699999988079071,0.699999988079071,1,19,18,1
831,456,bus,0,0,0,0,0,0,0,0,0,0.0,0,0,0,0,0.2857142984867096,0.2857142984867096,1,19,18,0
832,9806,bus,1,1,0,0,0,0,0,0,0,0.0,1,1,1,1,1.0,1.0,1,19,17,0
833,181,sofa,1,1,0,0,0,0,0,0,0,0.0,4,4,4,4,1.0,1.0,1,19,17,0
834,5925,bicycle,0,0,0,0,0,0,0,0,0,0.0,3,3,3,3,0.4000000059604645,0.4000000059604645,1,19,18,0
835,5597,diningtable,1,1,0,0,0,0,0,0,0,0.0,7,7,4,7,1.0,1.0,2,19,18,0
836,1769,horse,0,0,0,0,0,0,0,1,1,1.0,2,2,2,2,1.0,1.0,1,19,18,16
837,9850,motorbike,1,1,0,0,0,0,0,0,0,0.0,2,2,2,2,1.0,1.0,1,19,18,0
838,2756,train,1,1,0,0,0,0,0,0,0,0.0,1,1,1,1,1.0,1.0,1,19,18,0
839,3976,person,0,0,0,0,0,0,0,1,1,1.0,5,5,5,5,1.0,1.0,1,19,18,10
840,6081,diningtable,0,0,0,0,0,0,0,0,0,0.0,4,4,4,4,0.1666666716337204,0.1666666716337204,1,19,18,0
841,6826,chair,1,1,0,0,0,0,0,0,0,0.0,3,3,3,3,0.8571428656578064,0.8571428656578064,1,19,17,0
842,280,diningtable,1,1,0,0,0,0,0,0,0,0.0,5,5,5,5,1.0,1.0,1,19,17,0
843,3553,car,1,1,1,1,0,0,0,1,1,1.0,6,6,6,6,1.0,1.0,1,19,18,8
844,8325,sofa,0,0,0,0,0,0,0,0,0,0.0,2,2,2,2,0.0833333358168602,0.0833333358168602,1,19,18,0
845,1534,diningtable,0,0,0,0,0,0,0,1,1,0.8947368421052632,2,2,2,2,0.25,0.25,1,19,17,1
846,8219,person,1,1,0,0,0,0,0,0,0,0.0,2,2,2,2,0.6666666865348816,0.6666666865348816,1,19,18,0
847,5316,car,0,0,0,0,0,0,0,1,1,1.0,0,0,0,0,0.0,0.0,1,19,17,6
848,4173,pottedplant,1,1,0,0,0,0,0,0,0,0.0,7,7,7,7,0.75,0.75,1,19,18,0
849,9798,diningtable,0,0,0,0,0,0,0,1,0,0.8421052631578947,1,1,1,1,0.25,0.25,1,19,16,1
850,2909,person,0,0,0,0,0,0,0,1,1,0.9473684210526316,4,4,4,4,0.0,0.0,1,19,18,1
851,8314,horse,1,1,1,1,0,0,0,1,1,1.0,3,3,3,3,1.0,1.0,1,19,18,4
852,1080,aeroplane,1,1,0,0,0,0,0,0,0,0.0,3,3,3,3,1.0,1.0,1,19,18,0
853,9901,person,1,1,1,1,0,0,0,1,1,1.0,4,4,4,4,0.8333333134651184,0.8333333134651184,1,19,17,7
854,7134,horse,1,1,1,1,0,0,0,1,1,0.9473684210526316,2,2,2,2,0.800000011920929,0.800000011920929,1,19,18,1
855,1770,boat,1,1,0,0,0,0,0,0,0,0.0,5,5,5,5,1.0,1.0,1,19,18,0
856,2455,sofa,0,0,0,0,0,0,0,1,1,0.9473684210526316,5,5,5,5,0.3333333432674408,0.3333333432674408,1,19,18,1
857,9595,chair,1,1,1,1,0,0,0,1,1,0.9473684210526316,5,5,5,5,1.0,1.0,1,19,18,1
858,4366,chair,0,0,0,0,0,0,0,1,1,1.0,3,3,3,3,0.0,0.0,1,19,18,2
859,5907,person,0,0,0,0,0,0,0,1,1,1.0,7,7,7,7,1.0,1.0,1,19,18,13
860,9547,person,1,1,1,1,0,0,0,1,1,0.9473684210526316,0,0,0,0,1.0,1.0,1,19,18,1
861,8156,pottedplant,1,1,0,0,0,0,0,0,0,0.0,4,4,4,4,0.75,0.75,1,19,18,0
862,5362,diningtable,1,1,1,1,0,0,0,1,0,0.8947368421052632,6,6,6,6,0.800000011920929,0.800000011920929,1,19,17,1
863,1357,motorbike,0,0,0,0,0,0,0,1,1,1.0,3,5,5,5,0.2222222238779068,0.8333333134651184,3,19,18,13
864,584,bicycle,0,0,0,0,0,0,0,1,1,1.0,3,3,3,3,0.13333334028720856,0.13333334028720856,1,19,18,3
865,8230,motorbike,0,0,0,0,0,0,0,1,1,1.0,3,3,3,3,1.0,1.0,1,19,18,13
866,6142,person,1,1,0,0,0,0,0,0,0,0.0,2,2,2,2,1.0,1.0,1,19,17,0
867,9367,sofa,1,1,0,0,0,0,0,0,0,0.0,0,0,0,0,0.8999999761581421,0.8999999761581421,1,19,18,0
868,762,diningtable,0,0,0,0,0,0,0,1,1,1.0,3,3,3,3,0.9090909361839294,0.9090909361839294,1,19,17,18
869,4523,person,1,1,1,0,1,0,0,1,1,1.0,6,6,6,6,1.0,1.0,1,19,18,8
870,2705,person,0,0,0,0,0,0,0,1,1,1.0,3,3,3,3,0.5,0.5,1,19,16,12
871,8102,person,0,0,0,0,0,0,0,1,1,1.0,4,4,4,4,0.75,0.75,1,19,18,12
872,9384,car,1,1,0,0,0,0,0,0,0,0.0,5,5,5,5,1.0,1.0,1,19,18,0
873,3538,motorbike,1,1,1,0,1,0,0,1,1,0.9473684210526316,2,2,2,2,1.0,1.0,1,19,18,1
874,9728,boat,0,0,0,0,0,0,0,0,0,0.0,3,3,3,3,0.0,0.0,1,19,18,0
875,5610,horse,0,0,0,0,0,0,0,1,1,1.0,1,1,1,1,0.3076923191547394,0.3076923191547394,1,19,18,2
876,127,person,1,1,1,1,0,0,0,1,1,1.0,7,7,7,7,1.0,1.0,1,19,18,7
877,6137,car,0,0,0,0,0,0,0,1,1,1.0,5,5,5,5,0.0,0.0,1,19,18,14
878,9534,bicycle,1,1,0,0,0,0,0,0,0,0.0,1,1,1,1,0.6666666865348816,0.6666666865348816,1,19,18,0
879,7415,boat,0,0,0,0,0,0,0,1,1,1.0,0,0,0,0,0.0,0.0,1,19,18,13
880,5041,person,1,1,1,1,0,0,0,1,1,1.0,6,6,6,6,1.0,1.0,1,19,17,11
881,453,car,1,1,1,1,0,0,0,1,1,1.0,6,6,6,6,0.8333333134651184,0.8333333134651184,1,19,18,8
882,9452,person,0,0,0,0,0,0,0,0,0,0.0,0,0,0,0,0.10000000149011612,0.10000000149011612,1,19,18,0
883,7564,chair,0,0,0,0,0,0,0,1,1,1.0,1,1,1,1,0.1111111119389534,0.1111111119389534,1,19,18,7
884,5498,sofa,1,1,0,0,0,0,0,0,0,0.0,4,4,4,4,1.0,1.0,1,19,18,0
885,8804,horse,1,1,0,0,0,0,0,0,0,0.0,2,2,2,2,1.0,1.0,1,19,18,0
886,5513,horse,1,1,0,0,0,0,0,0,0,0.0,4,4,4,4,0.8181818127632141,0.8181818127632141,1,19,18,0
887,6126,sofa,1,1,0,0,0,0,0,0,0,0.0,6,6,6,6,0.6666666865348816,0.6666666865348816,1,19,18,0
888,7005,bicycle,1,1,1,1,0,0,0,1,1,1.0,1,1,1,1,1.0,1.0,1,19,18,4
889,3592,person,0,0,0,0,0,0,0,1,1,1.0,2,2,2,2,0.125,0.125,1,19,18,5
890,3742,person,1,1,0,0,0,0,0,0,0,0.0,3,3,3,3,1.0,1.0,1,19,18,0
891,9075,person,0,0,0,0,0,0,0,1,1,1.0,3,3,3,3,0.0,0.0,1,19,17,3
892,7400,boat,1,1,0,0,0,0,0,0,0,0.0,2,2,2,2,0.6000000238418579,0.6000000238418579,1,19,18,0
893,4297,person,0,0,0,0,0,0,0,1,1,1.0,7,7,7,7,0.0,0.0,1,19,18,7
894,4116,cat,1,1,0,0,0,0,0,0,0,0.0,2,2,2,2,1.0,1.0,2,19,18,0
895,4892,diningtable,0,0,0,0,0,0,0,0,0,0.0,4,4,4,4,0.20000000298023224,0.20000000298023224,1,19,18,0
896,8597,motorbike,0,0,0,0,0,0,0,1,1,1.0,7,2,2,2,0.0,0.0,2,19,18,16
897,7591,bus,1,1,0,0,0,0,0,0,0,0.0,4,4,4,4,1.0,1.0,1,19,18,0
898,319,horse,1,1,1,1,0,0,0,1,0,0.9473684210526316,2,2,2,2,0.800000011920929,0.800000011920929,1,19,18,1
899,9768,horse,0,0,0,0,0,0,0,1,1,1.0,0,0,0,0,0.0,0.0,1,19,16,4
900,1407,chair,1,1,0,0,0,0,0,0,0,0.0,2,2,2,2,1.0,1.0,1,19,18,0
901,2780,horse,1,1,1,1,0,0,0,1,1,0.9473684210526316,0,0,0,0,1.0,1.0,1,19,18,1
902,5494,person,1,1,0,0,0,0,0,0,0,0.0,5,5,5,5,1.0,1.0,1,19,18,0
903,7000,person,1,1,1,1,0,0,0,1,1,1.0,1,1,1,1,1.0,1.0,1,19,18,4
904,5678,motorbike,0,0,0,0,0,0,0,1,1,1.0,6,6,6,6,0.3333333432674408,0.3333333432674408,1,19,18,8
905,7307,motorbike,0,0,0,0,0,0,0,1,1,1.0,7,7,7,7,0.0,0.0,1,19,18,18
906,2229,bus,0,0,0,0,0,0,0,1,1,0.9473684210526316,2,2,2,2,0.06666667014360428,0.06666667014360428,1,19,18,1
907,6426,person,1,1,0,0,0,0,0,0,0,0.0,3,3,3,3,0.75,0.75,1,19,18,0
908,9012,diningtable,1,1,0,0,0,0,0,0,0,0.0,7,7,7,7,1.0,1.0,1,19,17,0
909,2298,chair,1,1,1,1,0,0,0,1,1,0.9941520467836258,5,5,5,5,1.0,1.0,1,19,17,2
910,4053,tvmonitor,0,0,0,0,0,0,0,0,0,0.0,7,7,7,7,0.2857142984867096,0.2857142984867096,1,19,17,0
911,8574,horse,1,1,0,0,0,0,0,0,0,0.0,2,2,2,2,1.0,1.0,1,19,18,0
912,1489,diningtable,0,0,0,0,0,0,0,1,1,0.9941520467836258,7,7,7,7,0.0,0.0,1,19,17,2
913,1802,train,0,0,0,0,0,0,0,1,1,1.0,5,5,5,5,0.75,0.75,1,19,18,11
914,6195,person,1,1,0,0,0,0,0,0,0,0.0,2,2,2,2,1.0,1.0,1,19,18,0
915,744,diningtable,1,1,0,0,0,0,0,0,0,0.0,6,6,6,6,1.0,1.0,1,19,18,0
916,3853,person,0,0,0,0,0,0,0,1,1,1.0,2,2,2,2,0.0,0.0,1,19,18,9
917,3022,horse,1,1,0,0,0,0,0,0,0,0.0,5,5,5,5,1.0,1.0,1,19,18,0
918,4703,bicycle,0,0,0,0,0,0,0,1,1,0.9473684210526316,0,0,0,0,0.3333333432674408,0.3333333432674408,1,19,18,1
919,1988,bicycle,0,0,0,0,0,0,0,0,0,0.0,5,5,5,5,0.25,0.25,1,19,18,0
920,7320,person,0,0,0,0,0,0,0,0,0,0.0,4,4,4,4,0.0,0.0,1,19,18,0
921,6490,boat,1,1,0,0,0,0,0,0,0,0.0,3,3,3,3,1.0,1.0,1,19,17,0
922,7354,person,1,1,0,0,0,0,0,0,0,0.0,2,2,2,2,1.0,1.0,1,19,17,0
923,9044,motorbike,0,0,0,0,0,0,0,1,1,1.0,5,5,5,5,0.3333333432674408,0.3333333432674408,1,19,18,13
924,128,aeroplane,1,1,0,0,0,0,0,0,0,0.0,1,1,1,1,1.0,1.0,1,19,18,0
925,393,horse,1,1,0,0,0,0,0,0,0,0.0,4,4,4,4,0.6666666865348816,0.6666666865348816,2,19,18,0
926,8249,boat,1,1,1,0,1,0,0,1,1,0.9473684210526316,4,4,4,4,1.0,1.0,1,19,18,1
927,1411,person,1,1,0,0,0,0,0,0,0,0.0,3,3,3,3,1.0,1.0,1,19,17,0
928,6086,diningtable,1,1,1,1,0,0,0,1,1,1.0,4,4,4,4,0.6666666865348816,0.6666666865348816,1,19,17,4
929,9890,motorbike,0,0,0,0,0,0,0,1,1,1.0,2,2,2,2,0.09090909361839294,0.09090909361839294,1,19,18,6
930,4381,horse,1,1,0,0,0,0,0,0,0,0.0,1,1,1,1,1.0,1.0,1,19,18,0
931,8711,car,1,1,1,0,1,0,0,1,1,1.0,2,2,2,2,0.9166666865348816,0.9166666865348816,1,19,18,3
932,4807,horse,1,1,0,0,0,0,0,0,0,0.0,3,3,3,3,1.0,1.0,1,19,18,0
933,8625,aeroplane,0,0,0,0,0,0,0,1,1,1.0,1,7,3,3,0.0,0.0,3,19,18,11
934,8480,person,0,0,0,0,0,0,0,1,1,1.0,5,5,5,5,0.1666666716337204,0.1666666716337204,1,19,18,3
935,3341,person,1,1,1,1,0,0,0,1,1,1.0,4,4,4,4,0.8999999761581421,0.8999999761581421,1,19,17,3
936,237,horse,1,1,0,0,0,0,0,0,0,0.0,3,3,3,3,1.0,1.0,1,19,18,0
937,1366,person,0,0,0,0,0,0,0,1,1,1.0,6,6,6,6,0.0,0.0,1,19,18,15
938,7391,diningtable,0,0,0,0,0,0,0,0,0,0.0,4,4,4,4,0.2857142984867096,0.2857142984867096,1,19,18,0
939,9715,sofa,1,1,0,0,0,0,0,0,0,0.0,3,3,3,3,1.0,1.0,1,19,18,0
940,3502,diningtable,1,1,0,0,0,0,0,0,0,0.0,7,7,7,7,1.0,1.0,1,19,18,0
941,1394,car,1,0,1,1,0,0,0,1,1,1.0,1,1,1,1,0.6000000238418579,0.6000000238418579,1,19,18,8
942,8276,person,1,1,0,0,0,0,0,0,0,0.0,5,5,5,5,1.0,1.0,1,19,18,0
943,2808,motorbike,1,1,1,0,1,0,0,1,1,1.0,6,6,6,6,1.0,1.0,1,19,18,6
944,485,person,0,0,0,0,0,0,0,1,1,1.0,1,1,1,1,1.0,1.0,1,19,18,14
945,5473,sofa,0,0,0,0,0,0,0,1,1,1.0,4,4,4,4,0.0,0.0,1,19,18,10
946,8669,aeroplane,0,0,0,0,0,0,0,0,0,0.0,0,0,0,0,0.09090909361839294,0.09090909361839294,1,19,18,0
947,2314,cow,1,1,0,0,0,0,0,0,0,0.0,7,7,7,7,0.6666666865348816,0.6666666865348816,1,19,18,0
948,2379,motorbike,1,1,1,1,0,0,0,1,1,0.9473684210526316,0,0,0,0,0.6666666865348816,0.6666666865348816,1,19,18,1
949,9498,bus,0,0,0,0,0,0,0,1,1,1.0,1,1,1,1,1.0,1.0,1,19,18,12
950,8455,motorbike,0,0,0,0,0,0,0,1,1,1.0,5,5,5,5,0.1666666716337204,0.1666666716337204,1,19,18,11
951,5151,diningtable,0,0,0,0,0,0,0,1,1,1.0,4,4,4,4,0.0,0.0,1,19,18,8
952,4744,person,0,0,0,0,0,0,0,1,1,1.0,6,6,6,6,0.0,0.0,1,19,18,19
953,201,motorbike,0,0,0,0,0,0,0,1,1,0.9473684210526316,2,2,2,2,0.0,0.0,1,19,18,1
954,8803,sofa,1,1,0,0,0,0,0,0,0,0.0,1,1,1,1,0.75,0.75,1,19,18,0
955,1412,horse,1,1,1,1,0,0,0,1,1,1.0,4,4,4,4,1.0,1.0,1,19,18,5
956,3503,bus,0,0,0,0,0,0,0,1,1,1.0,4,0,0,0,0.0,1.0,2,19,17,16
957,7896,person,0,0,0,0,0,0,0,1,1,1.0,4,4,4,4,0.4285714328289032,0.4285714328289032,1,19,17,13
958,6169,sofa,1,1,1,0,1,0,0,1,1,1.0,4,4,4,4,0.8571428656578064,0.8571428656578064,1,19,17,5
959,7978,person,1,1,1,1,0,0,0,1,1,1.0,4,4,4,4,1.0,1.0,1,19,18,4
960,9601,person,0,0,0,0,0,0,0,1,1,1.0,0,0,0,0,0.0,0.0,1,19,18,6
961,2531,car,0,0,0,0,0,0,0,1,1,1.0,1,1,1,1,1.0,1.0,1,19,18,18
962,9274,person,1,1,1,1,0,0,0,1,1,1.0,2,2,2,2,1.0,1.0,1,19,18,5
963,7832,chair,0,0,0,0,0,0,0,1,1,1.0,1,1,1,1,0.0,0.0,1,19,18,12
964,9630,cat,1,1,0,0,0,0,0,0,0,0.0,3,3,3,3,0.75,0.75,1,19,17,0
965,7268,person,0,0,0,0,0,0,0,1,0,0.9473684210526316,4,4,4,4,0.1666666716337204,0.1666666716337204,1,19,18,1
966,4443,boat,0,0,0,0,0,0,0,0,0,0.0,6,6,6,6,0.20000000298023224,0.20000000298023224,1,19,18,0
967,2040,car,0,0,0,0,0,0,0,1,1,1.0,2,2,2,2,0.3333333432674408,0.3333333432674408,1,19,18,6
968,6016,car,0,0,0,0,0,0,0,1,1,1.0,0,6,6,6,1.0,1.0,2,19,18,15
969,4844,car,0,0,0,0,0,0,0,1,1,1.0,2,4,4,2,0.0,0.0,2,19,18,12
970,6380,diningtable,1,1,1,0,1,0,0,1,1,1.0,5,5,5,5,1.0,1.0,1,19,17,7
971,6767,person,0,0,0,0,0,0,0,1,1,1.0,0,0,0,0,0.0,0.0,1,19,18,10
972,4698,person,1,1,1,1,0,0,0,1,1,1.0,0,0,0,0,1.0,1.0,1,19,18,7
973,1459,person,0,0,0,0,0,0,0,1,1,1.0,4,4,4,4,0.0,0.0,1,19,18,9
974,421,person,0,0,0,0,0,0,0,1,1,1.0,1,1,1,1,0.20000000298023224,0.20000000298023224,1,19,18,13
975,2463,person,0,0,0,0,0,0,0,1,1,1.0,2,2,2,2,0.4444444477558136,0.4444444477558136,1,19,17,5
976,1031,motorbike,1,1,0,0,0,0,0,0,0,0.0,0,0,0,0,0.8333333134651184,0.8333333134651184,1,19,18,0
977,6376,car,0,0,0,0,0,0,0,1,1,1.0,0,0,0,0,1.0,1.0,1,19,18,13
978,5804,pottedplant,1,1,0,0,0,0,0,0,0,0.0,4,4,4,4,0.6363636255264282,0.6363636255264282,1,19,17,0
979,2674,diningtable,0,0,0,0,0,0,0,1,1,0.8947368421052632,5,5,5,5,0.2857142984867096,0.2857142984867096,1,19,17,1
980,8583,person,1,1,1,1,0,0,0,1,1,1.0,6,6,6,6,1.0,1.0,1,19,18,5
981,7235,bicycle,0,0,0,0,0,0,0,1,1,1.0,6,6,6,6,0.10000000149011612,0.10000000149011612,1,19,18,8
982,3309,sofa,1,1,0,0,0,0,0,0,0,0.0,1,1,1,1,0.9285714030265808,0.9285714030265808,1,19,17,0
983,3520,person,1,1,0,0,0,0,0,0,0,0.0,5,5,5,5,1.0,1.0,1,19,18,0
984,5941,diningtable,0,0,0,0,0,0,0,1,1,0.8947368421052632,4,4,4,4,0.25,0.25,1,19,17,1
985,6527,car,0,0,0,0,0,0,0,1,1,1.0,1,1,1,1,0.0,0.0,1,19,18,6
986,4822,motorbike,1,1,1,0,1,0,0,1,1,0.9473684210526316,2,2,2,2,1.0,1.0,1,19,18,1
987,5612,person,1,1,1,1,0,0,0,1,1,1.0,1,1,1,1,1.0,1.0,1,19,18,2
988,2016,person,0,0,0,0,0,0,0,1,1,1.0,0,0,0,0,0.0,0.0,1,19,18,17
989,9803,horse,1,1,0,0,0,0,0,0,0,0.0,3,3,3,3,0.6666666865348816,0.6666666865348816,1,19,18,0
990,696,aeroplane,1,1,0,0,0,0,0,0,0,0.0,2,2,2,2,0.800000011920929,0.800000011920929,1,19,18,0
991,8758,person,0,0,0,0,0,0,0,1,1,1.0,3,3,3,3,0.0,0.0,1,19,18,10
992,3531,horse,1,1,0,0,0,0,0,0,0,0.0,1,1,1,1,0.875,0.875,1,19,18,0
993,8158,car,1,1,0,0,0,0,0,0,0,0.0,2,2,2,2,1.0,1.0,1,19,18,0
994,3541,person,1,1,1,1,0,0,0,1,1,1.0,3,3,3,3,0.699999988079071,0.699999988079071,1,19,18,4
995,4589,horse,1,1,1,1,0,0,0,1,1,1.0,6,6,6,6,0.800000011920929,0.800000011920929,1,19,18,4
996,6384,person,0,0,0,0,0,0,0,1,1,1.0,0,0,0,0,0.2222222238779068,0.2222222238779068,1,19,18,3
997,1319,person,0,0,0,0,0,0,0,1,1,1.0,2,2,2,2,0.0,0.0,1,19,18,10
998,105,boat,1,1,0,0,0,0,0,0,0,0.0,2,2,2,2,1.0,1.0,1,19,18,0
999,8642,bus,0,0,0,0,0,0,0,1,1,1.0,0,0,0,0,0.0,0.0,1,19,18,5
1000,9514,pottedplant,1,1,0,0,0,0,0,0,0,0.0,4,4,4,4,0.7142857313156128,0.7142857313156128,1,19,16,0
1001,4769,bicycle,1,1,0,0,0,0,0,0,0,0.0,2,2,2,2,0.8571428656578064,0.8571428656578064,1,19,18,0
1002,1438,diningtable,1,1,0,0,0,0,0,0,0,0.0,3,3,3,3,1.0,1.0,1,19,18,0
1003,1037,dog,1,1,1,1,0,0,0,1,1,0.9473684210526316,2,2,2,2,1.0,1.0,1,19,18,1
1004,3346,person,1,1,0,0,0,0,0,0,0,0.0,6,6,6,6,1.0,1.0,1,19,18,0
1005,3677,motorbike,1,1,1,1,0,0,0,1,1,0.8947368421052632,0,0,0,0,0.800000011920929,0.800000011920929,1,19,17,1
1006,8047,tvmonitor,1,1,0,0,0,0,0,0,0,0.0,2,2,2,2,0.7272727489471436,0.7272727489471436,1,19,18,0
1007,8671,sofa,1,1,0,0,0,0,0,0,0,0.0,3,3,3,3,0.5,0.5,1,19,18,0
1008,7342,person,0,0,0,0,0,0,0,0,0,0.0,4,4,4,4,0.0,0.0,1,19,18,0
1009,4208,person,1,1,1,1,0,0,0,1,0,0.9473684210526316,3,3,3,3,1.0,1.0,1,19,18,1
1010,4590,diningtable,1,1,0,0,0,0,0,0,0,0.0,3,3,3,3,1.0,1.0,1,19,18,0
1011,4720,cat,1,1,0,0,0,0,0,0,0,0.0,5,5,5,5,0.6666666865348816,0.6666666865348816,1,19,18,0
1012,7992,car,0,0,0,0,0,0,0,0,0,0.0,3,3,3,3,0.4285714328289032,0.4285714328289032,1,19,18,0
1013,2746,car,0,0,0,0,0,0,0,1,1,1.0,0,0,0,0,0.25,0.25,1,19,18,4
1014,3619,person,1,1,1,1,0,0,0,1,1,1.0,2,2,2,2,1.0,1.0,1,19,18,2
1015,6873,horse,1,1,0,0,0,0,0,0,0,0.0,2,2,2,2,0.9090909361839294,0.9090909361839294,1,19,18,0
1016,8217,boat,0,0,0,0,0,0,0,0,0,0.0,3,3,3,3,0.20000000298023224,0.20000000298023224,1,19,18,0
1017,8845,motorbike,1,1,1,1,0,0,0,1,1,0.9473684210526316,3,3,3,3,0.8181818127632141,0.8181818127632141,1,19,18,1
1018,9914,chair,0,0,0,0,0,0,0,1,1,1.0,7,7,7,7,0.0,0.0,1,19,18,2
1019,1183,horse,1,1,1,1,0,0,0,1,1,0.9473684210526316,3,3,3,3,0.8571428656578064,0.8571428656578064,1,19,18,1
1020,7085,train,1,1,0,0,0,0,0,0,0,0.0,3,3,3,3,0.8571428656578064,0.8571428656578064,1,19,18,0
1021,2750,person,0,0,0,0,0,0,0,1,1,1.0,5,5,5,5,0.8333333134651184,0.8333333134651184,1,19,18,12
1022,907,boat,0,0,0,0,0,0,0,1,1,1.0,3,3,3,3,0.0,0.0,1,19,18,12
1023,2141,dog,1,1,0,0,0,0,0,0,0,0.0,1,1,1,1,0.9090909361839294,0.9090909361839294,1,19,16,0
1024,7310,horse,1,1,0,0,0,0,0,0,0,0.0,0,0,0,0,0.9166666865348816,0.9166666865348816,1,19,18,0
1025,3829,train,1,0,1,1,0,0,0,1,1,1.0,3,3,1,3,1.0,1.0,2,19,18,6
1026,6257,sofa,0,0,0,0,0,0,0,1,1,1.0,6,6,6,6,0.0,0.0,1,19,18,8
1027,4855,sofa,1,1,0,0,0,0,0,0,0,0.0,1,1,1,1,1.0,1.0,1,19,18,0
1028,623,horse,1,1,0,0,0,0,0,0,0,0.0,3,3,3,3,0.8571428656578064,0.8571428656578064,1,19,18,0
1029,7944,bus,0,0,0,0,0,0,0,1,1,1.0,1,1,1,1,0.0,0.0,1,19,18,12
1030,9847,car,1,1,0,0,0,0,0,0,0,0.0,5,5,5,5,1.0,1.0,1,19,18,0
1031,2708,dog,1,1,0,0,0,0,0,0,0,0.0,0,0,0,0,0.8181818127632141,0.8181818127632141,1,19,18,0
1032,5197,motorbike,0,0,0,0,0,0,0,1,1,1.0,1,1,1,1,0.4000000059604645,0.4000000059604645,1,19,18,5
1033,5942,person,0,0,0,0,0,0,0,1,1,1.0,2,2,2,2,0.25,0.25,1,19,18,11
1034,7324,person,0,0,0,0,0,0,0,1,1,1.0,3,3,3,3,0.8571428656578064,0.8571428656578064,1,19,18,11
1035,1338,sofa,0,0,0,0,0,0,0,1,0,0.9473684210526316,6,6,6,6,0.20000000298023224,0.20000000298023224,1,19,18,1
1036,7203,tvmonitor,1,1,1,1,0,0,0,1,1,0.8947368421052632,4,4,4,4,1.0,1.0,1,19,17,1
1037,7839,car,1,1,1,1,0,0,0,1,1,1.0,6,6,6,6,1.0,1.0,1,19,18,2
1038,6359,chair,1,1,0,0,0,0,0,0,0,0.0,2,2,2,2,0.75,0.75,1,19,17,0
1039,8719,person,1,1,0,0,0,0,0,0,0,0.0,4,4,4,4,1.0,1.0,1,19,18,0
1040,7801,diningtable,0,0,0,0,0,0,0,0,0,0.0,4,4,4,4,0.375,0.375,2,19,18,0
1041,7317,person,1,1,1,1,0,0,0,1,1,0.9473684210526316,2,2,2,2,1.0,1.0,1,19,18,1
1042,4418,person,1,1,0,0,0,0,0,0,0,0.0,2,2,2,2,1.0,1.0,1,19,18,0
1043,5725,person,1,1,0,0,0,0,0,0,0,0.0,3,3,3,3,1.0,1.0,1,19,18,0
1044,9564,car,1,1,0,0,0,0,0,0,0,0.0,1,1,1,1,0.7777777910232544,0.7777777910232544,1,19,17,0
1045,9739,person,1,1,1,1,0,0,0,1,1,1.0,1,1,1,1,0.6428571343421936,0.6428571343421936,1,19,18,4
1046,3319,chair,1,1,0,0,0,0,0,0,0,0.0,1,1,1,1,0.8461538553237915,0.8461538553237915,1,19,18,0
1047,4414,train,1,1,0,0,0,0,0,0,0,0.0,1,1,1,1,0.8181818127632141,0.8181818127632141,1,19,18,0
1048,1942,car,1,1,1,1,0,0,0,1,1,1.0,7,7,7,7,1.0,1.0,1,19,17,8
1049,4311,person,0,0,0,0,0,0,0,1,1,0.9941520467836258,3,3,3,3,0.1111111119389534,0.1111111119389534,1,19,17,2
1050,1935,train,1,1,0,0,0,0,0,0,0,0.0,2,2,2,2,1.0,1.0,1,19,17,0
1051,604,horse,0,0,0,0,0,0,0,1,1,1.0,7,7,7,7,0.0,0.0,1,19,18,3
1052,629,train,1,1,0,0,0,0,0,0,0,0.0,2,2,2,2,0.8571428656578064,0.8571428656578064,1,19,18,0
1053,6662,person,0,0,0,0,0,0,0,1,1,0.9824561403508771,0,0,0,0,0.375,0.375,1,19,16,2
1054,9705,motorbike,0,0,0,0,0,0,0,1,1,1.0,1,1,1,1,0.06666667014360428,0.06666667014360428,1,19,18,6
1055,9092,bus,1,1,0,0,0,0,0,0,0,0.0,5,5,5,5,0.800000011920929,0.800000011920929,1,19,17,0
1056,239,bus,0,0,0,0,0,0,0,1,1,1.0,2,2,2,2,0.0,0.0,1,19,18,6
1057,2620,person,0,0,0,0,0,0,0,0,0,0.0,4,4,4,4,0.1428571492433548,0.1428571492433548,1,19,18,0
1058,2920,bus,1,1,0,0,0,0,0,0,0,0.0,4,4,4,4,0.75,0.75,1,19,16,0
1059,8820,boat,1,1,0,0,0,0,0,0,0,0.0,4,4,4,4,0.7142857313156128,0.7142857313156128,1,19,18,0
1060,7972,horse,0,0,0,0,0,0,0,1,1,1.0,1,1,1,1,0.20000000298023224,0.20000000298023224,1,19,18,3
1061,5482,dog,1,1,0,0,0,0,0,0,0,0.0,4,4,4,4,1.0,1.0,1,19,18,0
1062,9067,horse,1,1,0,0,0,0,0,0,0,0.0,1,1,1,1,0.800000011920929,0.800000011920929,1,19,18,0
1063,7780,sofa,1,1,1,1,0,0,0,1,1,0.9473684210526316,3,3,3,3,0.699999988079071,0.699999988079071,1,19,18,1
1064,5842,car,1,1,1,0,1,0,0,1,1,1.0,4,4,4,4,0.8571428656578064,0.8571428656578064,1,19,18,3
1065,7406,chair,0,0,0,0,0,0,0,1,1,1.0,7,7,7,7,0.0,0.0,1,19,18,5
1066,1076,person,1,1,0,0,0,0,0,0,0,0.0,3,3,3,3,1.0,1.0,1,19,18,0
1067,979,person,0,0,0,0,0,0,0,1,1,1.0,4,4,4,4,0.1428571492433548,0.1428571492433548,1,19,18,16
1068,6743,tvmonitor,1,1,0,0,0,0,0,0,0,0.0,1,1,1,1,0.5714285969734192,0.5714285969734192,1,19,17,0
1069,5261,sofa,1,1,0,0,0,0,0,0,0,0.0,0,0,0,0,0.800000011920929,0.800000011920929,1,19,18,0
1070,6721,diningtable,1,1,0,0,0,0,0,0,0,0.0,3,3,3,3,0.8999999761581421,0.8999999761581421,1,19,18,0
1071,9583,person,1,1,1,1,0,0,0,1,1,1.0,6,6,6,6,1.0,1.0,1,19,18,6
1072,7281,car,1,1,0,0,0,0,0,0,0,0.0,1,1,1,1,1.0,1.0,1,19,18,0
1073,7447,person,0,0,0,0,0,0,0,1,1,1.0,5,5,5,5,0.0,0.0,1,19,17,14
1074,2026,sofa,1,1,1,1,0,0,0,1,1,0.8421052631578947,2,2,2,2,1.0,1.0,1,19,16,1
1075,1276,chair,0,0,0,0,0,0,0,1,0,0.8947368421052632,0,0,0,0,0.0,0.0,1,19,17,1
1076,2819,horse,1,1,0,0,0,0,0,0,0,0.0,1,1,1,1,1.0,1.0,1,19,18,0
1077,3050,sheep,1,1,0,0,0,0,0,0,0,0.0,6,6,6,6,1.0,1.0,1,19,18,0
1078,8201,dog,1,1,1,1,0,0,0,1,1,0.9473684210526316,5,5,5,5,1.0,1.0,1,19,18,1
1079,1839,person,1,0,1,1,0,0,0,1,1,1.0,6,6,6,6,1.0,1.0,1,19,18,2
1080,8257,diningtable,1,1,0,0,0,0,0,0,0,0.0,1,1,1,1,0.8235294222831726,0.8235294222831726,1,19,18,0
1081,2656,person,0,0,0,0,0,0,0,1,1,1.0,3,3,3,3,0.0,0.0,1,19,17,12
1082,4276,sofa,1,1,0,0,0,0,0,0,0,0.0,1,1,1,1,0.625,0.625,1,19,17,0
1083,9355,bicycle,1,1,1,1,0,0,0,1,1,0.8947368421052632,4,4,4,4,1.0,1.0,1,19,17,1
1084,3737,person,1,1,1,0,1,0,0,1,1,1.0,2,2,2,2,1.0,1.0,1,19,18,4
1085,1705,boat,0,0,0,0,0,0,0,1,1,0.9473684210526316,3,3,3,3,0.0,0.0,1,19,18,1
1086,2035,sofa,1,1,0,0,0,0,0,0,0,0.0,1,1,1,1,1.0,1.0,1,19,18,0
1087,4819,diningtable,1,1,1,0,1,0,0,1,1,0.8947368421052632,4,4,4,4,1.0,1.0,1,19,17,1
1088,6624,diningtable,0,0,0,0,0,0,0,0,0,0.0,1,1,1,1,0.1875,0.1875,1,19,16,0
1089,452,sofa,1,1,1,0,1,0,0,1,1,0.9473684210526316,7,7,7,7,1.0,1.0,1,19,18,1
1090,5847,train,0,0,0,0,0,0,0,1,1,1.0,4,4,4,4,0.20000000298023224,0.20000000298023224,1,19,18,7
1091,8520,diningtable,0,0,0,0,0,0,0,0,0,0.0,7,7,7,7,0.20000000298023224,0.20000000298023224,1,19,17,0
1092,8000,cow,1,1,0,0,0,0,0,0,0,0.0,0,0,0,0,1.0,1.0,1,19,18,0
1093,7660,boat,0,0,0,0,0,0,0,1,1,1.0,2,2,2,2,0.125,0.125,1,19,18,6
1094,1358,person,0,0,0,0,0,0,0,1,1,1.0,7,7,7,7,0.0,0.0,1,19,18,13
1095,9937,horse,1,1,0,0,0,0,0,0,0,0.0,5,5,5,5,1.0,1.0,1,19,18,0
1096,5712,dog,1,1,0,0,0,0,0,0,0,0.0,2,2,2,2,1.0,1.0,1,19,18,0
1097,2297,chair,0,0,0,0,0,0,0,1,1,1.0,6,6,6,6,0.0,0.0,1,19,17,4
1098,4923,sofa,1,1,1,0,1,0,0,1,1,1.0,6,6,6,6,0.75,0.75,1,19,17,10
1099,9052,car,0,0,0,0,0,0,0,1,1,1.0,4,4,4,4,0.0,0.0,1,19,18,13
1100,6964,person,0,0,0,0,0,0,0,1,1,0.9473684210526316,2,2,2,2,0.3076923191547394,0.3076923191547394,1,19,18,1
1101,3305,motorbike,0,0,0,0,0,0,0,0,0,0.0,4,4,4,4,0.2857142984867096,0.2857142984867096,1,19,18,0
1102,9304,bus,1,1,0,0,0,0,0,0,0,0.0,7,7,4,7,1.0,1.0,2,19,17,0
1103,7806,aeroplane,0,0,0,0,0,0,0,1,1,1.0,0,0,0,0,0.4000000059604645,0.4000000059604645,1,19,18,12
1104,7476,person,0,0,0,0,0,0,0,1,1,1.0,5,5,5,5,0.0,0.0,1,19,18,4
1105,1709,motorbike,1,1,1,1,0,0,0,1,1,1.0,3,3,3,3,1.0,1.0,1,19,18,4
1106,2790,horse,1,1,1,1,0,0,0,1,1,1.0,6,6,6,6,1.0,1.0,1,19,17,8
1107,2398,horse,1,1,0,0,0,0,0,0,0,0.0,1,1,1,1,1.0,1.0,1,19,18,0
1108,8605,cow,0,0,0,0,0,0,0,1,1,1.0,0,0,0,0,0.0,0.0,1,19,17,17
1109,2149,car,0,0,0,0,0,0,0,1,1,1.0,0,0,3,0,0.0,0.0,2,19,18,3
1110,1222,car,1,1,1,1,0,0,0,1,1,0.8947368421052632,2,2,2,2,0.6666666865348816,0.6666666865348816,1,19,17,1
1111,6297,sofa,1,1,0,0,0,0,0,0,0,0.0,2,2,2,2,0.75,0.75,1,19,17,0
1112,7750,horse,1,1,0,0,0,0,0,0,0,0.0,1,1,1,1,0.875,0.875,3,19,18,0
1113,1748,bicycle,1,1,0,0,0,0,0,0,0,0.0,0,0,0,0,0.8333333134651184,0.8333333134651184,1,19,18,0
1114,594,bicycle,1,1,0,0,0,0,0,0,0,0.0,0,0,0,0,1.0,1.0,1,19,18,0
1115,9535,horse,1,0,0,0,0,0,0,0,0,0.0,4,4,4,4,1.0,1.0,2,19,18,0
1116,7110,diningtable,1,1,0,0,0,0,0,0,0,0.0,5,5,5,5,1.0,1.0,2,19,16,0
1117,1868,sofa,1,1,0,0,0,0,0,0,0,0.0,2,2,2,2,0.8571428656578064,0.8571428656578064,1,19,18,0
1118,2189,diningtable,1,1,0,0,0,0,0,0,0,0.0,7,7,7,7,0.800000011920929,0.800000011920929,1,19,17,0
1119,6292,bicycle,1,1,1,1,0,0,0,1,1,0.9473684210526316,3,3,3,3,1.0,1.0,1,19,18,1
1120,6894,cat,0,0,0,0,0,0,0,1,1,1.0,2,2,2,2,0.5833333134651184,0.5833333134651184,1,19,18,14
1121,1961,chair,0,0,0,0,0,0,0,0,0,0.0,3,3,3,3,0.4285714328289032,0.4285714328289032,1,19,18,0
1122,5442,person,0,0,0,0,0,0,0,1,1,1.0,7,7,7,7,1.0,1.0,1,19,18,9
1123,1245,horse,1,1,0,0,0,0,0,0,0,0.0,3,3,3,3,1.0,1.0,1,19,18,0
1124,1347,person,1,1,1,0,1,0,0,1,1,0.9473684210526316,3,3,3,3,1.0,1.0,1,19,18,1
1125,9513,chair,0,0,0,0,0,0,0,1,1,0.9473684210526316,1,1,1,1,0.0,0.0,1,19,18,1
1126,7567,person,0,0,0,0,0,0,0,1,1,1.0,1,1,1,1,0.0,0.0,1,19,17,4
1127,4780,car,1,1,0,0,0,0,0,0,0,0.0,0,0,0,0,1.0,1.0,1,19,16,0
1128,975,dog,1,1,1,1,0,0,0,1,1,1.0,1,1,1,1,0.8571428656578064,0.8571428656578064,1,19,18,8
1129,5746,bus,1,1,0,0,0,0,0,0,0,0.0,4,4,4,4,0.8333333134651184,0.8333333134651184,1,19,17,0
1130,6644,person,0,0,0,0,0,0,0,1,1,1.0,5,5,5,5,0.0,0.0,1,19,18,2
1131,4941,pottedplant,1,1,0,0,0,0,0,0,0,0.0,2,2,2,2,0.8333333134651184,0.8333333134651184,1,19,18,0
1132,5670,bus,1,1,0,0,0,0,0,0,0,0.0,1,1,1,1,0.875,0.875,1,19,17,0
1133,2850,chair,1,1,0,0,0,0,0,0,0,0.0,3,3,3,3,1.0,1.0,1,19,18,0
1134,7808,person,1,1,0,0,0,0,0,0,0,0.0,5,5,5,5,0.8571428656578064,0.8571428656578064,1,19,17,0
1135,5976,chair,1,1,0,0,0,0,0,0,0,0.0,2,2,2,2,1.0,1.0,1,19,18,0
1136,2426,person,1,1,1,1,0,0,0,1,1,0.9473684210526316,2,2,2,2,1.0,1.0,1,19,18,1
1137,8474,chair,1,1,0,0,0,0,0,0,0,0.0,3,3,3,3,1.0,1.0,1,19,18,0
1138,624,car,1,1,1,1,0,0,0,1,1,1.0,3,3,3,3,1.0,1.0,1,19,18,2
1139,6775,person,0,0,0,0,0,0,0,1,1,1.0,7,7,7,7,0.0,0.0,1,19,18,11
1140,1731,dog,0,0,0,0,0,0,0,1,1,1.0,0,0,0,0,0.0,0.0,1,19,16,10
1141,9730,bicycle,1,1,0,0,0,0,0,0,0,0.0,7,7,7,7,1.0,1.0,1,19,18,0
1142,5661,diningtable,1,1,0,0,0,0,0,0,0,0.0,4,4,4,4,1.0,1.0,1,19,17,0
1143,8991,chair,1,1,0,0,0,0,0,0,0,0.0,2,2,2,2,1.0,1.0,1,19,18,0
1144,392,horse,1,1,1,1,0,0,0,1,1,1.0,2,2,2,2,1.0,1.0,1,19,18,2
1145,6737,person,0,0,0,0,0,0,0,1,1,1.0,2,2,2,2,0.1111111119389534,0.1111111119389534,1,19,18,2
1146,4065,bus,1,1,0,0,0,0,0,0,0,0.0,1,1,1,1,0.7777777910232544,0.7777777910232544,1,19,18,0
1147,6923,diningtable,1,1,0,0,0,0,0,0,0,0.0,4,4,4,4,0.5,0.5,1,19,18,0
1148,2503,person,0,0,0,0,0,0,0,1,1,1.0,0,0,0,0,0.75,0.75,1,19,17,12
1149,6521,person,0,0,0,0,0,0,0,1,1,1.0,7,7,7,7,0.0,0.0,1,19,18,13
1150,8110,chair,1,1,1,0,1,0,0,1,1,0.8947368421052632,4,4,4,4,1.0,1.0,1,19,17,1
1151,3235,horse,0,0,0,0,0,0,0,1,1,1.0,4,4,4,4,0.0,0.0,1,19,18,5
1152,4874,horse,1,1,1,0,1,0,0,1,1,1.0,4,4,4,4,0.6666666865348816,0.6666666865348816,1,19,18,7
1153,6815,dog,0,0,0,0,0,0,0,1,1,1.0,4,4,4,4,0.1666666716337204,0.1666666716337204,1,19,18,2
1154,9302,car,0,0,0,0,0,0,0,1,1,0.9473684210526316,3,3,3,3,0.0,0.0,1,19,18,1
1155,4545,horse,1,1,0,0,0,0,0,0,0,0.0,7,7,7,7,1.0,1.0,1,19,16,0
1156,4501,sofa,1,1,1,0,1,0,0,1,1,0.9473684210526316,5,5,5,5,1.0,1.0,1,19,18,1
1157,3151,person,1,1,1,1,0,0,0,1,1,1.0,5,5,5,5,1.0,1.0,1,19,18,3
1158,994,sofa,0,0,0,0,0,0,0,1,1,1.0,6,6,6,6,0.0,0.0,1,19,17,3
1159,5088,person,1,1,1,1,0,0,0,1,1,0.8947368421052632,5,5,5,5,1.0,1.0,1,19,17,1
1160,3352,person,1,1,1,1,0,0,0,1,1,1.0,2,2,2,2,0.7142857313156128,0.7142857313156128,1,19,17,7
1161,3665,person,1,1,1,1,0,0,0,1,1,1.0,1,1,1,1,1.0,1.0,1,19,17,3
1162,1456,person,0,0,0,0,0,0,0,1,1,1.0,5,5,5,5,1.0,1.0,1,19,18,13
1163,5556,person,0,0,0,0,0,0,0,1,1,1.0,2,2,2,2,0.07692307978868484,0.07692307978868484,1,19,16,16
1164,9370,bicycle,1,1,0,0,0,0,0,0,0,0.0,1,1,1,1,0.800000011920929,0.800000011920929,1,19,18,0
1165,1296,motorbike,1,1,1,1,0,0,0,1,1,1.0,5,5,5,5,0.875,0.875,1,19,18,7
1166,2394,tvmonitor,0,0,0,0,0,0,0,0,0,0.0,0,0,0,0,0.2857142984867096,0.2857142984867096,1,19,17,0
1167,4564,person,1,1,1,1,0,0,0,1,1,0.9473684210526316,6,6,6,6,1.0,1.0,1,19,18,1
1168,1993,sofa,0,0,0,0,0,0,0,1,1,1.0,1,1,1,1,0.0,0.0,1,19,18,12
1169,4620,dog,0,0,0,0,0,0,0,1,1,1.0,4,4,4,4,0.25,0.25,1,19,18,6
1170,4677,chair,0,0,0,0,0,0,0,1,1,1.0,7,7,7,7,0.0,0.0,1,19,18,3
1171,2510,sofa,1,1,0,0,0,0,0,0,0,0.0,2,2,2,2,0.6000000238418579,0.6000000238418579,1,19,16,0
1172,7492,sofa,1,1,0,0,0,0,0,0,0,0.0,1,1,1,1,1.0,1.0,1,19,18,0
1173,8952,motorbike,1,1,0,0,0,0,0,0,0,0.0,3,3,3,3,0.800000011920929,0.800000011920929,1,19,18,0
1174,2421,horse,1,1,0,0,0,0,0,0,0,0.0,6,6,6,6,1.0,1.0,1,19,18,0
1175,7874,horse,1,1,1,0,1,0,0,1,1,1.0,0,0,0,0,0.6666666865348816,0.6666666865348816,1,19,18,5
1176,9297,diningtable,0,0,0,0,0,0,0,1,1,1.0,3,3,0,3,0.0,0.0,2,19,17,5
1177,8362,person,1,1,0,0,0,0,0,0,0,0.0,3,3,3,3,0.8333333134651184,0.8333333134651184,1,19,18,0
1178,575,sofa,1,1,0,0,0,0,0,0,0,0.0,0,0,0,0,1.0,1.0,1,19,18,0
1179,8246,bus,1,1,1,0,1,0,0,1,1,1.0,2,2,2,2,0.9090909361839294,0.9090909361839294,1,19,18,4
1180,7593,motorbike,0,0,0,0,0,0,0,1,1,0.9473684210526316,0,0,0,0,0.10000000149011612,0.10000000149011612,1,19,18,1
1181,788,pottedplant,1,1,0,0,0,0,0,0,0,0.0,5,5,5,5,1.0,1.0,1,19,18,0
1182,5233,diningtable,0,0,0,0,0,0,0,0,0,0.0,5,5,5,5,0.10000000149011612,0.10000000149011612,1,19,16,0
1183,7392,person,0,0,0,0,0,0,0,1,1,1.0,0,0,0,0,0.0,0.0,1,19,18,3
1184,6200,person,1,1,1,1,0,0,0,1,1,1.0,1,1,1,1,1.0,1.0,1,19,18,2
1185,6413,bicycle,1,1,0,0,0,0,0,0,0,0.0,0,0,0,0,1.0,1.0,1,19,18,0
1186,238,train,1,1,1,1,0,0,0,1,1,1.0,3,3,3,3,1.0,1.0,1,19,18,2
1187,8382,diningtable,1,1,1,0,1,0,0,1,0,0.9649122807017544,7,7,7,7,0.9090909361839294,0.9090909361839294,1,19,15,2
1188,6902,diningtable,0,0,0,0,0,0,0,1,1,0.9941520467836258,3,6,6,6,0.20000000298023224,1.0,2,19,17,2
1189,7927,car,0,0,0,0,0,0,0,1,1,1.0,0,0,0,0,0.3333333432674408,0.3333333432674408,1,19,18,9
1190,3896,person,0,0,0,0,0,0,0,1,1,1.0,6,6,6,6,0.1428571492433548,0.1428571492433548,1,19,18,9
1191,5479,person,1,1,1,1,0,0,0,1,1,0.9473684210526316,3,3,3,3,1.0,1.0,1,19,18,1
1192,4695,sofa,1,1,0,0,0,0,0,0,0,0.0,4,4,4,4,0.5,0.5,1,19,18,0
1193,5596,person,1,1,1,1,0,0,0,1,1,1.0,7,7,7,7,1.0,1.0,1,19,18,3
1194,3173,horse,0,0,0,0,0,0,0,0,0,0.0,2,2,2,2,0.3333333432674408,0.3333333432674408,1,19,18,0
1195,4641,motorbike,1,1,1,0,1,0,0,1,1,0.9473684210526316,4,4,4,4,1.0,1.0,1,19,18,1
1196,1572,car,0,0,0,0,0,0,0,0,0,0.0,1,1,3,1,0.0,0.0,2,19,17,0
1197,4908,sofa,1,1,0,0,0,0,0,0,0,0.0,2,2,2,2,1.0,1.0,1,19,18,0
1198,6540,horse,1,1,0,0,0,0,0,0,0,0.0,3,3,3,3,0.8333333134651184,0.8333333134651184,1,19,18,0
1199,7301,person,1,1,1,1,0,0,0,1,1,1.0,1,1,1,1,1.0,1.0,1,19,17,7
1200,7744,bottle,0,0,0,0,0,0,0,0,0,0.0,4,4,4,4,0.3333333432674408,0.3333333432674408,1,19,18,0
1201,9788,bicycle,0,0,0,0,0,0,0,1,1,1.0,3,3,3,3,0.20000000298023224,0.20000000298023224,1,19,18,8
1202,6414,cow,1,1,0,0,0,0,0,0,0,0.0,1,1,1,1,1.0,1.0,1,19,18,0
1203,8694,car,0,0,0,0,0,0,0,1,1,0.8947368421052632,3,3,3,3,0.125,0.125,1,19,17,1
1204,7267,aeroplane,1,1,0,0,0,0,0,0,0,0.0,3,3,3,3,0.800000011920929,0.800000011920929,1,19,17,0
1205,9284,car,0,0,0,0,0,0,0,1,1,1.0,0,0,0,0,0.0,0.0,1,19,18,3
1206,6693,car,0,0,0,0,0,0,0,1,1,1.0,0,0,0,0,0.1666666716337204,0.1666666716337204,1,19,18,11
1207,5060,person,0,0,0,0,0,0,0,1,1,1.0,4,4,4,4,0.0,0.0,1,19,18,12
1208,6541,diningtable,1,1,0,0,0,0,0,0,0,0.0,1,1,1,1,1.0,1.0,1,19,18,0
1209,2809,diningtable,0,0,0,0,0,0,0,1,0,0.8421052631578947,2,2,2,2,0.4444444477558136,0.4444444477558136,1,19,16,1
1210,9352,cat,1,1,0,0,0,0,0,0,0,0.0,4,4,4,4,1.0,1.0,1,19,18,0
1211,3182,horse,1,1,0,0,0,0,0,0,0,0.0,0,0,0,0,0.9375,0.9375,1,19,18,0
1212,4803,person,0,0,0,0,0,0,0,1,1,1.0,1,1,1,1,0.3333333432674408,0.3333333432674408,1,19,18,14
1213,7948,car,0,0,0,0,0,0,0,1,1,1.0,3,3,3,3,0.0,0.0,1,19,18,14
1214,2488,motorbike,0,0,0,0,0,0,0,1,1,1.0,0,0,0,0,0.20000000298023224,0.20000000298023224,1,19,18,12
1215,8089,cat,1,1,0,0,0,0,0,0,0,0.0,3,3,3,3,1.0,1.0,1,19,18,0
1216,9536,car,1,1,1,1,0,0,0,1,1,1.0,5,5,5,5,1.0,1.0,1,19,18,2
1217,4444,cat,1,0,1,0,1,0,0,1,1,1.0,2,2,2,2,1.0,1.0,1,19,18,4
1218,7627,person,0,0,0,0,0,0,0,1,1,1.0,3,3,3,3,0.0,0.0,1,19,18,3
1219,5192,car,0,0,0,0,0,0,0,1,1,1.0,3,3,3,3,1.0,1.0,2,19,18,11
1220,8754,pottedplant,0,0,0,0,0,0,0,0,0,0.0,7,7,7,7,0.0,0.0,1,19,17,0
1221,330,horse,1,1,0,0,0,0,0,0,0,0.0,3,3,3,3,1.0,1.0,1,19,18,0
1222,9444,diningtable,1,1,0,0,0,0,0,0,0,0.0,2,2,2,2,0.5555555820465088,0.5555555820465088,1,19,18,0
1223,8035,car,0,0,0,0,0,0,0,1,1,1.0,4,4,4,4,0.0,0.0,1,19,18,10
1224,8111,cow,1,1,0,0,0,0,0,0,0,0.0,1,1,1,1,0.8999999761581421,0.8999999761581421,1,19,18,0
1225,9313,chair,1,1,0,0,0,0,0,0,0,0.0,0,0,0,0,1.0,1.0,1,19,18,0
1226,7207,person,1,1,1,0,1,0,0,1,1,0.8947368421052632,4,4,4,4,1.0,1.0,1,19,17,1
1227,9853,person,0,0,0,0,0,0,0,1,1,1.0,1,1,1,1,0.1818181872367859,0.1818181872367859,1,19,17,5
1228,5835,car,1,1,0,0,0,0,0,0,0,0.0,1,1,1,1,1.0,1.0,1,19,17,0
1229,8593,horse,0,0,0,0,0,0,0,1,1,1.0,4,4,4,4,0.0,0.0,1,19,17,7
1230,9505,horse,1,1,0,0,0,0,0,0,0,0.0,1,1,1,1,0.9090909361839294,0.9090909361839294,1,19,18,0
1231,3414,car,1,1,1,1,0,0,0,1,1,1.0,0,0,0,0,1.0,1.0,1,19,18,5
1232,8937,pottedplant,0,0,0,0,0,0,0,0,0,0.0,1,1,1,1,0.4545454680919647,0.4545454680919647,1,19,18,0
1233,1424,bus,0,0,0,0,0,0,0,0,0,0.0,4,4,4,4,0.1428571492433548,0.1428571492433548,1,19,18,0
1234,1431,diningtable,0,0,0,0,0,0,0,1,1,0.9824561403508771,0,0,0,0,0.0,0.0,1,19,16,2
1235,1613,bicycle,1,1,1,0,1,0,0,1,1,1.0,5,5,5,5,1.0,1.0,1,19,18,3
1236,9742,diningtable,1,1,0,0,0,0,0,0,0,0.0,3,3,3,3,0.8461538553237915,0.8461538553237915,1,19,18,0
1237,8256,horse,1,1,0,0,0,0,0,0,0,0.0,1,1,1,1,0.8999999761581421,0.8999999761581421,1,19,18,0
1238,8678,person,1,1,0,0,0,0,0,0,0,0.0,7,7,7,7,1.0,1.0,1,19,17,0
1239,737,horse,0,0,0,0,0,0,0,1,1,0.9824561403508771,6,6,6,6,0.4000000059604645,0.4000000059604645,1,19,16,2
1240,7817,person,1,1,1,1,0,0,0,1,1,0.9473684210526316,7,7,7,7,0.8888888955116272,0.8888888955116272,1,19,18,1
1241,9478,chair,0,0,0,0,0,0,0,1,1,0.8947368421052632,7,7,7,7,0.4285714328289032,0.4285714328289032,1,19,17,1
1242,7169,aeroplane,1,1,1,0,1,0,0,1,1,0.9473684210526316,6,6,6,6,1.0,1.0,1,19,18,1
1243,3490,dog,1,1,0,0,0,0,0,0,0,0.0,3,3,3,3,1.0,1.0,1,19,18,0
1244,2414,sofa,0,0,0,0,0,0,0,0,0,0.0,1,1,1,1,0.4000000059604645,0.4000000059604645,1,19,17,0
1245,886,person,1,1,1,1,0,0,0,1,1,1.0,6,6,6,6,1.0,1.0,1,19,18,2
1246,5545,chair,1,1,0,0,0,0,0,0,0,0.0,4,4,4,4,0.5,0.5,1,19,17,0
1247,3770,diningtable,1,1,0,0,0,0,0,0,0,0.0,4,4,4,4,1.0,1.0,1,19,18,0
1248,6167,person,1,1,1,1,0,0,0,1,1,1.0,6,6,6,6,1.0,1.0,1,19,18,4
1249,8357,bus,0,0,0,0,0,0,0,1,1,1.0,5,7,7,7,0.0,0.0,2,19,18,11
1250,4697,car,1,1,1,1,0,0,0,1,1,1.0,2,2,2,2,1.0,1.0,1,19,18,2
1251,8488,bus,1,1,0,0,0,0,0,0,0,0.0,3,3,3,3,1.0,1.0,1,19,18,0
1252,4511,cat,1,1,0,0,0,0,0,0,0,0.0,2,2,2,2,1.0,1.0,1,19,18,0
1253,4716,person,1,1,1,1,0,0,0,1,1,1.0,5,5,5,5,1.0,1.0,1,19,17,11
1254,7849,person,0,0,0,0,0,0,0,1,1,1.0,7,7,7,7,0.0,0.0,1,19,18,2
1255,2752,sofa,1,1,0,0,0,0,0,0,0,0.0,7,7,7,7,0.800000011920929,0.800000011920929,1,19,17,0
1256,5415,person,0,0,0,0,0,0,0,1,1,1.0,2,2,2,2,0.0,0.0,1,19,18,14
1257,2317,bus,0,0,0,0,0,0,0,1,1,1.0,7,7,7,7,0.25,0.25,1,19,18,11
1258,5299,horse,1,1,1,1,0,0,0,1,1,1.0,2,2,2,2,1.0,1.0,1,19,18,3
1259,4640,diningtable,0,0,0,0,0,0,0,1,1,1.0,0,0,0,0,0.4166666567325592,0.4166666567325592,1,19,16,9
1260,9223,cow,1,1,0,0,0,0,0,0,0,0.0,2,2,2,2,0.75,0.75,1,19,18,0
1261,1403,bicycle,1,1,0,0,0,0,0,0,0,0.0,4,4,4,4,1.0,1.0,1,19,17,0
1262,2652,dog,1,1,1,0,1,0,0,1,1,1.0,7,7,7,7,1.0,1.0,1,19,18,4
1263,9125,person,1,1,1,1,0,0,0,1,1,1.0,1,1,1,1,0.5714285969734192,0.5714285969734192,1,19,18,3
1264,4402,bus,1,1,0,0,0,0,0,0,0,0.0,3,3,3,3,0.875,0.875,1,19,18,0
1265,3442,sofa,1,1,0,0,0,0,0,0,0,0.0,3,3,3,3,0.625,0.625,1,19,18,0
1266,1033,person,1,1,0,0,0,0,0,0,0,0.0,4,4,4,4,0.800000011920929,0.800000011920929,1,19,18,0
1267,5226,person,0,0,0,0,0,0,0,1,1,1.0,7,7,7,7,0.2222222238779068,0.2222222238779068,1,19,17,7
1268,3725,sofa,1,1,1,0,1,0,0,1,1,1.0,0,0,0,0,1.0,1.0,1,19,17,5
1269,7644,pottedplant,0,0,0,0,0,0,0,1,1,1.0,2,2,2,2,0.1428571492433548,0.1428571492433548,1,19,17,8
1270,2167,diningtable,1,1,0,0,0,0,0,0,0,0.0,0,0,0,0,1.0,1.0,1,19,17,0
1271,341,car,0,0,0,0,0,0,0,0,0,0.0,4,4,4,4,0.0,0.0,1,19,17,0
1272,9529,person,0,0,0,0,0,0,0,1,1,1.0,4,4,4,4,1.0,1.0,1,19,17,15
1273,4043,car,1,1,1,1,0,0,0,1,1,1.0,3,3,3,3,1.0,1.0,2,19,18,6
1274,1609,diningtable,1,1,0,0,0,0,0,0,0,0.0,7,7,7,7,1.0,1.0,1,19,18,0
1275,611,dog,0,0,0,0,0,0,0,1,1,1.0,6,6,6,6,0.1111111119389534,0.1111111119389534,1,19,18,3
1276,4127,person,0,0,0,0,0,0,0,1,1,1.0,3,3,3,3,0.0,0.0,1,19,18,6
1277,5010,sofa,1,1,0,0,0,0,0,0,0,0.0,2,2,2,2,1.0,1.0,1,19,18,0
1278,4330,bicycle,0,0,0,0,0,0,0,1,1,1.0,1,1,1,1,0.0,0.0,1,19,18,12
1279,1657,person,1,1,1,0,1,0,0,1,1,0.8947368421052632,7,7,7,7,1.0,1.0,1,19,17,1
1280,6659,person,0,0,0,0,0,0,0,1,1,1.0,0,0,0,0,0.0,0.0,1,19,18,13
1281,4188,cat,0,0,0,0,0,0,0,1,1,1.0,3,3,3,3,0.875,0.875,1,19,18,17
1282,5589,sofa,0,0,0,0,0,0,0,1,0,0.8947368421052632,7,7,7,7,0.2222222238779068,0.2222222238779068,1,19,17,1
1283,5132,horse,1,1,0,0,0,0,0,0,0,0.0,2,2,2,2,1.0,1.0,1,19,18,0
1284,1318,bus,1,1,0,0,0,0,0,0,0,0.0,4,4,4,4,0.6666666865348816,0.6666666865348816,1,19,18,0
1285,2331,person,1,1,1,0,1,0,0,1,1,1.0,5,5,5,5,0.75,0.75,1,19,17,5
1286,5745,person,1,1,1,1,0,0,0,1,1,1.0,3,3,3,3,1.0,1.0,1,19,18,8
1287,9593,car,0,0,0,0,0,0,0,1,1,1.0,0,0,0,0,0.0,0.0,1,19,18,14
1288,5174,diningtable,1,1,1,1,0,0,0,1,0,0.8947368421052632,1,1,1,1,0.5,0.5,1,19,17,1
1289,4800,motorbike,1,1,0,0,0,0,0,0,0,0.0,4,4,4,4,1.0,1.0,1,19,17,0
1290,8481,chair,1,1,0,0,0,0,0,0,0,0.0,1,1,1,1,1.0,1.0,1,19,18,0
1291,3562,person,1,1,1,1,0,0,0,1,1,1.0,2,2,2,2,0.8888888955116272,0.8888888955116272,1,19,18,5
1292,836,horse,1,1,0,0,0,0,0,0,0,0.0,0,0,0,0,0.8461538553237915,0.8461538553237915,1,19,18,0
1293,615,sofa,1,1,0,0,0,0,0,0,0,0.0,1,1,1,1,0.75,0.75,1,19,18,0
1294,539,person,0,0,0,0,0,0,0,1,1,1.0,4,4,4,4,0.0,0.0,1,19,18,7
1295,3475,bus,1,1,0,0,0,0,0,0,0,0.0,1,1,1,1,1.0,1.0,1,19,18,0
1296,1428,cat,1,1,1,1,0,0,0,1,1,1.0,0,0,0,0,0.5,0.5,1,19,18,6
1297,1063,horse,0,0,0,0,0,0,0,1,1,0.8947368421052632,4,4,4,4,0.0,0.0,1,19,17,1
1298,6365,horse,0,0,0,0,0,0,0,1,1,1.0,6,2,2,2,1.0,1.0,2,19,18,10
1299,3006,bus,1,1,0,0,0,0,0,0,0,0.0,2,2,2,2,0.8333333134651184,0.8333333134651184,1,19,18,0
1300,4567,sofa,1,1,0,0,0,0,0,0,0,0.0,2,2,2,2,0.5833333134651184,0.5833333134651184,1,19,18,0
1301,9561,person,1,1,1,1,0,0,0,1,0,0.9473684210526316,3,3,3,3,1.0,1.0,1,19,18,1
1302,9119,car,0,0,0,0,0,0,0,1,1,1.0,1,1,1,1,0.0714285746216774,0.0714285746216774,1,19,18,4
1303,8414,car,0,0,0,0,0,0,0,1,1,1.0,1,1,1,1,0.2857142984867096,0.2857142984867096,1,19,18,13
1304,1624,horse,1,1,0,0,0,0,0,0,0,0.0,4,4,4,4,0.875,0.875,1,19,18,0
1305,2071,horse,1,1,1,1,0,0,0,1,1,1.0,6,6,6,6,1.0,1.0,1,19,18,3
1306,5120,bicycle,0,0,0,0,0,0,0,1,1,1.0,5,5,5,5,0.0,0.0,1,19,17,10
1307,8010,horse,1,1,0,0,0,0,0,0,0,0.0,1,1,1,1,0.5,0.5,1,19,17,0
1308,3881,dog,0,0,0,0,0,0,0,1,1,0.9473684210526316,4,4,4,4,0.0,0.0,1,19,18,1
1309,7404,person,1,1,1,1,0,0,0,1,1,1.0,6,6,6,6,1.0,1.0,1,19,17,4
1310,856,diningtable,1,1,1,1,0,0,0,1,1,0.8947368421052632,5,5,5,5,0.8571428656578064,0.8571428656578064,1,19,17,1
1311,6378,cow,1,1,0,0,0,0,0,0,0,0.0,3,3,3,3,0.6666666865348816,0.6666666865348816,1,19,18,0
1312,58,motorbike,1,1,0,0,0,0,0,0,0,0.0,0,0,0,0,1.0,1.0,1,19,18,0
1313,1047,sofa,1,1,0,0,0,0,0,0,0,0.0,7,7,7,7,1.0,1.0,1,19,17,0
1314,377,diningtable,1,1,0,0,0,0,0,0,0,0.0,7,7,7,7,0.5,0.5,1,19,17,0
1315,5105,car,1,1,1,1,0,0,0,1,1,1.0,2,2,2,2,0.5555555820465088,0.5555555820465088,1,19,18,2
1316,5797,cow,1,1,0,0,0,0,0,0,0,0.0,1,1,1,1,1.0,1.0,1,19,18,0
1317,7969,person,1,1,1,1,0,0,0,1,1,1.0,2,2,2,2,0.8888888955116272,0.8888888955116272,1,19,17,6
1318,2018,sofa,1,1,0,0,0,0,0,0,0,0.0,4,4,4,4,1.0,1.0,1,19,17,0
1319,4428,person,1,1,0,0,0,0,0,0,0,0.0,3,3,3,3,1.0,1.0,2,19,18,0
1320,4762,bus,1,1,1,0,1,0,0,1,1,1.0,5,5,5,5,0.7142857313156128,0.7142857313156128,1,19,17,4
1321,2254,dog,1,1,0,0,0,0,0,0,0,0.0,1,1,1,1,1.0,1.0,1,19,16,0
1322,8073,diningtable,1,1,0,0,0,0,0,0,0,0.0,2,2,2,2,0.7272727489471436,0.7272727489471436,1,19,17,0
1323,339,person,0,0,0,0,0,0,0,1,1,1.0,7,7,7,7,1.0,1.0,1,19,18,11
1324,9661,horse,1,1,1,1,0,0,0,1,1,1.0,2,2,2,2,1.0,1.0,1,19,18,3
1325,126,diningtable,0,0,0,0,0,0,0,1,1,1.0,5,5,5,5,0.0,0.0,1,19,17,7
1326,9154,diningtable,1,1,0,0,0,0,0,0,0,0.0,7,7,7,7,0.8333333134651184,0.8333333134651184,1,19,18,0
1327,6630,chair,1,1,0,0,0,0,0,0,0,0.0,3,3,3,3,0.6000000238418579,0.6000000238418579,1,19,18,0
1328,6577,aeroplane,1,1,1,0,1,0,0,1,1,0.9473684210526316,0,0,0,0,0.7272727489471436,0.7272727489471436,1,19,18,1
1329,3314,person,0,0,0,0,0,0,0,1,1,1.0,6,6,6,6,0.5,0.5,1,19,17,13
1330,7676,aeroplane,1,1,1,0,1,0,0,1,1,1.0,5,5,5,5,1.0,1.0,1,19,17,10
1331,5759,motorbike,0,0,0,0,0,0,0,0,0,0.0,6,6,6,6,0.0,0.0,1,19,18,0
1332,3649,diningtable,0,0,0,0,0,0,0,0,0,0.0,4,4,4,4,0.0,0.0,1,19,16,0
1333,9095,diningtable,0,0,0,0,0,0,0,0,0,0.0,4,4,4,4,0.0,0.0,1,19,17,0
1334,9345,sofa,1,1,1,1,0,0,0,1,1,0.9473684210526316,3,3,3,3,1.0,1.0,1,19,18,1
1335,3578,motorbike,1,1,0,0,0,0,0,0,0,0.0,3,3,3,3,1.0,1.0,1,19,17,0
1336,1712,person,1,1,1,1,0,0,0,1,1,1.0,2,2,2,2,0.8888888955116272,0.8888888955116272,1,19,17,4
1337,2971,aeroplane,0,0,0,0,0,0,0,1,1,1.0,1,1,1,1,0.46666666865348816,0.46666666865348816,1,19,18,5
1338,9041,motorbike,0,0,0,0,0,0,0,1,1,1.0,2,2,2,2,0.0,0.0,1,19,18,16
1339,961,tvmonitor,1,1,0,0,0,0,0,0,0,0.0,3,3,3,3,0.5714285969734192,0.5714285969734192,1,19,18,0
1340,9559,bicycle,0,0,0,0,0,0,0,1,1,1.0,4,4,4,4,0.0,0.0,1,19,18,2
1341,2204,horse,1,1,0,0,0,0,0,0,0,0.0,6,6,6,6,1.0,1.0,1,19,18,0
1342,9122,bus,1,1,0,0,0,0,0,0,0,0.0,4,4,4,4,1.0,1.0,1,19,17,0
1343,3764,horse,0,0,0,0,0,0,0,1,1,1.0,2,2,2,2,0.0,0.0,1,19,18,7
1344,9276,sofa,1,1,0,0,0,0,0,0,0,0.0,0,0,0,0,1.0,1.0,1,19,18,0
1345,5196,sofa,1,1,1,0,1,0,0,1,1,0.7894736842105263,1,1,1,1,1.0,1.0,1,19,15,1
1346,2846,person,1,1,1,1,0,0,0,1,1,0.9473684210526316,2,2,2,2,1.0,1.0,1,19,18,1
1347,6882,car,1,1,1,1,0,0,0,1,1,0.9473684210526316,4,4,4,4,1.0,1.0,1,19,18,1
1348,69,boat,1,1,0,0,0,0,0,0,0,0.0,1,1,1,1,1.0,1.0,1,19,18,0
1349,6165,bicycle,1,1,0,0,0,0,0,0,0,0.0,1,1,1,1,0.9166666865348816,0.9166666865348816,1,19,18,0
1350,4635,cow,1,1,0,0,0,0,0,0,0,0.0,6,6,6,6,0.75,0.75,1,19,18,0
1351,3579,person,0,0,0,0,0,0,0,1,1,1.0,3,3,3,3,0.2857142984867096,0.2857142984867096,1,19,18,11
1352,429,person,0,0,0,0,0,0,0,1,1,1.0,4,4,4,4,0.0,0.0,1,19,18,14
1353,1446,motorbike,0,0,0,0,0,0,0,1,1,1.0,2,2,2,2,0.0,0.0,1,19,18,7
1354,226,diningtable,1,1,0,0,0,0,0,0,0,0.0,7,7,7,7,0.5714285969734192,0.5714285969734192,1,19,17,0
1355,2322,diningtable,1,1,0,0,0,0,0,0,0,0.0,3,3,3,3,0.5,0.5,1,19,18,0
1356,7510,bus,1,1,1,1,0,0,0,1,1,1.0,4,4,4,4,0.8999999761581421,0.8999999761581421,1,19,18,5
1357,3485,person,1,1,1,1,0,0,0,1,1,1.0,2,2,2,2,1.0,1.0,1,19,18,8
1358,4030,bus,1,1,0,0,0,0,0,0,0,0.0,1,1,1,1,1.0,1.0,1,19,17,0
1359,2583,aeroplane,1,1,1,1,0,0,0,1,1,1.0,5,5,5,5,1.0,1.0,2,19,18,2
1360,6293,chair,0,0,0,0,0,0,0,1,1,1.0,2,2,2,2,0.0833333358168602,0.0833333358168602,1,19,18,3
1361,6327,bus,0,0,0,0,0,0,0,1,1,1.0,2,2,2,2,0.25,0.25,1,19,17,7
1362,8569,sofa,1,1,0,0,0,0,0,0,0,0.0,0,0,0,0,0.800000011920929,0.800000011920929,1,19,18,0
1363,1658,car,0,0,0,0,0,0,0,1,1,1.0,5,5,5,5,0.6000000238418579,0.6000000238418579,1,19,18,13
1364,4944,bus,1,1,0,0,0,0,0,0,0,0.0,3,3,3,3,1.0,1.0,1,19,18,0
1365,6477,person,0,0,0,0,0,0,0,1,1,1.0,2,2,2,2,0.0,0.0,1,19,18,6
1366,5634,person,0,0,0,0,0,0,0,1,1,1.0,0,0,0,0,0.20000000298023224,0.20000000298023224,1,19,18,3
1367,6059,motorbike,1,1,0,0,0,0,0,0,0,0.0,3,3,3,3,0.8571428656578064,0.8571428656578064,1,19,18,0
1368,5266,sofa,1,1,0,0,0,0,0,0,0,0.0,1,1,1,1,1.0,1.0,1,19,17,0
1369,2430,cat,0,0,0,0,0,0,0,1,1,1.0,2,2,2,2,0.4285714328289032,0.4285714328289032,1,19,18,10
1370,8762,person,1,1,1,1,0,0,0,1,1,0.8947368421052632,5,5,5,5,0.6666666865348816,0.6666666865348816,1,19,17,1
1371,6226,diningtable,1,1,0,0,0,0,0,0,0,0.0,2,2,2,2,1.0,1.0,1,19,17,0
1372,9277,motorbike,1,1,0,0,0,0,0,0,0,0.0,6,6,6,6,1.0,1.0,1,19,18,0
1373,3052,person,1,1,1,1,0,0,0,1,1,1.0,7,7,7,7,0.8333333134651184,0.8333333134651184,1,19,18,2
1374,7444,person,1,1,1,1,0,0,0,1,1,1.0,5,5,5,5,0.75,0.75,1,19,18,4
1375,5973,horse,0,0,0,0,0,0,0,0,0,0.0,0,0,0,0,0.0,0.0,1,19,18,0
1376,5650,person,1,1,1,1,0,0,0,1,1,1.0,5,5,5,5,1.0,1.0,1,19,18,2
1377,8277,person,1,1,0,0,0,0,0,0,0,0.0,4,4,4,4,0.8999999761581421,0.8999999761581421,1,19,18,0
1378,2325,person,0,0,0,0,0,0,0,1,1,1.0,4,4,4,4,0.0,0.0,1,19,18,3
1379,3139,person,1,1,1,1,0,0,0,1,1,1.0,1,1,1,1,1.0,1.0,1,19,17,6
1380,1452,person,0,0,0,0,0,0,0,1,1,1.0,0,0,0,0,0.0,0.0,1,19,18,7
1381,2269,person,0,0,0,0,0,0,0,1,1,0.9473684210526316,7,7,7,7,0.3333333432674408,0.3333333432674408,1,19,18,1
1382,8947,sofa,0,0,0,0,0,0,0,0,0,0.0,3,3,3,3,0.2222222238779068,0.2222222238779068,1,19,16,0
1383,7861,car,1,1,1,0,1,0,0,1,1,1.0,3,3,3,3,1.0,1.0,1,19,18,3
1384,6986,person,1,1,1,1,0,0,0,1,1,1.0,3,3,3,3,1.0,1.0,1,19,18,2
1385,5560,bicycle,0,0,0,0,0,0,0,1,1,1.0,1,1,1,1,0.4285714328289032,0.4285714328289032,1,19,18,2
1386,3768,bicycle,1,1,1,1,0,0,0,1,1,1.0,7,7,7,7,1.0,1.0,1,19,18,3
1387,5967,horse,1,1,1,1,0,0,0,1,1,1.0,5,5,5,5,1.0,1.0,1,19,18,2
1388,8839,person,1,1,1,0,1,0,0,1,1,1.0,4,4,4,4,1.0,1.0,1,19,18,5
1389,4745,car,0,0,0,0,0,0,0,1,1,1.0,6,6,6,6,0.2222222238779068,0.2222222238779068,1,19,18,7
1390,3583,horse,1,1,1,0,0,0,1,1,1,1.0,7,0,0,0,0.7777777910232544,1.0,2,19,18,8
1391,7017,person,1,1,1,1,0,0,0,1,1,1.0,4,4,4,4,1.0,1.0,1,19,18,5
1392,840,sofa,1,1,0,0,0,0,0,0,0,0.0,5,5,5,5,1.0,1.0,1,19,18,0
1393,7975,horse,1,1,1,0,1,0,0,1,1,1.0,0,0,0,0,1.0,1.0,1,19,18,2
1394,3388,person,0,0,0,0,0,0,0,0,0,0.0,7,7,7,7,0.0,0.0,1,19,18,0
1395,8537,aeroplane,0,0,0,0,0,0,0,1,1,0.9473684210526316,2,7,2,7,0.30000001192092896,1.0,2,19,18,1
1396,3641,sofa,1,1,0,0,0,0,0,0,0,0.0,0,0,0,0,1.0,1.0,1,19,18,0
1397,2925,person,1,1,1,1,0,0,0,1,1,1.0,7,7,7,7,1.0,1.0,2,19,18,5
1398,4927,car,1,1,0,0,0,0,0,0,0,0.0,4,4,4,4,1.0,1.0,1,19,18,0
1399,6546,diningtable,1,1,0,0,0,0,0,0,0,0.0,2,2,2,2,0.8571428656578064,0.8571428656578064,1,19,17,0
1400,7912,bus,0,0,0,0,0,0,0,0,0,0.0,4,4,4,4,0.0,0.0,1,19,18,0
1401,8802,horse,1,1,0,0,0,0,0,0,0,0.0,2,2,2,2,1.0,1.0,1,19,18,0
1402,7384,dog,1,1,0,0,0,0,0,0,0,0.0,2,2,2,2,1.0,1.0,1,19,18,0
1403,5870,bus,1,1,1,1,0,0,0,1,1,0.8947368421052632,5,5,5,5,1.0,1.0,1,19,17,1
1404,8405,tvmonitor,1,1,0,0,0,0,0,0,0,0.0,1,1,1,1,0.8571428656578064,0.8571428656578064,1,19,18,0
1405,6861,person,1,1,0,0,0,0,0,0,0,0.0,3,3,3,3,1.0,1.0,1,19,17,0
1406,8686,person,0,0,0,0,0,0,0,1,1,1.0,3,2,2,2,0.0,0.0,2,19,17,10
1407,5827,chair,1,1,0,0,0,0,0,0,0,0.0,2,2,2,2,0.8571428656578064,0.8571428656578064,1,19,18,0
1408,444,boat,0,0,0,0,0,0,0,0,0,0.0,1,1,1,1,0.125,0.125,1,19,18,0
1409,6207,horse,1,1,0,0,0,0,0,0,0,0.0,1,1,1,1,1.0,1.0,1,19,18,0
1410,4877,bird,0,0,0,0,0,0,0,1,1,0.9473684210526316,2,2,2,2,0.20000000298023224,0.20000000298023224,1,19,18,1
1411,4299,boat,0,0,0,0,0,0,0,1,1,1.0,6,6,6,6,0.25,0.25,1,19,18,3
1412,2638,chair,0,0,0,0,0,0,0,1,1,1.0,4,4,4,4,0.1428571492433548,0.1428571492433548,1,19,18,17
1413,1165,person,0,0,0,0,0,0,0,1,1,1.0,7,7,7,7,0.0,0.0,1,19,18,4
1414,2246,aeroplane,0,0,0,0,0,0,0,1,1,1.0,6,6,6,6,1.0,1.0,1,19,18,11
1415,8510,sofa,1,1,0,0,0,0,0,0,0,0.0,7,7,7,7,1.0,1.0,1,19,18,0
1416,6333,car,0,0,0,0,0,0,0,1,1,1.0,1,1,1,1,0.3636363744735718,0.3636363744735718,1,19,18,2
1417,6253,dog,1,1,1,1,0,0,0,1,1,1.0,6,7,6,7,0.875,0.25,2,19,18,2
1418,8505,person,1,1,1,1,0,0,0,1,1,1.0,1,1,1,1,1.0,1.0,1,19,18,7
1419,9363,sofa,0,0,0,0,0,0,0,1,1,1.0,0,0,0,0,0.5714285969734192,0.5714285969734192,1,19,18,16
1420,8155,sofa,1,1,0,0,0,0,0,0,0,0.0,0,0,0,0,1.0,1.0,1,19,18,0
1421,346,person,1,1,0,0,0,0,0,0,0,0.0,6,6,6,6,1.0,1.0,1,19,18,0
1422,4045,sofa,1,1,1,0,1,0,0,1,0,0.8947368421052632,0,0,0,0,0.6666666865348816,0.6666666865348816,1,19,17,1
1423,643,person,0,0,0,0,0,0,0,1,1,1.0,5,5,5,5,0.0,0.0,1,19,18,14
1424,1244,person,1,1,1,0,1,0,0,1,1,0.8947368421052632,5,5,5,5,1.0,1.0,1,19,17,1
1425,1812,person,1,1,0,0,0,0,0,0,0,0.0,2,2,2,2,0.6666666865348816,0.6666666865348816,1,19,17,0
1426,2655,horse,1,1,0,0,0,0,0,0,0,0.0,3,3,3,3,1.0,1.0,1,19,18,0
1427,7319,pottedplant,1,1,0,0,0,0,0,0,0,0.0,6,6,6,6,1.0,1.0,1,19,16,0
1428,4637,person,0,0,0,0,0,0,0,1,1,1.0,2,2,2,2,0.0,0.0,1,19,18,7
1429,5357,car,1,1,0,0,0,0,0,0,0,0.0,1,1,1,1,1.0,1.0,1,19,18,0
1430,8451,person,1,1,1,1,0,0,0,1,0,0.8947368421052632,6,6,6,6,1.0,1.0,1,19,17,1
1431,3029,sofa,1,1,0,0,0,0,0,0,0,0.0,6,6,6,6,1.0,1.0,1,19,17,0
1432,7368,motorbike,0,0,0,0,0,0,0,1,1,1.0,3,3,3,3,0.0,0.0,1,19,17,11
1433,2469,person,1,1,1,1,0,0,0,1,1,1.0,1,1,1,1,1.0,1.0,1,19,18,2
1434,8491,person,1,1,0,0,0,0,0,0,0,0.0,4,4,4,4,0.75,0.75,1,19,18,0
1435,3989,person,1,1,1,1,0,0,0,1,1,1.0,2,2,2,2,1.0,1.0,1,19,18,6
1436,9766,sofa,1,1,1,0,1,0,0,1,1,1.0,3,3,3,3,0.5,0.5,1,19,18,3
1437,5464,diningtable,1,1,1,1,0,0,0,1,1,0.8947368421052632,7,7,7,7,1.0,1.0,1,19,17,1
1438,5627,car,1,1,0,0,0,0,0,0,0,0.0,4,4,4,4,0.800000011920929,0.800000011920929,2,19,18,0
1439,5997,dog,1,1,0,0,0,0,0,0,0,0.0,0,0,0,0,1.0,1.0,1,19,18,0
1440,3113,pottedplant,1,1,0,0,0,0,0,0,0,0.0,3,3,3,3,1.0,1.0,1,19,18,0
1441,6118,person,1,1,1,1,0,0,0,1,1,1.0,5,5,5,5,0.75,0.75,1,19,18,4
1442,4475,motorbike,1,1,1,0,1,0,0,1,1,1.0,3,3,3,3,1.0,1.0,1,19,18,2
1443,1085,car,1,1,1,1,0,0,0,1,1,1.0,5,5,5,5,1.0,1.0,1,19,18,3
1444,1674,diningtable,0,0,0,0,0,0,0,0,0,0.0,4,4,4,4,0.4285714328289032,0.4285714328289032,1,19,18,0
1445,3778,cat,1,1,1,1,0,0,0,1,1,0.9473684210526316,3,3,3,3,1.0,1.0,1,19,18,1
1446,4250,diningtable,1,1,1,0,1,0,0,1,1,0.9473684210526316,6,6,6,6,1.0,1.0,1,19,18,1
1447,8271,pottedplant,1,1,0,0,0,0,0,0,0,0.0,7,7,7,7,1.0,1.0,1,19,17,0
1448,1163,sofa,1,1,0,0,0,0,0,0,0,0.0,7,7,7,7,0.75,0.75,1,19,17,0
1449,3237,horse,0,0,0,0,0,0,0,1,1,1.0,2,2,2,2,0.0,0.0,1,19,18,2
1450,7645,motorbike,1,1,1,1,0,0,0,1,1,0.9473684210526316,1,1,1,1,0.5555555820465088,0.5555555820465088,1,19,18,1
1451,5922,person,1,1,0,0,0,0,0,0,0,0.0,1,1,1,1,0.75,0.75,1,19,18,0
1452,4289,person,1,1,1,1,0,0,0,1,1,1.0,1,1,1,1,1.0,1.0,1,19,18,5
1453,1351,person,0,0,0,0,0,0,0,1,1,1.0,5,5,5,5,0.0,0.0,1,19,18,8
1454,8786,horse,1,1,0,0,0,0,0,0,0,0.0,6,6,6,6,1.0,1.0,1,19,18,0
1455,986,horse,1,1,0,0,0,0,0,0,0,0.0,0,0,0,0,1.0,1.0,1,19,17,0
1456,784,person,1,0,1,1,0,0,0,1,1,1.0,0,0,0,0,1.0,1.0,1,19,18,2
1457,8458,person,1,1,0,0,0,0,0,0,0,0.0,2,2,2,2,0.8333333134651184,0.8333333134651184,1,19,17,0
1458,4118,person,1,1,0,0,0,0,0,0,0,0.0,4,4,4,4,1.0,1.0,1,19,18,0
1459,2475,person,0,0,0,0,0,0,0,1,1,1.0,4,4,4,4,0.0,0.0,1,19,18,14
1460,1629,person,1,0,1,1,0,0,0,1,1,0.8947368421052632,3,3,3,3,1.0,1.0,1,19,17,1
1461,6340,car,1,1,1,1,0,0,0,1,1,1.0,2,2,2,2,0.5625,0.5625,1,19,18,3
1462,2860,bicycle,1,1,0,0,0,0,0,0,0,0.0,0,0,0,0,0.8571428656578064,0.8571428656578064,1,19,17,0
1463,2694,person,1,1,1,0,1,0,0,1,1,1.0,1,1,1,1,0.9166666865348816,0.9166666865348816,1,19,18,3
1464,4465,sofa,1,1,1,1,0,0,0,1,1,1.0,4,4,4,4,1.0,1.0,1,19,17,5
1465,196,chair,1,1,0,0,0,0,0,0,0,0.0,2,2,2,2,0.8571428656578064,0.8571428656578064,1,19,18,0
1466,9294,chair,1,1,1,1,0,0,0,1,1,1.0,7,7,7,7,1.0,1.0,1,19,18,2
1467,749,diningtable,0,0,0,0,0,0,0,0,0,0.0,4,4,4,4,0.0,0.0,1,19,18,0
1468,3482,person,1,1,1,1,0,0,0,1,1,1.0,0,0,0,0,0.875,0.875,1,19,18,7
1469,2409,horse,1,1,0,0,0,0,0,0,0,0.0,1,1,1,1,0.5384615659713745,0.5384615659713745,1,19,18,0
1470,327,diningtable,0,0,0,0,0,0,0,1,0,0.8947368421052632,7,7,7,7,0.0,0.0,1,19,17,1
1471,666,horse,1,1,1,1,0,0,0,1,1,1.0,5,5,5,5,1.0,1.0,1,19,18,2
1472,9084,motorbike,1,1,1,0,1,0,0,1,1,0.9824561403508771,3,3,3,3,1.0,1.0,1,19,16,2
1473,5295,person,0,0,0,0,0,0,0,1,1,1.0,1,1,1,1,0.0833333358168602,0.0833333358168602,1,19,18,5
1474,3153,diningtable,1,1,0,0,0,0,0,0,0,0.0,2,2,2,2,1.0,1.0,1,19,18,0
1475,3981,person,1,1,0,0,0,0,0,0,0,0.0,1,1,1,1,1.0,1.0,1,19,18,0
1476,139,bicycle,1,1,0,0,0,0,0,0,0,0.0,2,2,2,2,0.875,0.875,1,19,18,0
1477,7232,person,0,0,0,0,0,0,0,1,1,1.0,5,5,5,5,0.0,0.0,1,19,18,6
1478,8963,person,0,0,0,0,0,0,0,1,1,1.0,2,2,2,2,1.0,1.0,1,19,17,12
1479,866,horse,0,0,0,0,0,0,0,1,1,1.0,6,6,6,6,0.4000000059604645,0.4000000059604645,1,19,18,9
1480,6563,person,0,0,0,0,0,0,0,1,1,0.9473684210526316,7,7,7,7,0.0,0.0,1,19,18,1
1481,7364,sofa,1,1,0,0,0,0,0,0,0,0.0,0,0,0,0,0.9090909361839294,0.9090909361839294,1,19,17,0
1482,1511,car,0,0,0,0,0,0,0,1,1,1.0,7,7,7,7,1.0,1.0,1,19,18,10
1483,8996,person,0,0,0,0,0,0,0,1,1,1.0,6,6,6,6,0.3333333432674408,0.3333333432674408,1,19,17,3
1484,3591,pottedplant,0,0,0,0,0,0,0,1,1,0.9473684210526316,0,0,0,0,0.0,0.0,1,19,18,1
1485,5808,person,1,1,1,1,0,0,0,1,1,1.0,6,6,6,6,1.0,1.0,1,19,17,5
1486,6403,dog,1,1,1,1,0,0,0,1,1,1.0,7,7,7,7,1.0,1.0,1,19,18,2
1487,5152,dog,0,0,0,0,0,0,0,1,1,1.0,6,6,6,6,1.0,1.0,1,19,18,10
1488,2596,horse,1,1,1,0,1,0,0,1,1,1.0,5,5,5,5,1.0,1.0,1,19,18,3
1489,8941,diningtable,0,0,0,0,0,0,0,1,1,0.9941520467836258,1,1,1,1,0.0,0.0,1,19,17,2
1490,4559,diningtable,0,0,0,0,0,0,0,1,1,1.0,0,0,0,0,0.0,0.0,1,19,18,16
1491,9951,train,0,0,0,0,0,0,0,1,1,1.0,5,5,5,5,0.0,0.0,1,19,18,6
1492,9222,chair,1,1,0,0,0,0,0,0,0,0.0,1,1,1,1,0.8571428656578064,0.8571428656578064,1,19,18,0
1493,7253,horse,1,1,0,0,0,0,0,0,0,0.0,3,3,3,3,0.800000011920929,0.800000011920929,1,19,18,0
1494,9229,motorbike,1,1,0,0,0,0,0,0,0,0.0,2,2,2,2,1.0,1.0,1,19,18,0
1495,59,person,0,0,0,0,0,0,0,1,1,1.0,0,0,0,0,0.1111111119389534,0.1111111119389534,1,19,17,19
1496,3070,car,0,0,0,0,0,0,0,1,1,1.0,4,4,4,4,0.8571428656578064,0.8571428656578064,1,19,18,11
1497,2397,person,1,1,1,1,0,0,0,1,1,0.9473684210526316,6,6,6,6,0.6666666865348816,0.6666666865348816,1,19,18,1
1498,2821,boat,1,1,0,0,0,0,0,0,0,0.0,2,2,2,2,1.0,1.0,1,19,18,0
1499,1474,boat,0,0,0,0,0,0,0,0,0,0.0,2,2,2,2,0.25,0.25,1,19,18,0
1500,5708,person,0,0,0,0,0,0,0,1,1,1.0,7,4,4,4,1.0,0.6000000238418579,2,19,17,13
1501,8303,horse,1,1,0,0,0,0,0,0,0,0.0,3,3,3,3,1.0,1.0,1,19,18,0
1502,5184,person,1,1,0,0,0,0,0,0,0,0.0,1,1,1,1,0.9166666865348816,0.9166666865348816,1,19,17,0
1503,2686,motorbike,0,0,0,0,0,0,0,0,0,0.0,5,5,5,5,0.0,0.0,1,19,18,0
1504,8551,bicycle,0,0,0,0,0,0,0,1,1,1.0,1,1,1,1,0.0,0.0,1,19,18,14
1505,527,bicycle,0,0,0,0,0,0,0,1,1,1.0,6,6,6,6,0.0,0.0,1,19,18,10
1506,2008,person,0,0,0,0,0,0,0,1,1,1.0,0,0,0,0,0.0,0.0,1,19,18,3
1507,4870,motorbike,0,0,0,0,0,0,0,1,1,0.8947368421052632,4,4,4,4,0.3333333432674408,0.3333333432674408,1,19,17,1
1508,4642,person,0,0,0,0,0,0,0,1,1,1.0,5,5,5,5,0.0,0.0,1,19,18,17
1509,8812,horse,1,1,0,0,0,0,0,0,0,0.0,7,7,7,7,1.0,1.0,1,19,18,0
1510,4835,person,1,1,1,1,0,0,0,1,1,1.0,2,2,2,2,1.0,1.0,1,19,18,3
1511,4213,motorbike,1,1,0,0,0,0,0,0,0,0.0,6,6,6,6,1.0,1.0,1,19,18,0
1512,6823,motorbike,1,1,1,0,1,0,0,1,1,1.0,6,6,6,6,1.0,1.0,1,19,18,4
1513,2950,person,1,1,1,1,0,0,0,1,1,1.0,6,6,6,6,1.0,1.0,1,19,18,2
1514,5323,chair,0,0,0,0,0,0,0,1,1,1.0,0,0,0,0,0.4545454680919647,0.4545454680919647,1,19,18,3
1515,6663,diningtable,1,1,0,0,0,0,0,0,0,0.0,0,0,0,0,0.8999999761581421,0.8999999761581421,1,19,17,0
1516,1866,dog,1,1,1,0,1,0,0,1,1,1.0,6,6,6,6,1.0,1.0,1,19,18,5
1517,1035,diningtable,1,1,0,0,0,0,0,0,0,0.0,2,2,2,2,0.5,0.5,1,19,16,0
1518,6493,car,1,1,1,0,1,0,0,1,1,1.0,4,4,4,4,1.0,1.0,1,19,18,6
1519,458,person,0,0,0,0,0,0,0,1,1,1.0,0,0,0,0,0.3333333432674408,0.3333333432674408,1,19,18,5
1520,9149,car,0,0,0,0,0,0,0,1,1,1.0,1,1,1,1,0.0,0.0,1,19,18,6
1521,6368,horse,1,1,1,1,0,0,0,1,1,1.0,1,1,1,1,1.0,1.0,1,19,18,3
1522,6373,sofa,1,1,0,0,0,0,0,0,0,0.0,0,0,0,0,0.6666666865348816,0.6666666865348816,1,19,18,0
1523,9111,bus,0,0,0,0,0,0,0,1,1,0.9941520467836258,0,0,0,0,0.0,0.0,1,19,17,2
1524,1392,cat,1,1,1,1,0,0,0,1,1,1.0,6,6,6,6,1.0,1.0,1,19,17,11
1525,930,person,1,1,0,0,0,0,0,0,0,0.0,6,6,6,6,1.0,1.0,1,19,18,0
1526,7616,horse,1,1,1,1,0,0,0,1,1,0.9473684210526316,2,2,2,2,1.0,1.0,1,19,18,1
1527,9846,sofa,1,1,0,0,0,0,0,0,0,0.0,1,1,1,1,1.0,1.0,1,19,18,0
1528,9665,horse,1,1,0,0,0,0,0,0,0,0.0,0,0,0,0,0.6666666865348816,0.6666666865348816,1,19,18,0
1529,3787,pottedplant,1,1,0,0,0,0,0,0,0,0.0,2,2,2,2,1.0,1.0,1,19,18,0
1530,6780,person,1,1,1,1,0,0,0,1,1,1.0,3,3,3,3,0.5384615659713745,0.5384615659713745,1,19,18,5
1531,7355,motorbike,0,0,0,0,0,0,0,1,1,1.0,7,7,7,7,0.2857142984867096,0.2857142984867096,1,19,18,10
1532,8182,cat,1,1,0,0,0,0,0,0,0,0.0,2,2,2,2,1.0,1.0,1,19,18,0
1533,1329,bicycle,1,1,0,0,0,0,0,0,0,0.0,7,7,7,7,1.0,1.0,1,19,18,0
1534,6592,aeroplane,1,1,0,0,0,0,0,0,0,0.0,1,1,1,1,1.0,1.0,1,19,18,0
1535,8210,diningtable,0,0,0,0,0,0,0,0,0,0.0,2,2,2,2,0.20000000298023224,0.20000000298023224,1,19,18,0
1536,265,tvmonitor,0,0,0,0,0,0,0,0,0,0.0,1,1,1,1,0.1538461595773697,0.1538461595773697,1,19,17,0
1537,9633,person,1,1,0,0,0,0,0,0,0,0.0,2,2,2,2,0.8333333134651184,0.8333333134651184,1,19,18,0
1538,6544,person,0,0,0,0,0,0,0,1,1,1.0,7,7,7,7,1.0,1.0,1,19,18,10
1539,9145,motorbike,1,1,1,1,0,0,0,1,1,1.0,1,1,1,1,0.75,0.75,1,19,18,5
1540,7306,diningtable,0,0,0,0,0,0,0,1,1,1.0,5,5,5,5,0.0,0.0,1,19,18,12
1541,3680,horse,0,0,0,0,0,0,0,0,0,0.0,6,6,6,6,0.1428571492433548,0.1428571492433548,1,19,18,0
1542,1023,diningtable,0,0,0,0,0,0,0,1,1,1.0,1,1,1,1,0.0,0.0,1,19,16,7
1543,7345,person,0,0,0,0,0,0,0,1,1,1.0,6,6,6,6,0.0,0.0,1,19,18,7
1544,6646,person,0,0,0,0,0,0,0,1,1,1.0,5,5,5,5,0.0,0.0,1,19,16,11
1545,2711,person,1,1,0,0,0,0,0,0,0,0.0,4,4,4,4,1.0,1.0,1,19,18,0
1546,9750,pottedplant,1,1,0,0,0,0,0,0,0,0.0,3,3,3,3,1.0,1.0,1,19,18,0
1547,3929,person,1,1,1,0,1,0,0,1,1,0.9473684210526316,6,6,6,6,0.8333333134651184,0.8333333134651184,1,19,18,1
1548,8354,horse,1,1,1,0,1,0,0,1,1,1.0,4,4,4,4,0.8571428656578064,0.8571428656578064,1,19,18,3
1549,348,motorbike,0,0,0,0,0,0,0,1,1,1.0,7,7,7,7,0.25,0.25,1,19,18,5
1550,5166,car,1,1,1,1,0,0,0,1,1,1.0,2,2,2,2,1.0,1.0,1,19,18,6
1551,8829,car,1,1,1,1,0,0,0,1,1,1.0,6,6,6,6,0.5,0.5,1,19,18,3
1552,6122,horse,1,1,0,0,0,0,0,0,0,0.0,3,3,3,3,1.0,1.0,1,19,18,0
1553,6076,person,1,1,1,0,1,0,0,1,1,1.0,1,1,1,1,1.0,1.0,1,19,18,5
1554,3486,car,1,1,1,1,0,0,0,1,1,1.0,7,7,7,7,1.0,1.0,1,19,18,5
1555,8899,horse,1,1,0,0,0,0,0,0,0,0.0,3,3,3,3,1.0,1.0,1,19,18,0
1556,4198,motorbike,0,0,0,0,0,0,0,1,1,1.0,2,2,2,2,1.0,1.0,1,19,18,14
1557,8018,sofa,1,1,1,0,1,0,0,1,1,0.9473684210526316,2,2,2,2,0.800000011920929,0.800000011920929,1,19,18,1
1558,8821,sofa,1,1,0,0,0,0,0,0,0,0.0,7,7,7,7,0.5,0.5,1,19,17,0
1559,5935,sofa,1,1,0,0,0,0,0,0,0,0.0,4,4,4,4,0.800000011920929,0.800000011920929,1,19,18,0
1560,4064,person,1,1,0,0,0,0,0,0,0,0.0,1,1,1,1,0.8181818127632141,0.8181818127632141,1,19,17,0
1561,6024,aeroplane,0,0,0,0,0,0,0,1,1,1.0,4,4,4,4,0.0,0.0,1,19,18,2
1562,3115,person,0,0,0,0,0,0,0,0,0,0.0,6,6,6,6,0.2857142984867096,0.2857142984867096,1,19,17,0
1563,2832,train,1,1,1,1,0,0,0,1,1,1.0,4,4,4,4,0.75,0.75,1,19,18,6
1564,7860,bicycle,0,0,0,0,0,0,0,0,0,0.0,2,2,2,2,0.0,0.0,1,19,18,0
1565,5252,diningtable,1,1,0,0,0,0,0,0,0,0.0,2,2,2,2,1.0,1.0,1,19,18,0
1566,6598,person,1,1,1,1,0,0,0,1,1,1.0,5,5,5,5,1.0,1.0,1,19,18,4
1567,3595,person,0,0,0,0,0,0,0,1,1,1.0,3,3,3,3,1.0,1.0,1,19,18,11
1568,6792,person,1,1,1,1,0,0,0,1,1,0.9941520467836258,5,5,5,5,1.0,1.0,1,19,17,2
1569,3020,person,0,0,0,0,0,0,0,1,1,1.0,0,0,0,0,0.5714285969734192,0.5714285969734192,1,19,18,11
1570,455,horse,0,0,0,0,0,0,0,1,1,1.0,3,3,3,3,1.0,1.0,1,19,18,13
1571,2700,person,1,1,0,0,0,0,0,0,0,0.0,1,1,1,1,0.8888888955116272,0.8888888955116272,1,19,18,0
1572,1923,car,0,0,0,0,0,0,0,1,1,1.0,2,2,2,2,1.0,1.0,1,19,18,11
1573,4004,sofa,1,1,0,0,0,0,0,0,0,0.0,1,1,1,1,1.0,1.0,1,19,18,0
1574,602,person,1,1,1,1,0,0,0,1,1,1.0,3,3,3,3,1.0,1.0,1,19,18,2
1575,293,car,1,1,1,1,0,0,0,1,1,1.0,6,6,6,6,0.8333333134651184,0.8333333134651184,1,19,18,4
1576,6048,boat,0,0,0,0,0,0,0,1,1,1.0,1,1,1,1,0.3636363744735718,0.3636363744735718,1,19,18,2
1577,1652,person,1,1,0,0,0,0,0,0,0,0.0,2,2,2,2,0.875,0.875,1,19,16,0
1578,6764,sofa,1,1,0,0,0,0,0,0,0,0.0,2,2,2,2,0.8999999761581421,0.8999999761581421,1,19,18,0
1579,1006,bird,1,1,1,0,1,0,0,1,1,0.9473684210526316,4,4,4,4,0.6000000238418579,0.6000000238418579,1,19,18,1
1580,1391,sofa,1,1,0,0,0,0,0,0,0,0.0,6,6,6,6,1.0,1.0,1,19,18,0
1581,6676,sofa,1,1,0,0,0,0,0,0,0,0.0,1,1,1,1,0.6000000238418579,0.6000000238418579,1,19,18,0
1582,1336,bicycle,1,1,1,0,1,0,0,1,1,0.9473684210526316,1,1,1,1,1.0,1.0,1,19,18,1
1583,3631,car,1,1,1,0,1,0,0,1,1,0.9473684210526316,1,3,1,3,1.0,1.0,2,19,18,1
1584,3880,cat,1,1,0,0,0,0,0,0,0,0.0,2,2,2,2,0.8181818127632141,0.8181818127632141,1,19,18,0
1585,7695,person,0,0,0,0,0,0,0,1,1,1.0,5,5,5,5,0.0,0.0,1,19,18,15
1586,5044,chair,1,1,0,0,0,0,0,0,0,0.0,0,0,0,0,1.0,1.0,1,19,18,0
1587,3448,chair,1,1,1,1,0,0,0,1,1,0.9473684210526316,2,2,2,2,0.75,0.75,1,19,18,1
1588,5411,person,0,0,0,0,0,0,0,1,1,1.0,6,6,6,6,0.6666666865348816,0.6666666865348816,1,19,18,16
1589,356,person,0,0,0,0,0,0,0,1,1,1.0,5,5,5,5,0.25,0.25,1,19,18,16
1590,8406,bus,1,1,0,0,0,0,0,0,0,0.0,3,3,3,3,0.6666666865348816,0.6666666865348816,1,19,17,0
1591,8233,person,1,1,1,1,0,0,0,1,1,1.0,0,0,0,0,0.625,0.625,1,19,18,2
1592,7293,horse,1,1,0,0,0,0,0,0,0,0.0,1,1,1,1,1.0,1.0,1,19,18,0
1593,8071,pottedplant,1,1,0,0,0,0,0,0,0,0.0,1,1,1,1,1.0,1.0,1,19,18,0
1594,4989,bus,0,0,0,0,0,0,0,1,1,1.0,4,4,4,4,1.0,1.0,1,19,18,9
1595,4040,tvmonitor,0,0,0,0,0,0,0,0,0,0.0,6,6,6,6,0.0,0.0,1,19,18,0
1596,5823,person,1,1,1,1,0,0,0,1,1,0.9473684210526316,7,7,7,7,0.8333333134651184,0.8333333134651184,1,19,18,1
1597,3943,person,0,0,0,0,0,0,0,1,1,1.0,7,7,7,7,0.0,0.0,1,19,17,9
1598,5778,sofa,1,1,1,0,1,0,0,1,1,0.9473684210526316,2,2,2,2,1.0,1.0,1,19,18,1
1599,7349,train,1,1,1,1,0,0,0,1,1,0.9473684210526316,2,2,2,2,1.0,1.0,1,19,18,1
1600,5342,horse,1,1,0,0,0,0,0,0,0,0.0,0,0,0,0,0.9166666865348816,0.9166666865348816,1,19,18,0
1601,3297,diningtable,1,1,0,0,0,0,0,0,0,0.0,4,4,4,4,0.5,0.5,1,19,17,0
1602,8594,dog,1,1,0,0,0,0,0,0,0,0.0,7,7,7,7,1.0,1.0,1,19,18,0
1603,6360,person,0,0,0,0,0,0,0,1,1,1.0,0,0,0,0,0.4000000059604645,0.4000000059604645,1,19,18,8
1604,7577,diningtable,1,1,0,0,0,0,0,0,0,0.0,1,1,1,1,1.0,1.0,1,19,18,0
1605,7636,horse,1,1,0,0,0,0,0,0,0,0.0,1,1,1,1,1.0,1.0,1,19,18,0
1606,1957,chair,1,1,1,1,0,0,0,1,1,1.0,6,6,6,6,1.0,1.0,1,19,18,2
1607,7053,sofa,0,0,0,0,0,0,0,0,0,0.0,0,0,0,0,0.25,0.25,1,19,18,0
1608,7858,bus,0,0,0,0,0,0,0,1,1,1.0,7,7,7,7,0.0,0.0,1,19,18,6
1609,1884,aeroplane,1,1,0,0,0,0,0,0,0,0.0,2,2,2,2,1.0,1.0,1,19,18,0
1610,9261,pottedplant,1,1,0,0,0,0,0,0,0,0.0,6,6,6,6,0.800000011920929,0.800000011920929,1,19,17,0
1611,6364,horse,1,1,0,0,0,0,0,0,0,0.0,0,0,0,0,1.0,1.0,1,19,18,0
1612,7797,car,0,0,0,0,0,0,0,1,1,0.9473684210526316,4,4,4,4,0.1666666716337204,0.1666666716337204,1,19,18,1
1613,2921,horse,1,1,0,0,0,0,0,0,0,0.0,2,2,2,2,1.0,1.0,1,19,18,0
1614,6863,horse,1,1,0,0,0,0,0,0,0,0.0,2,2,2,2,1.0,1.0,1,19,18,0
1615,8195,motorbike,1,1,1,1,0,0,0,1,1,1.0,1,1,1,1,1.0,1.0,1,19,18,9
1616,6757,car,0,0,0,0,0,0,0,1,1,1.0,3,3,3,3,0.6666666865348816,0.6666666865348816,1,19,18,12
1617,9130,horse,1,1,1,1,0,0,0,1,1,1.0,2,2,2,2,1.0,1.0,1,19,18,3
1618,1889,motorbike,0,0,0,0,0,0,0,1,1,1.0,1,1,1,1,0.0,0.0,1,19,18,2
1619,297,cow,1,1,0,0,0,0,0,0,0,0.0,3,3,3,3,1.0,1.0,1,19,18,0
1620,3340,bus,1,1,0,0,0,0,0,0,0,0.0,2,2,2,2,0.800000011920929,0.800000011920929,1,19,17,0
1621,3197,person,1,1,1,0,1,0,0,1,1,0.9473684210526316,5,5,5,5,0.8888888955116272,0.8888888955116272,1,19,18,1
1622,2360,horse,1,1,0,0,0,0,0,0,0,0.0,0,0,0,0,1.0,1.0,1,19,18,0
1623,2724,diningtable,0,0,0,0,0,0,0,0,0,0.0,0,1,0,1,0.25,0.8571428656578064,2,19,18,0
1624,9436,train,1,1,0,0,0,0,0,0,0,0.0,3,3,3,3,0.8571428656578064,0.8571428656578064,1,19,18,0
1625,9931,horse,1,1,0,0,0,0,0,0,0,0.0,0,0,0,0,0.800000011920929,0.800000011920929,1,19,18,0
1626,5347,person,1,1,0,0,0,0,0,0,0,0.0,2,2,2,2,1.0,1.0,1,19,18,0
1627,3858,train,0,0,0,0,0,0,0,0,0,0.0,3,3,3,3,0.0,0.0,1,19,18,0
1628,9090,diningtable,0,0,0,0,0,0,0,0,0,0.0,1,1,1,1,0.0,0.0,1,19,18,0
1629,4126,horse,1,1,0,0,0,0,0,0,0,0.0,2,2,2,2,0.699999988079071,0.699999988079071,1,19,18,0
1630,9680,car,1,1,1,1,0,0,0,1,1,1.0,0,0,0,0,0.6666666865348816,0.6666666865348816,1,19,18,7
1631,2041,car,1,1,0,0,0,0,0,0,0,0.0,1,1,1,1,0.800000011920929,0.800000011920929,1,19,18,0
1632,9812,person,0,0,0,0,0,0,0,1,1,1.0,6,6,6,6,0.0,0.0,1,19,17,9
1633,3776,tvmonitor,1,1,0,0,0,0,0,0,0,0.0,3,3,3,3,1.0,1.0,1,19,18,0
1634,3906,cat,0,0,0,0,0,0,0,1,1,1.0,0,3,3,3,0.0,1.0,2,19,18,8
1635,1762,chair,1,1,0,0,0,0,0,0,0,0.0,4,4,4,4,0.9230769276618958,0.9230769276618958,1,19,18,0
1636,7690,bus,1,1,0,0,0,0,0,0,0,0.0,2,2,2,2,1.0,1.0,1,19,17,0
1637,2887,sofa,1,1,0,0,0,0,0,0,0,0.0,2,2,2,2,0.6000000238418579,0.6000000238418579,1,19,18,0
1638,5381,bus,1,1,0,0,0,0,0,0,0,0.0,1,1,1,1,1.0,1.0,1,19,18,0
1639,124,person,1,1,0,0,0,0,0,0,0,0.0,2,2,2,2,1.0,1.0,1,19,17,0
1640,5187,sofa,1,1,0,0,0,0,0,0,0,0.0,0,0,0,0,1.0,1.0,1,19,17,0
1641,6580,person,1,1,1,1,0,0,0,1,1,1.0,0,0,0,0,0.6666666865348816,0.6666666865348816,1,19,18,9
1642,3534,person,0,0,0,0,0,0,0,1,1,1.0,4,4,4,4,1.0,1.0,1,19,18,12
1643,8131,person,1,1,1,1,0,0,0,1,1,1.0,2,2,2,2,0.75,0.75,1,19,18,4
1644,4363,person,0,0,0,0,0,0,0,1,1,1.0,1,4,4,4,0.3333333432674408,0.0,2,19,17,7
1645,4547,person,1,1,0,0,0,0,0,0,0,0.0,1,1,1,1,1.0,1.0,1,19,18,0
1646,8094,person,1,1,1,1,0,0,0,1,1,1.0,0,0,0,0,1.0,1.0,1,19,18,3
1647,7726,train,1,1,1,1,0,0,0,1,1,0.9473684210526316,3,3,3,3,1.0,1.0,1,19,18,1
1648,3245,person,0,0,0,0,0,0,0,1,1,1.0,5,5,5,5,0.0,0.0,1,19,18,16
1649,7648,person,1,1,1,1,0,0,0,1,1,1.0,5,5,5,5,1.0,1.0,1,19,17,8
1650,5163,car,0,0,0,0,0,0,0,1,1,1.0,5,5,5,5,0.0,0.0,1,19,17,6
1651,7057,sofa,1,1,0,0,0,0,0,0,0,0.0,7,7,7,7,1.0,1.0,1,19,16,0
1652,3951,horse,1,1,0,0,0,0,0,0,0,0.0,1,1,1,1,0.8181818127632141,0.8181818127632141,1,19,18,0
1653,7708,chair,1,1,1,1,0,0,0,1,1,0.9473684210526316,0,0,0,0,1.0,1.0,1,19,18,1
1654,2536,diningtable,1,1,0,0,0,0,0,0,0,0.0,2,2,2,2,1.0,1.0,1,19,18,0
1655,7658,person,1,1,1,1,0,0,0,1,1,1.0,0,0,0,0,0.800000011920929,0.800000011920929,1,19,18,7
1656,1447,motorbike,1,1,1,1,0,0,0,1,1,1.0,7,7,7,7,1.0,1.0,1,19,18,7
1657,6,diningtable,0,0,0,0,0,0,0,0,0,0.0,1,1,1,1,0.4285714328289032,0.4285714328289032,1,19,17,0
1658,6793,horse,1,1,0,0,0,0,0,0,0,0.0,0,0,0,0,1.0,1.0,1,19,17,0
1659,84,diningtable,1,1,0,0,0,0,0,0,0,0.0,4,4,4,4,0.5,0.5,1,19,17,0
1660,7583,dog,1,1,0,0,0,0,0,0,0,0.0,0,0,0,0,0.9166666865348816,0.9166666865348816,1,19,17,0
1661,8887,chair,1,1,1,0,1,0,0,1,1,1.0,7,7,7,7,1.0,1.0,1,19,18,4
1662,7942,horse,1,1,0,0,0,0,0,0,0,0.0,0,0,0,0,0.7272727489471436,0.7272727489471436,1,19,18,0
1663,1320,horse,0,0,0,0,0,0,0,1,1,1.0,0,0,0,0,0.06666667014360428,0.06666667014360428,1,19,18,5
1664,9482,diningtable,0,0,0,0,0,0,0,1,1,1.0,7,7,7,7,0.0,0.0,1,19,16,15
1665,1081,chair,1,1,0,0,0,0,0,0,0,0.0,2,2,2,2,0.5714285969734192,0.5714285969734192,1,19,18,0
1666,5447,sofa,1,1,0,0,0,0,0,0,0,0.0,5,5,5,5,0.6000000238418579,0.6000000238418579,1,19,17,0
1667,3707,person,1,1,1,1,0,0,0,1,1,1.0,2,2,2,2,1.0,1.0,1,19,18,5
1668,4813,sofa,1,1,0,0,0,0,0,0,0,0.0,4,4,4,4,0.699999988079071,0.699999988079071,1,19,18,0
1669,9554,person,0,0,0,0,0,0,0,1,0,0.8947368421052632,6,6,6,6,0.09090909361839294,0.09090909361839294,1,19,17,1
1670,2185,motorbike,1,1,1,1,0,0,0,1,1,1.0,4,4,4,4,1.0,1.0,1,19,17,9
1671,240,car,0,0,0,0,0,0,0,1,1,1.0,3,3,3,3,0.0,0.0,1,19,17,14
1672,7701,car,0,0,0,0,0,0,0,1,1,1.0,7,7,7,7,0.0,0.0,1,19,18,4
1673,2230,sofa,1,1,0,0,0,0,0,0,0,0.0,1,1,1,1,1.0,1.0,1,19,18,0
1674,4128,person,1,1,1,1,0,0,0,1,1,1.0,0,0,0,0,0.8333333134651184,0.8333333134651184,1,19,18,3
1675,1519,sofa,1,1,0,0,0,0,0,0,0,0.0,3,3,3,3,1.0,1.0,1,19,18,0
1676,4001,bus,0,0,0,0,0,0,0,0,0,0.0,2,2,2,2,0.0,0.0,1,19,17,0
1677,9493,bicycle,1,1,0,0,0,0,0,0,0,0.0,1,1,1,1,1.0,1.0,1,19,18,0
1678,6115,sofa,1,1,0,0,0,0,0,0,0,0.0,3,3,3,3,1.0,1.0,1,19,17,0
1679,5666,person,0,0,0,0,0,0,0,1,1,1.0,1,1,1,1,0.0,0.0,1,19,17,8
1680,5409,horse,1,1,0,0,0,0,0,0,0,0.0,1,1,1,1,1.0,1.0,1,19,18,0
1681,1776,person,1,1,1,1,0,0,0,1,1,1.0,3,3,3,3,1.0,1.0,1,19,18,2
1682,7609,horse,1,1,1,0,1,0,0,1,1,1.0,7,7,7,7,1.0,1.0,1,19,18,2
1683,7496,person,0,0,0,0,0,0,0,1,1,1.0,5,5,7,5,1.0,1.0,2,19,18,11
1684,230,bicycle,1,1,0,0,0,0,0,0,0,0.0,1,1,1,1,0.8181818127632141,0.8181818127632141,1,19,18,0
1685,617,diningtable,1,1,0,0,0,0,0,0,0,0.0,2,2,2,2,0.800000011920929,0.800000011920929,1,19,18,0
1686,6975,person,1,1,1,0,1,0,0,1,1,1.0,0,0,0,0,0.8571428656578064,0.8571428656578064,1,19,18,6
1687,5133,motorbike,1,1,1,1,0,0,0,1,1,1.0,7,7,7,7,0.8571428656578064,0.8571428656578064,1,19,18,4
1688,7157,aeroplane,0,0,0,0,0,0,0,0,0,0.0,3,3,3,3,0.0,0.0,1,19,18,0
1689,5098,bicycle,0,0,0,0,0,0,0,1,1,1.0,2,2,2,2,0.5555555820465088,0.5555555820465088,1,19,18,14
1690,4560,car,0,0,0,0,0,0,0,1,1,1.0,7,7,7,7,0.1818181872367859,0.1818181872367859,1,19,18,10
1691,5069,train,0,0,0,0,0,0,0,1,1,1.0,6,6,6,6,0.0,0.0,1,19,18,16
1692,7714,car,1,1,0,0,0,0,0,0,0,0.0,2,2,2,2,1.0,1.0,1,19,18,0
1693,1692,horse,0,0,0,0,0,0,0,0,0,0.0,4,4,4,4,0.125,0.125,1,19,18,0
1694,891,person,1,1,1,0,1,0,0,1,1,1.0,0,0,0,0,1.0,1.0,1,19,18,4
1695,2177,car,1,1,1,0,1,0,0,1,1,0.9473684210526316,7,7,7,7,1.0,1.0,1,19,18,1
1696,1220,person,1,1,0,0,0,0,0,0,0,0.0,5,5,5,5,1.0,1.0,1,19,17,0
1697,2865,bus,1,1,0,0,0,0,0,0,0,0.0,2,2,2,2,1.0,1.0,1,19,18,0
1698,3600,person,1,1,0,0,0,0,0,0,0,0.0,2,2,2,2,0.875,0.875,1,19,18,0
1699,9423,boat,0,0,0,0,0,0,0,0,0,0.0,5,5,5,5,0.10000000149011612,0.10000000149011612,1,19,18,0
1700,3196,sofa,1,1,0,0,0,0,0,0,0,0.0,2,2,2,2,1.0,1.0,1,19,18,0
1701,7985,aeroplane,1,1,0,0,0,0,0,0,0,0.0,4,4,4,4,1.0,1.0,1,19,18,0
1702,9786,dog,1,1,0,0,0,0,0,0,0,0.0,2,2,2,2,1.0,1.0,1,19,18,0
1703,4505,train,0,0,0,0,0,0,0,1,1,1.0,2,2,2,2,0.46666666865348816,0.46666666865348816,1,19,18,6
1704,8623,motorbike,1,1,0,0,0,0,0,0,0,0.0,4,4,4,4,0.5,0.5,1,19,18,0
1705,8120,person,1,1,1,0,1,0,0,1,1,1.0,4,4,4,4,1.0,1.0,1,19,18,3
1706,3505,person,0,0,0,0,0,0,0,1,1,1.0,4,4,4,4,0.0,0.0,1,19,18,9
1707,4099,bus,1,1,0,0,0,0,0,0,0,0.0,1,1,1,1,1.0,1.0,1,19,18,0
1708,9322,motorbike,0,0,0,0,0,0,0,0,0,0.0,3,3,3,3,0.4000000059604645,0.4000000059604645,1,19,16,0
1709,231,bus,1,1,0,0,0,0,0,0,0,0.0,4,4,4,4,1.0,1.0,1,19,18,0
1710,8050,tvmonitor,0,0,0,0,0,0,0,0,0,0.0,0,0,0,0,0.0833333358168602,0.0833333358168602,1,19,17,0
1711,8309,sofa,1,1,0,0,0,0,0,0,0,0.0,7,7,7,7,1.0,1.0,1,19,18,0
1712,6143,horse,1,1,0,0,0,0,0,0,0,0.0,1,1,1,1,1.0,1.0,1,19,18,0
1713,8599,dog,0,0,0,0,0,0,0,1,1,0.9473684210526316,3,3,6,3,0.0,0.0,2,19,18,1
1714,9582,diningtable,1,1,1,1,0,0,0,1,1,0.9473684210526316,0,0,0,0,1.0,1.0,1,19,18,1
1715,8902,person,0,0,0,0,0,0,0,1,1,1.0,4,4,4,4,1.0,1.0,1,19,18,11
1716,9548,train,1,1,1,1,0,0,0,1,1,1.0,0,0,0,0,1.0,1.0,1,19,18,4
1717,6040,person,1,1,1,1,0,0,0,1,1,0.9473684210526316,0,0,0,0,1.0,1.0,1,19,18,1
1718,6623,person,0,0,0,0,0,0,0,1,1,1.0,0,0,0,0,0.8333333134651184,0.8333333134651184,1,19,18,14
1719,8705,chair,1,1,0,0,0,0,0,0,0,0.0,2,2,2,2,0.75,0.75,1,19,18,0
1720,7112,car,1,1,1,1,0,0,0,1,1,1.0,3,3,3,3,0.6666666865348816,0.6666666865348816,1,19,18,2
1721,9074,horse,1,1,0,0,0,0,0,0,0,0.0,5,5,5,5,0.5,0.5,1,19,18,0
1722,9441,person,1,1,1,1,0,0,0,1,1,1.0,3,3,3,3,1.0,1.0,1,19,18,3
1723,938,chair,0,0,0,0,0,0,0,0,0,0.0,0,0,0,0,0.1666666716337204,0.1666666716337204,1,19,18,0
1724,1173,person,1,1,0,0,0,0,0,0,0,0.0,0,0,0,0,1.0,1.0,1,19,18,0
1725,8778,person,1,1,0,0,0,0,0,0,0,0.0,4,4,4,4,0.8333333134651184,0.8333333134651184,1,19,18,0
1726,4214,motorbike,0,0,0,0,0,0,0,1,1,1.0,0,0,0,0,0.0,0.0,1,19,18,12
1727,9258,person,1,1,1,1,0,0,0,1,1,1.0,4,4,4,4,1.0,1.0,1,19,18,4
1728,2862,diningtable,1,1,0,0,0,0,0,0,0,0.0,3,3,3,3,1.0,1.0,1,19,18,0
1729,3543,boat,1,1,1,0,1,0,0,1,1,0.9473684210526316,2,2,2,2,1.0,1.0,1,19,18,1
1730,3101,bus,1,1,1,1,0,0,0,1,1,1.0,5,5,5,5,1.0,1.0,2,19,18,5
1731,7485,sofa,1,1,0,0,0,0,0,0,0,0.0,7,7,7,7,1.0,1.0,1,19,18,0
1732,3483,car,1,1,1,0,1,0,0,1,1,0.9473684210526316,3,3,3,3,0.6000000238418579,0.6000000238418579,1,19,18,1
1733,248,horse,1,1,0,0,0,0,0,0,0,0.0,5,5,5,5,1.0,1.0,1,19,18,0
1734,1138,chair,0,0,0,0,0,0,0,1,1,1.0,0,0,0,0,0.0,0.0,1,19,18,7
1735,2341,person,0,0,0,0,0,0,0,1,1,1.0,2,2,2,2,1.0,1.0,1,19,18,8
1736,3345,diningtable,1,1,0,0,0,0,0,0,0,0.0,1,1,1,1,0.5454545617103577,0.5454545617103577,1,19,18,0
1737,22,horse,1,1,0,0,0,0,0,0,0,0.0,6,6,6,6,1.0,1.0,1,19,18,0
1738,1819,horse,1,1,0,0,0,0,0,0,0,0.0,1,1,1,1,1.0,1.0,1,19,18,0
1739,4893,person,0,0,0,0,0,0,0,1,1,1.0,2,2,2,2,0.0,0.0,1,19,18,9
1740,410,horse,0,0,0,0,0,0,0,0,0,0.0,4,4,4,4,0.0,0.0,1,19,17,0
1741,7237,person,1,1,1,1,0,0,0,1,1,1.0,1,1,1,1,1.0,1.0,1,19,14,8
1742,9077,person,1,1,0,0,0,0,0,0,0,0.0,4,4,4,4,1.0,1.0,1,19,18,0
1743,5040,person,1,1,1,1,0,0,0,1,1,1.0,2,2,2,2,0.875,0.875,1,19,18,6
1744,5049,person,1,1,1,1,0,0,0,1,1,1.0,7,7,7,7,1.0,1.0,1,19,18,3
1745,8490,diningtable,1,1,1,0,1,0,0,1,1,0.9473684210526316,7,7,7,7,0.800000011920929,0.800000011920929,1,19,18,1
1746,4810,car,1,1,0,0,0,0,0,0,0,0.0,5,5,5,5,0.6000000238418579,0.6000000238418579,1,19,18,0
1747,9109,diningtable,1,1,1,0,1,0,0,1,1,0.9473684210526316,4,4,4,4,1.0,1.0,1,19,18,1
1748,1382,car,1,1,1,0,1,0,0,1,1,0.9473684210526316,3,3,3,3,1.0,1.0,1,19,18,1
1749,6213,car,1,1,1,0,1,0,0,1,1,1.0,2,2,2,2,0.5,0.5,1,19,18,2
1750,6586,horse,1,1,1,1,0,0,0,1,1,1.0,7,7,7,7,1.0,1.0,1,19,18,2
1751,1141,boat,1,1,0,0,0,0,0,0,0,0.0,0,0,0,0,0.699999988079071,0.699999988079071,1,19,17,0
1752,5753,person,0,0,0,0,0,0,0,1,1,1.0,4,4,4,4,0.0,0.0,1,19,18,9
1753,6920,motorbike,1,1,1,1,0,0,0,1,1,1.0,5,5,5,5,1.0,1.0,1,19,18,3
1754,5012,person,1,1,1,1,0,0,0,1,1,0.8947368421052632,7,7,7,7,1.0,1.0,1,19,17,1
1755,5798,person,1,1,0,0,0,0,0,0,0,0.0,4,4,4,4,1.0,1.0,1,19,18,0
1756,2663,dog,1,1,1,0,1,0,0,1,1,1.0,1,1,1,1,0.8888888955116272,0.8888888955116272,1,19,18,3
1757,2105,motorbike,0,0,0,0,0,0,0,1,1,1.0,4,4,4,4,0.0,0.0,1,19,18,6
1758,2610,car,0,0,0,0,0,0,0,1,1,1.0,4,4,4,4,0.25,0.25,1,19,18,3
1759,1742,chair,0,0,0,0,0,0,0,1,1,1.0,7,7,7,7,0.0,0.0,1,19,18,3
1760,6332,boat,0,0,0,0,0,0,0,1,1,0.9473684210526316,1,1,1,1,0.0833333358168602,0.0833333358168602,1,19,18,1
1761,6303,pottedplant,0,0,0,0,0,0,0,0,0,0.0,2,2,2,2,0.0,0.0,1,19,18,0
1762,6613,motorbike,1,1,0,0,0,0,0,0,0,0.0,2,2,2,2,0.800000011920929,0.800000011920929,1,19,18,0
1763,7983,motorbike,1,1,1,0,1,0,0,1,1,1.0,2,2,2,2,0.875,0.875,1,19,18,4
1764,7186,person,0,0,0,0,0,0,0,1,1,1.0,6,6,6,6,0.0,0.0,1,19,18,2
1765,6266,person,1,1,0,0,0,0,0,0,0,0.0,3,3,3,3,0.7142857313156128,0.7142857313156128,1,19,18,0
1766,7452,cow,1,1,0,0,0,0,0,0,0,0.0,0,0,0,0,1.0,1.0,1,19,18,0
1767,8828,motorbike,1,1,0,0,0,0,0,0,0,0.0,0,0,0,0,0.6666666865348816,0.6666666865348816,1,19,17,0
1768,2227,bicycle,1,1,0,0,0,0,0,0,0,0.0,4,4,4,4,1.0,1.0,2,19,18,0
1769,6937,sofa,1,1,0,0,0,0,0,0,0,0.0,7,7,7,7,1.0,1.0,1,19,18,0
1770,9569,horse,0,0,0,0,0,0,0,1,1,1.0,4,4,4,4,0.09090909361839294,0.09090909361839294,1,19,18,5
1771,5484,bus,1,1,0,0,0,0,0,0,0,0.0,2,2,2,2,0.800000011920929,0.800000011920929,1,19,18,0
1772,4395,bicycle,1,1,1,1,0,0,0,1,1,0.9473684210526316,2,2,2,2,1.0,1.0,1,19,18,1
1773,5474,cat,1,1,0,0,0,0,0,0,0,0.0,0,0,0,0,0.9230769276618958,0.9230769276618958,1,19,18,0
1774,188,bus,1,1,0,0,0,0,0,0,0,0.0,1,1,1,1,0.7857142686843872,0.7857142686843872,1,19,17,0
1775,595,diningtable,1,1,0,0,0,0,0,0,0,0.0,2,2,2,2,0.7142857313156128,0.7142857313156128,1,19,18,0
1776,3558,tvmonitor,1,1,0,0,0,0,0,0,0,0.0,7,7,7,7,1.0,1.0,1,19,18,0
1777,4917,motorbike,1,1,0,0,0,0,0,0,0,0.0,2,2,2,2,0.7142857313156128,0.7142857313156128,1,19,18,0
1778,3473,horse,1,1,0,0,0,0,0,0,0,0.0,1,1,1,1,1.0,1.0,1,19,18,0
1779,9165,tvmonitor,1,1,0,0,0,0,0,0,0,0.0,4,4,4,4,0.5,0.5,1,19,18,0
1780,9815,diningtable,1,1,1,0,1,0,0,1,1,0.9473684210526316,0,0,0,0,0.800000011920929,0.800000011920929,1,19,18,1
1781,8383,car,1,1,1,1,0,0,0,1,1,1.0,4,4,4,4,1.0,1.0,1,19,18,2
1782,3187,horse,1,1,1,0,1,0,0,1,1,1.0,2,2,2,2,1.0,1.0,1,19,18,2
1783,3081,person,1,1,1,1,0,0,0,1,1,1.0,6,6,6,6,1.0,1.0,1,19,18,2
1784,8626,pottedplant,0,0,0,0,0,0,0,1,1,1.0,6,6,6,6,0.0,0.0,1,19,18,6
1785,4301,horse,1,1,1,0,1,0,0,1,1,1.0,6,6,6,6,1.0,1.0,1,19,18,2
1786,1261,chair,1,1,0,0,0,0,0,0,0,0.0,6,6,6,6,1.0,1.0,1,19,18,0
1787,9779,car,1,1,1,1,0,0,0,1,1,1.0,6,6,6,6,1.0,1.0,1,19,18,2
1788,1831,sofa,1,1,0,0,0,0,0,0,0,0.0,0,0,0,0,1.0,1.0,1,19,18,0
1789,342,tvmonitor,0,0,0,0,0,0,0,1,1,1.0,7,7,7,7,1.0,1.0,1,19,18,16
1790,1496,person,1,1,0,0,0,0,0,0,0,0.0,4,4,4,4,1.0,1.0,1,19,18,0
1791,894,motorbike,0,0,0,0,0,0,0,1,1,1.0,6,6,6,6,0.0,0.0,1,19,18,2
1792,9317,motorbike,1,1,0,0,0,0,0,0,0,0.0,7,7,7,7,0.6666666865348816,0.6666666865348816,1,19,18,0
1793,2753,chair,1,1,1,0,1,0,0,1,1,0.9473684210526316,3,3,3,3,0.6666666865348816,0.6666666865348816,1,19,18,1
1794,2050,horse,1,1,0,0,0,0,0,0,0,0.0,3,3,3,3,1.0,1.0,1,19,18,0
1795,1301,motorbike,1,1,1,1,0,0,0,1,1,0.9473684210526316,1,1,1,1,1.0,1.0,1,19,18,1
1796,1040,person,1,1,1,1,0,0,0,1,1,1.0,5,5,5,5,1.0,1.0,1,19,18,5
1797,5103,person,1,1,1,1,0,0,0,1,1,1.0,2,2,2,2,1.0,1.0,1,19,18,3
1798,490,person,1,1,1,1,0,0,0,1,1,0.9941520467836258,4,4,4,4,0.5,0.5,1,19,17,2
1799,8288,person,1,1,1,1,0,0,0,1,1,0.9473684210526316,0,0,0,0,1.0,1.0,1,19,18,1
1800,4252,cat,1,1,0,0,0,0,0,0,0,0.0,3,3,3,3,1.0,1.0,1,19,17,0
1801,5622,diningtable,1,1,0,0,0,0,0,0,0,0.0,7,7,7,7,1.0,1.0,1,19,17,0
1802,55,motorbike,0,0,0,0,0,0,0,1,1,1.0,2,2,2,2,0.0,0.0,1,19,18,2
1803,4599,bottle,1,1,0,0,0,0,0,0,0,0.0,1,1,1,1,0.8333333134651184,0.8333333134651184,1,19,18,0
1804,9704,bus,1,1,0,0,0,0,0,0,0,0.0,2,2,2,2,0.5555555820465088,0.5555555820465088,1,19,17,0
1805,3198,person,1,1,1,1,0,0,0,1,1,0.9473684210526316,7,7,7,7,0.6666666865348816,0.6666666865348816,1,19,18,1
1806,4538,horse,1,1,0,0,0,0,0,0,0,0.0,0,0,0,0,1.0,1.0,1,19,18,0
1807,6248,person,1,1,1,1,0,0,0,1,1,1.0,6,6,6,6,1.0,1.0,2,19,18,3
1808,5890,person,0,0,0,0,0,0,0,1,1,1.0,3,3,3,3,0.3333333432674408,0.3333333432674408,1,19,18,16
1809,2074,pottedplant,1,1,0,0,0,0,0,0,0,0.0,3,3,3,3,0.7142857313156128,0.7142857313156128,1,19,17,0
1810,7405,bus,1,1,0,0,0,0,0,0,0,0.0,5,5,5,5,1.0,1.0,1,19,17,0
1811,1253,person,0,0,0,0,0,0,0,1,1,1.0,4,4,4,4,1.0,1.0,1,19,18,10
1812,8471,tvmonitor,1,1,0,0,0,0,0,0,0,0.0,3,3,3,3,0.5,0.5,1,19,18,0
1813,2999,motorbike,0,0,0,0,0,0,0,1,1,1.0,5,5,5,5,0.0,0.0,1,19,18,19
1814,7811,person,1,1,0,0,0,0,0,0,0,0.0,1,1,1,1,0.6666666865348816,0.6666666865348816,1,19,17,0
1815,1282,person,1,1,1,0,1,0,0,1,1,1.0,7,7,7,7,1.0,1.0,1,19,18,2
1816,3833,motorbike,0,0,0,0,0,0,0,1,1,1.0,2,2,2,2,0.0,0.0,1,19,17,12
1817,5139,horse,1,1,0,0,0,0,0,0,0,0.0,4,4,4,4,0.5714285969734192,0.5714285969734192,1,19,18,0
1818,3761,diningtable,1,1,1,0,1,0,0,1,1,1.0,7,7,7,7,0.5,0.5,1,19,17,7
1819,8153,diningtable,0,0,0,0,0,0,0,1,1,0.9473684210526316,0,0,0,0,0.0,0.0,1,19,18,1
1820,1179,diningtable,1,1,0,0,0,0,0,0,0,0.0,3,3,3,3,0.7777777910232544,0.7777777910232544,1,19,18,0
1821,6705,sofa,1,1,0,0,0,0,0,0,0,0.0,0,0,0,0,0.8999999761581421,0.8999999761581421,1,19,17,0
1822,366,diningtable,1,1,0,0,0,0,0,0,0,0.0,7,7,7,7,1.0,1.0,1,19,18,0
1823,4266,horse,1,1,1,0,1,0,0,1,1,1.0,4,4,4,4,0.75,0.75,1,19,18,6
1824,2087,person,0,0,0,0,0,0,0,1,1,1.0,6,6,6,6,0.0,0.0,1,19,18,6
1825,5141,cow,1,1,0,0,0,0,0,0,0,0.0,2,2,2,2,1.0,1.0,1,19,18,0
1826,7220,chair,0,0,0,0,0,0,0,1,1,1.0,4,4,4,4,0.1666666716337204,0.1666666716337204,1,19,17,6
1827,8363,car,0,0,0,0,0,0,0,1,1,1.0,7,7,7,7,0.0,0.0,1,19,17,5
1828,1021,chair,1,1,1,1,0,0,0,1,1,1.0,2,2,2,2,1.0,1.0,1,19,17,4
1829,7508,person,1,1,1,0,1,0,0,1,1,1.0,6,6,6,6,1.0,1.0,1,19,18,2
1830,4132,sofa,0,0,0,0,0,0,0,1,1,1.0,2,2,2,2,1.0,1.0,1,19,18,10
1831,5308,person,1,1,1,0,0,1,0,1,1,0.9473684210526316,4,4,4,4,0.800000011920929,0.800000011920929,2,19,18,1
1832,8237,train,1,1,0,0,0,0,0,0,0,0.0,0,0,0,0,0.800000011920929,0.800000011920929,1,19,18,0
1833,157,chair,1,1,0,0,0,0,0,0,0,0.0,1,1,1,1,1.0,1.0,1,19,18,0
1834,6594,person,0,0,0,0,0,0,0,1,1,1.0,1,0,0,1,0.125,0.25,2,19,18,10
1835,7124,person,1,1,0,0,0,0,0,0,0,0.0,1,1,1,1,1.0,1.0,1,19,18,0
1836,7895,person,1,1,0,0,0,0,0,0,0,0.0,3,3,3,3,1.0,1.0,1,19,18,0
1837,547,diningtable,0,0,0,0,0,0,0,0,0,0.0,6,6,6,6,0.0,0.0,1,19,17,0
1838,8052,car,1,1,0,0,0,0,0,0,0,0.0,0,0,0,0,1.0,1.0,1,19,18,0
1839,7494,diningtable,0,0,0,0,0,0,0,1,1,0.9941520467836258,2,2,2,2,0.23076923191547394,0.23076923191547394,1,19,17,2
1840,97,chair,0,0,0,0,0,0,0,1,1,0.9941520467836258,0,0,0,0,0.0,0.0,1,19,17,2
1841,5313,chair,0,0,0,0,0,0,0,0,0,0.0,1,1,1,1,0.0,0.0,1,19,18,0
1842,2110,aeroplane,1,1,1,1,0,0,0,1,1,1.0,6,6,6,6,1.0,1.0,1,19,18,4
1843,4308,tvmonitor,0,0,0,0,0,0,0,0,0,0.0,4,4,4,4,0.0,0.0,1,19,18,0
1844,3206,chair,0,0,0,0,0,0,0,0,0,0.0,2,2,2,2,0.25,0.25,1,19,18,0
1845,1067,sofa,1,1,1,0,1,0,0,1,1,1.0,2,2,2,2,1.0,1.0,1,19,18,2
1846,7118,cow,1,1,0,0,0,0,0,0,0,0.0,3,3,3,3,1.0,1.0,1,19,18,0
1847,7554,person,0,0,0,0,0,0,0,1,1,1.0,6,6,6,6,0.0,0.0,1,19,18,13
1848,358,car,0,0,0,0,0,0,0,1,1,0.9473684210526316,1,1,1,1,0.0,0.0,1,19,18,1
1849,783,horse,0,0,0,0,0,0,0,0,0,0.0,3,3,3,3,0.09090909361839294,0.09090909361839294,1,19,18,0
1850,3650,person,1,1,0,0,0,0,0,0,0,0.0,5,5,5,5,1.0,1.0,1,19,17,0
1851,8918,sofa,0,0,0,0,0,0,0,0,0,0.0,3,3,3,3,0.25,0.25,1,19,18,0
1852,506,person,1,1,1,1,0,0,0,1,1,0.8947368421052632,4,4,4,4,1.0,1.0,1,19,17,1
1853,1026,person,1,1,1,1,0,0,0,1,1,0.9473684210526316,0,0,0,0,1.0,1.0,1,19,18,1
1854,9164,person,0,0,0,0,0,0,0,1,1,1.0,1,1,1,1,0.3529411852359772,0.3529411852359772,1,19,17,10
1855,586,car,1,1,0,0,0,0,0,0,0,0.0,3,3,3,3,0.6666666865348816,0.6666666865348816,1,19,18,0
1856,3676,chair,1,1,1,0,1,0,0,1,1,0.9473684210526316,5,5,5,5,0.5,0.5,1,19,18,1
1857,916,bus,1,1,1,1,0,0,0,1,1,0.9473684210526316,2,2,2,2,1.0,1.0,1,19,18,1
1858,9628,sofa,1,1,1,0,1,0,0,1,1,1.0,6,6,6,6,1.0,1.0,1,19,18,2
1859,6013,bus,1,1,1,0,1,0,0,1,0,0.9473684210526316,4,4,4,4,1.0,1.0,1,19,18,1
1860,9225,chair,1,1,0,0,0,0,0,0,0,0.0,2,2,2,2,0.7777777910232544,0.7777777910232544,1,19,18,0
1861,4899,boat,1,1,1,1,0,0,0,1,1,1.0,4,4,4,4,1.0,1.0,1,19,18,3
1862,6508,person,1,1,1,1,0,0,0,1,1,1.0,6,6,6,6,1.0,1.0,1,19,18,9
1863,2701,car,1,1,0,0,0,0,0,0,0,0.0,7,7,7,7,1.0,1.0,1,19,18,0
1864,9903,horse,1,1,0,0,0,0,0,0,0,0.0,1,1,1,1,1.0,1.0,2,19,17,0
1865,9047,motorbike,1,1,0,0,0,0,0,0,0,0.0,1,1,1,1,1.0,1.0,1,19,18,0
1866,1569,diningtable,1,1,1,0,1,0,0,1,0,0.8421052631578947,2,2,2,2,0.692307710647583,0.692307710647583,1,19,16,1
1867,8540,bicycle,0,0,0,0,0,0,0,1,1,1.0,6,6,6,6,0.3333333432674408,0.3333333432674408,1,19,18,6
1868,2383,bus,0,0,0,0,0,0,0,1,1,1.0,1,1,1,1,0.1666666716337204,0.1666666716337204,1,19,18,8
1869,7761,car,1,1,1,1,0,0,0,1,1,1.0,5,5,5,5,1.0,1.0,1,19,18,9
1870,984,person,1,1,0,0,0,0,0,0,0,0.0,6,6,6,6,1.0,1.0,1,19,18,0
1871,638,cat,0,0,0,0,0,0,0,1,1,1.0,4,4,4,4,0.0,0.0,1,19,18,18
1872,1189,diningtable,1,1,0,0,0,0,0,0,0,0.0,6,6,6,6,1.0,1.0,1,19,18,0
1873,8324,car,1,1,0,0,0,0,0,0,0,0.0,0,0,0,0,0.800000011920929,0.800000011920929,1,19,18,0
1874,449,boat,1,1,1,1,0,0,0,1,1,1.0,3,3,3,3,0.800000011920929,0.800000011920929,2,19,18,3
1875,7240,diningtable,0,0,0,0,0,0,0,1,1,1.0,5,5,5,5,0.25,0.25,1,19,18,5
1876,8259,horse,1,1,0,0,0,0,0,0,0,0.0,0,0,0,0,1.0,1.0,1,19,16,0
1877,8003,motorbike,0,0,0,0,0,0,0,1,1,1.0,2,2,2,2,0.30000001192092896,0.30000001192092896,1,19,18,12
1878,8081,cow,1,1,0,0,0,0,0,0,0,0.0,5,5,5,5,1.0,1.0,1,19,18,0
1879,8901,person,0,0,0,0,0,0,0,1,1,1.0,6,7,6,6,0.6666666865348816,0.3333333432674408,2,19,18,11
1880,1417,horse,1,1,0,0,0,0,0,0,0,0.0,0,0,0,0,1.0,1.0,1,19,18,0
1881,7951,bus,1,1,1,1,0,0,0,1,1,0.9473684210526316,1,1,1,1,1.0,1.0,1,19,18,1
1882,7173,boat,1,1,0,0,0,0,0,0,0,0.0,2,2,2,2,1.0,1.0,1,19,17,0
1883,1177,person,1,1,1,0,1,0,0,1,1,1.0,1,1,1,1,1.0,1.0,1,19,16,9
1884,2446,car,0,0,0,0,0,0,0,1,1,1.0,0,0,0,0,0.0,0.0,1,19,18,10
1885,2060,person,0,0,0,0,0,0,0,1,1,1.0,3,3,3,3,0.0,0.0,1,19,18,8
1886,3769,car,0,0,0,0,0,0,0,1,1,1.0,3,3,3,3,1.0,1.0,1,19,18,9
1887,2739,person,0,0,0,0,0,0,0,1,1,1.0,2,2,2,2,0.0,0.0,1,19,18,8
1888,3385,person,1,1,1,1,0,0,0,1,1,1.0,3,3,3,3,1.0,1.0,1,19,18,6
1889,9626,sofa,1,1,0,0,0,0,0,0,0,0.0,1,1,1,1,1.0,1.0,1,19,17,0
1890,7401,sofa,1,1,0,0,0,0,0,0,0,0.0,4,4,4,4,0.875,0.875,1,19,17,0
1891,715,car,0,0,0,0,0,0,0,1,1,1.0,6,6,6,6,0.3333333432674408,0.3333333432674408,1,19,18,11
1892,5775,car,1,1,1,1,0,0,0,1,1,1.0,6,2,2,2,0.7142857313156128,0.6666666865348816,2,19,18,4
1893,6192,person,0,0,0,0,0,0,0,1,1,1.0,6,6,6,6,0.25,0.25,1,19,18,15
1894,413,horse,1,1,0,0,0,0,0,0,0,0.0,0,0,0,0,1.0,1.0,1,19,18,0
1895,1096,bicycle,1,1,1,0,1,0,0,1,1,1.0,0,0,0,0,0.8181818127632141,0.8181818127632141,1,19,18,6
1896,369,person,0,0,0,0,0,0,0,1,1,1.0,5,5,5,5,0.75,0.75,1,19,17,14
1897,8367,person,1,1,0,0,0,0,0,0,0,0.0,4,4,4,4,1.0,1.0,1,19,17,0
1898,5237,sofa,1,1,1,0,1,0,0,1,1,1.0,2,2,2,2,1.0,1.0,1,19,18,4
1899,5082,sofa,1,1,0,0,0,0,0,0,0,0.0,2,2,2,2,0.7777777910232544,0.7777777910232544,1,19,18,0
1900,8560,person,0,0,0,0,0,0,0,1,1,1.0,3,3,3,3,0.125,0.125,1,19,17,5
1901,5717,person,1,1,1,1,0,0,0,1,1,0.8947368421052632,6,6,6,6,1.0,1.0,1,19,17,1
1902,5031,person,0,0,0,0,0,0,0,0,0,0.0,0,0,0,0,0.0,0.0,1,19,18,0
1903,3557,horse,0,0,0,0,0,0,0,0,0,0.0,1,1,1,1,0.0,0.0,1,19,18,0
1904,6688,cat,0,0,0,0,0,0,0,1,1,1.0,3,3,3,3,0.0,0.0,1,19,18,7
1905,8287,person,0,0,0,0,0,0,0,1,1,1.0,5,5,5,5,0.3333333432674408,0.3333333432674408,1,19,16,15
1906,6921,motorbike,0,0,0,0,0,0,0,1,1,1.0,6,6,6,6,0.0,0.0,1,19,18,9
1907,8964,dog,1,1,1,1,0,0,0,1,1,0.9473684210526316,4,4,4,4,1.0,1.0,1,19,18,1
1908,4864,motorbike,0,0,0,0,0,0,0,1,1,1.0,5,5,5,5,0.4000000059604645,0.4000000059604645,1,19,18,18
1909,8765,bicycle,1,1,0,0,0,0,0,0,0,0.0,1,1,1,1,0.75,0.75,1,19,18,0
1910,6830,person,0,0,0,0,0,0,0,1,1,1.0,0,0,0,0,0.3333333432674408,0.3333333432674408,1,19,17,6
1911,4918,chair,1,1,1,1,0,0,0,1,1,0.9473684210526316,0,0,0,0,0.6000000238418579,0.6000000238418579,1,19,18,1
1912,7428,boat,1,1,0,0,0,0,0,0,0,0.0,2,2,2,2,1.0,1.0,1,19,18,0
1913,3179,car,1,1,0,0,0,0,0,0,0,0.0,3,3,3,3,1.0,1.0,1,19,18,0
1914,9139,motorbike,0,0,0,0,0,0,0,1,1,1.0,7,7,7,7,0.6666666865348816,0.6666666865348816,1,19,18,17
1915,3302,bus,1,1,0,0,0,0,0,0,0,0.0,6,6,6,6,1.0,1.0,1,19,18,0
1916,2428,person,0,0,0,0,0,0,0,1,1,1.0,7,7,7,7,0.0,0.0,1,19,18,7
1917,4469,person,0,0,0,0,0,0,0,1,1,1.0,5,5,5,5,1.0,1.0,1,19,17,11
1918,5750,person,0,0,0,0,0,0,0,1,1,0.9473684210526316,3,3,3,3,0.0,0.0,1,19,18,1
1919,6157,person,0,0,0,0,0,0,0,1,1,1.0,0,0,0,0,0.6000000238418579,0.6000000238418579,1,19,18,16
1920,2993,car,1,1,1,0,1,0,0,1,1,1.0,7,7,7,7,0.5,0.5,1,19,18,3
1921,6446,person,1,1,1,1,0,0,0,1,1,1.0,0,0,0,0,0.5714285969734192,0.5714285969734192,1,19,18,7
1922,3515,car,1,1,1,1,0,0,0,1,1,1.0,5,5,5,5,1.0,1.0,1,19,18,9
1923,4668,chair,1,1,0,0,0,0,0,0,0,0.0,4,4,4,4,1.0,1.0,1,19,18,0
1924,4486,chair,1,1,1,1,0,0,0,1,1,0.9473684210526316,2,2,2,2,1.0,1.0,1,19,18,1
1925,4344,bicycle,1,1,0,0,0,0,0,0,0,0.0,2,2,2,2,0.8571428656578064,0.8571428656578064,1,19,18,0
1926,8721,sofa,1,1,1,1,0,0,0,1,1,0.9473684210526316,0,0,0,0,1.0,1.0,1,19,18,1
1927,5766,person,0,0,0,0,0,0,0,1,1,0.9473684210526316,6,6,6,6,0.25,0.25,1,19,18,1
1928,5182,horse,1,1,0,0,0,0,0,0,0,0.0,1,1,1,1,1.0,1.0,1,19,18,0
1929,644,tvmonitor,0,0,0,0,0,0,0,0,0,0.0,6,6,6,6,0.0,0.0,1,19,18,0
1930,3459,diningtable,0,0,0,0,0,0,0,1,1,1.0,7,7,7,7,0.1111111119389534,0.1111111119389534,1,19,16,11
1931,6199,person,0,0,0,0,0,0,0,1,1,1.0,1,1,1,1,0.4444444477558136,0.4444444477558136,1,19,18,3
1932,7770,person,1,1,1,1,0,0,0,1,1,1.0,4,4,4,4,1.0,1.0,1,19,18,3
1933,386,person,1,1,0,0,0,0,0,0,0,0.0,2,2,2,2,1.0,1.0,1,19,18,0
1934,8906,car,1,1,0,0,0,0,0,0,0,0.0,3,3,3,3,0.8571428656578064,0.8571428656578064,2,19,18,0
1935,8278,boat,0,0,0,0,0,0,0,1,1,1.0,2,2,2,2,0.0,0.0,1,19,18,3
1936,5301,person,1,1,1,0,1,0,0,1,1,0.9473684210526316,2,2,2,2,1.0,1.0,1,19,18,1
1937,9369,horse,1,1,0,0,0,0,0,0,0,0.0,2,2,2,2,1.0,1.0,1,19,18,0
1938,655,motorbike,1,1,0,0,0,0,0,0,0,0.0,0,0,0,0,1.0,1.0,1,19,18,0
1939,910,person,1,1,1,1,0,0,0,1,1,1.0,6,6,6,6,1.0,1.0,1,19,18,7
1940,8124,horse,0,0,0,0,0,0,0,1,1,1.0,5,5,5,5,0.0,0.0,1,19,18,12
1941,8682,car,0,0,0,0,0,0,0,1,1,1.0,6,6,6,6,1.0,1.0,1,19,18,10
1942,953,chair,1,1,0,0,0,0,0,0,0,0.0,6,6,6,6,0.75,0.75,1,19,18,0
