sample_index,image_id,target_id,A,Aplus,B,C0,C1,C2,r,full_failure,absent_failure,exact_matched_random_failure_probability,cci_region,wf_region,mean_region,max_0_1_region,cci_bbox_precision,wf_bbox_precision,feasible_set_size,n_full_foils,n_absent_foils,m_outranking_foils
0,6915,dog,0,0,0,0,0,0,0,1,1,1.0,2,2,2,2,0.4399999976158142,0.4399999976158142,1,19,17,10
1,364,motorbike,1,1,1,0,1,0,0,1,1,0.9473684210526316,0,0,0,0,0.6666666865348816,0.6666666865348816,1,19,18,1
2,8846,cat,1,1,0,0,0,0,0,0,0,0.0,0,0,0,0,0.9473684430122375,0.9473684430122375,1,19,18,0
3,4964,sofa,1,1,0,0,0,0,0,0,0,0.0,1,1,1,1,0.8611111044883728,0.8611111044883728,1,19,17,0
4,2631,person,1,1,1,1,0,0,0,1,1,1.0,4,4,4,4,1.0,1.0,1,19,18,4
5,4225,boat,1,1,0,0,0,0,0,0,0,0.0,5,5,5,5,1.0,1.0,1,19,18,0
6,3701,car,1,1,0,0,0,0,0,0,0,0.0,7,7,7,7,0.8888888955116272,0.8888888955116272,1,19,18,0
7,6811,horse,1,1,0,0,0,0,0,0,0,0.0,2,2,2,2,0.9615384340286255,0.9615384340286255,1,19,18,0
8,3217,car,1,1,0,0,0,0,0,0,0,0.0,5,5,5,5,1.0,1.0,1,19,18,0
9,2239,person,0,0,0,0,0,0,0,1,1,0.9473684210526316,5,5,5,5,0.1785714328289032,0.1785714328289032,1,19,18,1
10,8563,chair,0,0,0,0,0,0,0,1,0,0.9473684210526316,3,3,3,3,0.25641027092933655,0.25641027092933655,1,19,18,1
11,5844,diningtable,0,0,0,0,0,0,0,1,0,0.9473684210526316,4,4,4,4,0.18518517911434174,0.18518517911434174,1,19,18,1
12,4721,person,0,0,0,0,0,0,0,1,1,1.0,4,6,6,6,0.36000001430511475,0.03846153989434242,2,19,18,11
13,4243,motorbike,1,1,0,0,0,0,0,0,0,0.0,2,2,2,2,0.9599999785423279,0.9599999785423279,1,19,18,0
14,2728,person,1,1,1,1,0,0,0,1,1,1.0,4,4,4,4,0.5128205418586731,0.5128205418586731,1,19,18,6
15,2062,tvmonitor,1,1,1,0,1,0,0,1,1,1.0,3,3,3,3,1.0,1.0,1,19,18,4
16,6481,car,1,1,1,1,0,0,0,1,1,1.0,0,0,0,0,0.8461538553237915,0.8461538553237915,1,19,18,4
17,6771,diningtable,0,0,0,0,0,0,0,0,0,0.0,2,2,2,2,0.44736841320991516,0.44736841320991516,1,19,17,0
18,8039,pottedplant,0,0,0,0,0,0,0,0,0,0.0,4,4,4,4,0.4583333432674408,0.4583333432674408,1,19,17,0
19,3893,car,0,0,0,0,0,0,0,1,1,1.0,1,1,1,1,0.375,0.375,1,19,18,8
20,7689,person,1,1,1,1,0,0,0,1,1,1.0,6,6,6,6,0.9642857313156128,0.9642857313156128,1,19,18,4
21,6984,chair,1,1,0,0,0,0,0,0,0,0.0,5,5,5,5,0.7272727489471436,0.7272727489471436,1,19,18,0
22,9231,horse,0,0,0,0,0,0,0,1,1,1.0,6,0,0,0,0.6190476417541504,0.1428571492433548,2,19,18,12
23,4650,motorbike,1,1,1,1,0,0,0,1,1,1.0,5,5,5,5,0.5882353186607361,0.5882353186607361,1,19,17,6
24,7553,motorbike,1,1,1,1,0,0,0,1,1,1.0,6,6,6,6,0.8518518805503845,0.8518518805503845,1,19,18,7
25,116,sofa,1,1,0,0,0,0,0,0,0,0.0,7,7,7,7,0.8799999952316284,0.8799999952316284,1,19,17,0
26,2856,diningtable,1,1,1,1,0,0,0,1,1,1.0,5,5,5,5,1.0,1.0,1,19,18,5
27,5898,sofa,1,1,1,0,1,0,0,1,1,1.0,5,5,5,5,0.8571428656578064,0.8571428656578064,1,19,15,5
28,8126,person,1,1,1,1,0,0,0,1,1,1.0,0,0,0,0,1.0,1.0,1,19,18,6
29,2982,person,0,0,0,0,0,0,0,1,1,1.0,2,2,2,2,0.4615384638309479,0.4615384638309479,1,19,18,9
30,7044,person,0,0,0,0,0,0,0,1,1,1.0,1,1,1,1,0.1875,0.1875,1,19,18,3
31,9475,car,0,0,0,0,0,0,0,1,1,1.0,0,0,0,0,1.0,1.0,1,19,18,15
32,1513,chair,0,0,0,0,0,0,0,1,1,1.0,3,3,3,3,0.0,0.0,1,19,18,8
33,8493,dog,1,1,0,0,0,0,0,0,0,0.0,5,5,5,5,1.0,1.0,1,19,18,0
34,4561,horse,1,1,0,0,0,0,0,0,0,0.0,2,2,2,2,1.0,1.0,1,19,18,0
35,1476,person,0,0,0,0,0,0,0,1,1,1.0,6,6,6,6,0.07692307978868484,0.07692307978868484,1,19,17,11
36,3617,person,0,0,0,0,0,0,0,1,1,1.0,0,0,0,0,0.375,0.375,1,19,17,16
37,9916,sofa,1,1,0,0,0,0,0,0,0,0.0,0,0,0,0,0.5277777910232544,0.5277777910232544,1,19,18,0
38,4491,chair,1,1,1,1,0,0,0,1,1,1.0,0,0,0,0,0.939393937587738,0.939393937587738,1,19,18,2
39,1551,chair,1,1,1,1,0,0,0,1,1,0.9473684210526316,1,1,1,1,0.8500000238418579,0.8500000238418579,1,19,18,1
40,1376,person,1,1,0,0,0,0,0,0,0,0.0,3,3,3,3,0.8275862336158752,0.8275862336158752,1,19,18,0
41,9708,person,0,0,0,0,0,0,0,1,1,1.0,4,4,4,4,0.30434781312942505,0.30434781312942505,1,19,18,11
42,3479,dog,1,1,1,0,1,0,0,1,1,1.0,6,6,6,6,0.6428571343421936,0.6428571343421936,1,19,18,4
43,7462,sheep,1,1,0,0,0,0,0,0,0,0.0,6,6,6,6,0.9473684430122375,0.9473684430122375,1,19,18,0
44,3494,aeroplane,0,0,0,0,0,0,0,1,1,1.0,2,2,2,2,0.15217390656471252,0.15217390656471252,1,19,18,8
45,8486,sofa,1,1,0,0,0,0,0,0,0,0.0,0,0,0,0,0.5588235259056091,0.5588235259056091,1,19,17,0
46,9960,motorbike,1,1,1,0,1,0,0,1,1,1.0,4,4,4,4,0.6097561120986938,0.6097561120986938,1,19,18,7
47,4756,horse,1,1,0,0,0,0,0,0,0,0.0,5,5,5,5,0.95652174949646,0.95652174949646,1,19,18,0
48,9152,person,0,0,0,0,0,0,0,1,1,1.0,2,2,2,2,0.3333333432674408,0.3333333432674408,1,19,18,16
49,8619,motorbike,1,1,1,1,0,0,0,1,1,1.0,0,0,0,0,0.6666666865348816,0.6666666865348816,1,19,18,5
50,4042,person,1,1,0,0,0,0,0,0,0,0.0,7,7,7,7,1.0,1.0,1,19,18,0
51,5506,motorbike,1,1,1,0,1,0,0,1,1,1.0,3,3,3,3,0.7894737124443054,0.7894737124443054,1,19,18,2
52,7453,sofa,1,1,1,0,1,0,0,1,1,0.9941520467836258,0,0,0,0,0.9666666388511658,0.9666666388511658,1,19,17,2
53,1340,person,1,1,1,1,0,0,0,1,1,1.0,1,1,1,1,1.0,1.0,1,19,17,4
54,3075,person,1,1,1,1,0,0,0,1,1,1.0,7,7,7,7,1.0,1.0,1,19,18,6
55,9487,person,1,1,1,1,0,0,0,1,1,1.0,7,7,7,7,0.9117646813392639,0.9117646813392639,1,19,18,5
56,1157,motorbike,1,1,1,0,1,0,0,1,1,1.0,7,7,7,7,1.0,1.0,1,19,18,10
57,314,sofa,0,0,0,0,0,0,0,1,1,1.0,5,5,5,5,0.05263157933950424,0.05263157933950424,1,19,17,16
58,6461,diningtable,1,1,0,0,0,0,0,0,0,0.0,6,6,6,6,0.6333333253860474,0.6333333253860474,1,19,17,0
59,4101,sofa,0,0,0,0,0,0,0,1,1,1.0,4,6,6,6,0.08571428805589676,1.0,2,19,17,4
60,1824,dog,1,1,0,0,0,0,0,0,0,0.0,0,0,0,0,1.0,1.0,1,19,18,0
61,4426,car,1,1,1,1,0,0,0,1,1,1.0,1,1,1,1,1.0,1.0,1,19,18,3
62,1180,person,1,1,0,0,0,0,0,0,0,0.0,1,1,1,1,0.8571428656578064,0.8571428656578064,1,19,17,0
63,1095,dog,1,1,1,1,0,0,0,1,1,1.0,4,4,4,4,0.9130434989929199,0.9130434989929199,1,19,18,2
64,9827,train,1,1,1,0,1,0,0,1,1,1.0,4,4,4,4,0.8636363744735718,0.8636363744735718,1,19,18,3
65,1055,chair,1,1,1,1,0,0,0,1,1,0.9473684210526316,3,3,3,3,0.96875,0.96875,1,19,18,1
66,3532,sofa,0,0,0,0,0,0,0,1,1,1.0,5,5,5,5,0.07407407462596893,0.07407407462596893,1,19,17,8
67,1826,sofa,0,0,0,0,0,0,0,1,0,0.9941520467836258,7,7,7,7,0.4000000059604645,0.4000000059604645,1,19,17,2
68,5392,aeroplane,1,1,0,0,0,0,0,0,0,0.0,5,5,5,5,1.0,1.0,1,19,18,0
69,8579,motorbike,1,1,0,0,0,0,0,0,0,0.0,2,2,2,2,0.8214285969734192,0.8214285969734192,1,19,17,0
70,2240,diningtable,1,1,1,1,0,0,0,1,0,0.8947368421052632,5,5,5,5,0.8148148059844971,0.8148148059844971,1,19,17,1
71,4937,boat,1,1,1,1,0,0,0,1,1,0.9473684210526316,7,7,7,7,0.9473684430122375,0.9473684430122375,1,19,18,1
72,10,horse,1,1,0,0,0,0,0,0,0,0.0,1,1,1,1,1.0,1.0,1,19,18,0
73,6452,person,1,1,1,1,0,0,0,1,1,0.9824561403508771,5,5,5,5,0.949999988079071,0.949999988079071,1,19,16,2
74,5119,bicycle,1,1,0,0,0,0,0,0,0,0.0,2,2,2,2,1.0,1.0,1,19,18,0
75,7756,chair,0,0,0,0,0,0,0,0,0,0.0,5,5,5,5,0.4117647111415863,0.4117647111415863,1,19,18,0
76,2813,chair,1,1,1,0,1,0,0,1,1,1.0,2,2,2,2,0.9615384340286255,0.9615384340286255,1,19,18,3
77,687,car,0,0,0,0,0,0,0,1,1,1.0,7,7,7,7,1.0,1.0,1,19,18,5
78,8852,motorbike,1,1,1,0,1,0,0,1,1,1.0,7,7,7,7,0.9285714030265808,0.9285714030265808,1,19,18,2
79,8566,person,0,0,0,0,0,0,0,1,1,1.0,1,1,1,1,0.36666667461395264,0.36666667461395264,1,19,18,14
80,4410,tvmonitor,1,1,0,0,0,0,0,0,0,0.0,5,5,5,5,1.0,1.0,1,19,18,0
81,252,bus,1,1,0,0,0,0,0,0,0,0.0,2,2,2,2,0.9090909361839294,0.9090909361839294,1,19,17,0
82,9690,diningtable,0,0,0,0,0,0,0,0,0,0.0,1,1,1,1,0.42222222685813904,0.42222222685813904,1,19,18,0
83,9599,car,1,1,0,0,0,0,0,0,0,0.0,1,1,1,1,0.9473684430122375,0.9473684430122375,1,19,18,0
84,3755,sofa,1,1,0,0,0,0,0,0,0,0.0,0,0,0,0,1.0,1.0,1,19,18,0
85,2301,diningtable,0,0,0,0,0,0,0,1,1,1.0,0,0,0,0,0.47058823704719543,0.47058823704719543,2,19,17,9
86,4378,person,0,0,0,0,0,0,0,1,1,1.0,6,6,6,6,0.46052631735801697,0.46052631735801697,1,19,18,15
87,2144,bird,1,1,0,0,0,0,0,0,0,0.0,1,1,1,1,0.9285714030265808,0.9285714030265808,1,19,18,0
88,291,tvmonitor,1,1,1,0,1,0,0,1,1,1.0,4,4,4,4,0.5,0.5,1,19,18,2
89,697,person,0,0,0,0,0,0,0,1,1,1.0,2,2,2,2,0.07407407462596893,0.07407407462596893,1,19,18,11
90,9486,diningtable,0,0,0,0,0,0,0,0,0,0.0,4,4,4,4,0.0,0.0,1,19,16,0
91,8868,boat,0,0,0,0,0,0,0,0,0,0.0,4,4,4,4,0.0714285746216774,0.0714285746216774,1,19,17,0
92,532,person,0,0,0,0,0,0,0,1,1,1.0,3,3,3,3,0.29629629850387573,0.29629629850387573,1,19,18,11
93,234,chair,1,1,0,0,0,0,0,0,0,0.0,0,0,0,0,0.6315789222717285,0.6315789222717285,1,19,18,0
94,6432,person,0,0,0,0,0,0,0,0,0,0.0,4,4,4,4,0.2931034564971924,0.2931034564971924,1,19,18,0
95,6779,horse,1,1,0,0,0,0,0,0,0,0.0,1,1,1,1,1.0,1.0,1,19,18,0
96,1975,diningtable,1,1,1,0,1,0,0,1,1,1.0,2,2,2,2,0.8292682766914368,0.8292682766914368,1,19,17,5
97,4029,sofa,1,1,0,0,0,0,0,0,0,0.0,3,3,3,3,0.97826087474823,0.97826087474823,1,19,17,0
98,5936,cat,1,1,1,1,0,0,0,1,1,1.0,0,0,0,0,0.9583333134651184,0.9583333134651184,1,19,18,6
99,6672,horse,1,1,1,1,0,0,0,1,1,1.0,0,0,0,0,0.9285714030265808,0.9285714030265808,1,19,18,2
100,3304,person,0,0,0,0,0,0,0,1,1,1.0,4,4,4,4,0.3492063581943512,0.3492063581943512,1,19,18,7
101,5255,tvmonitor,0,0,0,0,0,0,0,0,0,0.0,0,0,0,0,0.0416666679084301,0.0416666679084301,1,19,17,0
102,1133,sofa,1,1,0,0,0,0,0,0,0,0.0,0,0,0,0,1.0,1.0,1,19,18,0
103,7652,person,1,1,1,1,0,0,0,1,1,0.9941520467836258,5,5,5,5,0.9230769276618958,0.9230769276618958,1,19,17,2
104,227,cat,1,1,0,0,0,0,0,0,0,0.0,2,2,2,2,0.8888888955116272,0.8888888955116272,1,19,18,0
105,8238,person,0,0,0,0,0,0,0,1,1,1.0,1,1,1,1,0.4749999940395355,0.4749999940395355,1,19,18,10
106,7303,horse,1,1,1,0,1,0,0,1,1,1.0,2,2,2,2,0.9629629850387573,0.9629629850387573,1,19,18,5
107,1363,tvmonitor,0,0,0,0,0,0,0,0,0,0.0,5,5,5,5,0.3636363744735718,0.3636363744735718,1,19,18,0
108,5240,train,1,1,0,0,0,0,0,0,0,0.0,5,5,5,5,1.0,1.0,1,19,18,0
109,2597,dog,0,0,0,0,0,0,0,1,1,1.0,0,0,0,0,0.2777777910232544,0.2777777910232544,1,19,18,9
110,2607,car,1,1,0,0,0,0,0,0,0,0.0,2,2,2,2,0.6000000238418579,0.6000000238418579,1,19,18,0
111,2626,person,1,1,0,0,0,0,0,0,0,0.0,4,4,4,4,0.8399999737739563,0.8399999737739563,1,19,18,0
112,630,motorbike,0,0,0,0,0,0,0,1,1,1.0,6,5,5,6,0.25,0.9583333134651184,2,19,18,18
113,7081,person,0,0,0,0,0,0,0,1,1,0.9473684210526316,0,0,0,0,0.1875,0.1875,1,19,18,1
114,5727,sofa,1,1,1,0,1,0,0,1,1,0.9473684210526316,0,0,0,0,1.0,1.0,1,19,18,1
115,6152,person,1,1,1,1,0,0,0,1,1,1.0,1,1,1,1,1.0,1.0,1,19,18,5
116,2031,horse,1,1,0,0,0,0,0,0,0,0.0,2,2,2,2,0.930232584476471,0.930232584476471,1,19,18,0
117,6057,diningtable,1,1,1,1,0,0,0,1,0,0.8947368421052632,4,4,4,4,0.6744186282157898,0.6744186282157898,1,19,17,1
118,4144,person,0,0,0,0,0,0,0,1,1,1.0,4,4,4,4,0.0,0.0,1,19,18,4
119,7646,bicycle,1,1,1,0,1,0,0,1,1,1.0,5,5,5,5,0.9444444179534912,0.9444444179534912,1,19,18,7
120,9118,sofa,1,1,0,0,0,0,0,0,0,0.0,3,3,3,3,1.0,1.0,1,19,18,0
121,8207,person,0,0,0,0,0,0,0,1,1,1.0,4,4,4,4,0.8888888955116272,0.8888888955116272,1,19,18,14
122,9023,car,1,1,1,0,1,0,0,1,1,1.0,7,7,7,7,0.6363636255264282,0.6363636255264282,1,19,18,4
123,9590,car,0,0,0,0,0,0,0,1,1,1.0,3,3,3,3,0.3947368562221527,0.3947368562221527,1,19,18,13
124,3517,person,1,1,1,0,1,0,0,1,1,0.8947368421052632,3,3,3,3,1.0,1.0,1,19,17,1
125,8915,bus,1,1,1,1,0,0,0,1,1,1.0,2,2,2,2,0.800000011920929,0.800000011920929,1,19,17,3
126,9014,dog,0,0,0,0,0,0,0,1,1,0.9473684210526316,0,0,0,0,0.095238097012043,0.095238097012043,1,19,18,1
127,3488,pottedplant,1,1,0,0,0,0,0,0,0,0.0,6,6,6,6,0.75,0.75,1,19,18,0
128,3049,person,1,1,0,0,0,0,0,0,0,0.0,3,3,3,3,0.6756756901741028,0.6756756901741028,1,19,18,0
129,4725,motorbike,0,0,0,0,0,0,0,1,1,1.0,3,3,3,3,0.4166666567325592,0.4166666567325592,1,19,18,13
130,5959,car,0,0,0,0,0,0,0,1,1,1.0,2,1,1,1,1.0,0.20000000298023224,2,19,18,16
131,1159,sofa,1,1,0,0,0,0,0,0,0,0.0,4,4,4,4,0.9777777791023254,0.9777777791023254,1,19,18,0
132,9662,diningtable,1,1,0,0,0,0,0,0,0,0.0,5,5,5,5,1.0,1.0,1,19,18,0
133,7164,aeroplane,1,1,1,0,1,0,0,1,1,0.8421052631578947,1,1,1,1,1.0,1.0,1,19,16,1
134,4210,sofa,1,1,0,0,0,0,0,0,0,0.0,2,2,2,2,0.9655172228813171,0.9655172228813171,1,19,18,0
135,8162,sofa,1,1,0,0,0,0,0,0,0,0.0,6,6,6,6,0.90625,0.90625,1,19,18,0
136,6453,person,1,1,1,1,0,0,0,1,1,0.9473684210526316,1,1,1,1,1.0,1.0,1,19,18,1
137,7722,diningtable,1,1,0,0,0,0,0,0,0,0.0,7,7,7,7,1.0,1.0,1,19,17,0
138,7181,person,0,0,0,0,0,0,0,1,1,1.0,6,6,6,6,0.2432432472705841,0.2432432472705841,1,19,18,4
139,8496,person,0,0,0,0,0,0,0,1,1,1.0,1,1,1,1,0.02500000037252903,0.02500000037252903,1,19,16,13
140,5809,bus,1,1,0,0,0,0,0,0,0,0.0,2,2,2,2,0.8888888955116272,0.8888888955116272,1,19,17,0
141,9310,chair,1,1,1,1,0,0,0,1,1,0.8947368421052632,2,2,2,2,0.8823529481887817,0.8823529481887817,1,19,17,1
142,9930,person,1,0,1,1,0,0,0,1,1,1.0,5,5,5,5,1.0,1.0,1,19,17,4
143,8525,tvmonitor,0,0,0,0,0,0,0,1,1,1.0,3,3,3,3,1.0,1.0,1,19,18,12
144,4476,person,0,0,0,0,0,0,0,1,1,1.0,7,7,7,7,1.0,1.0,1,19,18,18
145,5617,cow,1,1,0,0,0,0,0,0,0,0.0,4,4,4,4,0.8888888955116272,0.8888888955116272,1,19,18,0
146,8648,person,0,0,0,0,0,0,0,1,1,0.9473684210526316,3,3,3,3,0.1818181872367859,0.1818181872367859,1,19,18,1
147,3894,diningtable,0,0,0,0,0,0,0,1,1,1.0,4,4,4,4,0.05263157933950424,0.05263157933950424,1,19,18,17
148,693,car,1,1,0,0,0,0,0,0,0,0.0,6,6,6,6,0.8999999761581421,0.8999999761581421,1,19,18,0
149,4084,horse,1,1,0,0,0,0,0,0,0,0.0,4,4,4,4,0.9800000190734863,0.9800000190734863,1,19,18,0
150,3815,car,1,1,0,0,0,0,0,0,0,0.0,5,5,5,5,0.8787878751754761,0.8787878751754761,1,19,18,0
151,5251,train,1,0,1,1,0,0,0,1,1,1.0,0,0,0,0,1.0,1.0,1,19,18,3
152,7348,chair,1,1,1,1,0,0,0,1,1,0.9473684210526316,3,3,3,3,0.7857142686843872,0.7857142686843872,1,19,18,1
153,9124,train,1,1,1,0,1,0,0,1,1,1.0,0,0,0,0,0.9285714030265808,0.9285714030265808,1,19,18,2
154,8418,person,1,1,1,1,0,0,0,1,1,0.9473684210526316,2,2,2,2,1.0,1.0,1,19,18,1
155,7752,person,1,1,0,0,0,0,0,0,0,0.0,5,5,5,5,0.9285714030265808,0.9285714030265808,1,19,17,0
156,8785,car,0,0,0,0,0,0,0,1,1,1.0,3,3,3,3,1.0,1.0,1,19,18,10
157,5931,motorbike,1,1,0,0,0,0,0,0,0,0.0,6,6,6,6,0.5833333134651184,0.5833333134651184,1,19,18,0
158,7828,dog,1,1,1,1,0,0,0,1,1,1.0,0,0,0,0,0.95652174949646,0.95652174949646,1,19,18,4
159,727,bus,1,1,1,0,1,0,0,1,1,0.8947368421052632,3,3,3,3,1.0,1.0,1,19,17,1
160,2168,person,1,1,1,0,1,0,0,1,1,0.9473684210526316,6,6,6,6,0.7777777910232544,0.7777777910232544,1,19,18,1
161,8034,person,0,0,0,0,0,0,0,1,1,1.0,2,2,2,2,0.7272727489471436,0.7272727489471436,2,19,18,9
162,538,person,1,1,1,1,0,0,0,1,1,1.0,7,7,7,7,0.699999988079071,0.699999988079071,1,19,18,9
163,8543,sofa,1,1,0,0,0,0,0,0,0,0.0,1,1,1,1,0.6666666865348816,0.6666666865348816,1,19,18,0
164,8152,car,1,1,0,0,0,0,0,0,0,0.0,3,3,3,3,0.9767441749572754,0.9767441749572754,1,19,18,0
165,8245,diningtable,1,1,0,0,0,0,0,0,0,0.0,2,2,2,2,1.0,1.0,1,19,16,0
166,978,person,1,1,1,1,0,0,0,1,1,1.0,5,5,5,5,1.0,1.0,1,19,18,7
167,9804,car,1,1,1,1,0,0,0,1,1,1.0,2,2,2,2,1.0,1.0,1,19,18,2
168,7700,person,1,1,1,1,0,0,0,1,1,1.0,5,5,5,5,0.800000011920929,0.800000011920929,1,19,18,2
169,8400,person,1,1,0,0,0,0,0,0,0,0.0,5,5,5,5,1.0,1.0,1,19,18,0
170,7937,sofa,1,1,0,0,0,0,0,0,0,0.0,2,2,2,2,0.9375,0.9375,1,19,17,0
171,7573,bus,1,1,0,0,0,0,0,0,0,0.0,0,0,0,0,0.95652174949646,0.95652174949646,1,19,18,0
172,2582,train,0,0,0,0,0,0,0,1,1,1.0,4,4,4,4,0.19230769574642181,0.19230769574642181,1,19,18,2
173,1169,person,1,1,1,1,0,0,0,1,1,1.0,0,0,0,0,1.0,1.0,1,19,17,4
174,6312,bicycle,1,1,0,0,0,0,0,0,0,0.0,4,4,4,4,1.0,1.0,1,19,18,0
175,8264,bus,0,0,0,0,0,0,0,1,1,1.0,7,7,7,7,1.0,1.0,1,19,17,15
176,85,person,1,1,1,1,0,0,0,1,1,1.0,1,1,1,1,0.6785714030265808,0.6785714030265808,1,19,17,9
177,6050,chair,0,0,0,0,0,0,0,1,1,1.0,5,5,5,5,0.2857142984867096,0.2857142984867096,1,19,18,9
178,7967,person,1,1,0,0,0,0,0,0,0,0.0,7,7,7,7,0.9285714030265808,0.9285714030265808,1,19,18,0
179,5339,cow,1,1,0,0,0,0,0,0,0,0.0,5,5,5,5,0.970588207244873,0.970588207244873,1,19,18,0
180,6795,chair,0,0,0,0,0,0,0,1,1,1.0,0,0,0,0,0.0,0.0,1,19,17,8
181,1626,bus,0,0,0,0,0,0,0,1,1,1.0,0,0,0,0,0.0555555559694767,0.0555555559694767,1,19,17,13
182,7423,person,0,0,0,0,0,0,0,1,1,1.0,4,4,4,4,0.07500000298023224,0.07500000298023224,1,19,18,7
183,8875,cat,1,1,0,0,0,0,0,0,0,0.0,4,4,4,4,1.0,1.0,1,19,18,0
184,6608,bicycle,1,1,1,1,0,0,0,1,1,1.0,7,7,7,7,0.6666666865348816,0.6666666865348816,1,19,18,4
185,6313,person,1,1,0,0,0,0,0,0,0,0.0,3,3,3,3,1.0,1.0,1,19,17,0
186,5180,chair,1,1,1,1,0,0,0,1,1,1.0,7,7,7,7,0.5555555820465088,0.5555555820465088,1,19,18,3
187,2885,sofa,0,0,0,0,0,0,0,0,0,0.0,7,7,7,7,0.0,0.0,1,19,17,0
188,4342,person,0,0,0,0,0,0,0,1,1,1.0,6,6,6,6,0.3199999928474426,0.3199999928474426,1,19,18,10
189,4324,train,1,1,0,0,0,0,0,0,0,0.0,7,7,7,7,0.7857142686843872,0.7857142686843872,1,19,18,0
190,2137,sheep,1,1,0,0,0,0,0,0,0,0.0,7,7,7,7,0.9387755393981934,0.9387755393981934,1,19,18,0
191,6897,horse,0,0,0,0,0,0,0,1,1,1.0,6,6,6,6,0.3448275923728943,0.3448275923728943,1,19,18,10
192,4925,person,0,0,0,0,0,0,0,1,1,1.0,0,0,0,0,1.0,1.0,1,19,18,10
193,649,car,1,1,0,0,0,0,0,0,0,0.0,4,4,4,4,1.0,1.0,1,19,18,0
194,5333,car,1,1,0,0,0,0,0,0,0,0.0,6,6,6,6,0.8888888955116272,0.8888888955116272,1,19,18,0
195,8864,sofa,1,1,0,0,0,0,0,0,0,0.0,2,2,2,2,0.7894737124443054,0.7894737124443054,1,19,17,0
196,5777,person,1,1,1,1,0,0,0,1,1,1.0,1,1,1,1,1.0,1.0,1,19,18,4
197,2617,chair,0,0,0,0,0,0,0,1,1,1.0,2,2,2,2,0.0,0.0,1,19,18,3
198,3221,sofa,1,1,0,0,0,0,0,0,0,0.0,3,3,3,3,0.6666666865348816,0.6666666865348816,1,19,17,0
199,819,person,1,1,0,0,0,0,0,0,0,0.0,6,6,6,6,0.9545454382896423,0.9545454382896423,1,19,18,0
200,8745,bicycle,0,0,0,0,0,0,0,1,1,1.0,1,1,1,1,0.0,0.0,1,19,18,6
201,1646,boat,0,0,0,0,0,0,0,1,1,1.0,1,1,1,1,0.0,0.0,1,19,18,3
202,6144,tvmonitor,1,1,0,0,0,0,0,0,0,0.0,5,5,5,5,1.0,1.0,1,19,18,0
203,497,motorbike,0,0,0,0,0,0,0,0,0,0.0,4,4,4,4,0.0714285746216774,0.0714285746216774,1,19,18,0
204,7625,person,0,0,0,0,0,0,0,1,1,1.0,3,3,3,3,1.0,1.0,1,19,18,19
205,5758,diningtable,1,1,1,1,0,0,0,1,1,0.9473684210526316,3,3,3,3,1.0,1.0,1,19,18,1
206,5721,sofa,1,1,0,0,0,0,0,0,0,0.0,2,2,2,2,0.875,0.875,1,19,17,0
207,6093,person,0,0,0,0,0,0,0,1,1,1.0,7,7,7,7,0.3333333432674408,0.3333333432674408,1,19,16,7
208,9683,bus,0,0,0,0,0,0,0,1,1,1.0,0,0,0,0,0.37931033968925476,0.37931033968925476,1,19,18,10
209,8895,bus,1,1,0,0,0,0,0,0,0,0.0,4,4,4,4,0.5853658318519592,0.5853658318519592,1,19,16,0
210,2389,diningtable,0,0,0,0,0,0,0,0,0,0.0,5,5,5,5,0.20000000298023224,0.20000000298023224,2,19,17,0
211,7862,sofa,1,1,0,0,0,0,0,0,0,0.0,7,7,7,7,1.0,1.0,1,19,17,0
212,9854,diningtable,0,0,0,0,0,0,0,0,0,0.0,5,5,5,5,0.0,0.0,1,19,16,0
213,3902,diningtable,0,0,0,0,0,0,0,1,1,1.0,7,7,7,7,0.6363636255264282,0.6363636255264282,1,19,18,16
214,5546,person,0,0,0,0,0,0,0,1,1,1.0,3,3,3,3,1.0,1.0,1,19,18,11
215,634,car,1,1,0,0,0,0,0,0,0,0.0,7,7,7,7,0.6315789222717285,0.6315789222717285,1,19,18,0
216,7835,chair,0,0,0,0,0,0,0,1,1,1.0,5,5,5,5,0.0,0.0,1,19,16,4
217,658,sofa,0,0,0,0,0,0,0,1,1,1.0,4,4,4,4,0.27906978130340576,0.27906978130340576,1,19,18,9
218,3222,horse,1,1,0,0,0,0,0,0,0,0.0,7,7,7,7,0.8500000238418579,0.8500000238418579,1,19,18,0
219,6620,person,1,1,1,0,1,0,0,1,1,1.0,6,6,6,6,1.0,1.0,1,19,18,5
220,8167,pottedplant,1,1,0,0,0,0,0,0,0,0.0,7,7,7,7,0.6153846383094788,0.6153846383094788,1,19,18,0
221,3512,car,0,0,0,0,0,0,0,1,1,1.0,5,5,5,5,0.0,0.0,1,19,18,4
222,3794,dog,0,0,0,0,0,0,0,1,1,1.0,7,7,7,7,0.13953489065170288,0.13953489065170288,1,19,18,4
223,7228,diningtable,1,1,0,0,0,0,0,0,0,0.0,4,4,4,4,0.9772727489471436,0.9772727489471436,1,19,17,0
224,5412,chair,0,0,0,0,0,0,0,1,1,1.0,2,2,2,2,0.0,0.0,1,19,18,14
225,5848,bicycle,0,0,0,0,0,0,0,1,1,1.0,5,2,5,2,0.43478259444236755,0.1818181872367859,2,19,18,10
226,2602,motorbike,1,1,0,0,0,0,0,0,0,0.0,7,7,7,7,0.9166666865348816,0.9166666865348816,1,19,17,0
227,3025,sheep,1,1,1,0,1,0,0,1,1,1.0,6,6,6,6,1.0,1.0,1,19,18,2
228,6581,bicycle,1,1,0,0,0,0,0,0,0,0.0,2,2,2,2,0.9117646813392639,0.9117646813392639,1,19,18,0
229,7598,person,0,0,0,0,0,0,0,1,1,1.0,1,1,1,1,0.12121212482452393,0.12121212482452393,1,19,18,5
230,3123,diningtable,1,1,1,0,1,0,0,1,1,0.8947368421052632,5,5,5,5,1.0,1.0,1,19,17,1
231,8196,chair,0,0,0,0,0,0,0,1,1,1.0,2,2,2,2,0.046875,0.046875,1,19,17,3
232,3884,person,0,0,0,0,0,0,0,1,1,1.0,2,2,2,2,1.0,1.0,1,19,18,14
233,9844,train,1,1,1,0,1,0,0,1,1,1.0,2,2,2,2,0.7727272510528564,0.7727272510528564,1,19,18,4
234,5491,person,1,1,1,1,0,0,0,1,1,1.0,4,4,4,4,0.6785714030265808,0.6785714030265808,1,19,17,10
235,1564,person,1,1,1,1,0,0,0,1,1,1.0,1,1,1,1,0.517241358757019,0.517241358757019,1,19,18,10
236,922,person,1,1,0,0,0,0,0,0,0,0.0,3,3,3,3,1.0,1.0,1,19,18,0
237,3251,diningtable,1,1,0,0,0,0,0,0,0,0.0,6,6,6,6,1.0,1.0,1,19,18,0
238,8897,person,0,0,0,0,0,0,0,1,1,1.0,6,6,6,6,1.0,1.0,1,19,17,14
239,2408,dog,1,1,1,1,0,0,0,1,1,1.0,2,2,2,2,1.0,1.0,1,19,18,5
240,277,sofa,1,1,0,0,0,0,0,0,0,0.0,6,6,6,6,0.8108108043670654,0.8108108043670654,1,19,18,0
241,9957,horse,0,0,0,0,0,0,0,1,1,1.0,5,5,5,5,0.0,0.0,1,19,18,8
242,6435,car,1,1,0,0,0,0,0,0,0,0.0,6,6,6,6,0.970588207244873,0.970588207244873,1,19,18,0
243,3762,dog,1,1,0,0,0,0,0,0,0,0.0,5,5,5,5,0.8461538553237915,0.8461538553237915,1,19,18,0
244,2081,tvmonitor,1,1,0,0,0,0,0,0,0,0.0,3,3,3,3,0.7407407164573669,0.7407407164573669,1,19,18,0
245,8590,boat,0,0,0,0,0,0,0,1,1,1.0,6,3,3,3,0.0,0.0,2,19,18,16
246,4781,chair,0,0,0,0,0,0,0,0,0,0.0,4,4,4,4,0.0,0.0,1,19,18,0
247,1419,person,1,1,1,0,1,0,0,1,1,1.0,5,5,5,5,1.0,1.0,1,19,18,4
248,8128,bicycle,0,0,0,0,0,0,0,1,1,1.0,0,0,0,0,0.21212121844291687,0.21212121844291687,1,19,18,14
249,7341,aeroplane,0,0,0,0,0,0,0,1,1,0.9473684210526316,7,7,7,7,0.39393940567970276,0.39393940567970276,1,19,18,1
250,6145,person,0,0,0,0,0,0,0,1,1,1.0,4,4,4,4,0.05263157933950424,0.05263157933950424,1,19,18,4
251,5125,car,1,1,1,1,0,0,0,1,1,0.9473684210526316,3,3,3,3,1.0,1.0,1,19,18,1
252,9361,motorbike,0,0,0,0,0,0,0,1,1,1.0,4,4,4,4,0.0,0.0,1,19,18,9
253,5767,sofa,1,1,0,0,0,0,0,0,0,0.0,4,4,4,4,0.939393937587738,0.939393937587738,1,19,18,0
254,2532,train,0,0,0,0,0,0,0,1,1,1.0,5,2,5,2,0.0810810774564743,0.0,2,19,18,7
255,151,person,1,1,1,1,0,0,0,1,1,1.0,2,2,2,2,1.0,1.0,1,19,18,4
256,5754,sofa,1,1,0,0,0,0,0,0,0,0.0,1,1,1,1,0.692307710647583,0.692307710647583,1,19,15,0
257,7195,person,0,0,0,0,0,0,0,1,1,1.0,4,4,4,4,0.04545454680919647,0.04545454680919647,1,19,18,13
258,7179,person,0,0,0,0,0,0,0,1,1,1.0,0,0,0,0,0.9399999976158142,0.9399999976158142,1,19,18,9
259,2692,horse,1,1,0,0,0,0,0,0,0,0.0,1,1,1,1,0.7894737124443054,0.7894737124443054,1,19,18,0
260,2429,person,1,1,1,1,0,0,0,1,1,1.0,5,5,5,5,1.0,1.0,1,19,18,4
261,4666,bus,1,1,0,0,0,0,0,0,0,0.0,7,7,7,7,0.6666666865348816,0.6666666865348816,1,19,18,0
262,2235,person,0,0,0,0,0,0,0,1,1,1.0,6,6,6,6,0.19607843458652496,0.19607843458652496,1,19,18,11
263,9744,person,1,1,1,1,0,0,0,1,1,1.0,7,7,7,7,1.0,1.0,1,19,18,3
264,1508,cow,1,1,0,0,0,0,0,0,0,0.0,3,3,3,3,1.0,1.0,1,19,18,0
265,7989,diningtable,0,0,0,0,0,0,0,1,1,1.0,1,1,1,1,0.0,0.0,1,19,18,6
266,8147,horse,1,1,1,0,1,0,0,1,1,1.0,2,2,2,2,1.0,1.0,1,19,18,2
267,8516,cat,0,0,0,0,0,0,0,1,1,1.0,5,5,5,5,0.7647058963775635,0.7647058963775635,1,19,18,7
268,2673,sofa,1,1,0,0,0,0,0,0,0,0.0,2,2,2,2,0.9743589758872986,0.9743589758872986,1,19,18,0
269,7903,sofa,1,1,0,0,0,0,0,0,0,0.0,0,0,0,0,1.0,1.0,1,19,18,0
270,2072,horse,1,1,0,0,0,0,0,0,0,0.0,7,7,7,7,0.9666666388511658,0.9666666388511658,1,19,18,0
271,7335,chair,1,1,0,0,0,0,0,0,0,0.0,2,2,2,2,0.8484848737716675,0.8484848737716675,1,19,18,0
272,9171,diningtable,0,0,0,0,0,0,0,0,0,0.0,3,3,3,3,0.0,0.0,1,19,17,0
273,1302,diningtable,1,1,1,1,0,0,0,1,1,1.0,0,0,0,0,0.9285714030265808,0.9285714030265808,1,19,18,4
274,1916,person,1,1,1,1,0,0,0,1,1,1.0,7,7,7,7,0.8999999761581421,0.8999999761581421,1,19,18,2
275,5570,person,1,1,1,1,0,0,0,1,1,1.0,0,0,0,0,1.0,1.0,1,19,18,7
276,6745,chair,0,0,0,0,0,0,0,1,1,1.0,5,5,5,5,0.1666666716337204,0.1666666716337204,1,19,17,16
277,1267,car,1,1,0,0,0,0,0,0,0,0.0,3,3,3,3,0.9285714030265808,0.9285714030265808,1,19,18,0
278,1883,car,1,1,1,1,0,0,0,1,1,1.0,5,5,5,5,1.0,1.0,1,19,18,6
279,3736,chair,1,1,1,1,0,0,0,1,1,0.8947368421052632,2,2,2,2,1.0,1.0,1,19,17,1
280,4456,car,1,1,1,1,0,0,0,1,1,1.0,1,1,1,1,0.9629629850387573,0.9629629850387573,1,19,18,7
281,3723,train,1,1,0,0,0,0,0,0,0,0.0,7,7,7,7,1.0,1.0,1,19,17,0
282,8788,bus,1,1,0,0,0,0,0,0,0,0.0,1,1,1,1,0.9354838728904724,0.9354838728904724,1,19,18,0
283,8077,sofa,1,1,0,0,0,0,0,0,0,0.0,7,7,7,7,0.9545454382896423,0.9545454382896423,1,19,18,0
284,4738,motorbike,0,0,0,0,0,0,0,0,0,0.0,0,0,0,0,0.4399999976158142,0.4399999976158142,1,19,18,0
285,5724,motorbike,1,1,1,1,0,0,0,1,1,1.0,3,3,3,3,0.9736841917037964,0.9736841917037964,1,19,18,4
286,7651,diningtable,1,1,0,0,0,0,0,0,0,0.0,3,3,3,3,1.0,1.0,1,19,18,0
287,8954,chair,0,0,0,0,0,0,0,1,1,1.0,0,0,0,0,0.23333333432674408,0.23333333432674408,1,19,18,11
288,2731,bicycle,1,1,0,0,0,0,0,0,0,0.0,4,4,4,4,0.8333333134651184,0.8333333134651184,1,19,18,0
289,567,person,1,1,0,0,0,0,0,0,0,0.0,4,4,4,4,0.7714285850524902,0.7714285850524902,1,19,18,0
290,1585,sofa,1,1,0,0,0,0,0,0,0,0.0,3,3,3,3,0.9677419066429138,0.9677419066429138,1,19,17,0
291,5272,boat,1,1,1,0,1,0,0,1,1,1.0,2,2,2,2,1.0,1.0,1,19,18,8
292,3851,bicycle,1,1,0,0,0,0,0,0,0,0.0,2,2,2,2,0.782608687877655,0.782608687877655,1,19,18,0
293,2792,person,1,1,1,1,0,0,0,1,1,0.9941520467836258,2,2,2,2,0.9354838728904724,0.9354838728904724,1,19,17,2
294,529,boat,1,1,0,0,0,0,0,0,0,0.0,2,2,2,2,1.0,1.0,1,19,18,0
295,1540,sofa,0,0,0,0,0,0,0,0,0,0.0,1,1,1,1,0.42500001192092896,0.42500001192092896,1,19,18,0
296,9328,sofa,1,1,0,0,0,0,0,0,0,0.0,7,7,7,7,0.7916666865348816,0.7916666865348816,1,19,18,0
297,1905,sofa,0,0,0,0,0,0,0,1,1,1.0,4,4,4,4,0.17391304671764374,0.17391304671764374,1,19,17,6
298,570,motorbike,0,0,0,0,0,0,0,1,1,1.0,6,6,6,6,0.20000000298023224,0.20000000298023224,1,19,18,12
299,3322,chair,0,0,0,0,0,0,0,1,1,0.9473684210526316,4,4,4,4,0.0,0.0,1,19,18,1
300,3012,person,0,0,0,0,0,0,0,1,1,1.0,0,4,4,4,0.23529411852359772,0.07407407462596893,2,19,18,12
301,8708,person,0,0,0,0,0,0,0,1,1,1.0,0,0,0,0,0.1875,0.1875,1,19,18,8
302,414,tvmonitor,0,0,0,0,0,0,0,0,0,0.0,1,1,1,1,0.3692307770252228,0.3692307770252228,1,19,17,0
303,247,person,0,0,0,0,0,0,0,1,1,1.0,4,4,4,4,0.44999998807907104,0.44999998807907104,1,19,18,13
304,3922,horse,1,1,1,1,0,0,0,1,1,0.9473684210526316,3,3,3,3,1.0,1.0,1,19,18,1
305,8945,diningtable,1,1,0,0,0,0,0,0,0,0.0,0,0,0,0,1.0,1.0,1,19,18,0
306,5849,boat,1,1,1,0,1,0,0,1,1,1.0,2,2,2,2,1.0,1.0,1,19,18,6
307,8689,motorbike,1,1,0,0,0,0,0,0,0,0.0,7,7,7,7,0.875,0.875,1,19,18,0
308,9787,pottedplant,1,1,0,0,0,0,0,0,0,0.0,6,6,6,6,0.8148148059844971,0.8148148059844971,1,19,18,0
309,718,dog,0,0,0,0,0,0,0,1,1,1.0,2,2,2,2,0.4375,0.4375,1,19,18,7
310,1856,diningtable,0,0,0,0,0,0,0,0,0,0.0,5,5,5,5,0.11764705926179886,0.11764705926179886,1,19,17,0
311,5095,train,0,0,0,0,0,0,0,0,0,0.0,0,0,0,0,0.0833333358168602,0.0833333358168602,1,19,18,0
312,8045,diningtable,0,0,0,0,0,0,0,1,1,0.8947368421052632,2,2,2,2,0.1666666716337204,0.1666666716337204,1,19,17,1
313,3928,diningtable,1,1,0,0,0,0,0,0,0,0.0,5,5,5,5,0.8181818127632141,0.8181818127632141,1,19,16,0
314,4072,person,1,1,1,1,0,0,0,1,1,0.9941520467836258,0,0,0,0,0.8333333134651184,0.8333333134651184,1,19,17,2
315,7623,horse,1,1,0,0,0,0,0,0,0,0.0,2,2,2,2,1.0,1.0,1,19,18,0
316,6816,sofa,1,1,1,0,1,0,0,1,1,0.9473684210526316,4,4,4,4,1.0,1.0,1,19,18,1
317,9677,bicycle,1,1,1,0,1,0,0,1,1,1.0,1,1,1,1,1.0,1.0,1,19,18,4
318,1502,motorbike,1,1,0,0,0,0,0,0,0,0.0,4,4,4,4,1.0,1.0,1,19,18,0
319,3399,person,0,0,0,0,0,0,0,1,1,1.0,6,6,6,6,0.03846153989434242,0.03846153989434242,1,19,18,10
320,2650,sofa,1,1,0,0,0,0,0,0,0,0.0,3,3,3,3,0.6176470518112183,0.6176470518112183,1,19,17,0
321,467,person,1,1,0,0,0,0,0,0,0,0.0,0,0,0,0,0.738095223903656,0.738095223903656,1,19,18,0
322,6002,person,0,0,0,0,0,0,0,1,1,0.9473684210526316,5,5,5,5,0.18918919563293457,0.18918919563293457,1,19,18,1
323,6068,tvmonitor,1,1,0,0,0,0,0,0,0,0.0,2,2,2,2,0.6800000071525574,0.6800000071525574,1,19,18,0
324,2573,horse,0,0,0,0,0,0,0,1,1,1.0,2,2,2,2,0.12903225421905518,0.12903225421905518,1,19,18,2
325,5087,motorbike,1,1,0,0,0,0,0,0,0,0.0,5,5,5,5,0.931034505367279,0.931034505367279,1,19,18,0
326,6796,person,1,1,0,0,0,0,0,0,0,0.0,4,4,4,4,0.9696969985961914,0.9696969985961914,1,19,18,0
327,8869,boat,1,1,1,1,0,0,0,1,1,1.0,0,0,0,0,1.0,1.0,1,19,18,4
328,5882,horse,1,1,0,0,0,0,0,0,0,0.0,4,4,4,4,0.9200000166893005,0.9200000166893005,1,19,18,0
329,7367,bus,1,1,0,0,0,0,0,0,0,0.0,5,5,5,5,0.6428571343421936,0.6428571343421936,1,19,18,0
330,7725,bicycle,1,1,0,0,0,0,0,0,0,0.0,3,3,3,3,0.8799999952316284,0.8799999952316284,1,19,18,0
331,397,chair,0,0,0,0,0,0,0,1,1,0.9941520467836258,7,7,7,7,0.0,0.0,1,19,17,2
332,3910,boat,0,0,0,0,0,0,0,1,1,1.0,0,0,0,0,0.0,0.0,1,19,18,16
333,6591,cow,1,1,0,0,0,0,0,0,0,0.0,3,3,3,3,1.0,1.0,1,19,18,0
334,2773,person,0,0,0,0,0,0,0,1,1,1.0,2,2,2,2,1.0,1.0,1,19,18,14
335,1794,person,0,0,0,0,0,0,0,1,1,1.0,0,0,0,0,0.19230769574642181,0.19230769574642181,1,19,18,17
336,9435,sofa,1,1,0,0,0,0,0,0,0,0.0,2,2,2,2,0.7941176295280457,0.7941176295280457,1,19,18,0
337,25,person,1,1,0,0,0,0,0,0,0,0.0,4,4,4,4,0.8947368264198303,0.8947368264198303,1,19,18,0
338,1105,person,0,0,0,0,0,0,0,1,1,1.0,1,1,1,1,0.6052631735801697,0.6052631735801697,1,19,17,11
339,956,person,0,0,0,0,0,0,0,1,1,1.0,0,0,0,0,0.800000011920929,0.800000011920929,1,19,18,15
340,299,person,1,1,1,1,0,0,0,1,1,1.0,4,4,4,4,0.8695651888847351,0.8695651888847351,1,19,16,7
341,6287,sofa,1,1,0,0,0,0,0,0,0,0.0,3,3,3,3,1.0,1.0,1,19,17,0
342,5774,motorbike,1,1,0,0,0,0,0,0,0,0.0,4,4,4,4,0.925000011920929,0.925000011920929,1,19,18,0
343,3501,car,1,1,0,0,0,0,0,0,0,0.0,7,7,7,7,0.9333333373069763,0.9333333373069763,1,19,18,0
344,7382,train,1,1,1,1,0,0,0,1,1,1.0,1,1,1,1,0.875,0.875,1,19,18,3
345,2614,diningtable,1,1,0,0,0,0,0,0,0,0.0,4,4,4,4,0.9599999785423279,0.9599999785423279,1,19,17,0
346,9689,chair,0,0,0,0,0,0,0,0,0,0.0,1,1,1,1,0.0416666679084301,0.0416666679084301,1,19,18,0
347,3590,person,1,1,1,1,0,0,0,1,1,0.9824561403508771,4,4,4,4,1.0,1.0,1,19,16,2
348,3418,dog,1,1,0,0,0,0,0,0,0,0.0,2,2,2,2,0.8275862336158752,0.8275862336158752,1,19,17,0
349,1781,person,1,1,1,1,0,0,0,1,1,0.9473684210526316,3,3,3,3,1.0,1.0,1,19,18,1
350,825,bicycle,0,0,0,0,0,0,0,1,1,1.0,1,1,1,1,0.34375,0.34375,1,19,18,5
351,9592,sofa,0,0,0,0,0,0,0,1,1,1.0,1,1,1,1,0.2888889014720917,0.2888889014720917,1,19,18,2
352,4177,horse,1,1,0,0,0,0,0,0,0,0.0,2,2,2,2,0.9428571462631226,0.9428571462631226,1,19,18,0
353,144,person,0,0,0,0,0,0,0,1,1,0.9989680082559339,6,6,6,6,0.3571428656578064,0.3571428656578064,1,19,16,3
354,6237,person,1,1,1,1,0,0,0,1,1,1.0,3,3,3,3,1.0,1.0,1,19,18,3
355,1549,dog,0,0,0,0,0,0,0,1,1,1.0,0,0,0,0,0.48148149251937866,0.48148149251937866,1,19,18,19
356,2823,motorbike,1,1,0,0,0,0,0,0,0,0.0,0,0,0,0,1.0,1.0,1,19,18,0
357,9320,person,0,0,0,0,0,0,0,1,1,1.0,2,2,2,2,0.24193547666072845,0.24193547666072845,1,19,18,14
358,5276,person,1,1,1,1,0,0,0,1,1,1.0,3,3,3,3,0.949999988079071,0.949999988079071,1,19,17,4
359,1757,diningtable,0,0,0,0,0,0,0,1,1,1.0,6,6,6,6,0.0,0.0,1,19,18,13
360,2416,car,0,0,0,0,0,0,0,1,1,1.0,2,2,2,2,0.15909090638160706,0.15909090638160706,1,19,18,6
361,2245,bus,1,1,1,0,1,0,0,1,1,1.0,1,1,1,1,0.9811320900917053,0.9811320900917053,1,19,18,3
362,6405,bus,0,0,0,0,0,0,0,1,1,0.9473684210526316,1,1,1,1,0.01785714365541935,0.01785714365541935,1,19,18,1
363,434,horse,1,1,0,0,0,0,0,0,0,0.0,1,1,1,1,0.9333333373069763,0.9333333373069763,1,19,18,0
364,2740,car,1,1,0,0,0,0,0,0,0,0.0,7,7,7,7,0.9047619104385376,0.9047619104385376,1,19,18,0
365,7338,person,0,0,0,0,0,0,0,1,1,0.9473684210526316,3,3,7,3,0.10526315867900848,0.10526315867900848,2,19,18,1
366,5558,car,1,1,1,1,0,0,0,1,1,1.0,7,7,7,7,1.0,1.0,1,19,18,8
367,719,bus,1,1,0,0,0,0,0,0,0,0.0,2,2,2,2,0.800000011920929,0.800000011920929,1,19,17,0
368,9563,motorbike,1,1,1,1,0,0,0,1,1,1.0,0,0,0,0,0.9047619104385376,0.9047619104385376,1,19,18,2
369,2654,sofa,1,1,0,0,0,0,0,0,0,0.0,5,5,5,5,1.0,1.0,1,19,18,0
370,8380,sofa,1,1,0,0,0,0,0,0,0,0.0,3,3,3,3,1.0,1.0,1,19,18,0
371,3733,car,0,0,0,0,0,0,0,1,1,1.0,1,1,1,1,0.0,0.0,1,19,18,3
372,1850,aeroplane,0,0,0,0,0,0,0,1,1,1.0,1,1,1,1,0.0,0.0,1,19,18,7
373,6288,sofa,1,1,0,0,0,0,0,0,0,0.0,2,2,2,2,0.7714285850524902,0.7714285850524902,1,19,18,0
374,4712,person,0,0,0,0,0,0,0,1,1,1.0,7,7,7,7,0.4324324429035187,0.4324324429035187,1,19,15,8
375,1696,person,0,0,0,0,0,0,0,1,1,1.0,5,5,5,5,0.290909081697464,0.290909081697464,1,19,17,7
376,4704,sofa,0,0,0,0,0,0,0,1,1,1.0,6,6,6,6,0.0,0.0,1,19,17,6
377,9046,horse,1,1,1,1,0,0,0,1,1,1.0,5,5,5,5,0.9615384340286255,0.9615384340286255,1,19,18,7
378,6561,motorbike,1,1,1,1,0,0,0,1,1,1.0,1,1,1,1,1.0,1.0,1,19,18,5
379,8114,sofa,1,1,0,0,0,0,0,0,0,0.0,3,3,3,3,1.0,1.0,1,19,18,0
380,4717,chair,0,0,0,0,0,0,0,1,0,0.8947368421052632,0,0,0,0,0.0,0.0,1,19,17,1
381,6014,boat,1,1,1,1,0,0,0,1,1,0.9473684210526316,7,7,7,7,0.8181818127632141,0.8181818127632141,1,19,18,1
382,8027,person,1,1,1,0,1,0,0,1,1,1.0,7,7,7,7,0.9444444179534912,0.9444444179534912,1,19,18,8
383,517,person,1,1,1,1,0,0,0,1,0,0.8421052631578947,7,7,7,7,1.0,1.0,1,19,16,1
384,9651,person,1,1,1,0,1,0,0,1,1,0.8947368421052632,3,3,3,3,1.0,1.0,1,19,17,1
385,3955,horse,0,0,0,0,0,0,0,1,1,0.9473684210526316,5,5,5,5,0.09375,0.09375,1,19,18,1
386,4763,bicycle,1,1,0,0,0,0,0,0,0,0.0,0,0,0,0,1.0,1.0,1,19,18,0
387,3141,diningtable,0,0,0,0,0,0,0,1,0,0.9473684210526316,3,3,3,3,0.375,0.375,1,19,18,1
388,9397,sofa,0,0,0,0,0,0,0,1,1,1.0,3,3,3,3,0.1111111119389534,0.1111111119389534,1,19,17,5
389,5937,sofa,0,0,0,0,0,0,0,1,1,1.0,5,5,5,5,0.36666667461395264,0.36666667461395264,1,19,16,6
390,2905,person,0,0,0,0,0,0,0,1,1,1.0,2,2,2,2,0.4166666567325592,0.4166666567325592,1,19,17,10
391,8824,motorbike,1,1,0,0,0,0,0,0,0,0.0,5,5,5,5,0.8999999761581421,0.8999999761581421,1,19,17,0
392,2712,person,1,1,0,0,0,0,0,0,0,0.0,6,6,6,6,1.0,1.0,1,19,18,0
393,1949,diningtable,1,1,0,0,0,0,0,0,0,0.0,4,4,4,4,0.9615384340286255,0.9615384340286255,1,19,18,0
394,166,horse,1,1,0,0,0,0,0,0,0,0.0,3,3,3,3,1.0,1.0,1,19,18,0
395,4268,bottle,0,0,0,0,0,0,0,1,1,0.9473684210526316,6,6,6,6,0.3333333432674408,0.3333333432674408,1,19,18,1
396,6951,motorbike,0,0,0,0,0,0,0,1,1,1.0,5,5,5,5,0.1041666641831398,0.1041666641831398,1,19,18,6
397,5296,car,1,1,0,0,0,0,0,0,0,0.0,2,2,2,2,0.96875,0.96875,1,19,18,0
398,4804,horse,0,0,0,0,0,0,0,0,0,0.0,1,1,1,1,0.23076923191547394,0.23076923191547394,1,19,17,0
399,6875,horse,1,1,1,1,0,0,0,1,1,0.9473684210526316,1,1,1,1,0.939393937587738,0.939393937587738,1,19,18,1
400,9387,bus,0,0,0,0,0,0,0,0,0,0.0,6,6,6,6,0.2916666567325592,0.2916666567325592,1,19,18,0
401,1297,sofa,1,1,0,0,0,0,0,0,0,0.0,2,2,2,2,0.9803921580314636,0.9803921580314636,1,19,18,0
402,5002,person,0,0,0,0,0,0,0,1,1,1.0,7,7,7,7,0.6470588445663452,0.6470588445663452,1,19,18,11
403,4357,person,0,0,0,0,0,0,0,1,1,1.0,3,3,3,3,0.029411764815449715,0.029411764815449715,1,19,18,4
404,6010,diningtable,0,0,0,0,0,0,0,0,0,0.0,3,3,3,3,0.18518517911434174,0.18518517911434174,1,19,17,0
405,8255,bicycle,0,0,0,0,0,0,0,1,1,1.0,6,6,6,6,0.0,0.0,1,19,18,14
406,7620,horse,1,1,1,1,0,0,0,1,1,0.9473684210526316,4,4,4,4,0.970588207244873,0.970588207244873,1,19,18,1
407,5025,sofa,1,1,0,0,0,0,0,0,0,0.0,0,0,0,0,0.9166666865348816,0.9166666865348816,1,19,18,0
408,7589,car,0,0,0,0,0,0,0,1,1,1.0,1,1,1,1,0.06896551698446274,0.06896551698446274,1,19,18,5
409,9115,person,0,0,0,0,0,0,0,1,1,1.0,4,4,4,4,0.0,0.0,1,19,18,12
410,7170,person,0,0,0,0,0,0,0,1,1,1.0,2,2,2,2,0.7647058963775635,0.7647058963775635,1,19,18,12
411,2624,person,0,0,0,0,0,0,0,1,1,1.0,0,0,0,0,0.25,0.25,1,19,18,10
412,178,person,0,0,0,0,0,0,0,1,1,1.0,7,7,7,7,0.0,0.0,1,19,18,8
413,2065,chair,0,0,0,0,0,0,0,1,1,0.9473684210526316,1,1,1,1,0.14814814925193787,0.14814814925193787,1,19,18,1
414,8907,dog,1,1,0,0,0,0,0,0,0,0.0,4,4,4,4,1.0,1.0,1,19,18,0
415,5035,car,1,1,0,0,0,0,0,0,0,0.0,2,2,2,2,1.0,1.0,1,19,18,0
416,8215,sheep,0,0,0,0,0,0,0,0,0,0.0,6,6,6,6,0.3888888955116272,0.3888888955116272,1,19,17,0
417,6094,car,1,1,1,1,0,0,0,1,1,1.0,0,0,0,0,1.0,1.0,1,19,18,5
418,6469,motorbike,1,1,0,0,0,0,0,0,0,0.0,7,7,7,7,0.6875,0.6875,1,19,17,0
419,5816,motorbike,1,1,0,0,0,0,0,0,0,0.0,1,1,1,1,0.8846153616905212,0.8846153616905212,1,19,18,0
420,1974,boat,1,1,0,0,0,0,0,0,0,0.0,5,5,5,5,0.6333333253860474,0.6333333253860474,1,19,17,0
421,7333,person,0,0,0,0,0,0,0,0,0,0.0,0,0,0,0,0.3235294222831726,0.3235294222831726,1,19,18,0
422,3584,horse,0,0,0,0,0,0,0,1,1,1.0,2,2,2,2,0.1111111119389534,0.1111111119389534,1,19,18,4
423,4492,horse,1,1,1,0,1,0,0,1,1,0.9473684210526316,4,4,4,4,1.0,1.0,1,19,18,1
424,1353,person,1,1,1,0,1,0,0,1,1,1.0,6,6,6,6,1.0,1.0,1,19,18,2
425,3289,bus,1,1,0,0,0,0,0,0,0,0.0,4,4,4,4,0.5,0.5,1,19,17,0
426,4887,sofa,1,1,0,0,0,0,0,0,0,0.0,0,0,0,0,0.5128205418586731,0.5128205418586731,1,19,18,0
427,5505,horse,1,1,0,0,0,0,0,0,0,0.0,0,0,0,0,1.0,1.0,1,19,18,0
428,9657,motorbike,1,1,1,0,1,0,0,1,1,0.9473684210526316,3,3,3,3,0.9629629850387573,0.9629629850387573,1,19,18,1
429,7032,sofa,1,1,0,0,0,0,0,0,0,0.0,0,0,0,0,1.0,1.0,1,19,18,0
430,223,train,1,1,0,0,0,0,0,0,0,0.0,7,7,7,7,0.8928571343421936,0.8928571343421936,1,19,18,0
431,6083,motorbike,1,1,0,0,0,0,0,0,0,0.0,3,3,3,3,1.0,1.0,1,19,18,0
432,6936,horse,1,1,0,0,0,0,0,0,0,0.0,1,1,1,1,0.95652174949646,0.95652174949646,1,19,18,0
433,4154,car,0,0,0,0,0,0,0,1,1,1.0,1,1,1,1,0.0,0.0,1,19,18,12
434,662,sofa,1,1,0,0,0,0,0,0,0,0.0,1,1,1,1,1.0,1.0,1,19,17,0
435,185,person,0,0,0,0,0,0,0,1,0,0.8947368421052632,1,1,1,1,0.24242424964904785,0.24242424964904785,1,19,17,1
436,2449,diningtable,1,1,0,0,0,0,0,0,0,0.0,3,3,3,3,0.9200000166893005,0.9200000166893005,1,19,17,0
437,7127,train,0,0,0,0,0,0,0,0,0,0.0,0,0,0,0,0.125,0.125,1,19,18,0
438,6669,train,0,0,0,0,0,0,0,1,1,1.0,0,7,0,7,0.31578946113586426,0.0,2,19,18,6
439,7332,person,0,0,0,0,0,0,0,1,1,1.0,3,3,3,3,0.5526315569877625,0.5526315569877625,1,19,15,17
440,6574,person,0,0,0,0,0,0,0,1,1,1.0,0,0,0,0,1.0,1.0,1,19,18,10
441,202,person,1,1,1,0,1,0,0,1,1,1.0,7,7,7,7,0.5,0.5,1,19,18,2
442,7634,person,1,1,1,1,0,0,0,1,1,1.0,2,2,2,2,1.0,1.0,1,19,18,6
443,4862,chair,0,0,0,0,0,0,0,1,1,1.0,0,0,0,0,0.11764705926179886,0.11764705926179886,1,19,18,2
444,4162,person,0,0,0,0,0,0,0,1,1,1.0,0,0,0,0,0.0,0.0,1,19,18,13
445,4661,person,1,1,1,1,0,0,0,1,1,1.0,4,4,4,4,1.0,1.0,1,19,18,7
446,9643,bus,1,1,0,0,0,0,0,0,0,0.0,4,4,4,4,0.5,0.5,1,19,18,0
447,9635,sofa,0,0,0,0,0,0,0,0,0,0.0,2,2,2,2,0.4285714328289032,0.4285714328289032,1,19,18,0
448,621,person,1,1,1,0,1,0,0,1,1,0.8947368421052632,4,4,4,4,0.8999999761581421,0.8999999761581421,1,19,17,1
449,4881,diningtable,1,1,1,1,0,0,0,1,1,1.0,0,0,0,0,0.949999988079071,0.949999988079071,1,19,18,5
450,1469,person,1,1,0,0,0,0,0,0,0,0.0,7,7,7,7,0.5600000023841858,0.5600000023841858,1,19,18,0
451,9240,person,1,1,1,1,0,0,0,1,1,1.0,6,6,6,6,1.0,1.0,1,19,18,5
452,2365,person,1,1,1,1,0,0,0,1,1,1.0,7,7,7,7,1.0,1.0,1,19,18,5
453,7778,person,1,1,1,1,0,0,0,1,1,0.9473684210526316,2,2,2,2,0.8571428656578064,0.8571428656578064,1,19,18,1
454,111,person,0,0,0,0,0,0,0,1,1,1.0,0,0,0,0,0.0,0.0,1,19,16,10
455,7961,car,1,1,1,1,0,0,0,1,1,1.0,4,4,4,4,1.0,1.0,1,19,18,2
456,2904,person,0,0,0,0,0,0,0,1,1,1.0,5,5,5,5,0.30000001192092896,0.30000001192092896,1,19,17,10
457,7360,person,1,1,1,1,0,0,0,1,1,1.0,0,0,0,0,1.0,1.0,1,19,18,3
458,5354,motorbike,1,1,0,0,0,0,0,0,0,0.0,6,6,6,6,0.9736841917037964,0.9736841917037964,1,19,18,0
459,4971,person,0,0,0,0,0,0,0,1,1,1.0,2,2,2,2,0.0,0.0,1,19,18,14
460,6941,diningtable,0,0,0,0,0,0,0,1,1,1.0,1,1,1,1,0.03703703731298447,0.03703703731298447,1,19,18,4
461,6817,tvmonitor,1,1,1,1,0,0,0,1,1,0.8947368421052632,0,0,0,0,0.5161290168762207,0.5161290168762207,1,19,17,1
462,9311,person,0,0,0,0,0,0,0,1,1,1.0,7,7,7,7,0.0,0.0,1,19,17,5
463,9101,horse,1,1,1,1,0,0,0,1,1,0.9473684210526316,1,1,1,1,0.9333333373069763,0.9333333373069763,1,19,18,1
464,1625,sheep,1,1,0,0,0,0,0,0,0,0.0,7,7,7,7,1.0,1.0,1,19,18,0
465,9556,person,1,1,1,1,0,0,0,1,1,1.0,2,2,2,2,0.5365853905677795,0.5365853905677795,1,19,18,4
466,5703,person,1,1,1,1,0,0,0,1,1,1.0,1,1,1,1,1.0,1.0,1,19,16,5
467,7596,sheep,1,1,0,0,0,0,0,0,0,0.0,2,2,2,2,0.90625,0.90625,1,19,18,0
468,5074,boat,1,1,0,0,0,0,0,0,0,0.0,6,6,6,6,1.0,1.0,1,19,17,0
469,1354,diningtable,1,1,0,0,0,0,0,0,0,0.0,6,6,6,6,0.8214285969734192,0.8214285969734192,1,19,17,0
470,5737,bus,1,1,1,1,0,0,0,1,1,1.0,1,1,1,1,1.0,1.0,1,19,18,4
471,1606,person,1,1,1,1,0,0,0,1,1,1.0,2,2,2,2,0.9696969985961914,0.9696969985961914,1,19,18,9
472,8080,person,1,1,0,0,0,0,0,0,0,0.0,3,3,3,3,1.0,1.0,1,19,18,0
473,4183,car,1,1,1,0,1,0,0,1,1,1.0,1,1,1,1,1.0,1.0,1,19,18,5
474,9314,person,1,1,0,0,0,0,0,0,0,0.0,5,5,5,5,1.0,1.0,1,19,18,0
475,6082,bus,0,0,0,0,0,0,0,1,1,1.0,5,5,5,5,0.29411765933036804,0.29411765933036804,1,19,18,4
476,723,bus,1,1,0,0,0,0,0,0,0,0.0,6,6,6,6,0.8571428656578064,0.8571428656578064,1,19,18,0
477,6895,sofa,1,1,0,0,0,0,0,0,0,0.0,1,1,1,1,0.517241358757019,0.517241358757019,1,19,18,0
478,8700,sofa,1,1,1,1,0,0,0,1,1,0.9473684210526316,6,6,6,6,0.75,0.75,1,19,18,1
479,3384,dog,0,0,0,0,0,0,0,1,1,1.0,1,1,1,1,0.10526315867900848,0.10526315867900848,1,19,18,6
480,3720,horse,0,0,0,0,0,0,0,1,1,1.0,4,4,4,4,0.6363636255264282,0.6363636255264282,1,19,18,15
481,2927,car,0,0,0,0,0,0,0,1,1,1.0,4,4,4,4,1.0,1.0,1,19,18,12
482,8548,car,1,1,1,1,0,0,0,1,1,0.9473684210526316,6,6,6,6,0.9411764740943909,0.9411764740943909,1,19,18,1
483,8795,sheep,1,1,0,0,0,0,0,0,0,0.0,4,4,4,4,0.761904776096344,0.761904776096344,1,19,18,0
484,3084,horse,1,1,0,0,0,0,0,0,0,0.0,2,2,2,2,1.0,1.0,1,19,17,0
485,3234,car,1,1,0,0,0,0,0,0,0,0.0,4,4,4,4,0.9642857313156128,0.9642857313156128,1,19,18,0
486,1219,train,0,0,0,0,0,0,0,0,0,0.0,5,5,5,5,0.125,0.125,1,19,18,0
487,8099,boat,0,0,0,0,0,0,0,1,1,0.9473684210526316,6,6,6,6,0.27586206793785095,0.27586206793785095,1,19,18,1
488,1370,person,1,1,0,0,0,0,0,0,0,0.0,3,3,3,3,0.6666666865348816,0.6666666865348816,1,19,18,0
489,1342,person,1,1,0,0,0,0,0,0,0,0.0,5,5,5,5,0.9523809552192688,0.9523809552192688,1,19,18,0
490,6032,bicycle,1,1,0,0,0,0,0,0,0,0.0,1,1,1,1,0.5714285969734192,0.5714285969734192,1,19,18,0
491,9840,tvmonitor,0,0,0,0,0,0,0,0,0,0.0,1,1,1,1,0.3888888955116272,0.3888888955116272,1,19,17,0
492,8641,person,1,1,1,1,0,0,0,1,1,0.9473684210526316,3,3,3,3,0.9756097793579102,0.9756097793579102,1,19,18,1
493,8183,horse,1,1,0,0,0,0,0,0,0,0.0,4,4,4,4,1.0,1.0,1,19,18,0
494,4081,pottedplant,1,1,0,0,0,0,0,0,0,0.0,5,5,5,5,0.5588235259056091,0.5588235259056091,1,19,18,0
495,2562,car,0,0,0,0,0,0,0,1,1,1.0,1,1,1,1,0.9090909361839294,0.9090909361839294,1,19,18,8
496,4478,car,1,1,1,1,0,0,0,1,1,1.0,0,0,2,0,0.6000000238418579,0.6000000238418579,3,19,18,4
497,5193,dog,0,0,0,0,0,0,0,1,1,1.0,0,0,0,0,0.11999999731779099,0.11999999731779099,1,19,18,9
498,4904,bicycle,1,1,1,1,0,0,0,1,1,1.0,1,1,1,1,0.8666666746139526,0.8666666746139526,1,19,18,2
499,4119,sofa,1,1,0,0,0,0,0,0,0,0.0,0,0,0,0,1.0,1.0,1,19,18,0
500,8431,diningtable,0,0,0,0,0,0,0,0,0,0.0,1,1,1,1,0.4693877696990967,0.4693877696990967,1,19,18,0
501,8916,person,1,0,1,1,0,0,0,1,1,1.0,4,4,4,4,0.9545454382896423,0.9545454382896423,1,19,18,6
502,2719,boat,1,1,0,0,0,0,0,0,0,0.0,4,4,4,4,1.0,1.0,1,19,18,0
503,2418,train,1,0,0,0,0,0,0,0,0,0.0,6,6,6,6,0.8999999761581421,0.8999999761581421,1,19,18,0
504,546,dog,1,1,0,0,0,0,0,0,0,0.0,1,1,1,1,1.0,1.0,1,19,18,0
505,9228,person,0,0,0,0,0,0,0,1,1,1.0,7,7,7,7,0.23529411852359772,0.23529411852359772,1,19,18,12
506,704,horse,1,1,1,1,0,0,0,1,1,1.0,4,4,4,4,0.6428571343421936,0.6428571343421936,1,19,18,5
507,168,horse,1,1,1,1,0,0,0,1,1,0.9473684210526316,1,1,1,1,0.7727272510528564,0.7727272510528564,1,19,18,1
508,2575,person,0,0,0,0,0,0,0,1,1,1.0,2,2,2,2,0.19148936867713928,0.19148936867713928,1,19,17,11
509,4355,person,0,0,0,0,0,0,0,0,0,0.0,6,6,6,6,0.3333333432674408,0.3333333432674408,1,19,18,0
510,8673,chair,1,1,0,0,0,0,0,0,0,0.0,2,2,2,2,0.800000011920929,0.800000011920929,1,19,18,0
511,7067,sofa,1,1,0,0,0,0,0,0,0,0.0,0,0,0,0,0.8181818127632141,0.8181818127632141,1,19,18,0
512,4166,diningtable,1,1,0,0,0,0,0,0,0,0.0,1,1,1,1,0.7142857313156128,0.7142857313156128,1,19,15,0
513,4094,bus,1,1,1,1,0,0,0,1,1,1.0,0,1,0,1,1.0,0.09375,2,19,18,2
514,3160,aeroplane,1,1,1,1,0,0,0,1,1,1.0,3,3,3,3,0.8823529481887817,0.8823529481887817,1,19,18,9
515,9871,person,0,0,0,0,0,0,0,1,1,1.0,0,7,7,7,1.0,0.8399999737739563,2,19,18,13
516,5733,horse,1,1,0,0,0,0,0,0,0,0.0,2,2,2,2,0.9729729890823364,0.9729729890823364,1,19,18,0
517,8176,dog,1,1,0,0,0,0,0,0,0,0.0,4,4,4,4,1.0,1.0,1,19,18,0
518,8957,chair,1,1,0,0,0,0,0,0,0,0.0,4,4,4,4,0.5625,0.5625,1,19,18,0
519,2830,motorbike,1,1,0,0,0,0,0,0,0,0.0,2,2,2,2,0.9772727489471436,0.9772727489471436,1,19,18,0
520,7206,train,1,1,1,0,1,0,0,1,1,0.9473684210526316,3,3,3,3,0.8571428656578064,0.8571428656578064,1,19,18,1
521,4740,diningtable,0,0,0,0,0,0,0,0,0,0.0,5,5,5,5,0.0714285746216774,0.0714285746216774,1,19,18,0
522,8234,train,1,1,0,0,0,0,0,0,0,0.0,2,2,2,2,0.9523809552192688,0.9523809552192688,1,19,18,0
523,5939,sofa,1,1,0,0,0,0,0,0,0,0.0,1,1,1,1,0.8484848737716675,0.8484848737716675,1,19,18,0
524,9962,person,0,0,0,0,0,0,0,1,1,1.0,6,6,6,6,0.5714285969734192,0.5714285969734192,1,19,17,12
525,870,person,1,1,0,0,0,0,0,0,0,0.0,4,4,4,4,0.9545454382896423,0.9545454382896423,1,19,18,0
526,6514,person,1,1,0,0,0,0,0,0,0,0.0,6,6,6,6,1.0,1.0,1,19,18,0
527,6487,sofa,1,1,0,0,0,0,0,0,0,0.0,1,1,1,1,1.0,1.0,1,19,17,0
528,1601,dog,1,0,1,1,0,0,0,1,1,1.0,5,5,5,5,1.0,1.0,1,19,18,10
529,3542,bicycle,1,1,0,0,0,0,0,0,0,0.0,2,2,2,2,0.6842105388641357,0.6842105388641357,1,19,18,0
530,8046,person,1,1,0,0,0,0,0,0,0,0.0,5,5,5,5,0.9473684430122375,0.9473684430122375,1,19,18,0
531,4222,sofa,0,0,0,0,0,0,0,0,0,0.0,4,4,4,4,0.07692307978868484,0.07692307978868484,1,19,17,0
532,8844,person,1,1,1,1,0,0,0,1,1,1.0,2,2,2,2,1.0,1.0,1,19,18,2
533,2945,person,1,1,1,1,0,0,0,1,1,1.0,3,3,3,3,0.8823529481887817,0.8823529481887817,1,19,16,5
534,5092,pottedplant,0,0,0,0,0,0,0,0,0,0.0,0,0,0,0,0.07500000298023224,0.07500000298023224,1,19,18,0
535,4930,person,1,1,0,0,0,0,0,0,0,0.0,3,3,3,3,1.0,1.0,1,19,18,0
536,7785,person,1,1,0,0,0,0,0,0,0,0.0,2,2,2,2,0.9545454382896423,0.9545454382896423,1,19,17,0
537,6954,person,0,0,0,0,0,0,0,1,1,1.0,3,3,3,3,0.3235294222831726,0.3235294222831726,1,19,18,3
538,8578,boat,0,0,0,0,0,0,0,1,1,1.0,6,6,6,6,0.10526315867900848,0.10526315867900848,1,19,18,3
539,136,cat,0,0,0,0,0,0,0,0,0,0.0,0,0,0,0,0.125,0.125,1,19,18,0
540,3527,car,1,1,0,0,0,0,0,0,0,0.0,7,7,7,7,0.6470588445663452,0.6470588445663452,1,19,18,0
541,940,person,0,0,0,0,0,0,0,1,1,1.0,0,0,0,0,0.47999998927116394,0.47999998927116394,1,19,18,13
542,1656,dog,1,1,0,0,0,0,0,0,0,0.0,5,5,5,5,1.0,1.0,1,19,18,0
543,1542,cat,1,1,1,1,0,0,0,1,1,1.0,0,0,0,0,1.0,1.0,1,19,18,5
544,8074,person,1,1,1,1,0,0,0,1,1,1.0,3,3,3,3,0.7045454382896423,0.7045454382896423,1,19,18,6
545,2789,cow,1,1,0,0,0,0,0,0,0,0.0,5,5,5,5,0.8888888955116272,0.8888888955116272,1,19,17,0
546,8059,horse,1,1,1,1,0,0,0,1,1,0.9473684210526316,3,3,3,3,0.9230769276618958,0.9230769276618958,1,19,18,1
547,6629,train,0,0,0,0,0,0,0,1,1,0.9473684210526316,0,0,0,0,0.25,0.25,1,19,18,1
548,2552,chair,0,0,0,0,0,0,0,1,1,1.0,7,7,7,7,0.17741934955120087,0.17741934955120087,1,19,18,7
549,2161,pottedplant,0,0,0,0,0,0,0,1,1,1.0,6,6,6,6,0.0,0.0,1,19,18,4
550,6308,tvmonitor,0,0,0,0,0,0,0,1,0,0.9473684210526316,0,0,0,0,0.30612245202064514,0.30612245202064514,1,19,18,1
551,1435,car,0,0,0,0,0,0,0,1,1,1.0,0,0,0,0,0.04545454680919647,0.04545454680919647,1,19,18,10
552,6193,motorbike,0,0,0,0,0,0,0,1,1,1.0,3,3,3,3,0.03030303120613098,0.03030303120613098,1,19,18,2
553,4218,dog,1,1,0,0,0,0,0,0,0,0.0,7,7,7,7,0.800000011920929,0.800000011920929,1,19,18,0
554,606,diningtable,0,0,0,0,0,0,0,1,1,1.0,4,4,4,4,0.2142857164144516,0.2142857164144516,1,19,16,13
555,6504,sofa,1,1,0,0,0,0,0,0,0,0.0,0,0,0,0,0.9795918464660645,0.9795918464660645,1,19,18,0
556,9216,tvmonitor,1,1,1,1,0,0,0,1,1,1.0,1,1,1,1,1.0,1.0,1,19,18,4
557,4580,person,1,1,1,1,0,0,0,1,1,1.0,0,0,0,0,1.0,1.0,1,19,18,5
558,2788,person,1,1,1,1,0,0,0,1,1,1.0,0,0,7,0,1.0,1.0,2,19,17,3
559,7126,person,1,1,1,0,1,0,0,1,1,1.0,4,4,4,4,0.9629629850387573,0.9629629850387573,1,19,18,7
560,445,horse,1,1,1,0,1,0,0,1,1,1.0,1,1,1,1,0.5454545617103577,0.5454545617103577,1,19,18,9
561,5005,car,0,0,0,0,0,0,0,1,1,1.0,7,7,7,7,0.0,0.0,2,19,18,14
562,7315,sofa,0,0,0,0,0,0,0,1,1,1.0,7,7,7,7,0.024390242993831635,0.024390242993831635,1,19,18,8
563,642,person,0,0,0,0,0,0,0,1,1,1.0,3,3,3,3,1.0,1.0,1,19,18,9
564,5377,person,0,0,0,0,0,0,0,1,1,0.9473684210526316,7,7,7,7,0.47826087474823,0.47826087474823,1,19,18,1
565,7665,car,1,1,0,0,0,0,0,0,0,0.0,7,7,7,7,0.75,0.75,1,19,18,0
566,9673,motorbike,0,0,0,0,0,0,0,1,1,1.0,3,3,3,3,0.0,0.0,1,19,18,3
567,616,horse,1,1,0,0,0,0,0,0,0,0.0,1,1,1,1,0.9642857313156128,0.9642857313156128,1,19,18,0
568,7019,sofa,1,1,0,0,0,0,0,0,0,0.0,7,7,7,7,0.9767441749572754,0.9767441749572754,1,19,18,0
569,8780,person,1,1,1,1,0,0,0,1,1,1.0,3,3,3,3,1.0,1.0,1,19,18,3
570,8528,diningtable,0,0,0,0,0,0,0,1,1,1.0,6,6,6,6,0.0,0.0,1,19,17,6
571,3323,diningtable,1,1,0,0,0,0,0,0,0,0.0,2,2,2,2,0.7058823704719543,0.7058823704719543,1,19,16,0
572,1851,dog,1,1,1,1,0,0,0,1,1,1.0,3,3,3,3,1.0,1.0,1,19,18,4
573,9102,boat,0,0,0,0,0,0,0,1,1,1.0,0,0,0,0,0.27272728085517883,0.27272728085517883,1,19,17,4
574,3633,cow,1,1,0,0,0,0,0,0,0,0.0,2,2,2,2,1.0,1.0,1,19,18,0
575,913,person,1,1,1,1,0,0,0,1,1,1.0,2,2,2,2,0.75,0.75,1,19,18,7
576,3942,person,0,0,0,0,0,0,0,1,1,1.0,4,4,4,4,0.0,0.0,1,19,18,15
577,1921,person,0,0,0,0,0,0,0,1,1,1.0,7,7,7,7,0.6857143044471741,0.6857143044471741,1,19,18,13
578,3544,sofa,1,1,0,0,0,0,0,0,0,0.0,4,4,4,4,0.9333333373069763,0.9333333373069763,1,19,18,0
579,734,person,0,0,0,0,0,0,0,1,1,1.0,2,2,2,2,0.0,0.0,1,19,18,3
580,2974,person,0,0,0,0,0,0,0,1,1,1.0,7,7,7,7,0.7222222089767456,0.7222222089767456,1,19,17,10
581,4104,bus,1,1,0,0,0,0,0,0,0,0.0,6,6,6,6,0.7142857313156128,0.7142857313156128,1,19,18,0
582,4482,diningtable,0,0,0,0,0,0,0,1,1,1.0,7,7,7,7,0.0,0.0,1,19,18,17
583,4447,bicycle,0,0,0,0,0,0,0,0,0,0.0,2,2,2,2,0.4318181872367859,0.4318181872367859,1,19,18,0
584,974,tvmonitor,0,0,0,0,0,0,0,1,1,1.0,0,0,0,0,0.0,0.0,1,19,18,3
585,6399,dog,0,0,0,0,0,0,0,0,0,0.0,7,7,7,7,0.4482758641242981,0.4482758641242981,1,19,18,0
586,475,sheep,0,0,0,0,0,0,0,0,0,0.0,3,3,3,3,0.47058823704719543,0.47058823704719543,1,19,18,0
587,9741,person,0,0,0,0,0,0,0,1,1,1.0,2,2,2,2,0.13513512909412384,0.13513512909412384,1,19,17,17
588,5359,train,1,1,1,1,0,0,0,1,1,0.9473684210526316,7,7,7,7,1.0,1.0,1,19,18,1
589,5553,motorbike,0,0,0,0,0,0,0,0,0,0.0,0,0,0,0,0.2857142984867096,0.2857142984867096,2,19,18,0
590,3746,bicycle,1,1,1,1,0,0,0,1,1,0.8947368421052632,4,4,4,4,0.90625,0.90625,1,19,17,1
591,6401,horse,0,0,0,0,0,0,0,1,1,1.0,4,4,4,4,0.1071428582072258,0.1071428582072258,1,19,18,8
592,8697,diningtable,1,1,0,0,0,0,0,0,0,0.0,3,3,3,3,1.0,1.0,1,19,18,0
593,2793,motorbike,1,1,0,0,0,0,0,0,0,0.0,5,5,5,5,0.7272727489471436,0.7272727489471436,1,19,18,0
594,5456,horse,1,1,1,1,0,0,0,1,1,0.9473684210526316,1,1,1,1,0.8666666746139526,0.8666666746139526,1,19,18,1
595,2777,chair,0,0,0,0,0,0,0,1,1,1.0,4,4,4,4,0.0,0.0,1,19,18,6
596,8531,train,0,0,0,0,0,0,0,1,1,0.9473684210526316,7,7,7,7,0.0625,0.0625,1,19,18,1
597,1600,sofa,0,0,0,0,0,0,0,1,1,0.9941520467836258,1,1,1,1,0.4333333373069763,0.4333333373069763,1,19,17,2
598,4749,horse,1,1,1,0,1,0,0,1,1,0.9473684210526316,2,2,2,2,1.0,1.0,1,19,18,1
599,8544,dog,1,1,0,0,0,0,0,0,0,0.0,3,3,3,3,0.97826087474823,0.97826087474823,1,19,18,0
600,8946,person,0,0,0,0,0,0,0,1,1,0.9473684210526316,0,0,0,0,0.3333333432674408,0.3333333432674408,1,19,18,1
601,3795,person,1,1,1,1,0,0,0,1,1,1.0,7,7,7,7,0.875,0.875,1,19,18,5
602,1805,diningtable,1,1,0,0,0,0,0,0,0,0.0,6,0,0,0,0.9090909361839294,1.0,2,19,17,0
603,6742,person,0,0,0,0,0,0,0,1,1,1.0,4,4,4,4,0.03999999910593033,0.03999999910593033,1,19,18,14
604,5100,person,0,0,0,0,0,0,0,1,1,1.0,1,1,1,1,0.717391312122345,0.717391312122345,1,19,17,9
605,5225,person,0,0,0,0,0,0,0,1,1,1.0,1,1,1,1,0.7647058963775635,0.7647058963775635,1,19,18,8
606,8399,horse,0,0,0,0,0,0,0,1,1,1.0,7,7,7,7,0.3589743673801422,0.3589743673801422,1,19,18,7
607,8347,sofa,1,1,0,0,0,0,0,0,0,0.0,3,3,3,3,0.8947368264198303,0.8947368264198303,1,19,17,0
608,3952,boat,1,1,0,0,0,0,0,0,0,0.0,7,7,7,7,0.6666666865348816,0.6666666865348816,1,19,18,0
609,7252,horse,1,1,1,0,1,0,0,1,1,0.9473684210526316,3,3,3,3,1.0,1.0,1,19,18,1
610,3825,chair,0,0,0,0,0,0,0,1,1,0.9473684210526316,1,1,1,1,0.1304347813129425,0.1304347813129425,1,19,18,1
611,3193,horse,1,1,0,0,0,0,0,0,0,0.0,3,3,3,3,0.9166666865348816,0.9166666865348816,1,19,18,0
612,6505,sofa,1,1,0,0,0,0,0,0,0,0.0,1,1,1,1,1.0,1.0,2,19,18,0
613,1779,sofa,1,1,0,0,0,0,0,0,0,0.0,3,3,3,3,1.0,1.0,1,19,18,0
614,6713,person,1,1,1,1,0,0,0,1,1,1.0,7,7,7,7,0.800000011920929,0.800000011920929,1,19,18,9
615,2587,dog,1,1,1,1,0,0,0,1,1,1.0,6,6,6,6,0.7333333492279053,0.7333333492279053,1,19,18,3
616,6633,person,0,0,0,0,0,0,0,1,1,1.0,0,0,0,0,0.3235294222831726,0.3235294222831726,1,19,17,14
617,378,horse,1,1,1,1,0,0,0,1,1,1.0,0,0,0,0,1.0,1.0,1,19,18,3
618,5944,horse,1,1,1,1,0,0,0,1,1,0.9473684210526316,1,1,1,1,1.0,1.0,1,19,18,1
619,3934,pottedplant,1,1,0,0,0,0,0,0,0,0.0,6,6,6,6,0.875,0.875,1,19,18,0
620,7371,bicycle,1,1,1,1,0,0,0,1,1,1.0,3,3,3,3,1.0,1.0,1,19,18,2
621,9332,aeroplane,0,0,0,0,0,0,0,0,0,0.0,1,1,1,1,0.0,0.0,1,19,18,0
622,8113,diningtable,1,1,0,0,0,0,0,0,0,0.0,1,1,1,1,0.5227272510528564,0.5227272510528564,1,19,18,0
623,4109,chair,1,1,0,0,0,0,0,0,0,0.0,0,0,0,0,0.5357142686843872,0.5357142686843872,1,19,17,0
624,8041,chair,1,1,0,0,0,0,0,0,0,0.0,4,4,4,4,0.9318181872367859,0.9318181872367859,1,19,18,0
625,6451,chair,1,0,1,1,0,0,0,1,1,0.9473684210526316,5,5,5,5,1.0,1.0,1,19,18,1
626,5994,person,0,0,0,0,0,0,0,1,1,1.0,6,6,6,6,0.1599999964237213,0.1599999964237213,1,19,17,4
627,7034,car,1,1,1,0,1,0,0,1,1,0.9473684210526316,6,6,6,6,1.0,1.0,1,19,18,1
628,4791,sofa,0,0,0,0,0,0,0,1,0,0.8947368421052632,3,3,3,3,0.25806450843811035,0.25806450843811035,1,19,17,1
629,4667,person,0,0,0,0,0,0,0,1,1,1.0,7,7,3,7,0.06666667014360428,0.06666667014360428,2,19,18,3
630,6571,dog,1,1,1,1,0,0,0,1,1,1.0,6,6,6,6,1.0,1.0,1,19,18,4
631,607,car,0,0,0,0,0,0,0,1,1,1.0,3,3,3,3,1.0,1.0,1,19,18,11
632,8239,person,0,0,0,0,0,0,0,1,1,1.0,1,1,1,1,0.3488371968269348,0.3488371968269348,1,19,18,11
633,5218,chair,0,0,0,0,0,0,0,1,1,1.0,2,2,2,2,0.07692307978868484,0.07692307978868484,1,19,18,7
634,3278,person,1,1,0,0,0,0,0,0,0,0.0,0,0,0,0,0.8181818127632141,0.8181818127632141,1,19,17,0
635,4959,car,1,1,0,0,0,0,0,0,0,0.0,2,2,2,2,0.8620689511299133,0.8620689511299133,1,19,18,0
636,1437,pottedplant,0,0,0,0,0,0,0,0,0,0.0,1,1,1,1,0.024390242993831635,0.024390242993831635,1,19,18,0
637,283,person,0,0,0,0,0,0,0,1,1,1.0,1,1,1,1,0.125,0.125,1,19,18,3
638,4665,boat,0,0,0,0,0,0,0,0,0,0.0,5,5,5,5,0.0,0.0,1,19,18,0
639,7012,chair,0,0,0,0,0,0,0,0,0,0.0,4,4,4,4,0.0,0.0,1,19,18,0
640,2252,person,0,0,0,0,0,0,0,1,1,1.0,2,2,2,2,0.4109589159488678,0.4109589159488678,1,19,18,16
641,4811,person,0,0,0,0,0,0,0,1,1,1.0,4,7,7,7,1.0,0.0,2,19,18,14
642,9511,chair,0,0,0,0,0,0,0,1,1,0.8947368421052632,2,2,2,2,0.03333333507180214,0.03333333507180214,1,19,17,1
643,1735,person,0,0,0,0,0,0,0,1,1,0.9473684210526316,7,7,7,7,0.09090909361839294,0.09090909361839294,1,19,18,1
644,9380,horse,1,1,0,0,0,0,0,0,0,0.0,7,7,7,7,1.0,1.0,1,19,18,0
645,3867,person,1,1,1,1,0,0,0,1,1,0.8947368421052632,2,2,2,2,1.0,1.0,1,19,17,1
646,6567,motorbike,0,0,0,0,0,0,0,1,1,1.0,0,0,0,0,0.0625,0.0625,1,19,17,6
647,2748,bus,0,0,0,0,0,0,0,0,0,0.0,7,7,7,7,0.1599999964237213,0.1599999964237213,1,19,18,0
648,8666,person,1,1,1,1,0,0,0,1,1,1.0,0,0,0,0,0.7727272510528564,0.7727272510528564,1,19,18,4
649,5677,horse,1,1,0,0,0,0,0,0,0,0.0,4,4,4,4,0.8181818127632141,0.8181818127632141,1,19,18,0
650,271,car,0,0,0,0,0,0,0,1,1,1.0,6,6,6,6,0.0,0.0,1,19,18,9
651,4179,person,1,1,0,0,0,0,0,0,0,0.0,0,0,0,0,1.0,1.0,1,19,17,0
652,9201,car,1,1,1,0,1,0,0,1,1,0.9473684210526316,2,2,2,2,0.7692307829856873,0.7692307829856873,1,19,18,1
653,883,car,1,1,1,1,0,0,0,1,1,0.9473684210526316,0,0,0,0,1.0,1.0,1,19,18,1
654,7766,horse,1,1,0,0,0,0,0,0,0,0.0,1,1,1,1,0.6969696879386902,0.6969696879386902,1,19,18,0
655,4319,diningtable,1,1,0,0,0,0,0,0,0,0.0,3,3,3,3,1.0,1.0,1,19,18,0
656,7532,person,1,1,1,1,0,0,0,1,1,1.0,3,3,3,3,1.0,1.0,1,19,18,4
657,155,bicycle,1,1,0,0,0,0,0,0,0,0.0,1,1,1,1,0.8571428656578064,0.8571428656578064,1,19,18,0
658,9521,sofa,0,0,0,0,0,0,0,0,0,0.0,1,1,1,1,0.0,0.0,1,19,16,0
659,9722,horse,1,1,0,0,0,0,0,0,0,0.0,7,7,7,7,1.0,1.0,1,19,18,0
660,14,car,1,1,1,0,1,0,0,1,1,1.0,5,5,5,5,1.0,1.0,1,19,17,7
661,4932,horse,1,1,1,1,0,0,0,1,1,0.9473684210526316,2,2,2,2,1.0,1.0,1,19,18,1
662,2133,sheep,1,1,1,1,0,0,0,1,1,1.0,7,7,7,7,0.9230769276618958,0.9230769276618958,1,19,18,4
663,4731,train,1,1,0,0,0,0,0,0,0,0.0,3,3,3,3,1.0,1.0,1,19,17,0
664,6113,bus,1,1,0,0,0,0,0,0,0,0.0,4,4,4,4,0.8518518805503845,0.8518518805503845,1,19,16,0
665,2242,car,1,1,0,0,0,0,0,0,0,0.0,6,6,6,6,1.0,1.0,1,19,16,0
666,1238,person,0,0,0,0,0,0,0,1,1,0.9473684210526316,1,1,1,1,0.06451612710952759,0.06451612710952759,1,19,18,1
667,8922,chair,1,1,0,0,0,0,0,0,0,0.0,7,7,7,7,1.0,1.0,1,19,16,0
668,2119,person,0,0,0,0,0,0,0,1,1,1.0,1,1,1,1,0.0,0.0,1,19,18,12
669,2951,tvmonitor,1,1,1,0,1,0,0,1,1,1.0,7,7,7,7,0.6000000238418579,0.6000000238418579,1,19,17,3
670,7137,person,0,0,0,0,0,0,0,1,1,1.0,7,7,7,7,0.9230769276618958,0.9230769276618958,1,19,18,9
671,3810,motorbike,0,0,0,0,0,0,0,1,1,1.0,3,3,3,3,0.15217390656471252,0.15217390656471252,1,19,17,3
672,4006,horse,1,1,1,1,0,0,0,1,1,0.9473684210526316,4,4,4,4,1.0,1.0,1,19,18,1
673,9204,dog,0,0,0,0,0,0,0,1,1,1.0,4,4,4,4,0.17777778208255768,0.17777778208255768,1,19,18,6
674,2402,car,1,1,1,1,0,0,0,1,1,1.0,3,6,3,6,1.0,0.5555555820465088,2,19,18,5
675,3016,bus,1,1,0,0,0,0,0,0,0,0.0,2,2,2,2,0.8928571343421936,0.8928571343421936,1,19,18,0
676,9525,horse,1,1,0,0,0,0,0,0,0,0.0,3,3,3,3,1.0,1.0,1,19,18,0
677,5638,person,0,0,0,0,0,0,0,1,1,1.0,1,1,1,1,1.0,1.0,1,19,18,12
678,8205,horse,1,1,0,0,0,0,0,0,0,0.0,4,4,4,4,0.9375,0.9375,1,19,18,0
679,5763,car,0,0,0,0,0,0,0,1,1,1.0,1,1,1,1,0.0,0.0,1,19,18,10
680,6982,horse,0,0,0,0,0,0,0,1,1,0.9473684210526316,5,5,5,5,0.0,0.0,1,19,18,1
681,4412,person,1,1,1,1,0,0,0,1,1,1.0,1,1,1,1,1.0,1.0,1,19,18,10
682,562,person,1,1,0,0,0,0,0,0,0,0.0,2,2,2,2,0.6000000238418579,0.6000000238418579,1,19,18,0
683,1891,car,0,0,0,0,0,0,0,1,1,1.0,4,3,3,3,1.0,0.5416666865348816,2,19,18,10
684,2743,pottedplant,1,1,0,0,0,0,0,0,0,0.0,3,3,3,3,0.9200000166893005,0.9200000166893005,1,19,18,0
685,3944,sofa,1,1,0,0,0,0,0,0,0,0.0,5,5,5,5,0.8529411554336548,0.8529411554336548,1,19,17,0
686,1914,person,1,1,1,1,0,0,0,1,1,1.0,6,6,6,6,0.5,0.5,1,19,17,9
687,6798,pottedplant,1,1,0,0,0,0,0,0,0,0.0,0,0,0,0,0.875,0.875,1,19,18,0
688,6273,person,0,0,0,0,0,0,0,1,1,1.0,1,1,1,1,0.06976744532585144,0.06976744532585144,1,19,18,9
689,447,person,1,1,1,0,1,0,0,1,1,0.9473684210526316,3,3,3,3,0.5384615659713745,0.5384615659713745,1,19,18,1
690,4309,horse,1,1,1,0,1,0,0,1,1,0.9473684210526316,6,6,6,6,0.5,0.5,1,19,18,1
691,2806,motorbike,1,1,0,0,0,0,0,0,0,0.0,0,0,0,0,0.8085106611251831,0.8085106611251831,1,19,18,0
692,798,sofa,1,1,1,1,0,0,0,1,1,0.9473684210526316,0,0,0,0,0.9722222089767456,0.9722222089767456,1,19,18,1
693,5375,person,1,1,0,0,0,0,0,0,0,0.0,5,5,5,5,0.800000011920929,0.800000011920929,1,19,18,0
694,2223,bus,0,0,0,0,0,0,0,1,1,1.0,5,5,5,5,0.2083333283662796,0.2083333283662796,1,19,17,12
695,2283,horse,0,0,0,0,0,0,0,1,1,0.9473684210526316,4,4,4,4,0.23999999463558197,0.23999999463558197,1,19,18,1
696,8882,horse,0,0,0,0,0,0,0,1,1,1.0,2,2,2,2,0.02083333395421505,0.02083333395421505,1,19,18,4
697,3819,person,1,1,1,1,0,0,0,1,1,0.8947368421052632,6,6,6,6,1.0,1.0,1,19,17,1
698,4417,bicycle,1,1,0,0,0,0,0,0,0,0.0,4,4,4,4,0.6521739363670349,0.6521739363670349,1,19,18,0
699,5709,bicycle,0,0,0,0,0,0,0,1,1,1.0,5,5,5,5,0.3255814015865326,0.3255814015865326,1,19,18,6
700,137,car,0,0,0,0,0,0,0,1,1,1.0,0,0,0,0,0.0,0.0,1,19,18,13
701,1099,aeroplane,0,0,0,0,0,0,0,1,1,1.0,0,4,4,4,1.0,1.0,2,19,18,10
702,2964,person,1,1,1,1,0,0,0,1,1,1.0,7,7,7,7,1.0,1.0,1,19,18,7
703,2538,person,0,0,0,0,0,0,0,1,1,1.0,1,1,1,1,0.1756756752729416,0.1756756752729416,1,19,17,8
704,8751,diningtable,1,1,0,0,0,0,0,0,0,0.0,3,3,3,3,0.5416666865348816,0.5416666865348816,1,19,16,0
705,2604,chair,0,0,0,0,0,0,0,1,1,0.9941520467836258,4,4,4,4,0.3333333432674408,0.3333333432674408,1,19,17,2
706,9028,bicycle,1,1,0,0,0,0,0,0,0,0.0,2,2,2,2,0.8536585569381714,0.8536585569381714,1,19,18,0
707,1720,diningtable,1,1,0,0,0,0,0,0,0,0.0,4,4,4,4,0.9268292784690857,0.9268292784690857,1,19,17,0
708,8761,aeroplane,1,1,0,0,0,0,0,0,0,0.0,3,3,3,3,1.0,1.0,1,19,17,0
709,7393,diningtable,0,0,0,0,0,0,0,1,1,1.0,2,2,2,2,0.4693877696990967,0.4693877696990967,1,19,17,10
710,7739,person,0,0,0,0,0,0,0,1,1,1.0,1,1,1,1,0.3214285671710968,0.3214285671710968,1,19,17,6
711,7882,car,0,0,0,0,0,0,0,1,1,1.0,7,7,7,7,0.095238097012043,0.095238097012043,1,19,18,11
712,4573,boat,0,0,0,0,0,0,0,0,0,0.0,3,3,3,3,0.4000000059604645,0.4000000059604645,1,19,18,0
713,587,person,1,1,1,1,0,0,0,1,1,0.8947368421052632,5,5,5,5,1.0,1.0,1,19,17,1
714,7509,horse,1,1,1,1,0,0,0,1,1,0.9473684210526316,1,1,1,1,0.9512194991111755,0.9512194991111755,1,19,18,1
715,3434,person,1,1,0,0,0,0,0,0,0,0.0,6,6,6,6,0.9818181991577148,0.9818181991577148,1,19,18,0
716,3041,horse,1,1,1,1,0,0,0,1,1,1.0,7,6,7,6,1.0,0.0,2,19,18,7
717,858,bus,1,1,0,0,0,0,0,0,0,0.0,5,5,5,5,0.9411764740943909,0.9411764740943909,1,19,18,0
718,1075,dog,0,0,0,0,0,0,0,1,1,1.0,4,4,4,4,0.0,0.0,1,19,18,10
719,9663,chair,0,0,0,0,0,0,0,1,1,1.0,7,7,7,7,0.0,0.0,1,19,18,4
720,9263,person,0,0,0,0,0,0,0,0,0,0.0,3,3,3,3,0.31578946113586426,0.31578946113586426,1,19,18,0
721,9008,motorbike,1,1,1,0,1,0,0,1,1,0.9473684210526316,1,1,1,1,1.0,1.0,1,19,18,1
722,9013,sofa,1,1,0,0,0,0,0,0,0,0.0,5,5,5,5,0.9230769276618958,0.9230769276618958,1,19,18,0
723,3569,sofa,1,1,0,0,0,0,0,0,0,0.0,6,6,6,6,1.0,1.0,1,19,18,0
724,3276,car,1,1,1,1,0,0,0,1,1,1.0,6,6,6,6,1.0,1.0,1,19,18,6
725,3601,train,0,0,0,0,0,0,0,1,1,1.0,4,4,4,4,0.043478261679410934,0.043478261679410934,1,19,18,11
726,2121,person,1,1,1,1,0,0,0,1,1,1.0,7,7,7,7,1.0,1.0,1,19,18,7
727,3978,horse,1,1,0,0,0,0,0,0,0,0.0,1,1,1,1,1.0,1.0,1,19,18,0
728,2955,bus,1,1,1,1,0,0,0,1,1,1.0,5,5,5,5,1.0,1.0,1,19,18,3
729,5287,car,1,1,1,1,0,0,0,1,1,1.0,1,1,1,1,0.9487179517745972,0.9487179517745972,1,19,18,5
730,1228,person,0,0,0,0,0,0,0,1,1,1.0,1,1,1,1,0.9811320900917053,0.9811320900917053,1,19,18,17
731,7929,sofa,1,1,0,0,0,0,0,0,0,0.0,3,3,3,3,0.8333333134651184,0.8333333134651184,1,19,18,0
732,4180,sofa,0,0,0,0,0,0,0,0,0,0.0,7,7,7,7,0.37142857909202576,0.37142857909202576,1,19,17,0
733,652,person,1,1,1,1,0,0,0,1,1,1.0,5,5,5,5,0.8387096524238586,0.8387096524238586,1,19,18,6
734,3249,bottle,1,1,1,1,0,0,0,1,1,1.0,2,2,2,2,1.0,1.0,1,19,18,4
735,7747,diningtable,0,0,0,0,0,0,0,1,1,1.0,3,3,3,3,0.3965517282485962,0.3965517282485962,1,19,16,15
736,7347,car,0,0,0,0,0,0,0,0,0,0.0,4,4,4,4,0.46000000834465027,0.46000000834465027,1,19,18,0
737,1155,boat,0,0,0,0,0,0,0,1,1,1.0,2,2,2,2,0.0,0.0,1,19,17,14
738,9782,diningtable,0,0,0,0,0,0,0,1,1,1.0,1,1,1,1,0.29629629850387573,0.29629629850387573,1,19,16,11
739,7339,car,1,1,1,1,0,0,0,1,1,0.9473684210526316,5,5,5,5,0.5111111402511597,0.5111111402511597,1,19,18,1
740,1516,motorbike,1,1,1,0,1,0,0,1,1,1.0,3,3,3,3,1.0,1.0,1,19,18,3
741,9928,pottedplant,1,1,0,0,0,0,0,0,0,0.0,4,4,4,4,1.0,1.0,1,19,18,0
742,9631,chair,0,0,0,0,0,0,0,1,1,1.0,4,4,4,4,0.0,0.0,1,19,18,4
743,6431,motorbike,1,1,0,0,0,0,0,0,0,0.0,3,3,3,3,0.800000011920929,0.800000011920929,1,19,18,0
744,4305,bus,1,1,0,0,0,0,0,0,0,0.0,3,3,3,3,1.0,1.0,1,19,16,0
745,507,car,1,1,0,0,0,0,0,0,0,0.0,4,4,4,4,1.0,1.0,1,19,18,0
746,8407,person,1,1,1,1,0,0,0,1,1,0.9941520467836258,4,4,4,4,1.0,1.0,1,19,17,2
747,4294,horse,1,1,0,0,0,0,0,0,0,0.0,1,1,1,1,1.0,1.0,1,19,18,0
748,641,chair,1,1,1,0,1,0,0,1,1,0.9473684210526316,4,4,4,4,1.0,1.0,1,19,18,1
749,6317,bus,1,1,0,0,0,0,0,0,0,0.0,4,4,4,4,0.8529411554336548,0.8529411554336548,1,19,17,0
750,7051,person,1,1,1,1,0,0,0,1,1,1.0,4,4,4,4,0.800000011920929,0.800000011920929,1,19,18,3
751,6686,sofa,1,1,0,0,0,0,0,0,0,0.0,3,3,3,3,0.8571428656578064,0.8571428656578064,1,19,18,0
752,9376,car,0,0,0,0,0,0,0,1,1,1.0,4,4,4,4,0.5625,0.5625,1,19,18,16
753,5232,bicycle,1,1,0,0,0,0,0,0,0,0.0,4,4,4,4,0.9599999785423279,0.9599999785423279,1,19,18,0
754,510,diningtable,1,1,0,0,0,0,0,0,0,0.0,6,6,6,6,0.9285714030265808,0.9285714030265808,1,19,18,0
755,4449,person,1,1,0,0,0,0,0,0,0,0.0,2,2,2,2,1.0,1.0,1,19,18,0
756,1728,sofa,0,0,0,0,0,0,0,1,1,1.0,1,1,1,1,0.019999999552965164,0.019999999552965164,1,19,18,19
757,1715,chair,0,0,0,0,0,0,0,0,0,0.0,2,2,2,2,0.1190476194024086,0.1190476194024086,1,19,18,0
758,1811,sofa,1,1,0,0,0,0,0,0,0,0.0,2,2,2,2,1.0,1.0,1,19,16,0
759,3328,person,0,0,0,0,0,0,0,1,1,1.0,5,5,5,5,0.10256410390138626,0.10256410390138626,1,19,18,7
760,5722,horse,1,1,1,0,1,0,0,1,1,1.0,7,7,7,7,0.6000000238418579,0.6000000238418579,1,19,18,5
761,4098,diningtable,0,0,0,0,0,0,0,1,1,1.0,3,3,3,3,0.23076923191547394,0.23076923191547394,1,19,17,13
762,1167,sofa,1,1,1,1,0,0,0,1,1,0.8947368421052632,7,7,7,7,1.0,1.0,1,19,17,1
763,9134,train,1,1,0,0,0,0,0,0,0,0.0,3,3,3,3,1.0,1.0,1,19,18,0
764,1086,person,0,0,0,0,0,0,0,1,1,1.0,1,1,1,1,1.0,1.0,1,19,18,17
765,7500,person,1,1,1,1,0,0,0,1,1,1.0,4,4,4,4,0.9750000238418579,0.9750000238418579,1,19,18,5
766,1998,motorbike,1,1,0,0,0,0,0,0,0,0.0,5,5,5,5,1.0,1.0,1,19,18,0
767,2111,person,0,0,0,0,0,0,0,1,1,1.0,5,5,5,5,0.0,0.0,1,19,18,10
768,217,diningtable,1,1,1,1,0,0,0,1,1,0.9473684210526316,5,5,5,5,0.9599999785423279,0.9599999785423279,1,19,18,1
769,2888,diningtable,0,0,0,0,0,0,0,0,0,0.0,1,1,1,1,0.3928571343421936,0.3928571343421936,1,19,18,0
770,1823,person,0,0,0,0,0,0,0,1,1,1.0,3,3,3,3,0.0,0.0,1,19,18,4
771,9010,chair,1,1,0,0,0,0,0,0,0,0.0,1,1,1,1,0.5454545617103577,0.5454545617103577,1,19,18,0
772,9143,person,0,0,0,0,0,0,0,1,1,1.0,7,7,7,7,0.699999988079071,0.699999988079071,1,19,18,12
773,4629,horse,1,1,0,0,0,0,0,0,0,0.0,1,1,1,1,0.9534883499145508,0.9534883499145508,1,19,18,0
774,8192,person,1,1,0,0,0,0,0,0,0,0.0,6,6,6,6,1.0,1.0,1,19,16,0
775,7028,sheep,0,0,0,0,0,0,0,0,0,0.0,7,7,7,7,0.3478260934352875,0.3478260934352875,1,19,18,0
776,205,sofa,0,0,0,0,0,0,0,1,1,1.0,0,0,0,0,1.0,1.0,1,19,17,11
777,3232,horse,1,1,0,0,0,0,0,0,0,0.0,6,6,6,6,0.6428571343421936,0.6428571343421936,1,19,18,0
778,1134,car,0,0,0,0,0,0,0,1,1,1.0,5,5,5,5,0.1764705926179886,0.1764705926179886,1,19,18,16
779,8104,aeroplane,1,1,1,1,0,0,0,1,1,1.0,0,0,0,0,0.9354838728904724,0.9354838728904724,1,19,17,4
780,2768,person,0,0,0,0,0,0,0,1,1,1.0,6,6,6,6,0.04545454680919647,0.04545454680919647,1,19,18,7
781,504,cow,1,1,0,0,0,0,0,0,0,0.0,4,4,4,4,1.0,1.0,1,19,18,0
782,7178,person,1,1,0,0,0,0,0,0,0,0.0,4,4,4,4,1.0,1.0,1,19,17,0
783,4249,car,1,1,0,0,0,0,0,0,0,0.0,3,3,3,3,0.8787878751754761,0.8787878751754761,1,19,18,0
784,1039,chair,1,1,0,0,0,0,0,0,0,0.0,1,1,1,1,0.7599999904632568,0.7599999904632568,1,19,18,0
785,9606,diningtable,1,1,0,0,0,0,0,0,0,0.0,6,6,6,6,0.8648648858070374,0.8648648858070374,1,19,17,0
786,2874,sofa,1,1,0,0,0,0,0,0,0,0.0,0,0,0,0,1.0,1.0,1,19,18,0
787,1619,car,1,1,1,0,1,0,0,1,1,1.0,1,1,1,1,0.8636363744735718,0.8636363744735718,1,19,17,3
788,9237,person,1,1,0,0,0,0,0,0,0,0.0,6,6,6,6,0.8636363744735718,0.8636363744735718,1,19,18,0
789,924,bus,1,1,0,0,0,0,0,0,0,0.0,3,3,3,3,0.9642857313156128,0.9642857313156128,1,19,18,0
790,7321,tvmonitor,1,1,0,0,0,0,0,0,0,0.0,7,7,7,7,1.0,1.0,1,19,17,0
791,6361,horse,1,1,0,0,0,0,0,0,0,0.0,4,4,4,4,0.8333333134651184,0.8333333134651184,1,19,18,0
792,2703,aeroplane,0,0,0,0,0,0,0,0,0,0.0,6,6,6,6,0.0,0.0,1,19,18,0
793,1620,person,0,0,0,0,0,0,0,1,1,1.0,7,7,7,7,1.0,1.0,1,19,18,18
794,3220,train,1,1,0,0,0,0,0,0,0,0.0,5,5,5,5,1.0,1.0,1,19,17,0
795,839,sofa,1,1,1,0,1,0,0,1,1,0.9473684210526316,4,4,4,4,0.5384615659713745,0.5384615659713745,1,19,18,1
796,6060,person,0,0,0,0,0,0,0,1,1,1.0,5,5,5,5,0.054054055362939835,0.054054055362939835,1,19,18,8
797,6274,person,1,1,1,1,0,0,0,1,1,1.0,4,4,4,4,0.9166666865348816,0.9166666865348816,1,19,18,11
798,2159,person,1,1,0,0,0,0,0,0,0,0.0,1,1,1,1,1.0,1.0,1,19,18,0
799,1992,person,0,0,0,0,0,0,0,0,0,0.0,4,4,4,4,0.0,0.0,1,19,17,0
800,1307,person,1,1,0,0,0,0,0,0,0,0.0,2,2,2,2,1.0,1.0,1,19,18,0
801,7176,car,0,0,0,0,0,0,0,1,1,1.0,6,6,6,6,0.25,0.25,1,19,18,9
802,4422,pottedplant,0,0,0,0,0,0,0,1,1,1.0,4,4,4,4,0.08571428805589676,0.08571428805589676,1,19,18,4
803,4245,car,0,0,0,0,0,0,0,1,1,1.0,6,6,6,6,0.0,0.0,1,19,18,9
804,743,train,1,1,1,1,0,0,0,1,1,1.0,1,1,1,1,0.6000000238418579,0.6000000238418579,1,19,18,3
805,38,person,0,0,0,0,0,0,0,1,1,1.0,7,7,7,7,0.0,0.0,1,19,17,16
806,9895,car,0,0,0,0,0,0,0,1,1,1.0,5,5,5,5,0.1818181872367859,0.1818181872367859,1,19,18,14
807,2511,horse,1,1,0,0,0,0,0,0,0,0.0,7,7,7,7,1.0,1.0,1,19,18,0
808,1256,bicycle,0,0,0,0,0,0,0,1,1,0.9473684210526316,3,3,3,3,0.07692307978868484,0.07692307978868484,1,19,18,1
809,536,bus,0,0,0,0,0,0,0,1,1,1.0,5,5,5,5,0.1666666716337204,0.1666666716337204,1,19,18,7
810,9674,motorbike,1,1,0,0,0,0,0,0,0,0.0,3,3,3,3,1.0,1.0,1,19,18,0
811,6056,diningtable,0,0,0,0,0,0,0,1,1,1.0,3,3,3,3,0.3499999940395355,0.3499999940395355,1,19,16,8
812,3670,motorbike,0,0,0,0,0,0,0,1,1,1.0,3,3,3,3,0.0,0.0,1,19,18,13
813,5250,sofa,1,1,1,1,0,0,0,1,1,0.9473684210526316,4,4,4,4,1.0,1.0,1,19,18,1
814,5943,sofa,1,1,0,0,0,0,0,0,0,0.0,4,4,4,4,1.0,1.0,1,19,18,0
815,6334,bus,1,1,0,0,0,0,0,0,0,0.0,2,2,2,2,0.9090909361839294,0.9090909361839294,1,19,17,0
816,6407,bus,1,1,0,0,0,0,0,0,0,0.0,2,2,2,2,1.0,1.0,1,19,18,0
817,4068,sofa,1,1,0,0,0,0,0,0,0,0.0,5,5,5,5,0.6470588445663452,0.6470588445663452,1,19,16,0
818,5140,diningtable,1,1,0,0,0,0,0,0,0,0.0,2,2,2,2,0.8965517282485962,0.8965517282485962,1,19,18,0
819,942,train,1,1,1,1,0,0,0,1,1,1.0,7,7,7,7,1.0,1.0,1,19,18,3
820,9696,person,0,0,0,0,0,0,0,1,1,1.0,2,2,2,2,0.46666666865348816,0.46666666865348816,1,19,18,4
821,9660,chair,1,1,1,1,0,0,0,1,1,0.8947368421052632,6,6,6,6,0.8333333134651184,0.8333333134651184,1,19,17,1
822,3643,person,1,1,1,1,0,0,0,1,1,0.9824561403508771,4,4,4,4,0.7692307829856873,0.7692307829856873,1,19,16,2
823,258,person,0,0,0,0,0,0,0,1,1,1.0,1,1,1,1,0.32258063554763794,0.32258063554763794,1,19,18,3
824,6307,sofa,0,0,0,0,0,0,0,0,0,0.0,7,7,7,7,0.3870967626571655,0.3870967626571655,1,19,15,0
825,90,person,1,1,1,0,1,0,0,1,1,0.9473684210526316,4,4,4,4,1.0,1.0,1,19,18,1
826,8603,dog,1,1,1,1,0,0,0,1,1,1.0,7,7,7,7,1.0,1.0,1,19,18,4
827,7945,train,0,0,0,0,0,0,0,1,1,1.0,3,3,3,3,0.23333333432674408,0.23333333432674408,1,19,18,18
828,7913,pottedplant,1,1,0,0,0,0,0,0,0,0.0,3,3,3,3,1.0,1.0,1,19,18,0
829,3734,horse,1,1,0,0,0,0,0,0,0,0.0,7,7,7,7,1.0,1.0,1,19,18,0
830,4393,train,0,0,0,0,0,0,0,1,1,1.0,6,5,6,5,0.18518517911434174,0.04545454680919647,2,19,18,6
831,456,bus,1,1,1,1,0,0,0,1,1,1.0,4,4,4,4,1.0,1.0,1,19,18,9
832,9806,bus,0,0,0,0,0,0,0,1,1,1.0,3,3,3,3,0.08695652335882187,0.08695652335882187,1,19,17,4
833,181,sofa,1,1,0,0,0,0,0,0,0,0.0,1,1,1,1,0.8500000238418579,0.8500000238418579,1,19,17,0
834,5925,bicycle,0,0,0,0,0,0,0,0,0,0.0,3,3,3,3,0.4444444477558136,0.4444444477558136,1,19,18,0
835,5597,diningtable,1,1,0,0,0,0,0,0,0,0.0,3,3,3,3,1.0,1.0,1,19,18,0
836,1769,horse,1,1,0,0,0,0,0,0,0,0.0,6,6,6,6,0.9777777791023254,0.9777777791023254,1,19,18,0
837,9850,motorbike,1,1,0,0,0,0,0,0,0,0.0,3,3,3,3,0.9777777791023254,0.9777777791023254,1,19,18,0
838,2756,train,1,1,0,0,0,0,0,0,0,0.0,6,6,6,6,0.8333333134651184,0.8333333134651184,1,19,18,0
839,3976,person,1,1,1,1,0,0,0,1,1,1.0,7,7,7,7,1.0,1.0,1,19,18,6
840,6081,diningtable,1,1,0,0,0,0,0,0,0,0.0,5,5,5,5,0.7857142686843872,0.7857142686843872,1,19,18,0
841,6826,chair,1,1,1,1,0,0,0,1,1,1.0,0,0,0,0,0.6904761791229248,0.6904761791229248,1,19,17,3
842,280,diningtable,1,1,0,0,0,0,0,0,0,0.0,4,4,4,4,0.949999988079071,0.949999988079071,1,19,17,0
843,3553,car,0,0,0,0,0,0,0,1,1,1.0,6,6,6,6,0.6333333253860474,0.6333333253860474,1,19,18,10
844,8325,sofa,1,1,1,0,1,0,0,1,1,1.0,3,7,3,7,0.7894737124443054,0.9285714030265808,2,19,18,4
845,1534,diningtable,1,1,0,0,0,0,0,0,0,0.0,3,3,3,3,0.9615384340286255,0.9615384340286255,1,19,17,0
846,8219,person,1,1,0,0,0,0,0,0,0,0.0,0,0,0,0,1.0,1.0,1,19,18,0
847,5316,car,1,1,0,0,0,0,0,0,0,0.0,3,3,3,3,0.9777777791023254,0.9777777791023254,1,19,17,0
848,4173,pottedplant,1,1,0,0,0,0,0,0,0,0.0,0,0,0,0,0.939393937587738,0.939393937587738,1,19,18,0
849,9798,diningtable,1,1,1,0,1,0,0,1,1,0.9824561403508771,7,7,7,7,1.0,1.0,1,19,16,2
850,2909,person,0,0,0,0,0,0,0,1,1,1.0,4,4,4,4,0.2222222238779068,0.2222222238779068,1,19,18,7
851,8314,horse,0,0,0,0,0,0,0,1,1,1.0,0,0,0,0,0.20588235557079315,0.20588235557079315,1,19,18,7
852,1080,aeroplane,1,1,0,0,0,0,0,0,0,0.0,2,2,2,2,0.9696969985961914,0.9696969985961914,1,19,18,0
853,9901,person,1,1,1,1,0,0,0,1,1,1.0,7,7,7,7,1.0,1.0,1,19,17,5
854,7134,horse,0,0,0,0,0,0,0,1,1,1.0,1,1,1,1,0.36000001430511475,0.36000001430511475,1,19,18,16
855,1770,boat,1,1,0,0,0,0,0,0,0,0.0,1,1,1,1,1.0,1.0,1,19,18,0
856,2455,sofa,1,1,0,0,0,0,0,0,0,0.0,7,7,7,7,0.6551724076271057,0.6551724076271057,1,19,18,0
857,9595,chair,1,1,0,0,0,0,0,0,0,0.0,1,1,1,1,1.0,1.0,1,19,18,0
858,4366,chair,1,1,0,0,0,0,0,0,0,0.0,1,1,1,1,0.692307710647583,0.692307710647583,1,19,18,0
859,5907,person,0,0,0,0,0,0,0,1,1,1.0,6,6,6,6,0.529411792755127,0.529411792755127,1,19,18,12
860,9547,person,0,0,0,0,0,0,0,1,1,1.0,3,3,3,3,0.09090909361839294,0.09090909361839294,1,19,18,7
861,8156,pottedplant,1,1,1,1,0,0,0,1,1,0.9473684210526316,4,4,4,4,0.692307710647583,0.692307710647583,1,19,18,1
862,5362,diningtable,1,1,1,1,0,0,0,1,0,0.8947368421052632,5,5,5,5,0.6551724076271057,0.6551724076271057,1,19,17,1
863,1357,motorbike,0,0,0,0,0,0,0,1,1,1.0,5,5,5,5,0.42105263471603394,0.42105263471603394,1,19,18,2
864,584,bicycle,0,0,0,0,0,0,0,1,1,1.0,3,3,3,3,0.1764705926179886,0.1764705926179886,1,19,18,6
865,8230,motorbike,1,1,1,1,0,0,0,1,1,1.0,7,7,7,7,0.8064516186714172,0.8064516186714172,1,19,18,3
866,6142,person,1,1,0,0,0,0,0,0,0,0.0,6,6,6,6,0.8965517282485962,0.8965517282485962,1,19,17,0
867,9367,sofa,1,1,0,0,0,0,0,0,0,0.0,1,1,1,1,0.9615384340286255,0.9615384340286255,1,19,18,0
868,762,diningtable,1,1,1,1,0,0,0,1,1,1.0,0,0,0,0,0.9714285731315613,0.9714285731315613,1,19,17,4
869,4523,person,1,0,1,1,0,0,0,1,1,1.0,2,2,2,2,1.0,1.0,1,19,18,2
870,2705,person,1,1,1,1,0,0,0,1,1,0.9824561403508771,0,0,0,0,0.5138888955116272,0.5138888955116272,2,19,16,2
871,8102,person,0,0,0,0,0,0,0,0,0,0.0,5,5,5,5,0.0,0.0,1,19,18,0
872,9384,car,1,1,0,0,0,0,0,0,0,0.0,2,2,2,2,0.800000011920929,0.800000011920929,1,19,18,0
873,3538,motorbike,0,0,0,0,0,0,0,1,1,1.0,1,1,1,1,0.21875,0.21875,1,19,18,3
874,9728,boat,0,0,0,0,0,0,0,0,0,0.0,5,5,5,5,0.4285714328289032,0.4285714328289032,1,19,18,0
875,5610,horse,1,1,0,0,0,0,0,0,0,0.0,6,6,6,6,1.0,1.0,1,19,18,0
876,127,person,1,1,0,0,0,0,0,0,0,0.0,5,5,5,5,0.95652174949646,0.95652174949646,1,19,18,0
877,6137,car,0,0,0,0,0,0,0,1,1,1.0,1,1,1,1,0.30434781312942505,0.30434781312942505,1,19,18,6
878,9534,bicycle,1,1,0,0,0,0,0,0,0,0.0,7,7,7,7,1.0,1.0,1,19,18,0
879,7415,boat,0,0,0,0,0,0,0,1,1,1.0,6,6,6,6,1.0,1.0,1,19,18,16
880,5041,person,0,0,0,0,0,0,0,1,1,1.0,4,4,4,4,0.4166666567325592,0.4166666567325592,1,19,17,5
881,453,car,1,1,1,1,0,0,0,1,1,1.0,0,0,0,0,1.0,1.0,1,19,18,2
882,9452,person,0,0,0,0,0,0,0,1,1,1.0,1,1,1,1,0.09433962404727936,0.09433962404727936,1,19,18,15
883,7564,chair,0,0,0,0,0,0,0,1,1,1.0,6,6,6,6,0.03703703731298447,0.03703703731298447,1,19,18,6
884,5498,sofa,1,1,0,0,0,0,0,0,0,0.0,6,6,6,6,0.8292682766914368,0.8292682766914368,1,19,18,0
885,8804,horse,0,0,0,0,0,0,0,1,1,1.0,3,3,3,3,0.095238097012043,0.095238097012043,1,19,18,4
886,5513,horse,1,1,0,0,0,0,0,0,0,0.0,2,2,2,2,1.0,1.0,1,19,18,0
887,6126,sofa,0,0,0,0,0,0,0,0,0,0.0,2,2,2,2,0.4166666567325592,0.4166666567325592,1,19,18,0
888,7005,bicycle,1,1,0,0,0,0,0,0,0,0.0,1,1,1,1,0.9729729890823364,0.9729729890823364,1,19,18,0
889,3592,person,0,0,0,0,0,0,0,1,1,1.0,3,3,3,3,0.06451612710952759,0.06451612710952759,1,19,18,7
890,3742,person,1,1,1,0,1,0,0,1,1,1.0,4,4,4,4,0.800000011920929,0.800000011920929,1,19,18,8
891,9075,person,1,1,1,1,0,0,0,1,1,0.8947368421052632,0,0,0,0,1.0,1.0,1,19,17,1
892,7400,boat,1,1,0,0,0,0,0,0,0,0.0,3,3,3,3,0.7857142686843872,0.7857142686843872,1,19,18,0
893,4297,person,1,1,1,0,1,0,0,1,1,0.9473684210526316,4,4,4,4,0.9333333373069763,0.9333333373069763,1,19,18,1
894,4116,cat,1,1,0,0,0,0,0,0,0,0.0,2,2,2,2,1.0,1.0,1,19,18,0
895,4892,diningtable,1,1,0,0,0,0,0,0,0,0.0,5,5,5,5,1.0,1.0,1,19,18,0
896,8597,motorbike,0,0,0,0,0,0,0,1,1,1.0,0,0,0,0,0.23404255509376526,0.23404255509376526,1,19,18,10
897,7591,bus,1,1,0,0,0,0,0,0,0,0.0,0,0,0,0,1.0,1.0,1,19,18,0
898,319,horse,1,1,1,0,1,0,0,1,1,1.0,2,2,2,2,1.0,1.0,1,19,18,4
899,9768,horse,1,1,0,0,0,0,0,0,0,0.0,4,4,4,4,0.5882353186607361,0.5882353186607361,1,19,16,0
900,1407,chair,1,1,1,1,0,0,0,1,1,0.9473684210526316,2,2,2,2,0.875,0.875,1,19,18,1
901,2780,horse,0,0,0,0,0,0,0,1,1,0.9473684210526316,4,4,4,4,0.0,0.0,1,19,18,1
902,5494,person,1,1,1,0,1,0,0,1,1,1.0,4,4,4,4,1.0,1.0,1,19,18,2
903,7000,person,1,1,1,1,0,0,0,1,1,1.0,6,6,6,6,1.0,1.0,1,19,18,4
904,5678,motorbike,1,1,1,0,1,0,0,1,1,1.0,7,7,7,7,1.0,1.0,1,19,18,6
905,7307,motorbike,0,0,0,0,0,0,0,1,1,1.0,4,4,0,4,0.4615384638309479,0.4615384638309479,2,19,18,14
906,2229,bus,1,1,1,1,0,0,0,1,1,1.0,4,4,4,4,1.0,1.0,1,19,18,2
907,6426,person,1,1,1,0,1,0,0,1,1,1.0,1,1,1,1,0.8333333134651184,0.8333333134651184,1,19,18,7
908,9012,diningtable,0,0,0,0,0,0,0,1,1,1.0,1,1,1,1,0.3958333432674408,0.3958333432674408,1,19,17,6
909,2298,chair,1,1,0,0,0,0,0,0,0,0.0,1,1,1,1,0.8695651888847351,0.8695651888847351,1,19,17,0
910,4053,tvmonitor,0,0,0,0,0,0,0,0,0,0.0,1,1,1,1,0.3125,0.3125,1,19,17,0
911,8574,horse,1,1,0,0,0,0,0,0,0,0.0,6,6,6,6,1.0,1.0,1,19,18,0
912,1489,diningtable,0,0,0,0,0,0,0,1,1,1.0,7,7,7,7,1.0,1.0,1,19,17,14
913,1802,train,0,0,0,0,0,0,0,1,1,1.0,4,4,4,4,0.9285714030265808,0.9285714030265808,1,19,18,14
914,6195,person,1,1,1,1,0,0,0,1,1,1.0,5,5,5,5,1.0,1.0,1,19,18,8
915,744,diningtable,0,0,0,0,0,0,0,1,1,1.0,7,7,7,7,0.0,0.0,1,19,18,3
916,3853,person,0,0,0,0,0,0,0,1,1,1.0,5,5,5,5,0.20000000298023224,0.20000000298023224,1,19,18,10
917,3022,horse,1,1,0,0,0,0,0,0,0,0.0,7,7,7,7,1.0,1.0,1,19,18,0
918,4703,bicycle,1,1,0,0,0,0,0,0,0,0.0,0,0,0,0,0.9285714030265808,0.9285714030265808,1,19,18,0
919,1988,bicycle,1,1,0,0,0,0,0,0,0,0.0,5,5,5,5,1.0,1.0,1,19,18,0
920,7320,person,1,1,1,0,1,0,0,1,1,1.0,7,7,7,7,1.0,1.0,1,19,18,2
921,6490,boat,1,1,0,0,0,0,0,0,0,0.0,7,7,7,7,0.5384615659713745,0.5384615659713745,1,19,17,0
922,7354,person,1,1,0,0,0,0,0,0,0,0.0,5,5,5,5,1.0,1.0,1,19,17,0
923,9044,motorbike,1,1,1,1,0,0,0,1,1,1.0,5,5,5,5,0.9411764740943909,0.9411764740943909,1,19,18,4
924,128,aeroplane,1,1,0,0,0,0,0,0,0,0.0,3,3,3,3,0.9473684430122375,0.9473684430122375,1,19,18,0
925,393,horse,1,1,0,0,0,0,0,0,0,0.0,2,2,2,2,0.918367326259613,0.918367326259613,1,19,18,0
926,8249,boat,1,1,1,1,0,0,0,1,1,1.0,2,2,2,2,0.931034505367279,0.931034505367279,1,19,18,3
927,1411,person,1,1,1,1,0,0,0,1,1,1.0,7,7,7,7,0.5,0.5,1,19,17,7
928,6086,diningtable,1,1,1,0,1,0,0,1,1,1.0,4,4,4,4,0.686274528503418,0.686274528503418,1,19,17,5
929,9890,motorbike,0,0,0,0,0,0,0,1,1,1.0,5,5,5,5,0.2222222238779068,0.2222222238779068,1,19,18,5
930,4381,horse,0,0,0,0,0,0,0,1,1,0.9473684210526316,7,7,7,7,0.0,0.0,2,19,18,1
931,8711,car,1,1,1,1,0,0,0,1,1,1.0,6,6,6,6,1.0,1.0,1,19,18,5
932,4807,horse,1,1,0,0,0,0,0,0,0,0.0,1,1,1,1,1.0,1.0,1,19,18,0
933,8625,aeroplane,1,1,1,1,0,0,0,1,1,1.0,7,7,7,7,0.6666666865348816,0.6666666865348816,1,19,18,7
934,8480,person,0,0,0,0,0,0,0,1,1,1.0,1,1,1,1,0.05263157933950424,0.05263157933950424,1,19,18,7
935,3341,person,0,0,0,0,0,0,0,1,1,1.0,1,1,1,1,1.0,1.0,1,19,17,12
936,237,horse,1,1,0,0,0,0,0,0,0,0.0,4,4,4,4,1.0,1.0,1,19,18,0
937,1366,person,1,1,1,1,0,0,0,1,1,1.0,4,4,4,4,0.8333333134651184,0.8333333134651184,1,19,18,6
938,7391,diningtable,1,1,0,0,0,0,0,0,0,0.0,3,2,2,3,1.0,1.0,2,19,18,0
939,9715,sofa,1,1,0,0,0,0,0,0,0,0.0,3,3,3,3,1.0,1.0,1,19,18,0
940,3502,diningtable,0,0,0,0,0,0,0,1,1,1.0,3,3,3,3,0.0,0.0,1,19,18,10
941,1394,car,0,0,0,0,0,0,0,1,1,1.0,1,1,1,1,0.4888888895511627,0.4888888895511627,1,19,18,8
942,8276,person,1,1,0,0,0,0,0,0,0,0.0,0,0,0,0,1.0,1.0,1,19,18,0
943,2808,motorbike,1,1,0,0,0,0,0,0,0,0.0,5,5,5,5,1.0,1.0,1,19,18,0
944,485,person,1,1,0,0,0,0,0,0,0,0.0,5,5,5,5,1.0,1.0,1,19,18,0
945,5473,sofa,0,0,0,0,0,0,0,0,0,0.0,5,5,5,5,0.07547169923782349,0.07547169923782349,1,19,18,0
946,8669,aeroplane,1,1,1,0,1,0,0,1,1,1.0,5,5,5,5,1.0,1.0,1,19,18,2
947,2314,cow,0,0,0,0,0,0,0,0,0,0.0,2,2,2,2,0.40740740299224854,0.40740740299224854,1,19,18,0
948,2379,motorbike,1,1,1,1,0,0,0,1,1,1.0,0,0,0,0,0.6399999856948853,0.6399999856948853,1,19,18,4
949,9498,bus,1,1,0,0,0,0,0,0,0,0.0,6,6,6,6,1.0,1.0,1,19,18,0
950,8455,motorbike,1,1,1,0,1,0,0,1,1,0.9473684210526316,7,7,7,7,1.0,1.0,1,19,18,1
951,5151,diningtable,0,0,0,0,0,0,0,1,1,1.0,3,3,3,3,0.05882352963089943,0.05882352963089943,1,19,18,3
952,4744,person,1,1,1,1,0,0,0,1,1,1.0,4,3,3,3,1.0,0.5483871102333069,2,19,18,4
953,201,motorbike,1,1,0,0,0,0,0,0,0,0.0,4,4,4,4,0.9259259104728699,0.9259259104728699,1,19,18,0
954,8803,sofa,1,1,0,0,0,0,0,0,0,0.0,4,4,4,4,1.0,1.0,1,19,18,0
955,1412,horse,1,1,1,0,1,0,0,1,1,1.0,4,4,4,4,1.0,1.0,1,19,18,2
956,3503,bus,1,1,1,1,0,0,0,1,1,1.0,3,3,3,3,1.0,1.0,1,19,17,7
957,7896,person,1,1,1,1,0,0,0,1,1,1.0,0,0,0,0,0.6666666865348816,0.6666666865348816,1,19,17,4
958,6169,sofa,1,1,0,0,0,0,0,0,0,0.0,7,7,7,7,0.6000000238418579,0.6000000238418579,1,19,17,0
959,7978,person,0,0,0,0,0,0,0,0,0,0.0,0,0,0,0,0.1875,0.1875,1,19,18,0
960,9601,person,1,1,1,1,0,0,0,1,1,1.0,5,5,5,5,1.0,1.0,1,19,18,2
961,2531,car,1,1,1,1,0,0,0,1,1,1.0,3,3,3,3,0.5384615659713745,0.5384615659713745,1,19,18,3
962,9274,person,1,1,0,0,0,0,0,0,0,0.0,2,2,2,2,1.0,1.0,1,19,18,0
963,7832,chair,1,1,0,0,0,0,0,0,0,0.0,2,2,2,2,1.0,1.0,1,19,18,0
964,9630,cat,1,1,0,0,0,0,0,0,0,0.0,2,2,2,2,0.8333333134651184,0.8333333134651184,1,19,17,0
965,7268,person,1,1,0,0,0,0,0,0,0,0.0,1,1,1,1,0.8666666746139526,0.8666666746139526,1,19,18,0
966,4443,boat,0,0,0,0,0,0,0,1,1,1.0,7,7,7,7,0.13333334028720856,0.13333334028720856,1,19,18,2
967,2040,car,1,1,1,1,0,0,0,1,1,1.0,4,4,4,4,1.0,1.0,1,19,18,4
968,6016,car,1,1,0,0,0,0,0,0,0,0.0,1,1,1,1,0.6000000238418579,0.6000000238418579,1,19,18,0
969,4844,car,0,0,0,0,0,0,0,1,1,1.0,1,1,1,1,0.0,0.0,1,19,18,8
970,6380,diningtable,1,1,0,0,0,0,0,0,0,0.0,2,2,2,2,1.0,1.0,1,19,17,0
971,6767,person,0,0,0,0,0,0,0,1,1,1.0,4,4,4,4,0.0,0.0,1,19,18,15
972,4698,person,1,1,1,1,0,0,0,1,1,1.0,5,5,5,5,1.0,1.0,1,19,18,6
973,1459,person,0,0,0,0,0,0,0,1,1,1.0,1,1,1,1,0.14814814925193787,0.14814814925193787,1,19,18,13
974,421,person,0,0,0,0,0,0,0,1,1,1.0,0,0,0,0,0.3478260934352875,0.3478260934352875,1,19,18,6
975,2463,person,1,1,1,1,0,0,0,1,1,1.0,4,4,4,4,0.7777777910232544,0.7777777910232544,1,19,17,4
976,1031,motorbike,1,1,1,1,0,0,0,1,1,0.9473684210526316,3,3,3,3,1.0,1.0,1,19,18,1
977,6376,car,1,1,1,1,0,0,0,1,1,1.0,6,6,6,6,1.0,1.0,1,19,18,3
978,5804,pottedplant,1,1,0,0,0,0,0,0,0,0.0,3,3,3,3,1.0,1.0,1,19,17,0
979,2674,diningtable,0,0,0,0,0,0,0,0,0,0.0,3,3,3,3,0.1785714328289032,0.1785714328289032,2,19,17,0
980,8583,person,0,0,0,0,0,0,0,1,1,1.0,3,6,6,6,0.3529411852359772,0.75,3,19,18,14
981,7235,bicycle,0,0,0,0,0,0,0,1,1,1.0,2,2,2,2,0.0,0.0,1,19,18,4
982,3309,sofa,1,1,0,0,0,0,0,0,0,0.0,3,3,3,3,0.9117646813392639,0.9117646813392639,1,19,17,0
983,3520,person,1,1,0,0,0,0,0,0,0,0.0,4,4,4,4,0.7857142686843872,0.7857142686843872,1,19,18,0
984,5941,diningtable,1,1,0,0,0,0,0,0,0,0.0,4,4,4,4,0.8500000238418579,0.8500000238418579,1,19,17,0
985,6527,car,0,0,0,0,0,0,0,1,1,1.0,0,0,0,0,0.0,0.0,1,19,18,6
986,4822,motorbike,0,0,0,0,0,0,0,1,1,1.0,0,0,0,0,0.30434781312942505,0.30434781312942505,1,19,18,8
987,5612,person,1,1,1,0,1,0,0,1,1,1.0,0,0,0,0,1.0,1.0,1,19,18,8
988,2016,person,0,0,0,0,0,0,0,0,0,0.0,6,6,6,6,0.1428571492433548,0.1428571492433548,2,19,18,0
989,9803,horse,1,1,0,0,0,0,0,0,0,0.0,6,6,6,6,0.9047619104385376,0.9047619104385376,1,19,18,0
990,696,aeroplane,1,1,1,1,0,0,0,1,1,1.0,2,2,2,2,0.75,0.75,1,19,18,6
991,8758,person,0,0,0,0,0,0,0,1,1,1.0,1,1,1,1,0.0,0.0,1,19,18,8
992,3531,horse,1,1,1,1,0,0,0,1,1,1.0,0,0,0,0,0.9629629850387573,0.9629629850387573,1,19,18,8
993,8158,car,1,1,0,0,0,0,0,0,0,0.0,7,7,7,7,1.0,1.0,2,19,18,0
994,3541,person,1,1,1,1,0,0,0,1,1,1.0,5,5,5,5,0.9090909361839294,0.9090909361839294,1,19,18,6
995,4589,horse,0,0,0,0,0,0,0,1,1,1.0,1,1,1,1,0.5600000023841858,0.5600000023841858,1,19,18,12
996,6384,person,0,0,0,0,0,0,0,1,1,1.0,3,3,0,3,0.3235294222831726,0.3235294222831726,2,19,18,10
997,1319,person,0,0,0,0,0,0,0,1,1,1.0,6,6,6,6,0.3125,0.3125,1,19,18,6
998,105,boat,0,0,0,0,0,0,0,1,1,1.0,1,1,1,1,0.10000000149011612,0.10000000149011612,1,19,18,7
999,8642,bus,1,1,0,0,0,0,0,0,0,0.0,4,4,4,4,0.9230769276618958,0.9230769276618958,1,19,18,0
1000,9514,pottedplant,0,0,0,0,0,0,0,1,1,0.9824561403508771,2,0,0,0,0.0,0.21052631735801697,2,19,16,2
1001,4769,bicycle,1,1,0,0,0,0,0,0,0,0.0,3,3,3,3,1.0,1.0,1,19,18,0
1002,1438,diningtable,0,0,0,0,0,0,0,1,1,1.0,0,0,0,0,0.931034505367279,0.931034505367279,1,19,18,13
1003,1037,dog,0,0,0,0,0,0,0,1,1,0.9473684210526316,4,4,4,4,0.07692307978868484,0.07692307978868484,1,19,18,1
1004,3346,person,0,0,0,0,0,0,0,1,1,1.0,2,2,2,2,0.024390242993831635,0.024390242993831635,1,19,18,4
1005,3677,motorbike,0,0,0,0,0,0,0,0,0,0.0,2,2,2,2,0.1666666716337204,0.1666666716337204,1,19,17,0
1006,8047,tvmonitor,1,1,0,0,0,0,0,0,0,0.0,1,1,1,1,1.0,1.0,1,19,18,0
1007,8671,sofa,1,1,0,0,0,0,0,0,0,0.0,5,5,5,5,0.8095238208770752,0.8095238208770752,1,19,18,0
1008,7342,person,0,0,0,0,0,0,0,1,1,1.0,7,7,7,7,0.0,0.0,1,19,18,3
1009,4208,person,0,0,0,0,0,0,0,1,1,1.0,2,2,2,2,0.0,0.0,1,19,18,9
1010,4590,diningtable,1,1,0,0,0,0,0,0,0,0.0,1,1,1,1,1.0,1.0,1,19,18,0
1011,4720,cat,0,0,0,0,0,0,0,0,0,0.0,1,1,1,1,0.18644067645072937,0.18644067645072937,1,19,18,0
1012,7992,car,1,1,0,0,0,0,0,0,0,0.0,7,7,7,7,0.8571428656578064,0.8571428656578064,1,19,18,0
1013,2746,car,0,0,0,0,0,0,0,1,1,1.0,3,2,3,3,0.0,0.0,2,19,18,3
1014,3619,person,0,0,0,0,0,0,0,1,1,1.0,1,1,3,1,0.0,0.0,2,19,18,7
1015,6873,horse,1,1,1,1,0,0,0,1,1,1.0,5,5,5,5,1.0,1.0,1,19,18,4
1016,8217,boat,1,1,0,0,0,0,0,0,0,0.0,6,6,6,6,0.7333333492279053,0.7333333492279053,1,19,18,0
1017,8845,motorbike,1,1,1,1,0,0,0,1,1,1.0,1,1,1,1,0.9333333373069763,0.9333333373069763,1,19,18,4
1018,9914,chair,0,0,0,0,0,0,0,1,0,0.9473684210526316,0,0,0,0,0.190476194024086,0.190476194024086,1,19,18,1
1019,1183,horse,0,0,0,0,0,0,0,1,1,1.0,3,3,3,3,0.0,0.0,1,19,18,2
1020,7085,train,1,1,0,0,0,0,0,0,0,0.0,3,3,3,3,1.0,1.0,1,19,18,0
1021,2750,person,0,0,0,0,0,0,0,1,1,1.0,1,1,5,1,0.07407407462596893,0.07407407462596893,2,19,18,16
1022,907,boat,1,1,1,0,1,0,0,1,1,0.9473684210526316,0,0,0,0,1.0,1.0,2,19,18,1
1023,2141,dog,1,1,1,1,0,0,0,1,1,0.9989680082559339,7,7,7,7,0.6428571343421936,0.6428571343421936,1,19,16,3
1024,7310,horse,1,1,0,0,0,0,0,0,0,0.0,1,1,1,1,0.9268292784690857,0.9268292784690857,1,19,18,0
1025,3829,train,1,1,1,1,0,0,0,1,1,1.0,1,5,5,5,0.8965517282485962,1.0,2,19,18,2
1026,6257,sofa,1,1,0,0,0,0,0,0,0,0.0,2,2,2,2,1.0,1.0,1,19,18,0
1027,4855,sofa,1,1,0,0,0,0,0,0,0,0.0,4,4,4,4,1.0,1.0,1,19,18,0
1028,623,horse,1,1,1,1,0,0,0,1,1,1.0,4,4,4,4,0.9642857313156128,0.9642857313156128,1,19,18,3
1029,7944,bus,1,1,1,0,1,0,0,1,1,1.0,1,1,1,1,1.0,1.0,1,19,18,4
1030,9847,car,1,1,0,0,0,0,0,0,0,0.0,6,6,6,6,0.8571428656578064,0.8571428656578064,1,19,18,0
1031,2708,dog,1,1,0,0,0,0,0,0,0,0.0,2,2,2,2,1.0,1.0,1,19,18,0
1032,5197,motorbike,1,1,1,1,0,0,0,1,1,1.0,7,7,7,7,0.9512194991111755,0.9512194991111755,1,19,18,4
1033,5942,person,0,0,0,0,0,0,0,1,1,1.0,7,7,7,7,0.09090909361839294,0.09090909361839294,1,19,18,8
1034,7324,person,1,1,1,0,1,0,0,1,1,1.0,4,4,4,4,0.7714285850524902,0.7714285850524902,1,19,18,3
1035,1338,sofa,0,0,0,0,0,0,0,0,0,0.0,7,7,7,7,0.4117647111415863,0.4117647111415863,1,19,18,0
1036,7203,tvmonitor,0,0,0,0,0,0,0,0,0,0.0,4,4,4,4,0.0,0.0,2,19,17,0
1037,7839,car,1,1,1,1,0,0,0,1,1,1.0,5,5,5,5,0.7058823704719543,0.7058823704719543,1,19,18,3
1038,6359,chair,1,1,1,0,1,0,0,1,1,0.9941520467836258,2,2,2,2,0.5428571701049805,0.5428571701049805,1,19,17,2
1039,8719,person,1,1,0,0,0,0,0,0,0,0.0,7,7,7,7,1.0,1.0,1,19,18,0
1040,7801,diningtable,1,1,0,0,0,0,0,0,0,0.0,4,4,4,4,1.0,1.0,1,19,18,0
1041,7317,person,0,0,0,0,0,0,0,1,1,0.9473684210526316,3,3,3,3,0.4583333432674408,0.4583333432674408,1,19,18,1
1042,4418,person,1,1,0,0,0,0,0,0,0,0.0,4,4,4,4,1.0,1.0,1,19,18,0
1043,5725,person,1,1,1,1,0,0,0,1,1,1.0,6,6,6,6,0.782608687877655,0.782608687877655,1,19,18,5
1044,9564,car,1,1,1,1,0,0,0,1,1,0.8947368421052632,5,5,5,5,0.9523809552192688,0.9523809552192688,1,19,17,1
1045,9739,person,1,1,1,1,0,0,0,1,1,1.0,0,0,0,0,1.0,1.0,1,19,18,5
1046,3319,chair,1,1,0,0,0,0,0,0,0,0.0,2,2,2,2,0.9655172228813171,0.9655172228813171,1,19,18,0
1047,4414,train,0,0,0,0,0,0,0,1,1,1.0,0,0,0,0,0.0714285746216774,0.0714285746216774,1,19,18,8
1048,1942,car,1,1,1,1,0,0,0,1,1,1.0,1,5,1,1,1.0,0.5384615659713745,2,19,17,4
1049,4311,person,0,0,0,0,0,0,0,1,1,1.0,7,7,7,7,1.0,1.0,1,19,17,11
1050,1935,train,1,1,0,0,0,0,0,0,0,0.0,6,6,6,6,1.0,1.0,1,19,17,0
1051,604,horse,1,1,0,0,0,0,0,0,0,0.0,2,2,2,2,0.9459459185600281,0.9459459185600281,1,19,18,0
1052,629,train,0,0,0,0,0,0,0,1,1,1.0,0,0,0,0,0.0476190485060215,0.0476190485060215,1,19,18,7
1053,6662,person,0,0,0,0,0,0,0,1,1,1.0,6,6,6,6,0.35483869910240173,0.35483869910240173,1,19,16,10
1054,9705,motorbike,0,0,0,0,0,0,0,1,1,0.9473684210526316,4,4,4,4,0.3333333432674408,0.3333333432674408,1,19,18,1
1055,9092,bus,1,1,0,0,0,0,0,0,0,0.0,0,0,0,0,1.0,1.0,1,19,17,0
1056,239,bus,1,1,1,1,0,0,0,1,1,0.9473684210526316,6,6,6,6,0.9142857193946838,0.9142857193946838,1,19,18,1
1057,2620,person,0,0,0,0,0,0,0,1,1,1.0,6,6,6,6,0.9523809552192688,0.9523809552192688,1,19,18,12
1058,2920,bus,1,1,0,0,0,0,0,0,0,0.0,1,1,1,1,0.9333333373069763,0.9333333373069763,1,19,16,0
1059,8820,boat,1,1,0,0,0,0,0,0,0,0.0,5,5,5,5,0.8461538553237915,0.8461538553237915,1,19,18,0
1060,7972,horse,1,1,0,0,0,0,0,0,0,0.0,4,4,4,4,0.5517241358757019,0.5517241358757019,1,19,18,0
1061,5482,dog,1,1,0,0,0,0,0,0,0,0.0,0,0,0,0,0.9756097793579102,0.9756097793579102,1,19,18,0
1062,9067,horse,0,0,0,0,0,0,0,1,1,1.0,3,3,3,3,0.2916666567325592,0.2916666567325592,1,19,18,5
1063,7780,sofa,1,1,0,0,0,0,0,0,0,0.0,0,0,0,0,0.9375,0.9375,1,19,18,0
1064,5842,car,1,1,0,0,0,0,0,0,0,0.0,0,0,0,0,0.8857142925262451,0.8857142925262451,1,19,18,0
1065,7406,chair,0,0,0,0,0,0,0,1,1,1.0,0,0,0,0,0.0,0.0,1,19,18,2
1066,1076,person,1,1,0,0,0,0,0,0,0,0.0,0,0,0,0,0.9714285731315613,0.9714285731315613,1,19,18,0
1067,979,person,0,0,0,0,0,0,0,1,1,1.0,3,3,3,3,0.095238097012043,0.095238097012043,1,19,18,6
1068,6743,tvmonitor,1,1,0,0,0,0,0,0,0,0.0,3,3,3,3,0.7727272510528564,0.7727272510528564,1,19,17,0
1069,5261,sofa,0,0,0,0,0,0,0,0,0,0.0,6,6,6,6,0.05000000074505806,0.05000000074505806,1,19,18,0
1070,6721,diningtable,1,1,1,1,0,0,0,1,1,0.9473684210526316,0,0,0,0,1.0,1.0,1,19,18,1
1071,9583,person,0,0,0,0,0,0,0,1,1,1.0,3,3,3,3,0.2857142984867096,0.2857142984867096,1,19,18,15
1072,7281,car,0,0,0,0,0,0,0,1,1,1.0,6,6,6,6,0.38461539149284363,0.38461539149284363,1,19,18,10
1073,7447,person,0,0,0,0,0,0,0,1,1,1.0,7,7,7,7,0.0,0.0,1,19,17,17
1074,2026,sofa,0,0,0,0,0,0,0,1,0,0.9824561403508771,0,0,0,0,0.4642857015132904,0.4642857015132904,1,19,16,2
1075,1276,chair,0,0,0,0,0,0,0,0,0,0.0,5,5,5,5,0.1764705926179886,0.1764705926179886,1,19,17,0
1076,2819,horse,1,1,0,0,0,0,0,0,0,0.0,1,1,1,1,0.976190447807312,0.976190447807312,1,19,18,0
1077,3050,sheep,1,1,0,0,0,0,0,0,0,0.0,6,6,6,6,0.6111111044883728,0.6111111044883728,1,19,18,0
1078,8201,dog,1,1,1,1,0,0,0,1,1,1.0,0,0,0,0,1.0,1.0,1,19,18,5
1079,1839,person,0,0,0,0,0,0,0,1,1,1.0,6,6,6,6,0.8999999761581421,0.8999999761581421,1,19,18,14
1080,8257,diningtable,0,0,0,0,0,0,0,0,0,0.0,1,1,1,1,0.4523809552192688,0.4523809552192688,1,19,18,0
1081,2656,person,0,0,0,0,0,0,0,1,1,1.0,5,0,0,0,1.0,1.0,3,19,17,11
1082,4276,sofa,1,1,1,1,0,0,0,1,1,1.0,1,1,1,1,0.6111111044883728,0.6111111044883728,1,19,17,4
1083,9355,bicycle,1,1,0,0,0,0,0,0,0,0.0,7,7,7,7,1.0,1.0,1,19,17,0
1084,3737,person,1,1,1,1,0,0,0,1,1,1.0,4,4,4,4,1.0,1.0,1,19,18,4
1085,1705,boat,1,0,1,0,1,0,0,1,1,0.9473684210526316,2,2,2,2,0.75,0.75,1,19,18,1
1086,2035,sofa,1,1,0,0,0,0,0,0,0,0.0,1,1,1,1,1.0,1.0,1,19,18,0
1087,4819,diningtable,0,0,0,0,0,0,0,1,1,1.0,2,2,2,2,0.6428571343421936,0.6428571343421936,1,19,17,15
1088,6624,diningtable,1,1,0,0,0,0,0,0,0,0.0,3,3,3,3,0.7857142686843872,0.7857142686843872,1,19,16,0
1089,452,sofa,1,1,0,0,0,0,0,0,0,0.0,6,6,6,6,0.8780487775802612,0.8780487775802612,1,19,18,0
1090,5847,train,1,1,1,0,1,0,0,1,1,1.0,3,3,3,3,0.7777777910232544,0.7777777910232544,1,19,18,9
1091,8520,diningtable,1,1,0,0,0,0,0,0,0,0.0,0,0,6,0,1.0,1.0,2,19,17,0
1092,8000,cow,1,1,0,0,0,0,0,0,0,0.0,4,4,4,4,0.8846153616905212,0.8846153616905212,1,19,18,0
1093,7660,boat,1,1,1,1,0,0,0,1,1,1.0,2,2,2,2,0.9800000190734863,0.9800000190734863,1,19,18,3
1094,1358,person,0,0,0,0,0,0,0,1,1,1.0,3,3,3,3,0.19354838132858276,0.19354838132858276,1,19,18,6
1095,9937,horse,1,1,0,0,0,0,0,0,0,0.0,7,7,7,7,1.0,1.0,1,19,18,0
1096,5712,dog,0,0,0,0,0,0,0,1,1,1.0,0,0,0,0,0.0,0.0,1,19,18,2
1097,2297,chair,0,0,0,0,0,0,0,1,1,1.0,0,0,0,0,0.1428571492433548,0.1428571492433548,1,19,17,12
1098,4923,sofa,1,1,1,0,1,0,0,1,1,1.0,3,3,3,3,0.6315789222717285,0.6315789222717285,1,19,17,8
1099,9052,car,0,0,0,0,0,0,0,1,1,1.0,7,7,7,7,0.0,0.0,1,19,18,14
1100,6964,person,0,0,0,0,0,0,0,1,1,1.0,4,4,4,4,1.0,1.0,1,19,18,15
1101,3305,motorbike,1,1,0,0,0,0,0,0,0,0.0,4,4,4,4,0.7647058963775635,0.7647058963775635,1,19,18,0
1102,9304,bus,0,0,0,0,0,0,0,1,1,1.0,3,3,3,3,0.0,0.0,1,19,17,13
1103,7806,aeroplane,0,0,0,0,0,0,0,1,1,1.0,7,7,7,7,0.1428571492433548,0.1428571492433548,1,19,18,3
1104,7476,person,1,1,1,1,0,0,0,1,1,1.0,6,6,6,6,0.875,0.875,1,19,18,2
1105,1709,motorbike,1,1,0,0,0,0,0,0,0,0.0,1,1,1,1,1.0,1.0,1,19,18,0
1106,2790,horse,1,1,0,0,0,0,0,0,0,0.0,6,6,6,6,0.8799999952316284,0.8799999952316284,1,19,17,0
1107,2398,horse,1,1,0,0,0,0,0,0,0,0.0,1,1,1,1,1.0,1.0,1,19,18,0
1108,8605,cow,1,1,0,0,0,0,0,0,0,0.0,2,2,2,2,0.7878788113594055,0.7878788113594055,1,19,17,0
1109,2149,car,0,0,0,0,0,0,0,1,1,1.0,3,3,3,3,0.0,0.0,1,19,18,7
1110,1222,car,1,1,0,0,0,0,0,0,0,0.0,6,6,6,6,1.0,1.0,1,19,17,0
1111,6297,sofa,1,1,0,0,0,0,0,0,0,0.0,3,3,3,3,0.6969696879386902,0.6969696879386902,1,19,17,0
1112,7750,horse,1,1,0,0,0,0,0,0,0,0.0,7,7,7,7,1.0,1.0,1,19,18,0
1113,1748,bicycle,1,1,0,0,0,0,0,0,0,0.0,5,5,5,5,0.9545454382896423,0.9545454382896423,1,19,18,0
1114,594,bicycle,0,0,0,0,0,0,0,1,1,1.0,2,2,2,2,0.25,0.25,1,19,18,14
1115,9535,horse,0,0,0,0,0,0,0,0,0,0.0,0,0,0,0,0.02380952425301075,0.02380952425301075,1,19,18,0
1116,7110,diningtable,1,1,0,0,0,0,0,0,0,0.0,1,1,1,1,1.0,1.0,1,19,16,0
1117,1868,sofa,1,1,0,0,0,0,0,0,0,0.0,2,2,2,2,0.7105262875556946,0.7105262875556946,1,19,18,0
1118,2189,diningtable,1,1,1,0,1,0,0,1,1,0.8947368421052632,5,5,5,5,0.9444444179534912,0.9444444179534912,1,19,17,1
1119,6292,bicycle,1,1,1,1,0,0,0,1,1,0.9473684210526316,3,3,3,3,1.0,1.0,1,19,18,1
1120,6894,cat,0,0,0,0,0,0,0,1,1,1.0,2,2,2,2,0.4871794879436493,0.4871794879436493,1,19,18,4
1121,1961,chair,0,0,0,0,0,0,0,1,1,1.0,0,0,0,0,0.0,0.0,1,19,18,7
1122,5442,person,1,1,1,1,0,0,0,1,1,1.0,1,1,1,1,0.8510638475418091,0.8510638475418091,2,19,18,5
1123,1245,horse,0,0,0,0,0,0,0,1,1,1.0,4,4,4,4,0.16129031777381897,0.16129031777381897,1,19,18,3
1124,1347,person,0,0,0,0,0,0,0,1,1,1.0,6,6,6,6,0.4166666567325592,0.4166666567325592,1,19,18,16
1125,9513,chair,0,0,0,0,0,0,0,1,1,1.0,3,3,3,3,0.02222222276031971,0.02222222276031971,1,19,18,13
1126,7567,person,0,0,0,0,0,0,0,1,1,0.9941520467836258,1,1,1,1,0.0,0.0,1,19,17,2
1127,4780,car,0,0,0,0,0,0,0,1,1,0.8421052631578947,1,1,1,1,0.380952388048172,0.380952388048172,1,19,16,1
1128,975,dog,1,1,1,1,0,0,0,1,1,1.0,7,7,7,7,0.5,0.5,1,19,18,5
1129,5746,bus,0,0,0,0,0,0,0,0,0,0.0,7,7,7,7,0.3255814015865326,0.3255814015865326,1,19,17,0
1130,6644,person,1,1,1,1,0,0,0,1,1,1.0,7,7,7,7,0.8846153616905212,0.8846153616905212,1,19,18,6
1131,4941,pottedplant,1,1,0,0,0,0,0,0,0,0.0,4,4,4,4,1.0,1.0,1,19,18,0
1132,5670,bus,1,1,1,1,0,0,0,1,1,1.0,2,2,2,2,1.0,1.0,1,19,17,3
1133,2850,chair,1,1,0,0,0,0,0,0,0,0.0,1,1,1,1,1.0,1.0,1,19,18,0
1134,7808,person,1,1,0,0,0,0,0,0,0,0.0,2,2,2,2,0.7894737124443054,0.7894737124443054,1,19,17,0
1135,5976,chair,1,1,0,0,0,0,0,0,0,0.0,3,3,3,3,0.7857142686843872,0.7857142686843872,1,19,18,0
1136,2426,person,0,0,0,0,0,0,0,1,1,1.0,0,0,0,0,1.0,1.0,1,19,18,14
1137,8474,chair,0,0,0,0,0,0,0,1,1,1.0,4,4,4,4,0.3448275923728943,0.3448275923728943,1,19,18,2
1138,624,car,1,1,1,1,0,0,0,1,1,1.0,4,4,4,4,0.8999999761581421,0.8999999761581421,1,19,18,3
1139,6775,person,1,1,1,1,0,0,0,1,1,1.0,4,4,4,4,1.0,1.0,1,19,18,2
1140,1731,dog,0,0,0,0,0,0,0,1,1,1.0,1,1,1,1,0.0,0.0,1,19,16,8
1141,9730,bicycle,1,1,0,0,0,0,0,0,0,0.0,0,0,0,0,0.9200000166893005,0.9200000166893005,1,19,18,0
1142,5661,diningtable,1,1,0,0,0,0,0,0,0,0.0,1,1,1,1,0.6800000071525574,0.6800000071525574,1,19,17,0
1143,8991,chair,1,1,0,0,0,0,0,0,0,0.0,6,6,6,6,0.9333333373069763,0.9333333373069763,1,19,18,0
1144,392,horse,1,1,0,0,0,0,0,0,0,0.0,6,6,6,6,1.0,1.0,1,19,18,0
1145,6737,person,0,0,0,0,0,0,0,1,1,1.0,5,5,5,5,0.3499999940395355,0.3499999940395355,1,19,18,8
1146,4065,bus,1,1,0,0,0,0,0,0,0,0.0,6,6,6,6,0.8780487775802612,0.8780487775802612,1,19,18,0
1147,6923,diningtable,0,0,0,0,0,0,0,0,0,0.0,5,5,5,5,0.4642857015132904,0.4642857015132904,1,19,18,0
1148,2503,person,1,1,1,0,1,0,0,1,1,1.0,0,0,0,0,0.9130434989929199,0.9130434989929199,1,19,17,3
1149,6521,person,0,0,0,0,0,0,0,1,1,1.0,1,1,1,1,0.0,0.0,1,19,18,13
1150,8110,chair,1,1,1,1,0,0,0,1,1,0.8947368421052632,5,5,5,5,1.0,1.0,1,19,17,1
1151,3235,horse,1,1,0,0,0,0,0,0,0,0.0,7,7,7,7,0.774193525314331,0.774193525314331,1,19,18,0
1152,4874,horse,1,1,0,0,0,0,0,0,0,0.0,6,6,6,6,0.949999988079071,0.949999988079071,1,19,18,0
1153,6815,dog,1,1,0,0,0,0,0,0,0,0.0,5,5,5,5,1.0,1.0,1,19,18,0
1154,9302,car,1,1,1,1,0,0,0,1,1,0.9473684210526316,4,4,4,4,0.8333333134651184,0.8333333134651184,1,19,18,1
1155,4545,horse,1,1,0,0,0,0,0,0,0,0.0,3,3,3,3,0.9607843160629272,0.9607843160629272,1,19,16,0
1156,4501,sofa,1,1,0,0,0,0,0,0,0,0.0,3,3,3,3,1.0,1.0,1,19,18,0
1157,3151,person,1,1,1,0,1,0,0,1,1,1.0,0,0,0,0,1.0,1.0,1,19,18,2
1158,994,sofa,0,0,0,0,0,0,0,1,0,0.8947368421052632,4,4,4,4,0.0,0.0,1,19,17,1
1159,5088,person,1,1,1,0,1,0,0,1,1,0.8947368421052632,3,3,3,3,0.949999988079071,0.949999988079071,1,19,17,1
1160,3352,person,0,0,0,0,0,0,0,1,1,1.0,5,5,5,5,0.29411765933036804,0.29411765933036804,1,19,17,11
1161,3665,person,0,0,0,0,0,0,0,1,1,1.0,1,1,1,1,0.8399999737739563,0.8399999737739563,1,19,17,10
1162,1456,person,1,1,1,0,1,0,0,1,1,1.0,0,0,0,0,1.0,1.0,1,19,18,7
1163,5556,person,0,0,0,0,0,0,0,1,1,1.0,0,0,0,0,0.3372093141078949,0.3372093141078949,1,19,16,13
1164,9370,bicycle,1,1,0,0,0,0,0,0,0,0.0,2,2,2,2,0.8387096524238586,0.8387096524238586,1,19,18,0
1165,1296,motorbike,1,1,1,0,0,0,1,1,1,0.9473684210526316,0,7,7,7,1.0,0.8181818127632141,2,19,18,1
1166,2394,tvmonitor,1,1,0,0,0,0,0,0,0,0.0,5,5,5,5,1.0,1.0,1,19,17,0
1167,4564,person,0,0,0,0,0,0,0,1,1,1.0,0,0,0,0,0.375,0.375,1,19,18,6
1168,1993,sofa,1,1,0,0,0,0,0,0,0,0.0,3,3,3,3,1.0,1.0,1,19,18,0
1169,4620,dog,0,0,0,0,0,0,0,1,1,1.0,3,3,3,3,0.33898305892944336,0.33898305892944336,1,19,18,12
1170,4677,chair,0,0,0,0,0,0,0,1,1,1.0,2,2,2,2,0.1428571492433548,0.1428571492433548,1,19,18,18
1171,2510,sofa,1,1,0,0,0,0,0,0,0,0.0,2,2,2,2,0.6585366129875183,0.6585366129875183,1,19,16,0
1172,7492,sofa,1,1,0,0,0,0,0,0,0,0.0,1,1,1,1,1.0,1.0,1,19,18,0
1173,8952,motorbike,0,0,0,0,0,0,0,0,0,0.0,4,4,4,4,0.42307692766189575,0.42307692766189575,1,19,18,0
1174,2421,horse,1,1,0,0,0,0,0,0,0,0.0,4,4,4,4,0.976190447807312,0.976190447807312,2,19,18,0
1175,7874,horse,0,0,0,0,0,0,0,1,1,1.0,2,2,2,2,0.2432432472705841,0.2432432472705841,1,19,18,4
1176,9297,diningtable,0,0,0,0,0,0,0,1,1,1.0,1,1,1,1,0.2531645596027374,0.2531645596027374,1,19,17,8
1177,8362,person,0,0,0,0,0,0,0,1,1,1.0,2,2,2,2,1.0,1.0,1,19,18,12
1178,575,sofa,1,1,0,0,0,0,0,0,0,0.0,1,1,1,1,1.0,1.0,1,19,18,0
1179,8246,bus,0,0,0,0,0,0,0,1,1,1.0,2,2,2,2,0.04545454680919647,0.04545454680919647,1,19,18,2
1180,7593,motorbike,1,1,1,1,0,0,0,1,1,0.9473684210526316,2,2,2,2,0.957446813583374,0.957446813583374,2,19,18,1
1181,788,pottedplant,1,1,0,0,0,0,0,0,0,0.0,3,3,3,3,0.949999988079071,0.949999988079071,1,19,18,0
1182,5233,diningtable,1,1,0,0,0,0,0,0,0,0.0,4,4,4,4,1.0,1.0,1,19,16,0
1183,7392,person,0,0,0,0,0,0,0,1,1,1.0,6,6,6,6,0.0,0.0,1,19,18,15
1184,6200,person,1,1,0,0,0,0,0,0,0,0.0,2,2,2,2,1.0,1.0,1,19,18,0
1185,6413,bicycle,1,1,0,0,0,0,0,0,0,0.0,6,6,6,6,1.0,1.0,1,19,18,0
1186,238,train,1,1,1,1,0,0,0,1,1,0.9473684210526316,3,3,3,3,0.9130434989929199,0.9130434989929199,1,19,18,1
1187,8382,diningtable,0,0,0,0,0,0,0,1,1,1.0,5,5,5,5,0.5161290168762207,0.5161290168762207,1,19,15,13
1188,6902,diningtable,0,0,0,0,0,0,0,1,1,1.0,2,2,2,2,0.3571428656578064,0.3571428656578064,1,19,17,3
1189,7927,car,0,0,0,0,0,0,0,1,1,1.0,5,5,5,5,0.4736842215061188,0.4736842215061188,1,19,18,11
1190,3896,person,1,1,0,0,0,0,0,0,0,0.0,4,4,4,4,0.8999999761581421,0.8999999761581421,1,19,18,0
1191,5479,person,0,0,0,0,0,0,0,1,1,1.0,6,6,6,6,0.1666666716337204,0.1666666716337204,1,19,18,13
1192,4695,sofa,1,1,0,0,0,0,0,0,0,0.0,5,5,5,5,0.5833333134651184,0.5833333134651184,1,19,18,0
1193,5596,person,0,0,0,0,0,0,0,0,0,0.0,2,2,2,2,0.1111111119389534,0.1111111119389534,1,19,18,0
1194,3173,horse,0,0,0,0,0,0,0,1,1,1.0,0,0,0,0,0.15217390656471252,0.15217390656471252,1,19,18,5
1195,4641,motorbike,1,0,1,1,0,0,0,1,1,1.0,6,6,6,6,1.0,1.0,1,19,18,7
1196,1572,car,0,0,0,0,0,0,0,1,1,1.0,0,0,0,0,0.13333334028720856,0.13333334028720856,1,19,17,11
1197,4908,sofa,1,1,0,0,0,0,0,0,0,0.0,6,6,6,6,1.0,1.0,1,19,18,0
1198,6540,horse,1,1,0,0,0,0,0,0,0,0.0,1,1,1,1,0.9318181872367859,0.9318181872367859,1,19,18,0
1199,7301,person,0,0,0,0,0,0,0,1,1,1.0,6,6,6,6,1.0,1.0,1,19,17,12
1200,7744,bottle,0,0,0,0,0,0,0,1,1,1.0,0,0,0,0,0.4285714328289032,0.4285714328289032,1,19,18,5
1201,9788,bicycle,1,1,0,0,0,0,0,0,0,0.0,3,3,3,3,1.0,1.0,1,19,18,0
1202,6414,cow,1,1,1,0,1,0,0,1,1,1.0,7,7,7,7,1.0,1.0,2,19,18,3
1203,8694,car,0,0,0,0,0,0,0,1,1,1.0,5,5,5,5,0.0,0.0,1,19,17,10
1204,7267,aeroplane,1,1,1,1,0,0,0,1,1,0.9941520467836258,5,5,5,5,0.9714285731315613,0.9714285731315613,1,19,17,2
1205,9284,car,0,0,0,0,0,0,0,1,1,1.0,4,4,4,4,0.0833333358168602,0.0833333358168602,1,19,18,7
1206,6693,car,0,0,0,0,0,0,0,1,1,0.9473684210526316,1,1,1,1,0.0,0.0,1,19,18,1
1207,5060,person,0,0,0,0,0,0,0,0,0,0.0,5,5,5,5,0.06666667014360428,0.06666667014360428,1,19,18,0
1208,6541,diningtable,1,1,0,0,0,0,0,0,0,0.0,5,5,5,5,0.9259259104728699,0.9259259104728699,1,19,18,0
1209,2809,diningtable,0,0,0,0,0,0,0,1,1,1.0,2,2,2,2,0.23943662643432617,0.23943662643432617,1,19,16,13
1210,9352,cat,1,1,0,0,0,0,0,0,0,0.0,4,4,4,4,0.875,0.875,1,19,18,0
1211,3182,horse,1,0,1,1,0,0,0,1,1,0.9473684210526316,3,3,3,3,1.0,1.0,1,19,18,1
1212,4803,person,0,0,0,0,0,0,0,1,1,1.0,2,2,2,2,0.25,0.25,1,19,18,3
1213,7948,car,1,1,1,1,0,0,0,1,1,1.0,1,1,1,1,1.0,1.0,1,19,18,3
1214,2488,motorbike,1,1,1,0,1,0,0,1,1,0.9473684210526316,5,5,5,5,1.0,1.0,1,19,18,1
1215,8089,cat,1,1,0,0,0,0,0,0,0,0.0,3,3,3,3,0.8695651888847351,0.8695651888847351,1,19,18,0
1216,9536,car,0,0,0,0,0,0,0,1,1,1.0,2,2,2,2,0.27906978130340576,0.27906978130340576,1,19,18,13
1217,4444,cat,1,1,1,0,1,0,0,1,1,1.0,7,7,7,7,1.0,1.0,1,19,18,6
1218,7627,person,0,0,0,0,0,0,0,1,1,1.0,6,6,6,6,0.0,0.0,1,19,18,9
1219,5192,car,1,1,1,1,0,0,0,1,1,1.0,2,2,2,2,0.5769230723381042,0.5769230723381042,1,19,18,3
1220,8754,pottedplant,1,1,0,0,0,0,0,0,0,0.0,0,0,0,0,0.523809552192688,0.523809552192688,1,19,17,0
1221,330,horse,1,1,1,1,0,0,0,1,1,1.0,3,3,3,3,1.0,1.0,1,19,18,2
1222,9444,diningtable,1,1,1,0,0,0,1,1,1,1.0,3,1,1,1,0.6785714030265808,0.36666667461395264,2,19,18,5
1223,8035,car,0,0,0,0,0,0,0,1,1,1.0,5,5,5,5,0.21875,0.21875,1,19,18,4
1224,8111,cow,1,1,0,0,0,0,0,0,0,0.0,3,3,3,3,1.0,1.0,1,19,18,0
1225,9313,chair,1,1,0,0,0,0,0,0,0,0.0,5,5,5,5,0.8461538553237915,0.8461538553237915,1,19,18,0
1226,7207,person,1,1,1,1,0,0,0,1,1,1.0,4,4,4,4,1.0,1.0,1,19,17,6
1227,9853,person,1,1,1,1,0,0,0,1,1,1.0,0,0,0,0,0.8604651093482971,0.8604651093482971,1,19,17,4
1228,5835,car,1,1,0,0,0,0,0,0,0,0.0,2,2,2,2,1.0,1.0,1,19,17,0
1229,8593,horse,0,0,0,0,0,0,0,1,1,1.0,7,7,7,7,0.125,0.125,1,19,17,8
1230,9505,horse,1,1,0,0,0,0,0,0,0,0.0,7,7,7,7,0.9090909361839294,0.9090909361839294,1,19,18,0
1231,3414,car,0,0,0,0,0,0,0,1,1,1.0,7,7,7,7,0.0,0.0,1,19,18,12
1232,8937,pottedplant,1,0,1,0,1,0,0,1,1,1.0,6,6,6,6,0.7368420958518982,0.7368420958518982,1,19,18,2
1233,1424,bus,1,1,0,0,0,0,0,0,0,0.0,4,4,4,4,1.0,1.0,1,19,18,0
1234,1431,diningtable,1,1,1,1,0,0,0,1,1,0.8421052631578947,3,3,3,3,0.7307692170143127,0.7307692170143127,1,19,16,1
1235,1613,bicycle,1,1,1,1,0,0,0,1,1,1.0,1,1,1,1,0.9200000166893005,0.9200000166893005,1,19,18,5
1236,9742,diningtable,1,1,1,0,1,0,0,1,1,1.0,0,0,0,0,0.6842105388641357,0.6842105388641357,1,19,18,2
1237,8256,horse,1,0,0,0,0,0,0,0,0,0.0,1,1,1,1,1.0,1.0,1,19,18,0
1238,8678,person,1,1,1,1,0,0,0,1,1,0.8947368421052632,3,3,3,3,0.970588207244873,0.970588207244873,1,19,17,1
1239,737,horse,0,0,0,0,0,0,0,0,0,0.0,4,4,4,4,0.15000000596046448,0.15000000596046448,1,19,16,0
1240,7817,person,0,0,0,0,0,0,0,1,1,1.0,2,2,2,2,0.8999999761581421,0.8999999761581421,1,19,18,14
1241,9478,chair,0,0,0,0,0,0,0,1,1,0.9941520467836258,3,3,3,3,0.0,0.0,1,19,17,2
1242,7169,aeroplane,1,1,0,0,0,0,0,0,0,0.0,3,3,3,3,1.0,1.0,1,19,18,0
1243,3490,dog,1,1,0,0,0,0,0,0,0,0.0,3,3,3,3,0.9838709831237793,0.9838709831237793,1,19,18,0
1244,2414,sofa,0,0,0,0,0,0,0,0,0,0.0,4,4,4,4,0.18918919563293457,0.18918919563293457,1,19,17,0
1245,886,person,1,1,1,1,0,0,0,1,1,0.9473684210526316,6,6,6,6,1.0,1.0,1,19,18,1
1246,5545,chair,0,0,0,0,0,0,0,1,1,0.8947368421052632,1,1,1,1,0.11764705926179886,0.11764705926179886,1,19,17,1
1247,3770,diningtable,1,1,1,1,0,0,0,1,1,1.0,7,7,7,7,0.5454545617103577,0.5454545617103577,1,19,18,3
1248,6167,person,1,1,0,0,0,0,0,0,0,0.0,1,1,1,1,0.5581395626068115,0.5581395626068115,1,19,18,0
1249,8357,bus,0,0,0,0,0,0,0,1,1,0.9473684210526316,2,2,2,2,0.35555556416511536,0.35555556416511536,2,19,18,1
1250,4697,car,1,1,1,1,0,0,0,1,1,1.0,4,4,4,4,1.0,1.0,1,19,18,2
1251,8488,bus,1,1,0,0,0,0,0,0,0,0.0,1,1,1,1,0.8461538553237915,0.8461538553237915,1,19,18,0
1252,4511,cat,1,1,1,0,1,0,0,1,1,0.9473684210526316,6,6,6,6,0.6499999761581421,0.6499999761581421,1,19,18,1
1253,4716,person,1,0,1,1,0,0,0,1,1,0.9941520467836258,7,7,7,7,0.8888888955116272,0.8888888955116272,1,19,17,2
1254,7849,person,0,0,0,0,0,0,0,1,1,1.0,6,5,5,5,0.0,0.22857142984867096,2,19,18,5
1255,2752,sofa,0,0,0,0,0,0,0,1,1,0.8947368421052632,3,3,3,3,0.10000000149011612,0.10000000149011612,1,19,17,1
1256,5415,person,0,0,0,0,0,0,0,1,1,1.0,3,3,3,3,0.1111111119389534,0.1111111119389534,1,19,18,8
1257,2317,bus,1,1,1,1,0,0,0,1,1,1.0,3,3,3,3,0.9722222089767456,0.9722222089767456,1,19,18,2
1258,5299,horse,1,1,1,1,0,0,0,1,1,1.0,3,3,3,3,1.0,1.0,1,19,18,8
1259,4640,diningtable,1,1,1,1,0,0,0,1,1,0.9824561403508771,3,3,3,3,1.0,1.0,1,19,16,2
1260,9223,cow,1,1,0,0,0,0,0,0,0,0.0,6,6,6,6,0.9166666865348816,0.9166666865348816,1,19,18,0
1261,1403,bicycle,1,1,0,0,0,0,0,0,0,0.0,7,7,7,7,1.0,1.0,1,19,17,0
1262,2652,dog,1,1,0,0,0,0,0,0,0,0.0,5,5,5,5,0.9259259104728699,0.9259259104728699,1,19,18,0
1263,9125,person,0,0,0,0,0,0,0,1,1,1.0,2,2,2,2,0.0,0.0,1,19,18,4
1264,4402,bus,1,1,0,0,0,0,0,0,0,0.0,1,1,1,1,1.0,1.0,1,19,18,0
1265,3442,sofa,1,1,1,0,1,0,0,1,1,0.9473684210526316,7,7,7,7,1.0,1.0,1,19,18,1
1266,1033,person,1,1,0,0,0,0,0,0,0,0.0,4,4,4,4,0.7368420958518982,0.7368420958518982,1,19,18,0
1267,5226,person,0,0,0,0,0,0,0,1,1,1.0,3,3,3,3,0.25925925374031067,0.25925925374031067,1,19,17,17
1268,3725,sofa,0,0,0,0,0,0,0,1,1,0.9941520467836258,2,2,2,2,0.18000000715255737,0.18000000715255737,1,19,17,2
1269,7644,pottedplant,1,1,0,0,0,0,0,0,0,0.0,6,6,6,6,0.9411764740943909,0.9411764740943909,1,19,17,0
1270,2167,diningtable,1,1,0,0,0,0,0,0,0,0.0,3,3,3,3,0.5199999809265137,0.5199999809265137,1,19,17,0
1271,341,car,0,0,0,0,0,0,0,1,1,1.0,3,3,3,3,0.0,0.0,1,19,17,6
1272,9529,person,0,0,0,0,0,0,0,1,1,1.0,0,0,0,0,0.17391304671764374,0.17391304671764374,1,19,17,9
1273,4043,car,0,0,0,0,0,0,0,1,1,1.0,2,2,2,2,0.02631578966975212,0.02631578966975212,1,19,18,8
1274,1609,diningtable,1,1,1,1,0,0,0,1,1,1.0,3,3,3,3,1.0,1.0,1,19,18,3
1275,611,dog,0,0,0,0,0,0,0,1,1,1.0,0,0,0,0,0.23529411852359772,0.23529411852359772,1,19,18,6
1276,4127,person,0,0,0,0,0,0,0,1,1,1.0,5,5,5,5,0.0,0.0,2,19,18,10
1277,5010,sofa,0,0,0,0,0,0,0,1,1,1.0,1,1,1,1,0.44186046719551086,0.44186046719551086,1,19,18,2
1278,4330,bicycle,1,1,0,0,0,0,0,0,0,0.0,3,3,3,3,0.7586206793785095,0.7586206793785095,1,19,18,0
1279,1657,person,0,0,0,0,0,0,0,1,1,1.0,7,7,7,7,0.380952388048172,0.380952388048172,1,19,17,8
1280,6659,person,0,0,0,0,0,0,0,1,1,1.0,3,3,3,3,0.0,0.0,1,19,18,8
1281,4188,cat,0,0,0,0,0,0,0,1,1,1.0,5,5,5,5,0.0,0.0,1,19,18,5
1282,5589,sofa,1,1,0,0,0,0,0,0,0,0.0,5,5,5,5,1.0,1.0,1,19,17,0
1283,5132,horse,1,1,1,1,0,0,0,1,1,1.0,2,2,2,2,1.0,1.0,1,19,18,2
1284,1318,bus,0,0,0,0,0,0,0,0,0,0.0,6,6,6,6,0.4399999976158142,0.4399999976158142,1,19,18,0
1285,2331,person,0,0,0,0,0,0,0,1,1,1.0,4,4,4,4,0.4193548262119293,0.4193548262119293,1,19,17,4
1286,5745,person,1,0,1,1,0,0,0,1,1,1.0,6,6,6,6,1.0,1.0,3,19,18,5
1287,9593,car,1,1,0,0,0,0,0,0,0,0.0,0,0,0,0,0.8965517282485962,0.8965517282485962,1,19,18,0
1288,5174,diningtable,1,1,0,0,0,0,0,0,0,0.0,5,5,5,5,0.9583333134651184,0.9583333134651184,1,19,17,0
1289,4800,motorbike,1,1,0,0,0,0,0,0,0,0.0,1,1,1,1,0.9729729890823364,0.9729729890823364,1,19,17,0
1290,8481,chair,0,0,0,0,0,0,0,1,1,1.0,2,2,2,2,0.19230769574642181,0.19230769574642181,1,19,18,5
1291,3562,person,1,1,1,1,0,0,0,1,1,1.0,4,4,4,4,0.5714285969734192,0.5714285969734192,1,19,18,7
1292,836,horse,1,1,0,0,0,0,0,0,0,0.0,1,1,1,1,0.8999999761581421,0.8999999761581421,1,19,18,0
1293,615,sofa,0,0,0,0,0,0,0,1,1,1.0,4,4,4,4,0.27272728085517883,0.27272728085517883,1,19,18,3
1294,539,person,1,1,1,1,0,0,0,1,0,0.9473684210526316,2,2,2,2,1.0,1.0,1,19,18,1
1295,3475,bus,1,1,0,0,0,0,0,0,0,0.0,2,2,2,2,1.0,1.0,1,19,18,0
1296,1428,cat,0,0,0,0,0,0,0,1,1,1.0,2,2,2,2,0.3448275923728943,0.3448275923728943,1,19,18,3
1297,1063,horse,1,1,1,1,0,0,0,1,1,1.0,1,1,1,1,1.0,1.0,1,19,17,5
1298,6365,horse,1,1,1,1,0,0,0,1,0,0.9473684210526316,6,6,6,6,1.0,1.0,1,19,18,1
1299,3006,bus,1,1,0,0,0,0,0,0,0,0.0,3,3,3,3,0.9354838728904724,0.9354838728904724,1,19,18,0
1300,4567,sofa,1,1,0,0,0,0,0,0,0,0.0,3,3,3,3,0.9268292784690857,0.9268292784690857,1,19,18,0
1301,9561,person,0,0,0,0,0,0,0,1,1,1.0,7,7,7,7,0.0,0.0,1,19,18,11
1302,9119,car,0,0,0,0,0,0,0,1,1,1.0,4,4,2,4,0.0,0.0,2,19,18,8
1303,8414,car,0,0,0,0,0,0,0,1,1,1.0,3,3,3,3,0.05000000074505806,0.05000000074505806,1,19,18,6
1304,1624,horse,1,1,0,0,0,0,0,0,0,0.0,2,2,2,2,0.931034505367279,0.931034505367279,1,19,18,0
1305,2071,horse,0,0,0,0,0,0,0,1,1,1.0,2,2,2,2,0.03999999910593033,0.03999999910593033,1,19,18,10
1306,5120,bicycle,1,1,0,0,0,0,0,0,0,0.0,5,5,5,5,1.0,1.0,1,19,17,0
1307,8010,horse,1,1,1,1,0,0,0,1,1,0.8947368421052632,5,5,5,5,0.7777777910232544,0.7777777910232544,1,19,17,1
1308,3881,dog,1,1,1,1,0,0,0,1,1,1.0,6,6,6,6,0.5,0.5,1,19,18,2
1309,7404,person,0,0,0,0,0,0,0,1,1,1.0,1,1,1,1,0.2222222238779068,0.2222222238779068,1,19,17,14
1310,856,diningtable,1,1,0,0,0,0,0,0,0,0.0,4,4,4,4,0.9375,0.9375,1,19,17,0
1311,6378,cow,1,1,0,0,0,0,0,0,0,0.0,2,2,2,2,0.7894737124443054,0.7894737124443054,1,19,18,0
1312,58,motorbike,1,1,0,0,0,0,0,0,0,0.0,7,7,7,7,1.0,1.0,1,19,18,0
1313,1047,sofa,0,0,0,0,0,0,0,1,1,1.0,1,1,1,1,0.7272727489471436,0.7272727489471436,1,19,17,14
1314,377,diningtable,1,1,0,0,0,0,0,0,0,0.0,3,3,3,3,0.9599999785423279,0.9599999785423279,1,19,17,0
1315,5105,car,1,1,1,1,0,0,0,1,1,0.9473684210526316,7,7,7,7,1.0,1.0,1,19,18,1
1316,5797,cow,1,1,0,0,0,0,0,0,0,0.0,1,1,1,1,1.0,1.0,1,19,18,0
1317,7969,person,0,0,0,0,0,0,0,1,1,1.0,3,3,3,3,0.23076923191547394,0.23076923191547394,1,19,17,11
1318,2018,sofa,1,1,0,0,0,0,0,0,0,0.0,2,2,2,2,1.0,1.0,1,19,17,0
1319,4428,person,1,1,1,1,0,0,0,1,1,1.0,0,0,0,0,0.5714285969734192,0.5714285969734192,1,19,18,5
1320,4762,bus,1,1,1,1,0,0,0,1,1,1.0,6,6,6,6,0.5199999809265137,0.5199999809265137,1,19,17,9
1321,2254,dog,1,1,0,0,0,0,0,0,0,0.0,1,1,1,1,1.0,1.0,1,19,16,0
1322,8073,diningtable,1,1,1,0,0,0,1,1,0,0.8947368421052632,3,0,3,0,0.8500000238418579,0.75,2,19,17,1
1323,339,person,1,1,1,1,0,0,0,1,1,1.0,7,7,7,7,0.9259259104728699,0.9259259104728699,1,19,18,3
1324,9661,horse,1,1,0,0,0,0,0,0,0,0.0,1,1,1,1,0.9545454382896423,0.9545454382896423,1,19,18,0
1325,126,diningtable,0,0,0,0,0,0,0,1,1,1.0,2,2,2,2,0.3913043439388275,0.3913043439388275,1,19,17,7
1326,9154,diningtable,0,0,0,0,0,0,0,1,1,1.0,1,1,1,1,0.9677419066429138,0.9677419066429138,1,19,18,11
1327,6630,chair,0,0,0,0,0,0,0,1,1,1.0,6,6,6,6,0.19148936867713928,0.19148936867713928,1,19,18,9
1328,6577,aeroplane,1,1,1,0,1,0,0,1,1,1.0,1,1,1,1,0.9090909361839294,0.9090909361839294,1,19,18,2
1329,3314,person,1,1,1,1,0,0,0,1,1,0.9941520467836258,7,7,7,7,1.0,1.0,1,19,17,2
1330,7676,aeroplane,1,1,0,0,0,0,0,0,0,0.0,7,7,7,7,1.0,1.0,1,19,17,0
1331,5759,motorbike,1,1,0,0,0,0,0,0,0,0.0,0,0,0,0,0.7142857313156128,0.7142857313156128,1,19,18,0
1332,3649,diningtable,0,0,0,0,0,0,0,1,1,0.8421052631578947,5,5,5,5,0.0,0.0,1,19,16,1
1333,9095,diningtable,1,1,0,0,0,0,0,0,0,0.0,7,7,7,7,0.9375,0.9375,1,19,17,0
1334,9345,sofa,1,1,0,0,0,0,0,0,0,0.0,2,2,2,2,0.6716417670249939,0.6716417670249939,1,19,18,0
1335,3578,motorbike,1,1,1,0,1,0,0,1,1,1.0,0,0,0,0,1.0,1.0,1,19,17,3
1336,1712,person,0,0,0,0,0,0,0,1,1,1.0,2,2,2,2,0.11538461595773697,0.11538461595773697,1,19,17,15
1337,2971,aeroplane,1,1,0,0,0,0,0,0,0,0.0,2,2,2,2,1.0,1.0,1,19,18,0
1338,9041,motorbike,0,0,0,0,0,0,0,1,1,1.0,5,5,5,5,0.2142857164144516,0.2142857164144516,1,19,18,6
1339,961,tvmonitor,1,1,0,0,0,0,0,0,0,0.0,4,4,4,4,0.5909090638160706,0.5909090638160706,1,19,18,0
1340,9559,bicycle,1,1,0,0,0,0,0,0,0,0.0,3,3,3,3,0.875,0.875,1,19,18,0
1341,2204,horse,1,1,0,0,0,0,0,0,0,0.0,2,2,2,2,0.9583333134651184,0.9583333134651184,1,19,18,0
1342,9122,bus,1,1,0,0,0,0,0,0,0,0.0,7,7,7,7,1.0,1.0,1,19,17,0
1343,3764,horse,1,1,1,1,0,0,0,1,1,1.0,2,2,2,2,0.9615384340286255,0.9615384340286255,1,19,18,10
1344,9276,sofa,1,1,0,0,0,0,0,0,0,0.0,3,3,3,3,0.8208954930305481,0.8208954930305481,1,19,18,0
1345,5196,sofa,1,1,1,0,1,0,0,1,1,0.7894736842105263,0,0,0,0,0.8478260636329651,0.8478260636329651,1,19,15,1
1346,2846,person,1,1,0,0,0,0,0,0,0,0.0,0,0,0,0,1.0,1.0,1,19,18,0
1347,6882,car,1,1,1,1,0,0,0,1,1,1.0,3,3,3,3,0.9523809552192688,0.9523809552192688,1,19,18,2
1348,69,boat,1,1,0,0,0,0,0,0,0,0.0,1,1,1,1,1.0,1.0,1,19,18,0
1349,6165,bicycle,0,0,0,0,0,0,0,1,1,1.0,5,5,5,5,0.4444444477558136,0.4444444477558136,1,19,18,12
1350,4635,cow,1,1,0,0,0,0,0,0,0,0.0,3,3,3,3,1.0,1.0,1,19,18,0
1351,3579,person,0,0,0,0,0,0,0,1,1,0.9473684210526316,5,5,5,5,0.38461539149284363,0.38461539149284363,1,19,18,1
1352,429,person,0,0,0,0,0,0,0,1,1,1.0,4,0,0,0,0.0,0.0,2,19,18,12
1353,1446,motorbike,0,0,0,0,0,0,0,1,1,1.0,2,2,2,2,0.3529411852359772,0.3529411852359772,1,19,18,16
1354,226,diningtable,0,0,0,0,0,0,0,1,1,1.0,6,6,6,6,0.07999999821186066,0.07999999821186066,1,19,17,7
1355,2322,diningtable,1,1,0,0,0,0,0,0,0,0.0,3,3,3,3,0.7368420958518982,0.7368420958518982,1,19,18,0
1356,7510,bus,0,0,0,0,0,0,0,1,1,1.0,4,4,4,4,0.9615384340286255,0.9615384340286255,1,19,18,13
1357,3485,person,0,0,0,0,0,0,0,1,1,1.0,3,3,3,3,0.5789473652839661,0.5789473652839661,1,19,18,15
1358,4030,bus,1,1,1,0,1,0,0,1,1,0.9941520467836258,1,1,1,1,0.7454545497894287,0.7454545497894287,1,19,17,2
1359,2583,aeroplane,0,0,0,0,0,0,0,1,1,1.0,4,4,4,4,0.2083333283662796,0.2083333283662796,1,19,18,6
1360,6293,chair,0,0,0,0,0,0,0,1,1,1.0,7,7,7,7,0.0,0.0,1,19,18,8
1361,6327,bus,0,0,0,0,0,0,0,1,1,1.0,0,0,0,0,0.07692307978868484,0.07692307978868484,1,19,17,3
1362,8569,sofa,1,0,1,1,0,0,0,1,1,1.0,0,0,0,0,0.7647058963775635,0.7647058963775635,1,19,18,6
1363,1658,car,0,0,0,0,0,0,0,1,1,1.0,4,4,4,4,0.27272728085517883,0.27272728085517883,1,19,18,12
1364,4944,bus,1,1,0,0,0,0,0,0,0,0.0,3,3,3,3,1.0,1.0,1,19,18,0
1365,6477,person,0,0,0,0,0,0,0,1,1,1.0,1,1,1,1,0.05882352963089943,0.05882352963089943,1,19,18,10
1366,5634,person,0,0,0,0,0,0,0,1,1,1.0,4,3,3,3,0.0,0.03333333507180214,2,19,18,7
1367,6059,motorbike,1,1,0,0,0,0,0,0,0,0.0,0,0,0,0,1.0,1.0,1,19,18,0
1368,5266,sofa,1,1,0,0,0,0,0,0,0,0.0,1,1,1,1,1.0,1.0,1,19,17,0
1369,2430,cat,1,1,1,1,0,0,0,1,1,1.0,0,0,0,0,0.8965517282485962,0.8965517282485962,1,19,18,6
1370,8762,person,1,1,1,1,0,0,0,1,1,1.0,5,5,5,5,0.9599999785423279,0.9599999785423279,1,19,17,7
1371,6226,diningtable,0,0,0,0,0,0,0,1,1,1.0,6,6,6,6,0.4545454680919647,0.4545454680919647,1,19,17,6
1372,9277,motorbike,1,1,0,0,0,0,0,0,0,0.0,2,2,2,2,0.9142857193946838,0.9142857193946838,1,19,18,0
1373,3052,person,0,0,0,0,0,0,0,0,0,0.0,6,6,6,6,0.20000000298023224,0.20000000298023224,1,19,18,0
1374,7444,person,0,0,0,0,0,0,0,1,1,1.0,3,3,3,3,0.40740740299224854,0.40740740299224854,1,19,18,2
1375,5973,horse,0,0,0,0,0,0,0,1,1,1.0,3,3,3,3,0.0476190485060215,0.0476190485060215,1,19,18,9
1376,5650,person,0,0,0,0,0,0,0,1,1,1.0,2,2,2,2,0.2368421107530594,0.2368421107530594,1,19,18,11
1377,8277,person,1,1,1,0,1,0,0,1,1,1.0,6,6,6,6,0.5813953280448914,0.5813953280448914,1,19,18,8
1378,2325,person,1,1,0,0,0,0,0,0,0,0.0,6,6,6,6,0.5,0.5,1,19,18,0
1379,3139,person,1,1,1,1,0,0,0,1,1,1.0,2,2,2,2,0.6285714507102966,0.6285714507102966,1,19,17,6
1380,1452,person,1,1,0,0,0,0,0,0,0,0.0,7,7,7,7,0.6470588445663452,0.6470588445663452,1,19,18,0
1381,2269,person,0,0,0,0,0,0,0,1,1,1.0,7,7,7,7,0.260869562625885,0.260869562625885,1,19,18,13
1382,8947,sofa,0,0,0,0,0,0,0,0,0,0.0,7,7,7,7,0.4285714328289032,0.4285714328289032,1,19,16,0
1383,7861,car,1,1,1,1,0,0,0,1,1,0.9473684210526316,2,2,2,2,1.0,1.0,1,19,18,1
1384,6986,person,0,0,0,0,0,0,0,1,1,1.0,3,3,3,3,1.0,1.0,1,19,18,14
1385,5560,bicycle,1,1,0,0,0,0,0,0,0,0.0,3,3,3,3,0.9210526347160339,0.9210526347160339,1,19,18,0
1386,3768,bicycle,1,1,0,0,0,0,0,0,0,0.0,2,2,2,2,0.9411764740943909,0.9411764740943909,1,19,18,0
1387,5967,horse,1,1,0,0,0,0,0,0,0,0.0,3,3,3,3,1.0,1.0,1,19,18,0
1388,8839,person,1,1,1,1,0,0,0,1,1,1.0,1,1,1,1,0.6818181872367859,0.6818181872367859,1,19,18,8
1389,4745,car,1,1,1,1,0,0,0,1,1,1.0,7,7,7,7,1.0,1.0,1,19,18,3
1390,3583,horse,0,0,0,0,0,0,0,1,1,1.0,3,3,3,3,0.5,0.5,1,19,18,13
1391,7017,person,1,1,0,0,0,0,0,0,0,0.0,1,1,1,1,1.0,1.0,1,19,18,0
1392,840,sofa,1,1,0,0,0,0,0,0,0,0.0,0,0,0,0,0.931034505367279,0.931034505367279,1,19,18,0
1393,7975,horse,0,0,0,0,0,0,0,0,0,0.0,0,0,0,0,0.25,0.25,1,19,18,0
1394,3388,person,1,1,1,1,0,0,0,1,1,1.0,7,7,7,7,1.0,1.0,1,19,18,7
1395,8537,aeroplane,0,0,0,0,0,0,0,1,1,1.0,3,3,3,3,0.23333333432674408,0.23333333432674408,1,19,18,5
1396,3641,sofa,1,1,0,0,0,0,0,0,0,0.0,0,0,0,0,1.0,1.0,1,19,18,0
1397,2925,person,1,1,1,1,0,0,0,1,1,1.0,3,3,3,3,0.8983050584793091,0.8983050584793091,1,19,18,8
1398,4927,car,1,1,1,1,0,0,0,1,1,1.0,4,4,4,4,1.0,1.0,1,19,18,2
1399,6546,diningtable,1,1,1,0,1,0,0,1,1,1.0,3,3,3,3,0.6428571343421936,0.6428571343421936,1,19,17,4
1400,7912,bus,0,0,0,0,0,0,0,1,1,1.0,2,2,2,2,0.14814814925193787,0.14814814925193787,1,19,18,2
1401,8802,horse,1,1,0,0,0,0,0,0,0,0.0,1,1,1,1,1.0,1.0,1,19,18,0
1402,7384,dog,1,1,1,1,0,0,0,1,1,1.0,0,0,0,0,1.0,1.0,1,19,18,3
1403,5870,bus,0,0,0,0,0,0,0,1,1,1.0,2,2,2,2,0.03125,0.03125,1,19,17,3
1404,8405,tvmonitor,0,0,0,0,0,0,0,0,0,0.0,5,5,5,5,0.23529411852359772,0.23529411852359772,1,19,18,0
1405,6861,person,0,0,0,0,0,0,0,1,1,1.0,1,1,1,1,0.03846153989434242,0.03846153989434242,1,19,17,7
1406,8686,person,0,0,0,0,0,0,0,1,1,1.0,6,6,6,6,0.09090909361839294,0.09090909361839294,1,19,17,4
1407,5827,chair,1,1,0,0,0,0,0,0,0,0.0,6,6,6,6,0.931034505367279,0.931034505367279,1,19,18,0
1408,444,boat,0,0,0,0,0,0,0,0,0,0.0,6,6,6,6,0.37931033968925476,0.37931033968925476,1,19,18,0
1409,6207,horse,1,1,0,0,0,0,0,0,0,0.0,5,5,5,5,1.0,1.0,1,19,18,0
1410,4877,bird,1,1,0,0,0,0,0,0,0,0.0,1,1,1,1,0.9130434989929199,0.9130434989929199,1,19,18,0
1411,4299,boat,1,1,1,1,0,0,0,1,1,1.0,6,6,6,6,1.0,1.0,1,19,18,2
1412,2638,chair,0,0,0,0,0,0,0,1,1,1.0,2,2,2,2,0.13513512909412384,0.13513512909412384,1,19,18,11
1413,1165,person,0,0,0,0,0,0,0,1,1,1.0,6,6,6,6,0.0,0.0,1,19,18,13
1414,2246,aeroplane,1,1,1,0,0,0,1,1,1,1.0,6,1,1,1,1.0,1.0,2,19,18,11
1415,8510,sofa,0,0,0,0,0,0,0,0,0,0.0,3,3,3,3,0.125,0.125,1,19,18,0
1416,6333,car,0,0,0,0,0,0,0,1,1,1.0,1,1,1,1,0.3684210479259491,0.3684210479259491,1,19,18,9
1417,6253,dog,1,1,0,0,0,0,0,0,0,0.0,4,4,4,4,0.930232584476471,0.930232584476471,1,19,18,0
1418,8505,person,0,0,0,0,0,0,0,1,1,1.0,6,6,6,6,0.0,0.0,1,19,18,6
1419,9363,sofa,1,1,0,0,0,0,0,0,0,0.0,5,5,5,5,0.800000011920929,0.800000011920929,1,19,18,0
1420,8155,sofa,1,1,0,0,0,0,0,0,0,0.0,2,2,2,2,0.9487179517745972,0.9487179517745972,1,19,18,0
1421,346,person,1,1,1,1,0,0,0,1,1,0.9473684210526316,2,2,2,2,0.9428571462631226,0.9428571462631226,1,19,18,1
1422,4045,sofa,1,1,1,0,1,0,0,1,0,0.8947368421052632,3,3,3,3,0.6666666865348816,0.6666666865348816,1,19,17,1
1423,643,person,0,0,0,0,0,0,0,0,0,0.0,1,1,1,1,0.0,0.0,2,19,18,0
1424,1244,person,1,1,1,1,0,0,0,1,1,1.0,2,2,2,2,1.0,1.0,1,19,17,6
1425,1812,person,0,0,0,0,0,0,0,0,0,0.0,0,0,0,0,0.3888888955116272,0.3888888955116272,1,19,17,0
1426,2655,horse,1,1,0,0,0,0,0,0,0,0.0,7,7,7,7,0.9629629850387573,0.9629629850387573,1,19,18,0
1427,7319,pottedplant,1,1,0,0,0,0,0,0,0,0.0,0,0,0,0,1.0,1.0,1,19,16,0
1428,4637,person,1,1,0,0,0,0,0,0,0,0.0,0,0,0,0,0.7894737124443054,0.7894737124443054,1,19,18,0
1429,5357,car,1,1,0,0,0,0,0,0,0,0.0,4,4,4,4,1.0,1.0,1,19,18,0
1430,8451,person,0,0,0,0,0,0,0,1,1,1.0,3,3,3,3,0.18918919563293457,0.18918919563293457,1,19,17,4
1431,3029,sofa,1,1,0,0,0,0,0,0,0,0.0,2,2,2,2,1.0,1.0,1,19,17,0
1432,7368,motorbike,0,0,0,0,0,0,0,1,1,1.0,5,5,5,5,0.20000000298023224,0.20000000298023224,1,19,17,13
1433,2469,person,1,1,1,1,0,0,0,1,1,1.0,2,2,2,2,1.0,1.0,1,19,18,3
1434,8491,person,0,0,0,0,0,0,0,1,1,1.0,7,7,7,7,0.0,0.0,1,19,18,12
1435,3989,person,1,1,1,1,0,0,0,1,1,1.0,5,5,5,5,0.8095238208770752,0.8095238208770752,1,19,18,7
1436,9766,sofa,1,1,1,1,0,0,0,1,1,1.0,3,3,3,3,0.6538461446762085,0.6538461446762085,1,19,18,4
1437,5464,diningtable,0,0,0,0,0,0,0,1,1,1.0,0,4,4,4,0.1428571492433548,0.6666666865348816,2,19,17,11
1438,5627,car,0,0,0,0,0,0,0,1,1,1.0,2,2,2,2,0.0,0.0,1,19,18,10
1439,5997,dog,1,1,0,0,0,0,0,0,0,0.0,1,1,1,1,0.7777777910232544,0.7777777910232544,1,19,18,0
1440,3113,pottedplant,1,1,0,0,0,0,0,0,0,0.0,2,2,2,2,0.8636363744735718,0.8636363744735718,1,19,18,0
1441,6118,person,0,0,0,0,0,0,0,1,1,1.0,1,1,1,1,0.38461539149284363,0.38461539149284363,2,19,18,4
1442,4475,motorbike,1,1,0,0,0,0,0,0,0,0.0,4,4,4,4,0.8928571343421936,0.8928571343421936,1,19,18,0
1443,1085,car,0,0,0,0,0,0,0,1,1,1.0,1,1,1,1,0.36666667461395264,0.36666667461395264,1,19,18,6
1444,1674,diningtable,0,0,0,0,0,0,0,1,1,0.9473684210526316,7,7,7,7,0.0,0.0,1,19,18,1
1445,3778,cat,1,1,0,0,0,0,0,0,0,0.0,2,2,2,2,1.0,1.0,1,19,18,0
1446,4250,diningtable,0,0,0,0,0,0,0,1,1,1.0,0,0,0,0,0.29729729890823364,0.29729729890823364,1,19,18,5
1447,8271,pottedplant,1,1,0,0,0,0,0,0,0,0.0,5,5,5,5,0.9411764740943909,0.9411764740943909,1,19,17,0
1448,1163,sofa,1,1,0,0,0,0,0,0,0,0.0,5,5,5,5,0.6969696879386902,0.6969696879386902,1,19,17,0
1449,3237,horse,0,0,0,0,0,0,0,1,1,1.0,3,3,3,3,0.27272728085517883,0.27272728085517883,1,19,18,12
1450,7645,motorbike,1,1,1,0,1,0,0,1,1,0.9473684210526316,3,3,3,3,1.0,1.0,1,19,18,1
1451,5922,person,1,1,0,0,0,0,0,0,0,0.0,3,3,3,3,1.0,1.0,1,19,18,0
1452,4289,person,1,1,1,1,0,0,0,1,1,1.0,4,4,4,4,1.0,1.0,1,19,18,6
1453,1351,person,0,0,0,0,0,0,0,1,1,1.0,5,5,5,5,0.0833333358168602,0.0833333358168602,1,19,18,10
1454,8786,horse,1,1,0,0,0,0,0,0,0,0.0,1,1,1,1,0.7647058963775635,0.7647058963775635,1,19,18,0
1455,986,horse,1,1,0,0,0,0,0,0,0,0.0,3,3,3,3,0.9230769276618958,0.9230769276618958,1,19,17,0
1456,784,person,0,0,0,0,0,0,0,1,1,1.0,2,2,2,2,0.17777778208255768,0.17777778208255768,1,19,18,2
1457,8458,person,0,0,0,0,0,0,0,0,0,0.0,7,7,7,7,0.10000000149011612,0.10000000149011612,2,19,17,0
1458,4118,person,0,0,0,0,0,0,0,1,1,1.0,2,2,2,2,0.08620689809322357,0.08620689809322357,1,19,18,18
1459,2475,person,0,0,0,0,0,0,0,1,1,1.0,2,2,2,2,0.0,0.0,1,19,18,15
1460,1629,person,0,0,0,0,0,0,0,1,1,1.0,5,5,5,5,0.19230769574642181,0.19230769574642181,1,19,17,13
1461,6340,car,1,1,1,1,0,0,0,1,1,1.0,0,0,0,0,0.6800000071525574,0.6800000071525574,1,19,18,9
1462,2860,bicycle,1,1,0,0,0,0,0,0,0,0.0,2,2,2,2,0.8500000238418579,0.8500000238418579,1,19,17,0
1463,2694,person,1,0,1,0,0,0,1,1,1,1.0,7,3,3,3,1.0,0.75,2,19,18,4
1464,4465,sofa,1,1,1,1,0,0,0,1,1,1.0,4,4,4,4,1.0,1.0,1,19,17,5
1465,196,chair,1,1,0,0,0,0,0,0,0,0.0,2,2,2,2,0.6285714507102966,0.6285714507102966,1,19,18,0
1466,9294,chair,1,1,1,0,1,0,0,1,1,0.9473684210526316,4,4,4,4,0.9032257795333862,0.9032257795333862,1,19,18,1
1467,749,diningtable,1,1,1,0,1,0,0,1,1,0.9473684210526316,5,5,5,5,0.7222222089767456,0.7222222089767456,1,19,18,1
1468,3482,person,0,0,0,0,0,0,0,1,1,1.0,1,1,1,1,0.20000000298023224,0.20000000298023224,1,19,18,3
1469,2409,horse,1,1,0,0,0,0,0,0,0,0.0,2,2,2,2,0.9318181872367859,0.9318181872367859,1,19,18,0
1470,327,diningtable,0,0,0,0,0,0,0,1,1,1.0,1,1,1,1,0.6666666865348816,0.6666666865348816,1,19,17,19
1471,666,horse,0,0,0,0,0,0,0,1,1,1.0,7,7,7,7,0.0,0.0,1,19,18,12
1472,9084,motorbike,0,0,0,0,0,0,0,1,1,1.0,2,2,2,2,0.9215686321258545,0.9215686321258545,1,19,16,11
1473,5295,person,1,1,1,0,1,0,0,1,1,1.0,2,2,2,2,0.75,0.75,1,19,18,2
1474,3153,diningtable,1,1,1,0,1,0,0,1,1,1.0,3,3,3,3,0.9285714030265808,0.9285714030265808,1,19,18,5
1475,3981,person,1,1,1,1,0,0,0,1,1,1.0,3,3,3,3,0.9375,0.9375,1,19,18,4
1476,139,bicycle,1,1,0,0,0,0,0,0,0,0.0,2,2,2,2,1.0,1.0,1,19,18,0
1477,7232,person,0,0,0,0,0,0,0,1,1,1.0,5,5,7,5,0.0,0.0,2,19,18,5
1478,8963,person,0,0,0,0,0,0,0,1,1,1.0,0,0,0,0,0.19230769574642181,0.19230769574642181,1,19,17,12
1479,866,horse,1,1,1,1,0,0,0,1,1,1.0,1,1,1,1,0.9411764740943909,0.9411764740943909,1,19,18,7
1480,6563,person,0,0,0,0,0,0,0,0,0,0.0,3,3,3,3,0.4736842215061188,0.4736842215061188,1,19,18,0
1481,7364,sofa,1,1,0,0,0,0,0,0,0,0.0,0,0,0,0,0.7678571343421936,0.7678571343421936,1,19,17,0
1482,1511,car,1,1,1,1,0,0,0,1,1,1.0,4,4,4,4,1.0,1.0,1,19,18,8
1483,8996,person,1,1,1,0,1,0,0,1,1,0.9941520467836258,4,4,4,4,0.90625,0.90625,1,19,17,2
1484,3591,pottedplant,0,0,0,0,0,0,0,0,0,0.0,0,0,0,0,0.0,0.0,1,19,18,0
1485,5808,person,1,1,1,1,0,0,0,1,1,0.9941520467836258,3,0,3,0,1.0,0.25,2,19,17,2
1486,6403,dog,1,1,1,1,0,0,0,1,1,1.0,2,2,2,2,0.8181818127632141,0.8181818127632141,1,19,18,6
1487,5152,dog,1,1,1,1,0,0,0,1,1,1.0,4,4,4,4,0.8333333134651184,0.8333333134651184,1,19,18,7
1488,2596,horse,0,0,0,0,0,0,0,1,1,1.0,3,3,3,3,0.46666666865348816,0.46666666865348816,1,19,18,2
1489,8941,diningtable,0,0,0,0,0,0,0,1,1,1.0,3,4,4,4,0.1111111119389534,1.0,2,19,17,16
1490,4559,diningtable,0,0,0,0,0,0,0,1,0,0.9473684210526316,3,3,3,3,0.42307692766189575,0.42307692766189575,1,19,18,1
1491,9951,train,0,0,0,0,0,0,0,1,1,1.0,1,1,1,1,0.07999999821186066,0.07999999821186066,1,19,18,7
1492,9222,chair,1,1,0,0,0,0,0,0,0,0.0,0,0,0,0,0.9750000238418579,0.9750000238418579,1,19,18,0
1493,7253,horse,1,1,0,0,0,0,0,0,0,0.0,1,1,1,1,0.9259259104728699,0.9259259104728699,1,19,18,0
1494,9229,motorbike,1,1,0,0,0,0,0,0,0,0.0,1,1,1,1,0.7179487347602844,0.7179487347602844,1,19,18,0
1495,59,person,0,0,0,0,0,0,0,1,1,1.0,7,7,7,7,0.0,0.0,1,19,17,3
1496,3070,car,0,0,0,0,0,0,0,1,1,1.0,2,2,2,2,0.1111111119389534,0.1111111119389534,1,19,18,9
1497,2397,person,0,0,0,0,0,0,0,1,1,1.0,5,5,5,5,0.0,0.0,1,19,18,8
1498,2821,boat,1,1,0,0,0,0,0,0,0,0.0,6,6,6,6,0.8636363744735718,0.8636363744735718,1,19,18,0
1499,1474,boat,1,1,0,0,0,0,0,0,0,0.0,1,1,1,1,1.0,1.0,1,19,18,0
1500,5708,person,0,0,0,0,0,0,0,1,1,1.0,2,2,2,2,0.21212121844291687,0.21212121844291687,1,19,17,6
1501,8303,horse,0,0,0,0,0,0,0,1,1,1.0,4,4,4,4,0.46666666865348816,0.46666666865348816,1,19,18,6
1502,5184,person,0,0,0,0,0,0,0,1,1,1.0,2,2,2,2,0.3478260934352875,0.3478260934352875,1,19,17,10
1503,2686,motorbike,0,0,0,0,0,0,0,1,1,1.0,3,3,3,3,0.10526315867900848,0.10526315867900848,1,19,18,9
1504,8551,bicycle,1,1,1,1,0,0,0,1,1,0.9473684210526316,0,0,0,0,0.970588207244873,0.970588207244873,1,19,18,1
1505,527,bicycle,1,1,0,0,0,0,0,0,0,0.0,2,2,2,2,0.75,0.75,1,19,18,0
1506,2008,person,0,0,0,0,0,0,0,1,1,1.0,0,0,0,0,0.04545454680919647,0.04545454680919647,1,19,18,6
1507,4870,motorbike,0,0,0,0,0,0,0,1,1,1.0,1,1,1,1,0.4047619104385376,0.4047619104385376,1,19,17,8
1508,4642,person,0,0,0,0,0,0,0,1,1,1.0,2,2,2,2,0.5,0.5,1,19,18,12
1509,8812,horse,1,1,0,0,0,0,0,0,0,0.0,4,4,4,4,0.9722222089767456,0.9722222089767456,1,19,18,0
1510,4835,person,1,1,0,0,0,0,0,0,0,0.0,7,7,7,7,1.0,1.0,1,19,18,0
1511,4213,motorbike,1,1,0,0,0,0,0,0,0,0.0,5,5,5,5,1.0,1.0,1,19,18,0
1512,6823,motorbike,0,0,0,0,0,0,0,1,1,1.0,4,4,4,4,0.5652173757553101,0.5652173757553101,1,19,18,12
1513,2950,person,1,1,1,1,0,0,0,1,1,0.9473684210526316,3,3,3,3,0.9333333373069763,0.9333333373069763,1,19,18,1
1514,5323,chair,1,1,1,0,1,0,0,1,1,0.9473684210526316,3,3,3,3,1.0,1.0,1,19,18,1
1515,6663,diningtable,1,1,0,0,0,0,0,0,0,0.0,1,1,1,1,1.0,1.0,1,19,17,0
1516,1866,dog,0,0,0,0,0,0,0,1,1,1.0,5,5,5,5,0.15000000596046448,0.15000000596046448,1,19,18,3
1517,1035,diningtable,0,0,0,0,0,0,0,1,1,1.0,1,1,1,1,0.49295774102211,0.49295774102211,1,19,16,4
1518,6493,car,0,0,0,0,0,0,0,1,1,1.0,5,5,5,5,0.4166666567325592,0.4166666567325592,1,19,18,7
1519,458,person,0,0,0,0,0,0,0,1,1,1.0,1,1,1,1,0.2222222238779068,0.2222222238779068,1,19,18,13
1520,9149,car,1,1,0,0,0,0,0,0,0,0.0,5,5,5,5,0.8461538553237915,0.8461538553237915,1,19,18,0
1521,6368,horse,0,0,0,0,0,0,0,1,1,1.0,5,5,5,5,1.0,1.0,1,19,18,12
1522,6373,sofa,1,1,0,0,0,0,0,0,0,0.0,0,0,0,0,0.7692307829856873,0.7692307829856873,1,19,18,0
1523,9111,bus,0,0,0,0,0,0,0,1,1,0.9941520467836258,2,2,2,2,0.0,0.0,1,19,17,2
1524,1392,cat,1,1,1,1,0,0,0,1,1,0.9941520467836258,1,1,1,1,1.0,1.0,1,19,17,2
1525,930,person,0,0,0,0,0,0,0,0,0,0.0,0,0,0,0,0.3478260934352875,0.3478260934352875,1,19,18,0
1526,7616,horse,1,1,1,1,0,0,0,1,1,1.0,2,2,2,2,1.0,1.0,1,19,18,5
1527,9846,sofa,1,1,0,0,0,0,0,0,0,0.0,1,1,1,1,0.9365079402923584,0.9365079402923584,1,19,18,0
1528,9665,horse,1,1,0,0,0,0,0,0,0,0.0,0,0,0,0,0.8333333134651184,0.8333333134651184,1,19,18,0
1529,3787,pottedplant,1,1,0,0,0,0,0,0,0,0.0,1,1,1,1,0.6829268336296082,0.6829268336296082,1,19,18,0
1530,6780,person,0,0,0,0,0,0,0,1,1,1.0,1,1,1,1,0.4920634925365448,0.4920634925365448,1,19,18,18
1531,7355,motorbike,1,1,1,1,0,0,0,1,1,1.0,1,1,1,1,1.0,1.0,1,19,18,3
1532,8182,cat,1,1,1,1,0,0,0,1,1,1.0,1,1,1,1,0.7333333492279053,0.7333333492279053,1,19,18,8
1533,1329,bicycle,0,0,0,0,0,0,0,0,0,0.0,3,3,3,3,0.2571428716182709,0.2571428716182709,1,19,18,0
1534,6592,aeroplane,1,1,1,1,0,0,0,1,1,1.0,4,4,4,4,0.8620689511299133,0.8620689511299133,1,19,18,2
1535,8210,diningtable,1,1,0,0,0,0,0,0,0,0.0,3,3,3,3,0.6000000238418579,0.6000000238418579,1,19,18,0
1536,265,tvmonitor,1,1,1,1,0,0,0,1,1,1.0,3,3,3,3,0.692307710647583,0.692307710647583,1,19,17,3
1537,9633,person,1,1,0,0,0,0,0,0,0,0.0,6,6,6,6,1.0,1.0,1,19,18,0
1538,6544,person,1,1,1,0,1,0,0,1,1,1.0,5,5,5,5,0.6944444179534912,0.6944444179534912,1,19,18,5
1539,9145,motorbike,0,0,0,0,0,0,0,1,1,1.0,3,3,3,3,0.30000001192092896,0.30000001192092896,1,19,18,2
1540,7306,diningtable,1,1,0,0,0,0,0,0,0,0.0,1,1,1,1,0.9473684430122375,0.9473684430122375,1,19,18,0
1541,3680,horse,0,0,0,0,0,0,0,1,1,1.0,6,6,6,6,0.04878048598766327,0.04878048598766327,1,19,18,11
1542,1023,diningtable,1,1,1,0,1,0,0,1,1,1.0,7,7,7,7,0.5555555820465088,0.5555555820465088,1,19,16,9
1543,7345,person,1,1,1,0,1,0,0,1,0,0.9473684210526316,7,7,7,7,0.6000000238418579,0.6000000238418579,1,19,18,1
1544,6646,person,0,0,0,0,0,0,0,0,0,0.0,0,0,0,0,0.0,0.0,1,19,16,0
1545,2711,person,1,1,0,0,0,0,0,0,0,0.0,6,6,6,6,1.0,1.0,1,19,18,0
1546,9750,pottedplant,1,1,0,0,0,0,0,0,0,0.0,3,3,3,3,0.8333333134651184,0.8333333134651184,1,19,18,0
1547,3929,person,0,0,0,0,0,0,0,1,1,1.0,7,0,0,0,0.0,0.1666666716337204,2,19,18,8
1548,8354,horse,1,1,1,1,0,0,0,1,1,1.0,0,0,0,0,0.9200000166893005,0.9200000166893005,1,19,18,2
1549,348,motorbike,0,0,0,0,0,0,0,1,1,1.0,6,6,6,6,0.09090909361839294,0.09090909361839294,1,19,18,3
1550,5166,car,1,1,1,1,0,0,0,1,1,1.0,2,2,2,2,1.0,1.0,1,19,18,3
1551,8829,car,1,1,1,1,0,0,0,1,1,0.9473684210526316,3,7,3,7,0.5,0.0,3,19,18,1
1552,6122,horse,1,1,0,0,0,0,0,0,0,0.0,3,3,3,3,0.9318181872367859,0.9318181872367859,1,19,18,0
1553,6076,person,1,1,0,0,0,0,0,0,0,0.0,6,6,6,6,1.0,1.0,1,19,18,0
1554,3486,car,1,1,1,1,0,0,0,1,1,1.0,0,0,0,0,1.0,1.0,1,19,18,2
1555,8899,horse,1,1,0,0,0,0,0,0,0,0.0,1,1,1,1,0.8936170339584351,0.8936170339584351,1,19,18,0
1556,4198,motorbike,1,1,1,0,1,0,0,1,1,0.9473684210526316,1,1,1,1,0.9642857313156128,0.9642857313156128,1,19,18,1
1557,8018,sofa,1,1,1,0,1,0,0,1,1,1.0,4,4,4,4,1.0,1.0,1,19,18,3
1558,8821,sofa,1,1,0,0,0,0,0,0,0,0.0,6,6,6,6,0.9166666865348816,0.9166666865348816,1,19,17,0
1559,5935,sofa,0,0,0,0,0,0,0,1,1,0.9473684210526316,7,7,7,7,0.23529411852359772,0.23529411852359772,1,19,18,1
1560,4064,person,0,0,0,0,0,0,0,1,1,1.0,5,5,5,5,0.8823529481887817,0.8823529481887817,1,19,17,9
1561,6024,aeroplane,0,0,0,0,0,0,0,1,1,1.0,1,1,1,1,0.260869562625885,0.260869562625885,2,19,18,2
1562,3115,person,1,1,1,0,1,0,0,1,1,1.0,4,4,4,4,1.0,1.0,1,19,17,11
1563,2832,train,1,1,1,1,0,0,0,1,1,1.0,1,1,1,1,0.5454545617103577,0.5454545617103577,1,19,18,2
1564,7860,bicycle,1,1,0,0,0,0,0,0,0,0.0,2,2,2,2,1.0,1.0,1,19,18,0
1565,5252,diningtable,1,1,1,1,0,0,0,1,1,1.0,0,0,0,0,1.0,1.0,1,19,18,5
1566,6598,person,1,1,1,1,0,0,0,1,1,1.0,0,0,0,0,1.0,1.0,1,19,18,5
1567,3595,person,1,1,1,1,0,0,0,1,1,1.0,2,2,2,2,0.942307710647583,0.942307710647583,1,19,18,3
1568,6792,person,1,1,0,0,0,0,0,0,0,0.0,5,5,5,5,0.9583333134651184,0.9583333134651184,1,19,17,0
1569,3020,person,0,0,0,0,0,0,0,1,1,1.0,7,7,7,7,0.375,0.375,1,19,18,2
1570,455,horse,0,0,0,0,0,0,0,1,1,1.0,7,1,1,1,1.0,1.0,2,19,18,10
1571,2700,person,0,0,0,0,0,0,0,1,1,1.0,2,2,2,2,0.15789473056793213,0.15789473056793213,2,19,18,6
1572,1923,car,1,1,1,1,0,0,0,1,1,0.9473684210526316,1,1,1,1,1.0,1.0,1,19,18,1
1573,4004,sofa,1,1,0,0,0,0,0,0,0,0.0,1,1,1,1,0.6176470518112183,0.6176470518112183,1,19,18,0
1574,602,person,1,1,1,1,0,0,0,1,1,1.0,4,4,4,4,1.0,1.0,1,19,18,4
1575,293,car,1,1,1,0,1,0,0,1,1,1.0,0,0,0,0,1.0,1.0,1,19,18,9
1576,6048,boat,1,1,1,1,0,0,0,1,1,1.0,6,6,6,6,1.0,1.0,1,19,18,2
1577,1652,person,1,1,0,0,0,0,0,0,0,0.0,5,5,5,5,0.9583333134651184,0.9583333134651184,1,19,16,0
1578,6764,sofa,1,1,0,0,0,0,0,0,0,0.0,2,2,2,2,1.0,1.0,1,19,18,0
1579,1006,bird,1,1,1,1,0,0,0,1,1,1.0,0,0,0,0,0.6000000238418579,0.6000000238418579,1,19,18,2
1580,1391,sofa,1,1,0,0,0,0,0,0,0,0.0,5,5,5,5,1.0,1.0,1,19,18,0
1581,6676,sofa,1,1,0,0,0,0,0,0,0,0.0,1,1,1,1,0.6000000238418579,0.6000000238418579,1,19,18,0
1582,1336,bicycle,1,1,0,0,0,0,0,0,0,0.0,2,2,2,2,0.7083333134651184,0.7083333134651184,1,19,18,0
1583,3631,car,0,0,0,0,0,0,0,1,1,1.0,3,3,3,3,1.0,1.0,1,19,18,11
1584,3880,cat,1,1,1,1,0,0,0,1,1,1.0,2,2,2,2,1.0,1.0,1,19,18,3
1585,7695,person,1,1,1,1,0,0,0,1,1,0.9473684210526316,7,7,7,7,0.6000000238418579,0.6000000238418579,1,19,18,1
1586,5044,chair,1,1,0,0,0,0,0,0,0,0.0,6,6,6,6,0.9193548560142517,0.9193548560142517,1,19,18,0
1587,3448,chair,1,1,1,0,1,0,0,1,1,0.9473684210526316,1,1,1,1,0.6785714030265808,0.6785714030265808,1,19,18,1
1588,5411,person,0,0,0,0,0,0,0,1,1,1.0,2,2,2,2,0.1764705926179886,0.1764705926179886,2,19,18,8
1589,356,person,0,0,0,0,0,0,0,1,1,1.0,7,7,7,7,0.19607843458652496,0.19607843458652496,1,19,18,3
1590,8406,bus,1,1,0,0,0,0,0,0,0,0.0,4,4,4,4,0.782608687877655,0.782608687877655,1,19,17,0
1591,8233,person,1,1,1,0,1,0,0,1,1,1.0,2,2,2,2,0.6666666865348816,0.6666666865348816,1,19,18,2
1592,7293,horse,1,1,1,1,0,0,0,1,0,0.9473684210526316,2,2,2,2,1.0,1.0,1,19,18,1
1593,8071,pottedplant,1,1,0,0,0,0,0,0,0,0.0,1,1,1,1,0.8846153616905212,0.8846153616905212,1,19,18,0
1594,4989,bus,1,1,1,0,1,0,0,1,1,0.9473684210526316,7,7,7,7,1.0,1.0,1,19,18,1
1595,4040,tvmonitor,0,0,0,0,0,0,0,0,0,0.0,1,1,1,1,0.2368421107530594,0.2368421107530594,1,19,18,0
1596,5823,person,1,1,1,1,0,0,0,1,1,1.0,1,1,1,1,0.9259259104728699,0.9259259104728699,1,19,18,7
1597,3943,person,0,0,0,0,0,0,0,1,1,1.0,1,1,1,1,0.23076923191547394,0.23076923191547394,1,19,17,10
1598,5778,sofa,1,1,0,0,0,0,0,0,0,0.0,5,5,5,5,1.0,1.0,1,19,18,0
1599,7349,train,1,0,1,0,1,0,0,1,1,1.0,5,5,5,5,0.97826087474823,0.97826087474823,1,19,18,2
1600,5342,horse,0,0,0,0,0,0,0,1,1,1.0,0,0,0,0,0.28947368264198303,0.28947368264198303,1,19,18,5
1601,3297,diningtable,1,1,1,0,1,0,0,1,1,1.0,6,6,6,6,0.8809523582458496,0.8809523582458496,1,19,17,3
1602,8594,dog,1,1,0,0,0,0,0,0,0,0.0,4,4,4,4,1.0,1.0,1,19,18,0
1603,6360,person,0,0,0,0,0,0,0,1,1,1.0,7,7,7,7,0.1666666716337204,0.1666666716337204,1,19,18,8
1604,7577,diningtable,1,1,0,0,0,0,0,0,0,0.0,5,5,5,5,1.0,1.0,1,19,18,0
1605,7636,horse,1,1,0,0,0,0,0,0,0,0.0,0,0,0,0,0.9285714030265808,0.9285714030265808,1,19,18,0
1606,1957,chair,1,1,0,0,0,0,0,0,0,0.0,5,5,5,5,0.9333333373069763,0.9333333373069763,1,19,18,0
1607,7053,sofa,1,1,0,0,0,0,0,0,0,0.0,1,1,1,1,0.6428571343421936,0.6428571343421936,1,19,18,0
1608,7858,bus,0,0,0,0,0,0,0,1,1,1.0,5,5,5,5,0.0,0.0,1,19,18,3
1609,1884,aeroplane,1,1,0,0,0,0,0,0,0,0.0,1,1,1,1,0.5641025900840759,0.5641025900840759,1,19,18,0
1610,9261,pottedplant,0,0,0,0,0,0,0,1,1,1.0,1,1,1,1,0.0,0.0,1,19,17,6
1611,6364,horse,1,0,0,0,0,0,0,0,0,0.0,0,3,0,3,0.9428571462631226,1.0,2,19,18,0
1612,7797,car,0,0,0,0,0,0,0,1,1,1.0,5,5,5,5,0.0,0.0,1,19,18,13
1613,2921,horse,0,0,0,0,0,0,0,1,1,1.0,4,4,4,4,0.043478261679410934,0.043478261679410934,1,19,18,11
1614,6863,horse,0,0,0,0,0,0,0,1,1,1.0,0,0,0,0,0.0,0.0,1,19,18,12
1615,8195,motorbike,0,0,0,0,0,0,0,1,1,1.0,2,2,2,2,0.0,0.0,1,19,18,14
1616,6757,car,1,1,1,1,0,0,0,1,1,1.0,4,4,4,4,1.0,1.0,2,19,18,8
1617,9130,horse,1,1,0,0,0,0,0,0,0,0.0,0,0,0,0,1.0,1.0,1,19,18,0
1618,1889,motorbike,1,1,1,1,0,0,0,1,1,0.9473684210526316,0,0,0,0,0.930232584476471,0.930232584476471,1,19,18,1
1619,297,cow,1,1,0,0,0,0,0,0,0,0.0,2,2,2,2,0.8518518805503845,0.8518518805503845,1,19,18,0
1620,3340,bus,1,1,0,0,0,0,0,0,0,0.0,1,1,1,1,0.9722222089767456,0.9722222089767456,1,19,17,0
1621,3197,person,1,1,1,1,0,0,0,1,1,1.0,1,1,1,1,1.0,1.0,1,19,18,8
1622,2360,horse,1,1,0,0,0,0,0,0,0,0.0,5,5,5,5,1.0,1.0,1,19,18,0
1623,2724,diningtable,1,1,0,0,0,0,0,0,0,0.0,5,5,5,5,0.8500000238418579,0.8500000238418579,1,19,18,0
1624,9436,train,1,1,0,0,0,0,0,0,0,0.0,5,5,5,5,0.90625,0.90625,1,19,18,0
1625,9931,horse,0,0,0,0,0,0,0,1,1,1.0,7,7,7,7,0.0,0.0,1,19,18,2
1626,5347,person,0,0,0,0,0,0,0,1,1,1.0,5,5,5,5,0.0,0.0,1,19,18,3
1627,3858,train,0,0,0,0,0,0,0,0,0,0.0,0,0,0,0,0.32258063554763794,0.32258063554763794,1,19,18,0
1628,9090,diningtable,0,0,0,0,0,0,0,1,1,1.0,4,4,4,4,0.0,0.0,1,19,18,5
1629,4126,horse,1,1,1,1,0,0,0,1,1,1.0,4,4,4,4,0.9615384340286255,0.9615384340286255,1,19,18,2
1630,9680,car,0,0,0,0,0,0,0,1,1,1.0,5,5,5,5,1.0,1.0,1,19,18,10
1631,2041,car,1,1,0,0,0,0,0,0,0,0.0,6,6,6,6,1.0,1.0,1,19,18,0
1632,9812,person,1,1,0,0,0,0,0,0,0,0.0,1,1,1,1,1.0,1.0,1,19,17,0
1633,3776,tvmonitor,0,0,0,0,0,0,0,0,0,0.0,0,0,0,0,0.4193548262119293,0.4193548262119293,1,19,18,0
1634,3906,cat,1,1,1,1,0,0,0,1,1,0.9473684210526316,1,1,1,1,0.9791666865348816,0.9791666865348816,1,19,18,1
1635,1762,chair,1,1,0,0,0,0,0,0,0,0.0,6,6,6,6,0.9736841917037964,0.9736841917037964,1,19,18,0
1636,7690,bus,0,0,0,0,0,0,0,1,1,1.0,5,5,5,5,0.09090909361839294,0.09090909361839294,1,19,17,10
1637,2887,sofa,1,1,0,0,0,0,0,0,0,0.0,2,2,2,2,0.6764705777168274,0.6764705777168274,1,19,18,0
1638,5381,bus,1,1,0,0,0,0,0,0,0,0.0,2,2,2,2,0.9642857313156128,0.9642857313156128,1,19,18,0
1639,124,person,1,1,0,0,0,0,0,0,0,0.0,1,1,1,1,0.9615384340286255,0.9615384340286255,1,19,17,0
1640,5187,sofa,1,1,0,0,0,0,0,0,0,0.0,0,0,0,0,1.0,1.0,1,19,17,0
1641,6580,person,1,1,1,1,0,0,0,1,0,0.9473684210526316,4,4,4,4,0.7659574747085571,0.7659574747085571,1,19,18,1
1642,3534,person,1,1,1,0,1,0,0,1,1,1.0,1,1,1,1,0.6785714030265808,0.6785714030265808,1,19,18,6
1643,8131,person,0,0,0,0,0,0,0,1,1,1.0,4,4,4,4,0.719298243522644,0.719298243522644,1,19,18,15
1644,4363,person,0,0,0,0,0,0,0,1,1,1.0,0,0,0,0,0.1818181872367859,0.1818181872367859,1,19,17,4
1645,4547,person,0,0,0,0,0,0,0,1,1,1.0,6,6,6,6,0.0357142873108387,0.0357142873108387,1,19,18,5
1646,8094,person,0,0,0,0,0,0,0,1,1,1.0,3,3,3,3,0.3947368562221527,0.3947368562221527,1,19,18,3
1647,7726,train,1,1,1,0,1,0,0,1,1,1.0,2,2,2,2,0.8666666746139526,0.8666666746139526,1,19,18,4
1648,3245,person,0,0,0,0,0,0,0,1,1,1.0,2,2,2,2,1.0,1.0,1,19,18,8
1649,7648,person,1,1,1,1,0,0,0,1,1,1.0,0,0,0,0,1.0,1.0,1,19,17,6
1650,5163,car,0,0,0,0,0,0,0,1,1,1.0,2,2,2,2,0.0,0.0,1,19,17,8
1651,7057,sofa,0,0,0,0,0,0,0,0,0,0.0,5,5,5,5,0.2830188572406769,0.2830188572406769,1,19,16,0
1652,3951,horse,0,0,0,0,0,0,0,1,1,0.9473684210526316,2,2,2,2,0.0714285746216774,0.0714285746216774,1,19,18,1
1653,7708,chair,0,0,0,0,0,0,0,0,0,0.0,1,1,1,1,0.10526315867900848,0.10526315867900848,1,19,18,0
1654,2536,diningtable,1,1,1,0,1,0,0,1,1,1.0,5,5,5,5,0.939393937587738,0.939393937587738,1,19,18,2
1655,7658,person,1,1,1,1,0,0,0,1,1,1.0,7,7,7,7,0.71875,0.71875,1,19,18,5
1656,1447,motorbike,0,0,0,0,0,0,0,1,1,1.0,4,4,4,4,0.31578946113586426,0.31578946113586426,1,19,18,15
1657,6,diningtable,1,1,0,0,0,0,0,0,0,0.0,4,4,2,4,0.6666666865348816,0.6666666865348816,2,19,17,0
1658,6793,horse,1,1,0,0,0,0,0,0,0,0.0,6,6,6,6,0.875,0.875,1,19,17,0
1659,84,diningtable,1,1,0,0,0,0,0,0,0,0.0,7,7,7,7,0.5769230723381042,0.5769230723381042,1,19,17,0
1660,7583,dog,1,1,1,0,1,0,0,1,1,0.8947368421052632,0,0,0,0,0.8571428656578064,0.8571428656578064,1,19,17,1
1661,8887,chair,1,1,1,1,0,0,0,1,1,1.0,7,7,7,7,0.5,0.5,1,19,18,4
1662,7942,horse,1,1,0,0,0,0,0,0,0,0.0,2,2,2,2,1.0,1.0,1,19,18,0
1663,1320,horse,1,1,0,0,0,0,0,0,0,0.0,2,2,2,2,0.9166666865348816,0.9166666865348816,1,19,18,0
1664,9482,diningtable,1,1,1,1,0,0,0,1,1,0.8421052631578947,1,1,1,1,0.9615384340286255,0.9615384340286255,1,19,16,1
1665,1081,chair,1,1,0,0,0,0,0,0,0,0.0,5,5,5,5,1.0,1.0,1,19,18,0
1666,5447,sofa,1,1,0,0,0,0,0,0,0,0.0,3,3,3,3,1.0,1.0,1,19,17,0
1667,3707,person,0,0,0,0,0,0,0,1,1,1.0,6,6,6,6,1.0,1.0,2,19,18,12
1668,4813,sofa,0,0,0,0,0,0,0,0,0,0.0,3,3,3,3,0.35483869910240173,0.35483869910240173,1,19,18,0
1669,9554,person,1,1,1,1,0,0,0,1,1,0.9941520467836258,1,1,1,1,0.8461538553237915,0.8461538553237915,1,19,17,2
1670,2185,motorbike,1,1,1,0,1,0,0,1,1,1.0,6,6,6,6,0.6304348111152649,0.6304348111152649,1,19,17,7
1671,240,car,1,1,0,0,0,0,0,0,0,0.0,6,6,6,6,0.800000011920929,0.800000011920929,1,19,17,0
1672,7701,car,1,1,0,0,0,0,0,0,0,0.0,5,5,5,5,0.8064516186714172,0.8064516186714172,1,19,18,0
1673,2230,sofa,1,1,0,0,0,0,0,0,0,0.0,0,0,0,0,0.6176470518112183,0.6176470518112183,1,19,18,0
1674,4128,person,0,0,0,0,0,0,0,1,1,1.0,1,1,1,1,0.6521739363670349,0.6521739363670349,1,19,18,13
1675,1519,sofa,1,1,0,0,0,0,0,0,0,0.0,2,2,2,2,0.6666666865348816,0.6666666865348816,1,19,18,0
1676,4001,bus,0,0,0,0,0,0,0,1,1,1.0,0,0,0,0,0.0,0.0,1,19,17,4
1677,9493,bicycle,1,1,1,1,0,0,0,1,1,0.9473684210526316,1,1,1,1,0.7857142686843872,0.7857142686843872,1,19,18,1
1678,6115,sofa,1,1,0,0,0,0,0,0,0,0.0,5,5,5,5,0.9354838728904724,0.9354838728904724,1,19,17,0
1679,5666,person,0,0,0,0,0,0,0,1,1,1.0,6,6,6,6,0.0,0.0,1,19,17,10
1680,5409,horse,1,1,1,1,0,0,0,1,1,1.0,4,4,4,4,1.0,1.0,1,19,18,3
1681,1776,person,1,1,1,1,0,0,0,1,1,1.0,4,4,4,4,0.9444444179534912,0.9444444179534912,1,19,18,5
1682,7609,horse,1,1,1,1,0,0,0,1,1,1.0,5,5,5,5,1.0,1.0,1,19,18,8
1683,7496,person,0,0,0,0,0,0,0,1,1,1.0,3,3,3,3,0.7222222089767456,0.7222222089767456,1,19,18,13
1684,230,bicycle,1,1,0,0,0,0,0,0,0,0.0,4,4,4,4,0.800000011920929,0.800000011920929,1,19,18,0
1685,617,diningtable,0,0,0,0,0,0,0,1,1,1.0,5,5,5,5,0.8888888955116272,0.8888888955116272,1,19,18,16
1686,6975,person,0,0,0,0,0,0,0,1,1,1.0,0,0,0,0,0.24637681245803833,0.24637681245803833,1,19,18,7
1687,5133,motorbike,1,1,0,0,0,0,0,0,0,0.0,3,3,3,3,0.9411764740943909,0.9411764740943909,1,19,18,0
1688,7157,aeroplane,0,0,0,0,0,0,0,1,1,1.0,1,1,1,1,1.0,1.0,1,19,18,15
1689,5098,bicycle,1,1,0,0,0,0,0,0,0,0.0,1,1,1,1,1.0,1.0,1,19,18,0
1690,4560,car,0,0,0,0,0,0,0,1,1,1.0,1,1,1,1,0.4583333432674408,0.4583333432674408,1,19,18,5
1691,5069,train,1,1,0,0,0,0,0,0,0,0.0,2,2,2,2,0.9166666865348816,0.9166666865348816,1,19,18,0
1692,7714,car,1,1,0,0,0,0,0,0,0,0.0,3,3,3,3,1.0,1.0,1,19,18,0
1693,1692,horse,1,1,0,0,0,0,0,0,0,0.0,2,2,2,2,0.9666666388511658,0.9666666388511658,1,19,18,0
1694,891,person,1,1,1,0,1,0,0,1,1,1.0,1,1,1,1,0.9523809552192688,0.9523809552192688,1,19,18,2
1695,2177,car,1,1,1,0,1,0,0,1,1,1.0,1,1,1,1,0.9130434989929199,0.9130434989929199,1,19,18,2
1696,1220,person,1,1,1,1,0,0,0,1,1,1.0,7,7,7,7,1.0,1.0,1,19,17,8
1697,2865,bus,1,1,1,1,0,0,0,1,1,1.0,6,6,2,6,1.0,1.0,2,19,18,2
1698,3600,person,0,0,0,0,0,0,0,1,1,1.0,1,1,1,1,0.1780821979045868,0.1780821979045868,1,19,18,11
1699,9423,boat,1,1,0,0,0,0,0,0,0,0.0,1,1,1,1,0.5,0.5,1,19,18,0
1700,3196,sofa,1,1,0,0,0,0,0,0,0,0.0,4,4,4,4,0.9166666865348816,0.9166666865348816,1,19,18,0
1701,7985,aeroplane,0,0,0,0,0,0,0,1,1,1.0,7,7,7,7,0.23999999463558197,0.23999999463558197,1,19,18,2
1702,9786,dog,0,0,0,0,0,0,0,1,1,0.9473684210526316,0,0,0,0,0.1111111119389534,0.1111111119389534,1,19,18,1
1703,4505,train,0,0,0,0,0,0,0,1,1,1.0,5,7,7,7,0.40740740299224854,0.3125,2,19,18,12
1704,8623,motorbike,1,1,0,0,0,0,0,0,0,0.0,0,0,0,0,0.9642857313156128,0.9642857313156128,1,19,18,0
1705,8120,person,1,1,1,1,0,0,0,1,1,0.9473684210526316,2,2,2,2,0.9756097793579102,0.9756097793579102,1,19,18,1
1706,3505,person,1,1,0,0,0,0,0,0,0,0.0,7,7,7,7,0.8461538553237915,0.8461538553237915,1,19,18,0
1707,4099,bus,0,0,0,0,0,0,0,1,1,1.0,3,3,3,3,0.20930232107639313,0.20930232107639313,1,19,18,9
1708,9322,motorbike,0,0,0,0,0,0,0,0,0,0.0,7,7,7,7,0.4545454680919647,0.4545454680919647,1,19,16,0
1709,231,bus,1,1,0,0,0,0,0,0,0,0.0,5,5,5,5,1.0,1.0,1,19,18,0
1710,8050,tvmonitor,0,0,0,0,0,0,0,1,1,1.0,1,1,1,1,0.1538461595773697,0.1538461595773697,1,19,17,5
1711,8309,sofa,1,1,0,0,0,0,0,0,0,0.0,5,5,5,5,0.9459459185600281,0.9459459185600281,1,19,18,0
1712,6143,horse,1,1,0,0,0,0,0,0,0,0.0,6,6,6,6,0.7777777910232544,0.7777777910232544,1,19,18,0
1713,8599,dog,0,0,0,0,0,0,0,1,1,1.0,0,0,0,0,0.25,0.25,1,19,18,5
1714,9582,diningtable,1,1,1,1,0,0,0,1,1,1.0,4,4,4,4,0.9411764740943909,0.9411764740943909,1,19,18,2
1715,8902,person,1,1,1,1,0,0,0,1,1,1.0,1,1,1,1,0.6818181872367859,0.6818181872367859,1,19,18,5
1716,9548,train,1,0,1,1,0,0,0,1,1,1.0,7,6,7,6,0.9642857313156128,0.1428571492433548,2,19,18,7
1717,6040,person,1,1,1,1,0,0,0,1,1,1.0,4,4,4,4,1.0,1.0,1,19,18,5
1718,6623,person,0,0,0,0,0,0,0,1,1,0.9473684210526316,2,2,2,2,0.08695652335882187,0.08695652335882187,1,19,18,1
1719,8705,chair,1,1,0,0,0,0,0,0,0,0.0,4,4,4,4,1.0,1.0,1,19,18,0
1720,7112,car,0,0,0,0,0,0,0,1,1,1.0,1,1,1,1,0.01886792480945587,0.01886792480945587,1,19,18,4
1721,9074,horse,1,1,0,0,0,0,0,0,0,0.0,2,2,2,2,0.9230769276618958,0.9230769276618958,1,19,18,0
1722,9441,person,1,0,1,1,0,0,0,1,1,1.0,7,7,7,7,1.0,1.0,1,19,18,3
1723,938,chair,1,1,1,1,0,0,0,1,0,0.9473684210526316,2,2,2,2,0.5909090638160706,0.5909090638160706,2,19,18,1
1724,1173,person,1,1,0,0,0,0,0,0,0,0.0,4,4,4,4,1.0,1.0,1,19,18,0
1725,8778,person,0,0,0,0,0,0,0,1,1,1.0,3,3,3,3,0.08695652335882187,0.08695652335882187,1,19,18,4
1726,4214,motorbike,1,1,0,0,0,0,0,0,0,0.0,2,2,2,2,0.8148148059844971,0.8148148059844971,1,19,18,0
1727,9258,person,1,1,1,1,0,0,0,1,1,1.0,7,7,7,7,1.0,1.0,1,19,18,4
1728,2862,diningtable,1,1,0,0,0,0,0,0,0,0.0,7,7,7,7,0.7333333492279053,0.7333333492279053,1,19,18,0
1729,3543,boat,1,1,0,0,0,0,0,0,0,0.0,7,7,7,7,1.0,1.0,1,19,18,0
1730,3101,bus,1,1,0,0,0,0,0,0,0,0.0,5,5,5,5,0.9655172228813171,0.9655172228813171,1,19,18,0
1731,7485,sofa,1,1,0,0,0,0,0,0,0,0.0,0,0,0,0,1.0,1.0,1,19,18,0
1732,3483,car,0,0,0,0,0,0,0,1,1,1.0,1,1,1,1,0.07692307978868484,0.07692307978868484,1,19,18,8
1733,248,horse,1,1,0,0,0,0,0,0,0,0.0,0,0,0,0,0.9615384340286255,0.9615384340286255,1,19,18,0
1734,1138,chair,1,1,0,0,0,0,0,0,0,0.0,1,1,1,1,0.6764705777168274,0.6764705777168274,1,19,18,0
1735,2341,person,1,1,1,1,0,0,0,1,1,1.0,5,5,5,5,0.8571428656578064,0.8571428656578064,1,19,18,3
1736,3345,diningtable,1,1,0,0,0,0,0,0,0,0.0,2,2,2,2,0.6851851940155029,0.6851851940155029,1,19,18,0
1737,22,horse,1,1,0,0,0,0,0,0,0,0.0,6,6,6,6,1.0,1.0,1,19,18,0
1738,1819,horse,1,1,0,0,0,0,0,0,0,0.0,0,0,0,0,0.9444444179534912,0.9444444179534912,1,19,18,0
1739,4893,person,1,1,0,0,0,0,0,0,0,0.0,4,4,4,4,0.9047619104385376,0.9047619104385376,1,19,18,0
1740,410,horse,0,0,0,0,0,0,0,0,0,0.0,7,7,7,7,0.28260868787765503,0.28260868787765503,1,19,17,0
1741,7237,person,0,0,0,0,0,0,0,1,1,1.0,3,3,3,3,0.12820513546466827,0.12820513546466827,1,19,14,7
1742,9077,person,0,0,0,0,0,0,0,0,0,0.0,3,3,3,3,0.31506848335266113,0.31506848335266113,1,19,18,0
1743,5040,person,0,0,0,0,0,0,0,1,1,1.0,2,2,2,2,1.0,1.0,1,19,18,12
1744,5049,person,1,1,1,1,0,0,0,1,1,1.0,5,5,5,5,1.0,1.0,1,19,18,7
1745,8490,diningtable,0,0,0,0,0,0,0,1,1,1.0,6,6,6,6,0.29629629850387573,0.29629629850387573,1,19,18,3
1746,4810,car,1,1,0,0,0,0,0,0,0,0.0,3,3,3,3,1.0,1.0,1,19,18,0
1747,9109,diningtable,0,0,0,0,0,0,0,0,0,0.0,3,3,3,3,0.47058823704719543,0.47058823704719543,1,19,18,0
1748,1382,car,1,1,1,1,0,0,0,1,1,0.9473684210526316,5,5,5,5,0.9259259104728699,0.9259259104728699,1,19,18,1
1749,6213,car,1,1,0,0,0,0,0,0,0,0.0,1,1,1,1,0.9428571462631226,0.9428571462631226,1,19,18,0
1750,6586,horse,1,1,0,0,0,0,0,0,0,0.0,3,3,3,3,1.0,1.0,1,19,18,0
1751,1141,boat,0,0,0,0,0,0,0,1,1,1.0,0,0,0,0,0.0,0.0,1,19,17,3
1752,5753,person,0,0,0,0,0,0,0,1,1,1.0,6,6,6,6,0.0,0.0,1,19,18,3
1753,6920,motorbike,0,0,0,0,0,0,0,1,1,0.9473684210526316,1,1,1,1,0.0,0.0,1,19,18,1
1754,5012,person,1,1,1,1,0,0,0,1,1,0.9941520467836258,2,2,2,2,1.0,1.0,1,19,17,2
1755,5798,person,1,1,0,0,0,0,0,0,0,0.0,4,4,4,4,1.0,1.0,1,19,18,0
1756,2663,dog,1,1,0,0,0,0,0,0,0,0.0,5,5,5,5,0.8913043737411499,0.8913043737411499,1,19,18,0
1757,2105,motorbike,1,1,0,0,0,0,0,0,0,0.0,1,1,1,1,1.0,1.0,1,19,18,0
1758,2610,car,0,0,0,0,0,0,0,0,0,0.0,7,7,7,7,0.30000001192092896,0.30000001192092896,1,19,18,0
1759,1742,chair,0,0,0,0,0,0,0,1,1,1.0,7,7,7,7,0.19354838132858276,0.19354838132858276,1,19,18,8
1760,6332,boat,0,0,0,0,0,0,0,1,1,1.0,2,2,2,2,1.0,1.0,1,19,18,13
1761,6303,pottedplant,1,1,1,1,0,0,0,1,1,1.0,2,2,2,2,0.8684210777282715,0.8684210777282715,1,19,18,3
1762,6613,motorbike,1,1,0,0,0,0,0,0,0,0.0,6,6,6,6,1.0,1.0,1,19,18,0
1763,7983,motorbike,1,1,0,0,0,0,0,0,0,0.0,0,0,0,0,1.0,1.0,1,19,18,0
1764,7186,person,0,0,0,0,0,0,0,1,1,1.0,5,5,5,5,0.0833333358168602,0.0833333358168602,1,19,18,12
1765,6266,person,1,1,0,0,0,0,0,0,0,0.0,3,3,3,3,0.7894737124443054,0.7894737124443054,1,19,18,0
1766,7452,cow,1,1,0,0,0,0,0,0,0,0.0,6,6,6,6,0.9444444179534912,0.9444444179534912,1,19,18,0
1767,8828,motorbike,1,1,0,0,0,0,0,0,0,0.0,6,6,6,6,0.5833333134651184,0.5833333134651184,1,19,17,0
1768,2227,bicycle,1,1,0,0,0,0,0,0,0,0.0,1,1,1,1,0.949999988079071,0.949999988079071,1,19,18,0
1769,6937,sofa,1,1,0,0,0,0,0,0,0,0.0,0,3,0,3,0.8999999761581421,1.0,2,19,18,0
1770,9569,horse,1,1,0,0,0,0,0,0,0,0.0,4,4,4,4,0.6600000262260437,0.6600000262260437,1,19,18,0
1771,5484,bus,1,1,0,0,0,0,0,0,0,0.0,3,3,3,3,0.9375,0.9375,1,19,18,0
1772,4395,bicycle,0,0,0,0,0,0,0,1,1,1.0,4,4,4,4,0.03125,0.03125,1,19,18,5
1773,5474,cat,1,1,1,1,0,0,0,1,1,1.0,1,1,1,1,1.0,1.0,1,19,18,7
1774,188,bus,1,1,1,1,0,0,0,1,1,0.8947368421052632,4,4,4,4,1.0,1.0,1,19,17,1
1775,595,diningtable,1,1,0,0,0,0,0,0,0,0.0,0,0,0,0,0.8372092843055725,0.8372092843055725,1,19,18,0
1776,3558,tvmonitor,1,1,0,0,0,0,0,0,0,0.0,3,3,3,3,1.0,1.0,1,19,18,0
1777,4917,motorbike,1,1,1,1,0,0,0,1,1,0.9473684210526316,2,2,2,2,0.9583333134651184,0.9583333134651184,1,19,18,1
1778,3473,horse,1,1,1,0,1,0,0,1,0,0.9473684210526316,4,4,4,4,0.9523809552192688,0.9523809552192688,1,19,18,1
1779,9165,tvmonitor,0,0,0,0,0,0,0,1,1,1.0,5,5,5,5,0.3958333432674408,0.3958333432674408,1,19,18,19
1780,9815,diningtable,1,1,1,0,1,0,0,1,1,1.0,3,3,3,3,0.8936170339584351,0.8936170339584351,1,19,18,2
1781,8383,car,0,0,0,0,0,0,0,1,1,1.0,4,4,4,4,0.65625,0.65625,1,19,18,15
1782,3187,horse,1,1,0,0,0,0,0,0,0,0.0,0,0,0,0,0.9354838728904724,0.9354838728904724,1,19,18,0
1783,3081,person,0,0,0,0,0,0,0,1,1,1.0,4,4,4,4,0.30434781312942505,0.30434781312942505,1,19,18,7
1784,8626,pottedplant,0,0,0,0,0,0,0,1,1,1.0,2,2,2,2,0.0,0.0,1,19,18,12
1785,4301,horse,1,1,1,1,0,0,0,1,1,0.9473684210526316,2,2,2,2,1.0,1.0,1,19,18,1
1786,1261,chair,0,0,0,0,0,0,0,1,1,1.0,4,4,4,4,0.0,0.0,1,19,18,13
1787,9779,car,1,1,0,0,0,0,0,0,0,0.0,4,4,4,4,0.8666666746139526,0.8666666746139526,1,19,18,0
1788,1831,sofa,1,1,0,0,0,0,0,0,0,0.0,3,3,3,3,0.9615384340286255,0.9615384340286255,1,19,18,0
1789,342,tvmonitor,0,0,0,0,0,0,0,1,1,1.0,3,3,3,3,0.06451612710952759,0.06451612710952759,1,19,18,3
1790,1496,person,0,0,0,0,0,0,0,1,1,1.0,0,0,0,0,0.7777777910232544,0.7777777910232544,1,19,18,11
1791,894,motorbike,1,1,0,0,0,0,0,0,0,0.0,5,5,5,5,0.9583333134651184,0.9583333134651184,1,19,18,0
1792,9317,motorbike,1,1,0,0,0,0,0,0,0,0.0,3,3,3,3,0.761904776096344,0.761904776096344,1,19,18,0
1793,2753,chair,1,1,1,1,0,0,0,1,1,0.9473684210526316,1,1,1,1,0.9142857193946838,0.9142857193946838,1,19,18,1
1794,2050,horse,1,1,0,0,0,0,0,0,0,0.0,3,3,3,3,1.0,1.0,1,19,18,0
1795,1301,motorbike,0,0,0,0,0,0,0,1,1,1.0,2,2,2,2,0.3333333432674408,0.3333333432674408,1,19,18,13
1796,1040,person,0,0,0,0,0,0,0,1,1,1.0,6,6,6,6,0.0,0.0,1,19,18,10
1797,5103,person,0,0,0,0,0,0,0,1,1,1.0,0,0,0,0,0.41860464215278625,0.41860464215278625,1,19,18,7
1798,490,person,1,1,1,0,1,0,0,1,1,1.0,7,7,7,7,0.9375,0.9375,1,19,17,10
1799,8288,person,0,0,0,0,0,0,0,1,1,1.0,6,6,6,6,0.39024388790130615,0.39024388790130615,1,19,18,3
1800,4252,cat,1,1,0,0,0,0,0,0,0,0.0,1,1,1,1,0.949999988079071,0.949999988079071,1,19,17,0
1801,5622,diningtable,1,1,1,0,1,0,0,1,1,1.0,7,7,7,7,1.0,1.0,1,19,17,7
1802,55,motorbike,0,0,0,0,0,0,0,0,0,0.0,7,7,7,7,0.21621622145175934,0.21621622145175934,1,19,18,0
1803,4599,bottle,0,0,0,0,0,0,0,1,1,1.0,4,4,4,4,0.25,0.25,1,19,18,14
1804,9704,bus,1,1,0,0,0,0,0,0,0,0.0,2,2,2,2,0.9655172228813171,0.9655172228813171,1,19,17,0
1805,3198,person,1,1,0,0,0,0,0,0,0,0.0,0,0,0,0,0.9800000190734863,0.9800000190734863,1,19,18,0
1806,4538,horse,1,1,1,0,1,0,0,1,1,1.0,5,5,5,5,0.9444444179534912,0.9444444179534912,1,19,18,7
1807,6248,person,1,1,1,1,0,0,0,1,1,1.0,3,3,3,3,1.0,1.0,1,19,18,5
1808,5890,person,1,1,1,0,1,0,0,1,1,1.0,7,7,7,7,1.0,1.0,1,19,18,10
1809,2074,pottedplant,1,1,0,0,0,0,0,0,0,0.0,4,4,4,4,1.0,1.0,1,19,17,0
1810,7405,bus,0,0,0,0,0,0,0,1,1,1.0,0,2,2,2,0.03703703731298447,0.1666666716337204,2,19,17,13
1811,1253,person,0,0,0,0,0,0,0,1,1,1.0,4,4,4,4,0.0,0.0,1,19,18,10
1812,8471,tvmonitor,0,0,0,0,0,0,0,0,0,0.0,6,6,6,6,0.4615384638309479,0.4615384638309479,1,19,18,0
1813,2999,motorbike,0,0,0,0,0,0,0,1,1,1.0,5,5,5,5,0.4375,0.4375,1,19,18,13
1814,7811,person,1,1,0,0,0,0,0,0,0,0.0,3,3,3,3,1.0,1.0,1,19,17,0
1815,1282,person,0,0,0,0,0,0,0,1,1,1.0,3,5,5,3,0.4615384638309479,0.23333333432674408,2,19,18,5
1816,3833,motorbike,1,1,0,0,0,0,0,0,0,0.0,1,1,1,1,1.0,1.0,1,19,17,0
1817,5139,horse,1,1,0,0,0,0,0,0,0,0.0,6,6,6,6,1.0,1.0,1,19,18,0
1818,3761,diningtable,1,1,0,0,0,0,0,0,0,0.0,1,1,1,1,0.8125,0.8125,1,19,17,0
1819,8153,diningtable,1,1,1,1,0,0,0,1,1,1.0,6,6,6,6,0.6829268336296082,0.6829268336296082,1,19,18,3
1820,1179,diningtable,1,1,1,1,0,0,0,1,0,0.9473684210526316,2,2,2,2,0.6136363744735718,0.6136363744735718,1,19,18,1
1821,6705,sofa,0,0,0,0,0,0,0,1,1,1.0,5,5,5,5,0.41304346919059753,0.41304346919059753,1,19,17,11
1822,366,diningtable,0,0,0,0,0,0,0,0,0,0.0,0,0,0,0,0.0,0.0,1,19,18,0
1823,4266,horse,1,1,1,1,0,0,0,1,1,1.0,5,5,5,5,1.0,1.0,1,19,18,4
1824,2087,person,0,0,0,0,0,0,0,1,1,1.0,3,3,3,3,0.4390243887901306,0.4390243887901306,1,19,18,13
1825,5141,cow,1,1,0,0,0,0,0,0,0,0.0,7,7,7,7,1.0,1.0,1,19,18,0
1826,7220,chair,0,0,0,0,0,0,0,1,1,0.9941520467836258,2,2,2,2,0.20000000298023224,0.20000000298023224,1,19,17,2
1827,8363,car,0,0,0,0,0,0,0,1,1,0.9941520467836258,0,0,0,0,0.3333333432674408,0.3333333432674408,1,19,17,2
1828,1021,chair,0,0,0,0,0,0,0,1,1,1.0,3,3,3,3,1.0,1.0,1,19,17,13
1829,7508,person,1,1,1,1,0,0,0,1,1,1.0,4,4,4,4,0.6052631735801697,0.6052631735801697,1,19,18,2
1830,4132,sofa,1,1,0,0,0,0,0,0,0,0.0,5,5,5,5,0.6969696879386902,0.6969696879386902,1,19,18,0
1831,5308,person,1,1,1,0,1,0,0,1,1,0.9473684210526316,0,0,0,0,1.0,1.0,1,19,18,1
1832,8237,train,1,1,0,0,0,0,0,0,0,0.0,3,3,3,3,0.6000000238418579,0.6000000238418579,1,19,18,0
1833,157,chair,1,1,0,0,0,0,0,0,0,0.0,3,3,3,3,1.0,1.0,1,19,18,0
1834,6594,person,0,0,0,0,0,0,0,1,1,1.0,4,4,4,4,0.125,0.125,1,19,18,7
1835,7124,person,1,1,0,0,0,0,0,0,0,0.0,4,4,4,4,0.9677419066429138,0.9677419066429138,1,19,18,0
1836,7895,person,1,1,1,1,0,0,0,1,1,1.0,1,1,1,1,1.0,1.0,1,19,18,2
1837,547,diningtable,0,0,0,0,0,0,0,1,1,1.0,3,3,3,3,0.1666666716337204,0.1666666716337204,1,19,17,18
1838,8052,car,0,0,0,0,0,0,0,1,1,1.0,0,0,0,0,0.03846153989434242,0.03846153989434242,1,19,18,4
1839,7494,diningtable,1,1,0,0,0,0,0,0,0,0.0,2,2,2,2,0.9677419066429138,0.9677419066429138,1,19,17,0
1840,97,chair,0,0,0,0,0,0,0,1,1,1.0,5,5,5,5,0.0,0.0,1,19,17,17
1841,5313,chair,0,0,0,0,0,0,0,1,1,1.0,1,1,1,1,0.03030303120613098,0.03030303120613098,1,19,18,6
1842,2110,aeroplane,1,1,1,1,0,0,0,1,1,1.0,0,0,0,0,1.0,1.0,2,19,18,2
1843,4308,tvmonitor,0,0,0,0,0,0,0,0,0,0.0,0,0,0,0,0.29729729890823364,0.29729729890823364,1,19,18,0
1844,3206,chair,0,0,0,0,0,0,0,1,1,1.0,2,2,2,2,0.08888889104127884,0.08888889104127884,1,19,18,7
1845,1067,sofa,1,1,1,0,1,0,0,1,1,1.0,7,7,7,7,0.782608687877655,0.782608687877655,1,19,18,4
1846,7118,cow,1,1,0,0,0,0,0,0,0,0.0,1,1,1,1,1.0,1.0,1,19,18,0
1847,7554,person,0,0,0,0,0,0,0,1,1,1.0,5,5,5,5,0.0,0.0,1,19,18,3
1848,358,car,0,0,0,0,0,0,0,1,1,1.0,6,6,6,6,0.0,0.0,1,19,18,4
1849,783,horse,1,1,0,0,0,0,0,0,0,0.0,2,2,2,2,0.9615384340286255,0.9615384340286255,1,19,18,0
1850,3650,person,1,1,0,0,0,0,0,0,0,0.0,6,6,6,6,0.8999999761581421,0.8999999761581421,1,19,17,0
1851,8918,sofa,0,0,0,0,0,0,0,0,0,0.0,5,5,5,5,0.0,0.0,1,19,18,0
1852,506,person,1,1,1,1,0,0,0,1,1,0.9941520467836258,2,2,2,2,1.0,1.0,1,19,17,2
1853,1026,person,1,1,1,1,0,0,0,1,1,0.9473684210526316,3,3,3,3,1.0,1.0,1,19,18,1
1854,9164,person,0,0,0,0,0,0,0,1,1,1.0,3,3,3,3,0.11764705926179886,0.11764705926179886,1,19,17,10
1855,586,car,1,1,0,0,0,0,0,0,0,0.0,5,5,5,5,0.9473684430122375,0.9473684430122375,1,19,18,0
1856,3676,chair,0,0,0,0,0,0,0,0,0,0.0,3,3,3,3,0.0,0.0,1,19,18,0
1857,916,bus,1,1,0,0,0,0,0,0,0,0.0,2,2,2,2,1.0,1.0,1,19,18,0
1858,9628,sofa,1,1,0,0,0,0,0,0,0,0.0,5,5,5,5,0.625,0.625,1,19,18,0
1859,6013,bus,1,1,0,0,0,0,0,0,0,0.0,3,3,3,3,0.9285714030265808,0.9285714030265808,1,19,18,0
1860,9225,chair,1,1,1,1,0,0,0,1,0,0.9473684210526316,4,4,4,4,0.8461538553237915,0.8461538553237915,1,19,18,1
1861,4899,boat,1,1,1,1,0,0,0,1,1,1.0,1,1,1,1,0.9666666388511658,0.9666666388511658,1,19,18,6
1862,6508,person,0,0,0,0,0,0,0,1,1,1.0,4,4,4,4,1.0,1.0,1,19,18,14
1863,2701,car,1,1,0,0,0,0,0,0,0,0.0,3,3,3,3,0.8500000238418579,0.8500000238418579,1,19,18,0
1864,9903,horse,1,0,1,0,1,0,0,1,1,1.0,1,1,1,1,0.7878788113594055,0.7878788113594055,1,19,17,4
1865,9047,motorbike,1,1,1,0,1,0,0,1,1,0.9473684210526316,4,4,4,4,0.5277777910232544,0.5277777910232544,1,19,18,1
1866,1569,diningtable,1,1,1,1,0,0,0,1,0,0.8421052631578947,1,1,1,1,0.717391312122345,0.717391312122345,1,19,16,1
1867,8540,bicycle,0,0,0,0,0,0,0,1,1,1.0,7,3,3,3,1.0,0.7777777910232544,2,19,18,19
1868,2383,bus,0,0,0,0,0,0,0,1,1,0.9473684210526316,3,3,3,3,0.190476194024086,0.190476194024086,1,19,18,1
1869,7761,car,0,0,0,0,0,0,0,1,1,1.0,6,6,6,6,0.59375,0.59375,1,19,18,18
1870,984,person,0,0,0,0,0,0,0,1,1,0.9473684210526316,2,2,2,2,0.0,0.0,1,19,18,1
1871,638,cat,1,1,1,1,0,0,0,1,1,1.0,5,5,5,5,1.0,1.0,1,19,18,3
1872,1189,diningtable,0,0,0,0,0,0,0,1,0,0.9473684210526316,6,6,6,6,0.39024388790130615,0.39024388790130615,1,19,18,1
1873,8324,car,1,1,0,0,0,0,0,0,0,0.0,6,6,6,6,0.875,0.875,1,19,18,0
1874,449,boat,1,1,0,0,0,0,0,0,0,0.0,6,6,6,6,1.0,1.0,1,19,18,0
1875,7240,diningtable,0,0,0,0,0,0,0,1,1,1.0,1,1,1,1,0.8484848737716675,0.8484848737716675,1,19,18,11
1876,8259,horse,1,1,0,0,0,0,0,0,0,0.0,7,7,7,7,0.9750000238418579,0.9750000238418579,1,19,16,0
1877,8003,motorbike,1,1,1,1,0,0,0,1,1,0.9473684210526316,2,2,2,2,1.0,1.0,1,19,18,1
1878,8081,cow,1,1,0,0,0,0,0,0,0,0.0,4,4,4,4,1.0,1.0,1,19,18,0
1879,8901,person,0,0,0,0,0,0,0,1,1,1.0,7,7,7,7,0.0,0.0,1,19,18,4
1880,1417,horse,1,1,0,0,0,0,0,0,0,0.0,3,3,3,3,0.96875,0.96875,1,19,18,0
1881,7951,bus,1,1,0,0,0,0,0,0,0,0.0,5,5,5,5,1.0,1.0,1,19,18,0
1882,7173,boat,0,0,0,0,0,0,0,1,1,1.0,7,7,7,7,1.0,1.0,1,19,17,11
1883,1177,person,0,0,0,0,0,0,0,1,1,1.0,6,6,6,6,0.5365853905677795,0.5365853905677795,1,19,16,14
1884,2446,car,0,0,0,0,0,0,0,1,1,1.0,5,5,5,5,0.0,0.0,1,19,18,13
1885,2060,person,0,0,0,0,0,0,0,1,1,1.0,7,7,7,7,0.0833333358168602,0.0833333358168602,1,19,18,9
1886,3769,car,1,1,1,1,0,0,0,1,1,1.0,1,1,1,1,0.7333333492279053,0.7333333492279053,1,19,18,5
1887,2739,person,0,0,0,0,0,0,0,1,1,1.0,2,2,2,2,0.06666667014360428,0.06666667014360428,1,19,18,8
1888,3385,person,1,1,0,0,0,0,0,0,0,0.0,6,6,6,6,0.875,0.875,1,19,18,0
1889,9626,sofa,1,1,0,0,0,0,0,0,0,0.0,0,0,0,0,0.8787878751754761,0.8787878751754761,1,19,17,0
1890,7401,sofa,1,1,0,0,0,0,0,0,0,0.0,2,2,2,2,1.0,1.0,1,19,17,0
1891,715,car,1,1,1,1,0,0,0,1,1,1.0,3,3,3,3,0.5853658318519592,0.5853658318519592,1,19,18,2
1892,5775,car,0,0,0,0,0,0,0,1,1,1.0,1,1,1,1,0.0,0.0,1,19,18,3
1893,6192,person,0,0,0,0,0,0,0,1,1,0.9473684210526316,0,0,0,0,0.3076923191547394,0.3076923191547394,1,19,18,1
1894,413,horse,1,1,0,0,0,0,0,0,0,0.0,4,4,4,4,1.0,1.0,1,19,18,0
1895,1096,bicycle,1,1,1,1,0,0,0,1,1,1.0,5,5,5,5,0.8571428656578064,0.8571428656578064,1,19,18,2
1896,369,person,1,1,1,1,0,0,0,1,1,1.0,4,6,6,6,1.0,0.6000000238418579,2,19,17,7
1897,8367,person,1,1,0,0,0,0,0,0,0,0.0,6,6,6,6,0.9411764740943909,0.9411764740943909,1,19,17,0
1898,5237,sofa,1,1,1,1,0,0,0,1,1,1.0,1,1,1,1,0.8627451062202454,0.8627451062202454,1,19,18,8
1899,5082,sofa,1,1,0,0,0,0,0,0,0,0.0,2,2,2,2,0.8857142925262451,0.8857142925262451,1,19,18,0
1900,8560,person,0,0,0,0,0,0,0,1,1,1.0,2,2,2,2,0.0,0.0,1,19,17,10
1901,5717,person,0,0,0,0,0,0,0,1,1,1.0,1,1,1,1,0.1304347813129425,0.1304347813129425,1,19,17,16
1902,5031,person,0,0,0,0,0,0,0,1,1,1.0,2,2,2,2,0.11428571492433548,0.11428571492433548,1,19,18,5
1903,3557,horse,0,0,0,0,0,0,0,1,1,1.0,1,1,1,1,0.024390242993831635,0.024390242993831635,1,19,18,6
1904,6688,cat,0,0,0,0,0,0,0,1,1,1.0,0,0,0,0,0.23076923191547394,0.23076923191547394,1,19,18,11
1905,8287,person,1,1,1,1,0,0,0,1,1,1.0,7,7,7,7,0.800000011920929,0.800000011920929,1,19,16,6
1906,6921,motorbike,1,1,0,0,0,0,0,0,0,0.0,3,3,3,3,0.8947368264198303,0.8947368264198303,1,19,18,0
1907,8964,dog,1,1,0,0,0,0,0,0,0,0.0,1,1,1,1,1.0,1.0,1,19,18,0
1908,4864,motorbike,1,1,0,0,0,0,0,0,0,0.0,7,7,7,7,0.9795918464660645,0.9795918464660645,1,19,18,0
1909,8765,bicycle,1,1,0,0,0,0,0,0,0,0.0,1,1,1,1,0.6779661178588867,0.6779661178588867,1,19,18,0
1910,6830,person,0,0,0,0,0,0,0,1,1,1.0,1,1,1,1,0.4528301954269409,0.4528301954269409,1,19,17,4
1911,4918,chair,1,1,1,1,0,0,0,1,1,0.9473684210526316,6,6,6,6,1.0,1.0,1,19,18,1
1912,7428,boat,1,1,0,0,0,0,0,0,0,0.0,5,5,5,5,1.0,1.0,1,19,18,0
1913,3179,car,1,1,0,0,0,0,0,0,0,0.0,6,6,6,6,0.7096773982048035,0.7096773982048035,1,19,18,0
1914,9139,motorbike,0,0,0,0,0,0,0,1,1,0.9473684210526316,6,6,6,6,0.2857142984867096,0.2857142984867096,1,19,18,1
1915,3302,bus,1,1,0,0,0,0,0,0,0,0.0,7,7,7,7,0.9444444179534912,0.9444444179534912,1,19,18,0
1916,2428,person,0,0,0,0,0,0,0,1,1,0.9473684210526316,6,6,6,6,0.3684210479259491,0.3684210479259491,1,19,18,1
1917,4469,person,0,0,0,0,0,0,0,1,1,1.0,7,7,7,7,0.0,0.0,1,19,17,3
1918,5750,person,0,0,0,0,0,0,0,1,1,1.0,2,2,2,2,0.0,0.0,1,19,18,10
1919,6157,person,0,0,0,0,0,0,0,1,1,1.0,5,5,5,5,0.1764705926179886,0.1764705926179886,1,19,18,4
1920,2993,car,1,1,0,0,0,0,0,0,0,0.0,5,5,5,5,1.0,1.0,1,19,18,0
1921,6446,person,1,1,1,1,0,0,0,1,1,1.0,5,5,5,5,0.5833333134651184,0.5833333134651184,1,19,18,6
1922,3515,car,0,0,0,0,0,0,0,1,1,1.0,7,7,7,7,0.0,0.0,1,19,18,7
1923,4668,chair,1,1,0,0,0,0,0,0,0,0.0,4,4,4,4,1.0,1.0,1,19,18,0
1924,4486,chair,1,1,0,0,0,0,0,0,0,0.0,4,4,4,4,0.9583333134651184,0.9583333134651184,1,19,18,0
1925,4344,bicycle,1,1,0,0,0,0,0,0,0,0.0,4,4,4,4,0.7200000286102295,0.7200000286102295,1,19,18,0
1926,8721,sofa,1,1,1,1,0,0,0,1,1,0.9473684210526316,4,4,4,4,0.939393937587738,0.939393937587738,1,19,18,1
1927,5766,person,0,0,0,0,0,0,0,0,0,0.0,7,7,7,7,0.0,0.0,1,19,18,0
1928,5182,horse,1,1,0,0,0,0,0,0,0,0.0,7,7,7,7,0.8780487775802612,0.8780487775802612,1,19,18,0
1929,644,tvmonitor,1,1,0,0,0,0,0,0,0,0.0,2,2,2,2,0.8571428656578064,0.8571428656578064,1,19,18,0
1930,3459,diningtable,1,1,0,0,0,0,0,0,0,0.0,2,2,2,2,0.9285714030265808,0.9285714030265808,1,19,16,0
1931,6199,person,1,0,1,1,0,0,0,1,1,1.0,7,7,7,7,0.7384615540504456,0.7384615540504456,1,19,18,3
1932,7770,person,1,1,1,1,0,0,0,1,1,1.0,0,0,0,0,1.0,1.0,1,19,18,7
1933,386,person,1,1,0,0,0,0,0,0,0,0.0,1,1,1,1,0.9354838728904724,0.9354838728904724,1,19,18,0
1934,8906,car,1,0,1,1,0,0,0,1,1,1.0,3,3,3,3,0.6000000238418579,0.6000000238418579,1,19,18,4
1935,8278,boat,1,1,0,0,0,0,0,0,0,0.0,2,2,2,2,1.0,1.0,1,19,18,0
1936,5301,person,1,1,1,1,0,0,0,1,1,1.0,0,0,0,0,1.0,1.0,1,19,18,2
1937,9369,horse,1,1,0,0,0,0,0,0,0,0.0,2,2,2,2,0.9375,0.9375,1,19,18,0
1938,655,motorbike,0,0,0,0,0,0,0,1,1,1.0,1,1,1,1,0.20370370149612427,0.20370370149612427,1,19,18,4
1939,910,person,0,0,0,0,0,0,0,1,1,1.0,4,4,4,4,0.5116279125213623,0.5116279125213623,1,19,18,9
1940,8124,horse,0,0,0,0,0,0,0,1,1,1.0,1,1,1,1,0.22033898532390594,0.22033898532390594,1,19,18,16
1941,8682,car,1,1,1,1,0,0,0,1,1,1.0,4,4,4,4,0.5652173757553101,0.5652173757553101,1,19,18,6
1942,953,chair,1,1,0,0,0,0,0,0,0,0.0,4,4,4,4,0.8461538553237915,0.8461538553237915,1,19,18,0
