sample_index,image_id,path,target_id,target_name,annotated_category_ids,cci_region,cci_bbox_precision,cci_target_drop_raw,cci_target_drop_norm,cci_margin_norm,cci_pmean_norm,feasible_set_size
0,006915,/Users/von/Projects/cci-local-recovery/rerun_workspace/data/voc2007/VOCdevkit/VOC2007/JPEGImages/006915.jpg,dog,dog,"[""dog"",""bicycle"",""person""]",0,0.4444444477558136,1.1927989721298218,1.2095566987991333,-0.4892488718032837,0.13025522232055664,1
1,000364,/Users/von/Projects/cci-local-recovery/rerun_workspace/data/voc2007/VOCdevkit/VOC2007/JPEGImages/000364.jpg,motorbike,motorbike,"[""motorbike"",""person""]",6,0.5,0.2778266668319702,0.28195029497146606,-0.2139471471309662,0.1287328004837036,1
2,008846,/Users/von/Projects/cci-local-recovery/rerun_workspace/data/voc2007/VOCdevkit/VOC2007/JPEGImages/008846.jpg,cat,cat,"[""cat"",""pottedplant""]",0,0.75,2.3636982440948486,2.4000420570373535,1.9640042781829834,3.526366710662842,1
3,004964,/Users/von/Projects/cci-local-recovery/rerun_workspace/data/voc2007/VOCdevkit/VOC2007/JPEGImages/004964.jpg,sofa,sofa,"[""sofa"",""chair"",""person""]",1,0.800000011920929,4.116818428039551,4.18343448638916,2.34578275680542,4.40893030166626,1
4,002631,/Users/von/Projects/cci-local-recovery/rerun_workspace/data/voc2007/VOCdevkit/VOC2007/JPEGImages/002631.jpg,person,person,"[""person"",""bicycle""]",0,0.4000000059604645,0.549541711807251,0.558896005153656,-0.7801753878593445,-0.04040557146072388,1
5,004225,/Users/von/Projects/cci-local-recovery/rerun_workspace/data/voc2007/VOCdevkit/VOC2007/JPEGImages/004225.jpg,boat,boat,"[""boat"",""person""]",0,0.1111111119389534,1.583702802658081,1.6085985898971558,0.4646618366241455,1.1518816947937012,1
6,003701,/Users/von/Projects/cci-local-recovery/rerun_workspace/data/voc2007/VOCdevkit/VOC2007/JPEGImages/003701.jpg,car,car,"[""car"",""person""]",0,0.0,0.6257703900337219,0.6344802379608154,-1.6980233192443848,0.02815401554107666,1
7,006811,/Users/von/Projects/cci-local-recovery/rerun_workspace/data/voc2007/VOCdevkit/VOC2007/JPEGImages/006811.jpg,horse,horse,"[""horse"",""person""]",2,0.5555555820465088,1.4527676105499268,1.4696847200393677,0.596651017665863,1.6298857927322388,1
8,003217,/Users/von/Projects/cci-local-recovery/rerun_workspace/data/voc2007/VOCdevkit/VOC2007/JPEGImages/003217.jpg,car,car,"[""car"",""person""]",6,1.0,0.4995497465133667,0.5065028071403503,-0.37583470344543457,0.10963577032089233,1
9,002239,/Users/von/Projects/cci-local-recovery/rerun_workspace/data/voc2007/VOCdevkit/VOC2007/JPEGImages/002239.jpg,person,person,"[""person"",""bicycle""]",3,0.0,0.3660041093826294,0.37223419547080994,-0.2720419466495514,0.04883676767349243,2
10,008563,/Users/von/Projects/cci-local-recovery/rerun_workspace/data/voc2007/VOCdevkit/VOC2007/JPEGImages/008563.jpg,chair,chair,"[""chair"",""tvmonitor""]",3,0.0,0.4542692303657532,0.46097099781036377,-0.10336524248123169,0.3015517592430115,1
11,005844,/Users/von/Projects/cci-local-recovery/rerun_workspace/data/voc2007/VOCdevkit/VOC2007/JPEGImages/005844.jpg,diningtable,diningtable,"[""diningtable"",""chair""]",7,0.875,0.9952313303947449,1.0090161561965942,0.8829733729362488,1.3916881084442139,1
12,004721,/Users/von/Projects/cci-local-recovery/rerun_workspace/data/voc2007/VOCdevkit/VOC2007/JPEGImages/004721.jpg,person,person,"[""person"",""bottle""]",2,0.6000000238418579,-0.10662078857421875,-0.10843568295240402,-1.8086907863616943,-0.12741592526435852,1
13,004243,/Users/von/Projects/cci-local-recovery/rerun_workspace/data/voc2007/VOCdevkit/VOC2007/JPEGImages/004243.jpg,motorbike,motorbike,"[""motorbike"",""person""]",3,0.6666666865348816,3.1214396953582764,3.167769432067871,1.9011205434799194,3.1015446186065674,1
14,002728,/Users/von/Projects/cci-local-recovery/rerun_workspace/data/voc2007/VOCdevkit/VOC2007/JPEGImages/002728.jpg,person,person,"[""person"",""train""]",7,1.0,0.7099868655204773,0.7220722436904907,-0.25264889001846313,0.47446954250335693,1
15,002062,/Users/von/Projects/cci-local-recovery/rerun_workspace/data/voc2007/VOCdevkit/VOC2007/JPEGImages/002062.jpg,tvmonitor,tvmonitor,"[""tvmonitor"",""person""]",3,0.875,0.9083665609359741,0.9241271615028381,0.681084394454956,1.2631841897964478,1
16,006481,/Users/von/Projects/cci-local-recovery/rerun_workspace/data/voc2007/VOCdevkit/VOC2007/JPEGImages/006481.jpg,car,car,"[""car"",""person""]",7,1.0,0.34298545122146606,0.34775933623313904,-0.6652816534042358,-0.030171215534210205,1
17,006771,/Users/von/Projects/cci-local-recovery/rerun_workspace/data/voc2007/VOCdevkit/VOC2007/JPEGImages/006771.jpg,diningtable,diningtable,"[""diningtable"",""person"",""tvmonitor""]",3,1.0,0.5755743384361267,0.5835465788841248,0.19698062539100647,0.5543447732925415,1
18,008039,/Users/von/Projects/cci-local-recovery/rerun_workspace/data/voc2007/VOCdevkit/VOC2007/JPEGImages/008039.jpg,pottedplant,pottedplant,"[""pottedplant"",""chair"",""person""]",4,0.0,0.2834368050098419,0.2873261570930481,-0.33568239212036133,0.06354944407939911,1
19,003893,/Users/von/Projects/cci-local-recovery/rerun_workspace/data/voc2007/VOCdevkit/VOC2007/JPEGImages/003893.jpg,car,car,"[""car"",""person""]",7,0.3333333432674408,0.2855832278728485,0.28955814242362976,-0.3137721121311188,0.08471685647964478,1
20,007689,/Users/von/Projects/cci-local-recovery/rerun_workspace/data/voc2007/VOCdevkit/VOC2007/JPEGImages/007689.jpg,person,person,"[""person"",""dog""]",4,1.0,0.41960281133651733,0.4267452657222748,-0.12264826893806458,0.24319280683994293,1
21,006984,/Users/von/Projects/cci-local-recovery/rerun_workspace/data/voc2007/VOCdevkit/VOC2007/JPEGImages/006984.jpg,chair,chair,"[""chair"",""tvmonitor""]",3,1.0,1.04566490650177,1.061091423034668,0.5236793160438538,1.107069730758667,1
22,009231,/Users/von/Projects/cci-local-recovery/rerun_workspace/data/voc2007/VOCdevkit/VOC2007/JPEGImages/009231.jpg,horse,horse,"[""horse"",""person""]",1,0.9166666865348816,0.6697230935096741,0.6775218844413757,-0.12526381015777588,0.33429619669914246,2
23,004650,/Users/von/Projects/cci-local-recovery/rerun_workspace/data/voc2007/VOCdevkit/VOC2007/JPEGImages/004650.jpg,motorbike,motorbike,"[""motorbike"",""car"",""person""]",1,0.6000000238418579,1.0603619813919067,1.0761003494262695,0.1359415054321289,0.44209879636764526,1
24,007553,/Users/von/Projects/cci-local-recovery/rerun_workspace/data/voc2007/VOCdevkit/VOC2007/JPEGImages/007553.jpg,motorbike,motorbike,"[""motorbike"",""person""]",2,1.0,0.03946257755160332,0.04004829749464989,-0.41913795471191406,0.21770907938480377,1
25,000116,/Users/von/Projects/cci-local-recovery/rerun_workspace/data/voc2007/VOCdevkit/VOC2007/JPEGImages/000116.jpg,sofa,sofa,"[""sofa"",""chair"",""pottedplant""]",2,0.875,1.5486093759536743,1.5736680030822754,0.8552471399307251,2.4015135765075684,1
26,002856,/Users/von/Projects/cci-local-recovery/rerun_workspace/data/voc2007/VOCdevkit/VOC2007/JPEGImages/002856.jpg,diningtable,diningtable,"[""diningtable"",""person""]",2,1.0,0.49626994132995605,0.5031437277793884,-0.5645710825920105,0.13748368620872498,1
27,005898,/Users/von/Projects/cci-local-recovery/rerun_workspace/data/voc2007/VOCdevkit/VOC2007/JPEGImages/005898.jpg,sofa,sofa,"[""sofa"",""chair"",""diningtable"",""person"",""tvmonitor""]",5,0.4000000059604645,0.8688494563102722,0.8829086422920227,0.223088800907135,0.7994887828826904,1
28,008126,/Users/von/Projects/cci-local-recovery/rerun_workspace/data/voc2007/VOCdevkit/VOC2007/JPEGImages/008126.jpg,person,person,"[""person"",""car""]",2,0.4545454680919647,0.8652986884117126,0.8800277709960938,-1.0025275945663452,1.1610556840896606,1
29,002982,/Users/von/Projects/cci-local-recovery/rerun_workspace/data/voc2007/VOCdevkit/VOC2007/JPEGImages/002982.jpg,person,person,"[""person"",""bottle""]",3,1.0,0.4343193471431732,0.44171231985092163,-0.5266286730766296,0.29043370485305786,1
30,007044,/Users/von/Projects/cci-local-recovery/rerun_workspace/data/voc2007/VOCdevkit/VOC2007/JPEGImages/007044.jpg,person,person,"[""person"",""cow""]",1,0.25,0.11985068768262863,0.12189077585935593,-0.41646820306777954,0.15454216301441193,1
31,009475,/Users/von/Projects/cci-local-recovery/rerun_workspace/data/voc2007/VOCdevkit/VOC2007/JPEGImages/009475.jpg,car,car,"[""car"",""person""]",5,0.75,0.3038211762905121,0.3080499470233917,-0.30730435252189636,0.07929821312427521,1
32,001513,/Users/von/Projects/cci-local-recovery/rerun_workspace/data/voc2007/VOCdevkit/VOC2007/JPEGImages/001513.jpg,chair,chair,"[""chair"",""tvmonitor""]",7,0.0,0.4633585810661316,0.47019442915916443,-0.21026334166526794,0.10864391922950745,1
33,008493,/Users/von/Projects/cci-local-recovery/rerun_workspace/data/voc2007/VOCdevkit/VOC2007/JPEGImages/008493.jpg,dog,dog,"[""dog"",""chair""]",5,0.20000000298023224,0.5882774591445923,0.596542239189148,-0.6588613986968994,0.06365543603897095,1
34,004561,/Users/von/Projects/cci-local-recovery/rerun_workspace/data/voc2007/VOCdevkit/VOC2007/JPEGImages/004561.jpg,horse,horse,"[""horse"",""person""]",3,1.0,1.560372233390808,1.5785423517227173,1.0697356462478638,2.0092430114746094,1
35,001476,/Users/von/Projects/cci-local-recovery/rerun_workspace/data/voc2007/VOCdevkit/VOC2007/JPEGImages/001476.jpg,person,person,"[""person"",""car"",""motorbike""]",3,0.375,0.2799028158187866,0.28466731309890747,0.05188734829425812,0.2398967444896698,1
36,003617,/Users/von/Projects/cci-local-recovery/rerun_workspace/data/voc2007/VOCdevkit/VOC2007/JPEGImages/003617.jpg,person,person,"[""person"",""chair"",""diningtable""]",2,0.7333333492279053,0.9260730743408203,0.9418366551399231,-0.06776124238967896,0.35270655155181885,1
37,009916,/Users/von/Projects/cci-local-recovery/rerun_workspace/data/voc2007/VOCdevkit/VOC2007/JPEGImages/009916.jpg,sofa,sofa,"[""sofa"",""chair""]",3,0.5714285969734192,2.6120777130126953,2.6543447971343994,1.3226419687271118,2.3578546047210693,1
38,004491,/Users/von/Projects/cci-local-recovery/rerun_workspace/data/voc2007/VOCdevkit/VOC2007/JPEGImages/004491.jpg,chair,chair,"[""chair"",""person""]",2,0.75,0.9078049063682556,0.9211975932121277,-0.07058125734329224,1.0774641036987305,1
39,001551,/Users/von/Projects/cci-local-recovery/rerun_workspace/data/voc2007/VOCdevkit/VOC2007/JPEGImages/001551.jpg,chair,chair,"[""chair"",""tvmonitor""]",7,0.3333333432674408,1.285888671875,1.3048591613769531,0.646053671836853,1.1889688968658447,1
40,001376,/Users/von/Projects/cci-local-recovery/rerun_workspace/data/voc2007/VOCdevkit/VOC2007/JPEGImages/001376.jpg,person,person,"[""person"",""car""]",2,0.7777777910232544,2.899400234222412,2.948753595352173,2.006357192993164,3.1795716285705566,1
41,009708,/Users/von/Projects/cci-local-recovery/rerun_workspace/data/voc2007/VOCdevkit/VOC2007/JPEGImages/009708.jpg,person,person,"[""person"",""chair""]",0,0.25,0.2145218551158905,0.21817342936992645,-0.6372142434120178,-0.07968561351299286,1
42,003479,/Users/von/Projects/cci-local-recovery/rerun_workspace/data/voc2007/VOCdevkit/VOC2007/JPEGImages/003479.jpg,dog,dog,"[""dog"",""person""]",3,1.0,0.24625639617443085,0.24971607327461243,-0.6352221965789795,0.10733912885189056,1
43,007462,/Users/von/Projects/cci-local-recovery/rerun_workspace/data/voc2007/VOCdevkit/VOC2007/JPEGImages/007462.jpg,sheep,sheep,"[""sheep"",""bird""]",1,0.6666666865348816,3.289302349090576,3.3371036052703857,3.043619155883789,5.033327102661133,1
44,003494,/Users/von/Projects/cci-local-recovery/rerun_workspace/data/voc2007/VOCdevkit/VOC2007/JPEGImages/003494.jpg,aeroplane,aeroplane,"[""aeroplane"",""person""]",7,0.3333333432674408,1.0984172821044922,1.1215293407440186,-0.12800920009613037,0.17628949880599976,1
45,008486,/Users/von/Projects/cci-local-recovery/rerun_workspace/data/voc2007/VOCdevkit/VOC2007/JPEGImages/008486.jpg,sofa,sofa,"[""sofa"",""chair"",""tvmonitor""]",3,0.5,0.45949336886405945,0.466928631067276,0.3109622001647949,0.5145894289016724,1
46,009960,/Users/von/Projects/cci-local-recovery/rerun_workspace/data/voc2007/VOCdevkit/VOC2007/JPEGImages/009960.jpg,motorbike,motorbike,"[""motorbike"",""person""]",4,1.0,0.22980996966362,0.2332209050655365,-0.022701561450958252,0.7927093505859375,1
47,004756,/Users/von/Projects/cci-local-recovery/rerun_workspace/data/voc2007/VOCdevkit/VOC2007/JPEGImages/004756.jpg,horse,horse,"[""horse"",""person""]",2,0.6666666865348816,3.557786226272583,3.5992157459259033,2.8870439529418945,4.880411624908447,1
48,009152,/Users/von/Projects/cci-local-recovery/rerun_workspace/data/voc2007/VOCdevkit/VOC2007/JPEGImages/009152.jpg,person,person,"[""person"",""motorbike""]",0,0.0,0.19593939185142517,0.19927465915679932,-0.2797764539718628,0.20227082073688507,1
49,008619,/Users/von/Projects/cci-local-recovery/rerun_workspace/data/voc2007/VOCdevkit/VOC2007/JPEGImages/008619.jpg,motorbike,motorbike,"[""motorbike"",""person""]",2,1.0,0.39284324645996094,0.39867401123046875,-0.5090461373329163,0.5649154782295227,1
50,004042,/Users/von/Projects/cci-local-recovery/rerun_workspace/data/voc2007/VOCdevkit/VOC2007/JPEGImages/004042.jpg,person,person,"[""person"",""bottle""]",6,1.0,0.10000631958246231,0.10170862078666687,-0.5248715877532959,-0.15359023213386536,1
51,005506,/Users/von/Projects/cci-local-recovery/rerun_workspace/data/voc2007/VOCdevkit/VOC2007/JPEGImages/005506.jpg,motorbike,motorbike,"[""motorbike"",""person""]",4,1.0,1.1238452196121216,1.1405258178710938,0.6300833821296692,1.3676347732543945,1
52,007453,/Users/von/Projects/cci-local-recovery/rerun_workspace/data/voc2007/VOCdevkit/VOC2007/JPEGImages/007453.jpg,sofa,sofa,"[""sofa"",""cat"",""dog""]",7,1.0,1.1760045289993286,1.1950339078903198,-2.6995396614074707,0.9021300077438354,1
53,001340,/Users/von/Projects/cci-local-recovery/rerun_workspace/data/voc2007/VOCdevkit/VOC2007/JPEGImages/001340.jpg,person,person,"[""person"",""chair"",""dog""]",4,1.0,0.7075753808021545,0.7196196913719177,0.05556213855743408,1.335982084274292,1
54,003075,/Users/von/Projects/cci-local-recovery/rerun_workspace/data/voc2007/VOCdevkit/VOC2007/JPEGImages/003075.jpg,person,person,"[""person"",""bicycle""]",0,1.0,0.6029967665672302,0.6132609248161316,-0.011574923992156982,0.4266945719718933,1
55,009487,/Users/von/Projects/cci-local-recovery/rerun_workspace/data/voc2007/VOCdevkit/VOC2007/JPEGImages/009487.jpg,person,person,"[""person"",""chair""]",2,1.0,0.13985955715179443,0.1422402411699295,0.05044811964035034,0.44764673709869385,2
56,001157,/Users/von/Projects/cci-local-recovery/rerun_workspace/data/voc2007/VOCdevkit/VOC2007/JPEGImages/001157.jpg,motorbike,motorbike,"[""motorbike"",""person""]",5,0.0,0.21908724308013916,0.22233903408050537,-0.18664228916168213,-0.014615654945373535,1
57,000314,/Users/von/Projects/cci-local-recovery/rerun_workspace/data/voc2007/VOCdevkit/VOC2007/JPEGImages/000314.jpg,sofa,sofa,"[""sofa"",""chair"",""diningtable""]",0,0.3333333432674408,0.6684297919273376,0.6792459487915039,0.41031667590141296,0.7995659708976746,1
58,006461,/Users/von/Projects/cci-local-recovery/rerun_workspace/data/voc2007/VOCdevkit/VOC2007/JPEGImages/006461.jpg,diningtable,diningtable,"[""diningtable"",""chair"",""sofa""]",6,0.7142857313156128,2.1255502700805664,2.1549911499023438,1.1542627811431885,2.647094249725342,1
59,004101,/Users/von/Projects/cci-local-recovery/rerun_workspace/data/voc2007/VOCdevkit/VOC2007/JPEGImages/004101.jpg,sofa,sofa,"[""sofa"",""bicycle"",""person""]",0,1.0,1.3297687768936157,1.3512862920761108,0.34673500061035156,1.0306427478790283,1
60,001824,/Users/von/Projects/cci-local-recovery/rerun_workspace/data/voc2007/VOCdevkit/VOC2007/JPEGImages/001824.jpg,dog,dog,"[""dog"",""tvmonitor""]",1,1.0,5.480731010437012,5.557730197906494,3.967216730117798,6.45864200592041,1
61,004426,/Users/von/Projects/cci-local-recovery/rerun_workspace/data/voc2007/VOCdevkit/VOC2007/JPEGImages/004426.jpg,car,car,"[""car"",""person""]",5,1.0,0.15905436873435974,0.1612681895494461,-0.1699872463941574,-0.004258304834365845,1
62,001180,/Users/von/Projects/cci-local-recovery/rerun_workspace/data/voc2007/VOCdevkit/VOC2007/JPEGImages/001180.jpg,person,person,"[""person"",""pottedplant"",""sofa""]",0,0.2222222238779068,0.4172385632991791,0.42434078454971313,-0.46887844800949097,-0.18628162145614624,1
63,001095,/Users/von/Projects/cci-local-recovery/rerun_workspace/data/voc2007/VOCdevkit/VOC2007/JPEGImages/001095.jpg,dog,dog,"[""dog"",""person""]",4,1.0,3.3657944202423096,3.4130806922912598,-0.05731797218322754,3.2206273078918457,1
64,009827,/Users/von/Projects/cci-local-recovery/rerun_workspace/data/voc2007/VOCdevkit/VOC2007/JPEGImages/009827.jpg,train,train,"[""train"",""car""]",3,1.0,1.1057251691818237,1.1217851638793945,-1.1481893062591553,0.7118310928344727,1
65,001055,/Users/von/Projects/cci-local-recovery/rerun_workspace/data/voc2007/VOCdevkit/VOC2007/JPEGImages/001055.jpg,chair,chair,"[""chair"",""person""]",1,0.0625,0.42401644587516785,0.4302718937397003,-0.4077043831348419,0.09369724988937378,1
66,003532,/Users/von/Projects/cci-local-recovery/rerun_workspace/data/voc2007/VOCdevkit/VOC2007/JPEGImages/003532.jpg,sofa,sofa,"[""sofa"",""chair"",""tvmonitor""]",5,0.1666666716337204,0.5352445840835571,0.5439056158065796,-1.1046360731124878,0.3202633261680603,1
67,001826,/Users/von/Projects/cci-local-recovery/rerun_workspace/data/voc2007/VOCdevkit/VOC2007/JPEGImages/001826.jpg,sofa,sofa,"[""sofa"",""chair"",""tvmonitor""]",5,0.375,2.1247715950012207,2.159153461456299,1.1526756286621094,2.1040048599243164,1
68,005392,/Users/von/Projects/cci-local-recovery/rerun_workspace/data/voc2007/VOCdevkit/VOC2007/JPEGImages/005392.jpg,aeroplane,aeroplane,"[""aeroplane"",""person""]",0,1.0,0.8553159236907959,0.8733128309249878,0.24728131294250488,0.8058516383171082,1
69,008579,/Users/von/Projects/cci-local-recovery/rerun_workspace/data/voc2007/VOCdevkit/VOC2007/JPEGImages/008579.jpg,motorbike,motorbike,"[""motorbike"",""car"",""person""]",1,1.0,4.814273357391357,4.88572883605957,4.017898082733154,6.044744491577148,1
70,002240,/Users/von/Projects/cci-local-recovery/rerun_workspace/data/voc2007/VOCdevkit/VOC2007/JPEGImages/002240.jpg,diningtable,diningtable,"[""diningtable"",""chair"",""pottedplant""]",5,0.5,0.9634541273117065,0.9767988324165344,0.027959108352661133,0.8250976204872131,1
71,004937,/Users/von/Projects/cci-local-recovery/rerun_workspace/data/voc2007/VOCdevkit/VOC2007/JPEGImages/004937.jpg,boat,boat,"[""boat"",""person""]",2,0.5,0.292633593082428,0.29723379015922546,0.4107704162597656,0.7738708257675171,1
72,000010,/Users/von/Projects/cci-local-recovery/rerun_workspace/data/voc2007/VOCdevkit/VOC2007/JPEGImages/000010.jpg,horse,horse,"[""horse"",""person""]",0,1.0,3.8439884185791016,3.8887507915496826,2.9218883514404297,4.37785005569458,1
73,006452,/Users/von/Projects/cci-local-recovery/rerun_workspace/data/voc2007/VOCdevkit/VOC2007/JPEGImages/006452.jpg,person,person,"[""person"",""bottle"",""sofa"",""tvmonitor""]",1,1.0,1.9295531511306763,1.9623979330062866,2.0523669719696045,3.6232757568359375,1
74,005119,/Users/von/Projects/cci-local-recovery/rerun_workspace/data/voc2007/VOCdevkit/VOC2007/JPEGImages/005119.jpg,bicycle,bicycle,"[""bicycle"",""person""]",3,1.0,1.5600652694702148,1.583203673362732,0.9851483106613159,1.980093240737915,1
75,007756,/Users/von/Projects/cci-local-recovery/rerun_workspace/data/voc2007/VOCdevkit/VOC2007/JPEGImages/007756.jpg,chair,chair,"[""chair"",""person""]",2,0.75,1.057106375694275,1.0727016925811768,0.6031991839408875,1.0192214250564575,1
76,002813,/Users/von/Projects/cci-local-recovery/rerun_workspace/data/voc2007/VOCdevkit/VOC2007/JPEGImages/002813.jpg,chair,chair,"[""chair"",""person""]",3,1.0,0.49771982431411743,0.5050625801086426,-0.9616289138793945,0.5460278391838074,1
77,000687,/Users/von/Projects/cci-local-recovery/rerun_workspace/data/voc2007/VOCdevkit/VOC2007/JPEGImages/000687.jpg,car,car,"[""car"",""person""]",5,1.0,0.687753438949585,0.6973260045051575,-1.0644567012786865,-0.03289175033569336,1
78,008852,/Users/von/Projects/cci-local-recovery/rerun_workspace/data/voc2007/VOCdevkit/VOC2007/JPEGImages/008852.jpg,motorbike,motorbike,"[""motorbike"",""person""]",1,1.0,0.45184099674224854,0.4585474133491516,-0.7118367552757263,0.09437581896781921,1
79,008566,/Users/von/Projects/cci-local-recovery/rerun_workspace/data/voc2007/VOCdevkit/VOC2007/JPEGImages/008566.jpg,person,person,"[""person"",""bicycle""]",3,0.5,0.41310086846351624,0.4201326370239258,-0.3263755440711975,0.09408292174339294,1
80,004410,/Users/von/Projects/cci-local-recovery/rerun_workspace/data/voc2007/VOCdevkit/VOC2007/JPEGImages/004410.jpg,tvmonitor,tvmonitor,"[""tvmonitor"",""person""]",7,0.0,0.6298952102661133,0.6408241987228394,-0.016598045825958252,0.3850446343421936,1
81,000252,/Users/von/Projects/cci-local-recovery/rerun_workspace/data/voc2007/VOCdevkit/VOC2007/JPEGImages/000252.jpg,bus,bus,"[""bus"",""car"",""person""]",4,0.8333333134651184,5.858299255371094,5.954121112823486,4.738917827606201,5.812137603759766,1
82,009690,/Users/von/Projects/cci-local-recovery/rerun_workspace/data/voc2007/VOCdevkit/VOC2007/JPEGImages/009690.jpg,diningtable,diningtable,"[""diningtable"",""chair""]",3,0.0,0.9486106038093567,0.9617497324943542,0.0560460090637207,0.6201539039611816,1
83,009599,/Users/von/Projects/cci-local-recovery/rerun_workspace/data/voc2007/VOCdevkit/VOC2007/JPEGImages/009599.jpg,car,car,"[""car"",""person""]",4,1.0,3.3477559089660645,3.3943519592285156,2.05415415763855,3.001368761062622,1
84,003755,/Users/von/Projects/cci-local-recovery/rerun_workspace/data/voc2007/VOCdevkit/VOC2007/JPEGImages/003755.jpg,sofa,sofa,"[""sofa"",""chair""]",3,0.7272727489471436,3.1231563091278076,3.1736934185028076,2.2592506408691406,3.1352970600128174,1
85,002301,/Users/von/Projects/cci-local-recovery/rerun_workspace/data/voc2007/VOCdevkit/VOC2007/JPEGImages/002301.jpg,diningtable,diningtable,"[""diningtable"",""chair"",""person""]",7,0.4000000059604645,0.21547025442123413,0.21845471858978271,-0.10631275177001953,0.17714639008045197,1
86,004378,/Users/von/Projects/cci-local-recovery/rerun_workspace/data/voc2007/VOCdevkit/VOC2007/JPEGImages/004378.jpg,person,person,"[""person"",""car""]",5,0.9166666865348816,1.7827156782150269,1.813060998916626,-0.04077279567718506,0.9680481553077698,1
87,002144,/Users/von/Projects/cci-local-recovery/rerun_workspace/data/voc2007/VOCdevkit/VOC2007/JPEGImages/002144.jpg,bird,bird,"[""bird"",""person""]",0,0.0,0.4066706895828247,0.41243645548820496,-0.0541304349899292,0.674555778503418,1
88,000291,/Users/von/Projects/cci-local-recovery/rerun_workspace/data/voc2007/VOCdevkit/VOC2007/JPEGImages/000291.jpg,tvmonitor,tvmonitor,"[""tvmonitor"",""person""]",1,0.0,0.3652747869491577,0.37161245942115784,-0.26746031641960144,0.32877597212791443,1
89,000697,/Users/von/Projects/cci-local-recovery/rerun_workspace/data/voc2007/VOCdevkit/VOC2007/JPEGImages/000697.jpg,person,person,"[""person"",""bicycle""]",0,0.0,0.2127491980791092,0.2163705974817276,-0.30713891983032227,-0.05000858008861542,2
90,009486,/Users/von/Projects/cci-local-recovery/rerun_workspace/data/voc2007/VOCdevkit/VOC2007/JPEGImages/009486.jpg,diningtable,diningtable,"[""diningtable"",""chair"",""sofa"",""tvmonitor""]",1,0.5,0.9266760945320129,0.9395114183425903,0.22151952981948853,0.6592922210693359,1
91,008868,/Users/von/Projects/cci-local-recovery/rerun_workspace/data/voc2007/VOCdevkit/VOC2007/JPEGImages/008868.jpg,boat,boat,"[""boat"",""motorbike"",""person""]",3,0.4000000059604645,0.4569714367389679,0.46415501832962036,0.0006549656391143799,0.35180148482322693,1
92,000532,/Users/von/Projects/cci-local-recovery/rerun_workspace/data/voc2007/VOCdevkit/VOC2007/JPEGImages/000532.jpg,person,person,"[""person"",""motorbike""]",4,1.0,0.6698886156082153,0.681291401386261,0.04962056875228882,0.847515344619751,1
93,000234,/Users/von/Projects/cci-local-recovery/rerun_workspace/data/voc2007/VOCdevkit/VOC2007/JPEGImages/000234.jpg,chair,chair,"[""chair"",""pottedplant""]",7,0.4000000059604645,0.8339838981628418,0.8462875485420227,0.23181301355361938,1.40176260471344,1
94,006432,/Users/von/Projects/cci-local-recovery/rerun_workspace/data/voc2007/VOCdevkit/VOC2007/JPEGImages/006432.jpg,person,person,"[""person"",""bottle""]",3,1.0,0.6946303248405457,0.7064542770385742,-0.19176596403121948,0.12754172086715698,1
95,006779,/Users/von/Projects/cci-local-recovery/rerun_workspace/data/voc2007/VOCdevkit/VOC2007/JPEGImages/006779.jpg,horse,horse,"[""horse"",""person""]",1,1.0,1.2343343496322632,1.248707890510559,0.0757828950881958,1.664705753326416,1
96,001975,/Users/von/Projects/cci-local-recovery/rerun_workspace/data/voc2007/VOCdevkit/VOC2007/JPEGImages/001975.jpg,diningtable,diningtable,"[""diningtable"",""bottle"",""person""]",3,1.0,0.6737443208694458,0.6830763220787048,-0.49655789136886597,0.16229796409606934,1
97,004029,/Users/von/Projects/cci-local-recovery/rerun_workspace/data/voc2007/VOCdevkit/VOC2007/JPEGImages/004029.jpg,sofa,sofa,"[""sofa"",""cat"",""dog""]",0,0.3333333432674408,1.5800493955612183,1.605616807937622,0.14754188060760498,0.8964617848396301,1
98,005936,/Users/von/Projects/cci-local-recovery/rerun_workspace/data/voc2007/VOCdevkit/VOC2007/JPEGImages/005936.jpg,cat,cat,"[""cat"",""bottle""]",4,1.0,0.2755298316478729,0.279766321182251,-1.749302625656128,0.08383506536483765,2
99,006672,/Users/von/Projects/cci-local-recovery/rerun_workspace/data/voc2007/VOCdevkit/VOC2007/JPEGImages/006672.jpg,horse,horse,"[""horse"",""person""]",2,1.0,1.876001000404358,1.8978465795516968,1.4753416776657104,2.8623974323272705,1
100,003304,/Users/von/Projects/cci-local-recovery/rerun_workspace/data/voc2007/VOCdevkit/VOC2007/JPEGImages/003304.jpg,person,person,"[""person"",""horse""]",3,0.0,0.5771471858024597,0.5869713425636292,0.03418797254562378,0.30924972891807556,1
101,005255,/Users/von/Projects/cci-local-recovery/rerun_workspace/data/voc2007/VOCdevkit/VOC2007/JPEGImages/005255.jpg,tvmonitor,tvmonitor,"[""tvmonitor"",""cat"",""person""]",7,0.4000000059604645,2.4930217266082764,2.5362768173217773,-1.0138039588928223,2.838555335998535,1
102,001133,/Users/von/Projects/cci-local-recovery/rerun_workspace/data/voc2007/VOCdevkit/VOC2007/JPEGImages/001133.jpg,sofa,sofa,"[""sofa"",""person""]",4,1.0,1.197870135307312,1.21725332736969,0.7009545564651489,1.1642143726348877,1
103,007652,/Users/von/Projects/cci-local-recovery/rerun_workspace/data/voc2007/VOCdevkit/VOC2007/JPEGImages/007652.jpg,person,person,"[""person"",""bottle"",""chair""]",3,1.0,0.35177889466285706,0.35776686668395996,-0.3168027400970459,0.8390860557556152,1
104,000227,/Users/von/Projects/cci-local-recovery/rerun_workspace/data/voc2007/VOCdevkit/VOC2007/JPEGImages/000227.jpg,cat,cat,"[""cat"",""tvmonitor""]",6,1.0,0.8037665486335754,0.8161250948905945,-0.3793734908103943,0.4285551607608795,1
105,008238,/Users/von/Projects/cci-local-recovery/rerun_workspace/data/voc2007/VOCdevkit/VOC2007/JPEGImages/008238.jpg,person,person,"[""person"",""dog""]",3,0.375,0.6654185056686401,0.6767452359199524,-0.4422159790992737,0.17902877926826477,1
106,007303,/Users/von/Projects/cci-local-recovery/rerun_workspace/data/voc2007/VOCdevkit/VOC2007/JPEGImages/007303.jpg,horse,horse,"[""horse"",""person""]",2,1.0,1.2598121166229248,1.2744823694229126,-0.6437325477600098,1.765981912612915,1
107,001363,/Users/von/Projects/cci-local-recovery/rerun_workspace/data/voc2007/VOCdevkit/VOC2007/JPEGImages/001363.jpg,tvmonitor,tvmonitor,"[""tvmonitor"",""person""]",4,0.75,1.2169421911239624,1.2380566596984863,0.7250350713729858,1.2384309768676758,1
108,005240,/Users/von/Projects/cci-local-recovery/rerun_workspace/data/voc2007/VOCdevkit/VOC2007/JPEGImages/005240.jpg,train,train,"[""train"",""person""]",3,0.3571428656578064,0.9100911617279053,0.9233097434043884,-0.04828476905822754,0.255776047706604,1
109,002597,/Users/von/Projects/cci-local-recovery/rerun_workspace/data/voc2007/VOCdevkit/VOC2007/JPEGImages/002597.jpg,dog,dog,"[""dog"",""cat""]",1,1.0,0.6748799085617065,0.6843613386154175,-0.2211540937423706,0.46651196479797363,1
110,002607,/Users/von/Projects/cci-local-recovery/rerun_workspace/data/voc2007/VOCdevkit/VOC2007/JPEGImages/002607.jpg,car,car,"[""car"",""person""]",7,0.4000000059604645,0.20749227702617645,0.21038028597831726,-0.6013649702072144,0.48557713627815247,1
111,002626,/Users/von/Projects/cci-local-recovery/rerun_workspace/data/voc2007/VOCdevkit/VOC2007/JPEGImages/002626.jpg,person,person,"[""person"",""bicycle""]",5,0.2857142984867096,0.37203747034072876,0.3783702850341797,-0.4844701290130615,0.051856011152267456,1
112,000630,/Users/von/Projects/cci-local-recovery/rerun_workspace/data/voc2007/VOCdevkit/VOC2007/JPEGImages/000630.jpg,motorbike,motorbike,"[""motorbike"",""person""]",2,1.0,2.078584671020508,2.10943603515625,1.3188812732696533,2.2495245933532715,1
113,007081,/Users/von/Projects/cci-local-recovery/rerun_workspace/data/voc2007/VOCdevkit/VOC2007/JPEGImages/007081.jpg,person,person,"[""person"",""dog""]",4,1.0,0.3728657066822052,0.3792126178741455,-0.1858329176902771,0.17260803282260895,1
114,005727,/Users/von/Projects/cci-local-recovery/rerun_workspace/data/voc2007/VOCdevkit/VOC2007/JPEGImages/005727.jpg,sofa,sofa,"[""sofa"",""chair""]",1,1.0,3.684309482574463,3.743926763534546,2.082502841949463,3.9813733100891113,1
115,006152,/Users/von/Projects/cci-local-recovery/rerun_workspace/data/voc2007/VOCdevkit/VOC2007/JPEGImages/006152.jpg,person,person,"[""person"",""bottle""]",4,1.0,0.5054827332496643,0.5140870213508606,-1.8818585872650146,-1.0994336605072021,1
116,002031,/Users/von/Projects/cci-local-recovery/rerun_workspace/data/voc2007/VOCdevkit/VOC2007/JPEGImages/002031.jpg,horse,horse,"[""horse"",""person""]",5,0.0,0.43080732226371765,0.4358239769935608,-0.15856695175170898,0.005405068397521973,1
117,006057,/Users/von/Projects/cci-local-recovery/rerun_workspace/data/voc2007/VOCdevkit/VOC2007/JPEGImages/006057.jpg,diningtable,diningtable,"[""diningtable"",""bottle"",""chair""]",0,0.4000000059604645,0.11170101165771484,0.11324816942214966,-0.03075939416885376,0.20912189781665802,2
118,004144,/Users/von/Projects/cci-local-recovery/rerun_workspace/data/voc2007/VOCdevkit/VOC2007/JPEGImages/004144.jpg,person,person,"[""person"",""bus""]",4,0.0,-0.12199395149946213,-0.12407052516937256,-0.06614817678928375,0.22387909889221191,1
119,007646,/Users/von/Projects/cci-local-recovery/rerun_workspace/data/voc2007/VOCdevkit/VOC2007/JPEGImages/007646.jpg,bicycle,bicycle,"[""bicycle"",""person""]",1,1.0,0.048219844698905945,0.04893502593040466,0.039397578686475754,0.6822996139526367,1
120,009118,/Users/von/Projects/cci-local-recovery/rerun_workspace/data/voc2007/VOCdevkit/VOC2007/JPEGImages/009118.jpg,sofa,sofa,"[""sofa"",""chair""]",7,1.0,3.089919090270996,3.139918327331543,2.285287618637085,2.8897719383239746,1
121,008207,/Users/von/Projects/cci-local-recovery/rerun_workspace/data/voc2007/VOCdevkit/VOC2007/JPEGImages/008207.jpg,person,person,"[""person"",""pottedplant""]",7,1.0,0.16835543513298035,0.17122116684913635,-0.8870981931686401,-0.16215944290161133,1
122,009023,/Users/von/Projects/cci-local-recovery/rerun_workspace/data/voc2007/VOCdevkit/VOC2007/JPEGImages/009023.jpg,car,car,"[""car"",""person""]",0,1.0,0.14333349466323853,0.14532849192619324,-0.47655484080314636,-0.003297477960586548,1
123,009590,/Users/von/Projects/cci-local-recovery/rerun_workspace/data/voc2007/VOCdevkit/VOC2007/JPEGImages/009590.jpg,car,car,"[""car"",""person""]",4,1.0,0.33260151743888855,0.3372308611869812,-0.9831542372703552,-0.23504638671875,2
124,003517,/Users/von/Projects/cci-local-recovery/rerun_workspace/data/voc2007/VOCdevkit/VOC2007/JPEGImages/003517.jpg,person,person,"[""person"",""bus"",""car""]",0,0.875,0.896166980266571,0.9114214777946472,-0.5338501334190369,0.8132641315460205,1
125,008915,/Users/von/Projects/cci-local-recovery/rerun_workspace/data/voc2007/VOCdevkit/VOC2007/JPEGImages/008915.jpg,bus,bus,"[""bus"",""car"",""person""]",1,1.0,0.04016154631972313,0.04081845283508301,-0.4141930341720581,-0.08444462716579437,2
126,009014,/Users/von/Projects/cci-local-recovery/rerun_workspace/data/voc2007/VOCdevkit/VOC2007/JPEGImages/009014.jpg,dog,dog,"[""dog"",""person""]",3,0.6000000238418579,3.1606016159057617,3.205005168914795,2.6744325160980225,4.622122764587402,1
127,003488,/Users/von/Projects/cci-local-recovery/rerun_workspace/data/voc2007/VOCdevkit/VOC2007/JPEGImages/003488.jpg,pottedplant,pottedplant,"[""pottedplant"",""bottle""]",4,1.0,2.7345287799835205,2.77205228805542,2.1776366233825684,2.998229742050171,1
128,003049,/Users/von/Projects/cci-local-recovery/rerun_workspace/data/voc2007/VOCdevkit/VOC2007/JPEGImages/003049.jpg,person,person,"[""person"",""chair""]",1,0.625,0.733985424041748,0.7464792728424072,0.3550005555152893,0.9946836233139038,1
129,004725,/Users/von/Projects/cci-local-recovery/rerun_workspace/data/voc2007/VOCdevkit/VOC2007/JPEGImages/004725.jpg,motorbike,motorbike,"[""motorbike"",""person""]",5,1.0,0.5270798206329346,0.5349029898643494,-0.22152143716812134,0.28030458092689514,1
130,005959,/Users/von/Projects/cci-local-recovery/rerun_workspace/data/voc2007/VOCdevkit/VOC2007/JPEGImages/005959.jpg,car,car,"[""car"",""person""]",5,0.2857142984867096,-0.0876457691192627,-0.08886567503213882,-0.22088351845741272,0.09275776892900467,2
131,001159,/Users/von/Projects/cci-local-recovery/rerun_workspace/data/voc2007/VOCdevkit/VOC2007/JPEGImages/001159.jpg,sofa,sofa,"[""sofa"",""person""]",1,0.7142857313156128,0.9023459553718567,0.9169471859931946,0.6411799192428589,1.5947859287261963,1
132,009662,/Users/von/Projects/cci-local-recovery/rerun_workspace/data/voc2007/VOCdevkit/VOC2007/JPEGImages/009662.jpg,diningtable,diningtable,"[""diningtable"",""chair""]",4,1.0,0.7565202116966248,0.7669987082481384,0.7639623284339905,1.0527513027191162,1
133,007164,/Users/von/Projects/cci-local-recovery/rerun_workspace/data/voc2007/VOCdevkit/VOC2007/JPEGImages/007164.jpg,aeroplane,aeroplane,"[""aeroplane"",""bus"",""car"",""pottedplant""]",2,1.0,0.49254003167152405,0.5029036998748779,-0.0052062273025512695,1.100414752960205,1
134,004210,/Users/von/Projects/cci-local-recovery/rerun_workspace/data/voc2007/VOCdevkit/VOC2007/JPEGImages/004210.jpg,sofa,sofa,"[""sofa"",""person""]",0,1.0,1.6751221418380737,1.7022279500961304,0.5840110778808594,1.5183372497558594,1
135,008162,/Users/von/Projects/cci-local-recovery/rerun_workspace/data/voc2007/VOCdevkit/VOC2007/JPEGImages/008162.jpg,sofa,sofa,"[""sofa"",""pottedplant""]",3,0.8999999761581421,1.0990841388702393,1.1168688535690308,0.9023510217666626,1.418737769126892,1
136,006453,/Users/von/Projects/cci-local-recovery/rerun_workspace/data/voc2007/VOCdevkit/VOC2007/JPEGImages/006453.jpg,person,person,"[""person"",""chair""]",3,0.375,0.16957490146160126,0.1724613904953003,-0.5666985511779785,-0.08556455373764038,1
137,007722,/Users/von/Projects/cci-local-recovery/rerun_workspace/data/voc2007/VOCdevkit/VOC2007/JPEGImages/007722.jpg,diningtable,diningtable,"[""diningtable"",""chair"",""pottedplant""]",6,1.0,1.7808136940002441,1.8054795265197754,1.2193574905395508,1.911378264427185,1
138,007181,/Users/von/Projects/cci-local-recovery/rerun_workspace/data/voc2007/VOCdevkit/VOC2007/JPEGImages/007181.jpg,person,person,"[""person"",""dog""]",2,0.07692307978868484,0.7541221380233765,0.7669587731361389,-0.40914827585220337,0.49107620120048523,1
139,008496,/Users/von/Projects/cci-local-recovery/rerun_workspace/data/voc2007/VOCdevkit/VOC2007/JPEGImages/008496.jpg,person,person,"[""person"",""cat"",""chair"",""sofa""]",6,0.0,0.9771466255187988,0.9937795400619507,-0.2775827646255493,0.10253012180328369,1
140,005809,/Users/von/Projects/cci-local-recovery/rerun_workspace/data/voc2007/VOCdevkit/VOC2007/JPEGImages/005809.jpg,bus,bus,"[""bus"",""car"",""person""]",3,0.800000011920929,0.47350144386291504,0.48124632239341736,0.4538835287094116,1.1518269777297974,1
141,009310,/Users/von/Projects/cci-local-recovery/rerun_workspace/data/voc2007/VOCdevkit/VOC2007/JPEGImages/009310.jpg,chair,chair,"[""chair"",""cat"",""tvmonitor""]",5,1.0,2.8721654415130615,2.9145379066467285,1.0050188302993774,2.7138702869415283,1
142,009930,/Users/von/Projects/cci-local-recovery/rerun_workspace/data/voc2007/VOCdevkit/VOC2007/JPEGImages/009930.jpg,person,person,"[""person"",""chair"",""diningtable""]",4,0.27272728085517883,0.4063696563243866,0.41328686475753784,-1.1491484642028809,-0.050941020250320435,1
143,008525,/Users/von/Projects/cci-local-recovery/rerun_workspace/data/voc2007/VOCdevkit/VOC2007/JPEGImages/008525.jpg,tvmonitor,tvmonitor,"[""tvmonitor"",""cat""]",1,1.0,0.7717710733413696,0.7851616740226746,0.48346173763275146,1.3864631652832031,1
144,004476,/Users/von/Projects/cci-local-recovery/rerun_workspace/data/voc2007/VOCdevkit/VOC2007/JPEGImages/004476.jpg,person,person,"[""person"",""bottle""]",0,1.0,0.0663260892033577,0.06745509058237076,-0.24677884578704834,0.07325204461812973,1
145,005617,/Users/von/Projects/cci-local-recovery/rerun_workspace/data/voc2007/VOCdevkit/VOC2007/JPEGImages/005617.jpg,cow,cow,"[""cow"",""person""]",1,0.5714285969734192,3.501347303390503,3.544905424118042,2.4091670513153076,4.118349552154541,1
146,008648,/Users/von/Projects/cci-local-recovery/rerun_workspace/data/voc2007/VOCdevkit/VOC2007/JPEGImages/008648.jpg,person,person,"[""person"",""motorbike""]",4,0.6666666865348816,0.8217470645904541,0.8357347846031189,-1.4951672554016113,0.8030455112457275,1
147,003894,/Users/von/Projects/cci-local-recovery/rerun_workspace/data/voc2007/VOCdevkit/VOC2007/JPEGImages/003894.jpg,diningtable,diningtable,"[""diningtable"",""chair""]",4,0.375,0.29707852005958557,0.30119332671165466,0.08392509818077087,0.6105685830116272,1
148,000693,/Users/von/Projects/cci-local-recovery/rerun_workspace/data/voc2007/VOCdevkit/VOC2007/JPEGImages/000693.jpg,car,car,"[""car"",""person""]",3,0.5,1.5559473037719727,1.5776039361953735,0.6036478877067566,1.2029579877853394,1
149,004084,/Users/von/Projects/cci-local-recovery/rerun_workspace/data/voc2007/VOCdevkit/VOC2007/JPEGImages/004084.jpg,horse,horse,"[""horse"",""person""]",3,1.0,0.8800141215324402,0.890261709690094,0.7763092517852783,1.3997377157211304,1
150,003815,/Users/von/Projects/cci-local-recovery/rerun_workspace/data/voc2007/VOCdevkit/VOC2007/JPEGImages/003815.jpg,car,car,"[""car"",""person""]",0,0.4000000059604645,0.002582611981779337,0.002618558472022414,-0.5575595498085022,0.18120943009853363,1
151,005251,/Users/von/Projects/cci-local-recovery/rerun_workspace/data/voc2007/VOCdevkit/VOC2007/JPEGImages/005251.jpg,train,train,"[""train"",""person""]",2,0.25,-0.04721590131521225,-0.047901686280965805,-0.5966778993606567,0.35650426149368286,1
152,007348,/Users/von/Projects/cci-local-recovery/rerun_workspace/data/voc2007/VOCdevkit/VOC2007/JPEGImages/007348.jpg,chair,chair,"[""chair"",""tvmonitor""]",2,0.8571428656578064,0.8986117839813232,0.9118688702583313,0.11683416366577148,0.8407957553863525,1
153,009124,/Users/von/Projects/cci-local-recovery/rerun_workspace/data/voc2007/VOCdevkit/VOC2007/JPEGImages/009124.jpg,train,train,"[""train"",""person""]",2,1.0,0.3103720247745514,0.31488001346588135,-0.6344597339630127,0.23151710629463196,1
154,008418,/Users/von/Projects/cci-local-recovery/rerun_workspace/data/voc2007/VOCdevkit/VOC2007/JPEGImages/008418.jpg,person,person,"[""person"",""cow""]",7,1.0,0.391572505235672,0.39823782444000244,-0.27255064249038696,0.010046005249023438,1
155,007752,/Users/von/Projects/cci-local-recovery/rerun_workspace/data/voc2007/VOCdevkit/VOC2007/JPEGImages/007752.jpg,person,person,"[""person"",""chair"",""pottedplant""]",5,0.0,0.31254786252975464,0.31786802411079407,-0.16052183508872986,0.02405431866645813,2
156,008785,/Users/von/Projects/cci-local-recovery/rerun_workspace/data/voc2007/VOCdevkit/VOC2007/JPEGImages/008785.jpg,car,car,"[""car"",""person""]",4,1.0,0.48963576555252075,0.496450811624527,-0.6784759759902954,-0.305973082780838,1
157,005931,/Users/von/Projects/cci-local-recovery/rerun_workspace/data/voc2007/VOCdevkit/VOC2007/JPEGImages/005931.jpg,motorbike,motorbike,"[""motorbike"",""person""]",5,1.0,4.630398750305176,4.699125289916992,2.4156734943389893,5.797814846038818,1
158,007828,/Users/von/Projects/cci-local-recovery/rerun_workspace/data/voc2007/VOCdevkit/VOC2007/JPEGImages/007828.jpg,dog,dog,"[""dog"",""chair""]",6,0.0,0.11903917789459229,0.12071157246828079,-0.2830878794193268,0.15581925213336945,1
159,000727,/Users/von/Projects/cci-local-recovery/rerun_workspace/data/voc2007/VOCdevkit/VOC2007/JPEGImages/000727.jpg,bus,bus,"[""bus"",""car"",""person""]",6,1.0,2.278660297393799,2.315931558609009,1.3696937561035156,2.3675997257232666,1
160,002168,/Users/von/Projects/cci-local-recovery/rerun_workspace/data/voc2007/VOCdevkit/VOC2007/JPEGImages/002168.jpg,person,person,"[""person"",""bicycle""]",3,0.0,0.36889928579330444,0.37517866492271423,-0.3066238462924957,-0.11646795272827148,1
161,008034,/Users/von/Projects/cci-local-recovery/rerun_workspace/data/voc2007/VOCdevkit/VOC2007/JPEGImages/008034.jpg,person,person,"[""person"",""motorbike""]",3,0.5,0.2901378870010376,0.2950766086578369,0.03961703181266785,0.28032198548316956,1
162,000538,/Users/von/Projects/cci-local-recovery/rerun_workspace/data/voc2007/VOCdevkit/VOC2007/JPEGImages/000538.jpg,person,person,"[""person"",""boat""]",6,0.0,0.27776849269866943,0.2824966609477997,-0.9400969743728638,0.24162739515304565,1
163,008543,/Users/von/Projects/cci-local-recovery/rerun_workspace/data/voc2007/VOCdevkit/VOC2007/JPEGImages/008543.jpg,sofa,sofa,"[""sofa"",""chair""]",3,0.0,0.20071786642074585,0.20396576821804047,0.1449781060218811,0.36473849415779114,2
164,008152,/Users/von/Projects/cci-local-recovery/rerun_workspace/data/voc2007/VOCdevkit/VOC2007/JPEGImages/008152.jpg,car,car,"[""car"",""person""]",0,0.25,0.07978823035955429,0.08089876919984818,-0.823246955871582,0.035092391073703766,1
165,008245,/Users/von/Projects/cci-local-recovery/rerun_workspace/data/voc2007/VOCdevkit/VOC2007/JPEGImages/008245.jpg,diningtable,diningtable,"[""diningtable"",""chair"",""person"",""pottedplant""]",2,1.0,1.283581018447876,1.30135977268219,0.7130048871040344,1.6404180526733398,1
166,000978,/Users/von/Projects/cci-local-recovery/rerun_workspace/data/voc2007/VOCdevkit/VOC2007/JPEGImages/000978.jpg,person,person,"[""person"",""horse""]",3,1.0,0.24416883289813995,0.24832506477832794,-0.38184458017349243,0.2563612759113312,1
167,009804,/Users/von/Projects/cci-local-recovery/rerun_workspace/data/voc2007/VOCdevkit/VOC2007/JPEGImages/009804.jpg,car,car,"[""car"",""person""]",2,0.1111111119389534,0.4968612492084503,0.5037768483161926,-0.20639020204544067,0.49136510491371155,1
168,007700,/Users/von/Projects/cci-local-recovery/rerun_workspace/data/voc2007/VOCdevkit/VOC2007/JPEGImages/007700.jpg,person,person,"[""person"",""bottle""]",0,0.20000000298023224,0.5949926376342773,0.6051205396652222,-0.5080875158309937,0.1801549196243286,2
169,008400,/Users/von/Projects/cci-local-recovery/rerun_workspace/data/voc2007/VOCdevkit/VOC2007/JPEGImages/008400.jpg,person,person,"[""person"",""bottle""]",5,1.0,0.033915698528289795,0.034493010491132736,-0.24731306731700897,0.5161821842193604,1
170,007937,/Users/von/Projects/cci-local-recovery/rerun_workspace/data/voc2007/VOCdevkit/VOC2007/JPEGImages/007937.jpg,sofa,sofa,"[""sofa"",""bicycle"",""bottle""]",4,1.0,1.4899823665618896,1.5140923261642456,1.4032618999481201,1.760266661643982,1
171,007573,/Users/von/Projects/cci-local-recovery/rerun_workspace/data/voc2007/VOCdevkit/VOC2007/JPEGImages/007573.jpg,bus,bus,"[""bus"",""person""]",4,0.8571428656578064,3.138190746307373,3.189520835876465,1.461374044418335,3.177251100540161,1
172,002582,/Users/von/Projects/cci-local-recovery/rerun_workspace/data/voc2007/VOCdevkit/VOC2007/JPEGImages/002582.jpg,train,train,"[""train"",""person""]",5,0.5,0.499711275100708,0.5069692730903625,0.3017663061618805,0.7715399265289307,1
173,001169,/Users/von/Projects/cci-local-recovery/rerun_workspace/data/voc2007/VOCdevkit/VOC2007/JPEGImages/001169.jpg,person,person,"[""person"",""chair"",""diningtable""]",5,0.1666666716337204,0.2288573831319809,0.2327529788017273,-0.3754829168319702,0.09363105893135071,2
174,006312,/Users/von/Projects/cci-local-recovery/rerun_workspace/data/voc2007/VOCdevkit/VOC2007/JPEGImages/006312.jpg,bicycle,bicycle,"[""bicycle"",""person""]",3,0.5,2.553694725036621,2.5915703773498535,1.9339139461517334,3.1154963970184326,1
175,008264,/Users/von/Projects/cci-local-recovery/rerun_workspace/data/voc2007/VOCdevkit/VOC2007/JPEGImages/008264.jpg,bus,bus,"[""bus"",""car"",""person""]",7,0.0,0.09250863641500473,0.0940217673778534,-0.45204874873161316,0.07270678877830505,1
176,000085,/Users/von/Projects/cci-local-recovery/rerun_workspace/data/voc2007/VOCdevkit/VOC2007/JPEGImages/000085.jpg,person,person,"[""person"",""chair"",""diningtable""]",5,0.7142857313156128,0.61710125207901,0.6276054978370667,0.08357357978820801,0.44974827766418457,1
177,006050,/Users/von/Projects/cci-local-recovery/rerun_workspace/data/voc2007/VOCdevkit/VOC2007/JPEGImages/006050.jpg,chair,chair,"[""chair"",""person""]",1,0.8181818127632141,2.367417097091675,2.402343273162842,0.5235022306442261,1.075701355934143,1
178,007967,/Users/von/Projects/cci-local-recovery/rerun_workspace/data/voc2007/VOCdevkit/VOC2007/JPEGImages/007967.jpg,person,person,"[""person"",""car""]",2,0.375,0.5977120995521545,0.6078863143920898,-0.6354659795761108,0.9212441444396973,1
179,005339,/Users/von/Projects/cci-local-recovery/rerun_workspace/data/voc2007/VOCdevkit/VOC2007/JPEGImages/005339.jpg,cow,cow,"[""cow"",""horse""]",3,0.5833333134651184,0.7582016587257385,0.7676339745521545,0.11820369958877563,0.3401011824607849,1
180,006795,/Users/von/Projects/cci-local-recovery/rerun_workspace/data/voc2007/VOCdevkit/VOC2007/JPEGImages/006795.jpg,chair,chair,"[""chair"",""pottedplant"",""sofa""]",4,1.0,1.0542962551116943,1.0698500871658325,0.22283190488815308,0.7891907691955566,1
181,001626,/Users/von/Projects/cci-local-recovery/rerun_workspace/data/voc2007/VOCdevkit/VOC2007/JPEGImages/001626.jpg,bus,bus,"[""bus"",""car"",""person""]",4,0.1666666716337204,0.6593431234359741,0.6701277494430542,-0.12801295518875122,0.6998265385627747,1
182,007423,/Users/von/Projects/cci-local-recovery/rerun_workspace/data/voc2007/VOCdevkit/VOC2007/JPEGImages/007423.jpg,person,person,"[""person"",""car""]",2,0.0,0.2302936166524887,0.2342136651277542,-0.9485531449317932,-0.3633790612220764,1
183,008875,/Users/von/Projects/cci-local-recovery/rerun_workspace/data/voc2007/VOCdevkit/VOC2007/JPEGImages/008875.jpg,cat,cat,"[""cat"",""dog""]",3,0.75,0.8452816605567932,0.8582785725593567,0.4894636869430542,1.0815048217773438,1
184,006608,/Users/von/Projects/cci-local-recovery/rerun_workspace/data/voc2007/VOCdevkit/VOC2007/JPEGImages/006608.jpg,bicycle,bicycle,"[""bicycle"",""person""]",5,1.0,0.7003138661384583,0.7107006907463074,-0.1276962161064148,0.553808331489563,1
185,006313,/Users/von/Projects/cci-local-recovery/rerun_workspace/data/voc2007/VOCdevkit/VOC2007/JPEGImages/006313.jpg,person,person,"[""person"",""sofa"",""tvmonitor""]",6,0.4000000059604645,1.37614905834198,1.399573802947998,-0.71712327003479,0.9271129965782166,1
186,005180,/Users/von/Projects/cci-local-recovery/rerun_workspace/data/voc2007/VOCdevkit/VOC2007/JPEGImages/005180.jpg,chair,chair,"[""chair"",""pottedplant""]",2,0.5,0.37591859698295593,0.3814644515514374,-1.1431881189346313,-0.27377787232398987,1
187,002885,/Users/von/Projects/cci-local-recovery/rerun_workspace/data/voc2007/VOCdevkit/VOC2007/JPEGImages/002885.jpg,sofa,sofa,"[""sofa"",""chair"",""person""]",2,0.3333333432674408,0.9283598065376282,0.9433819651603699,0.12512874603271484,0.7949845790863037,1
188,004342,/Users/von/Projects/cci-local-recovery/rerun_workspace/data/voc2007/VOCdevkit/VOC2007/JPEGImages/004342.jpg,person,person,"[""person"",""tvmonitor""]",7,1.0,0.3229523003101349,0.3284495770931244,-0.5000429153442383,-0.1744372546672821,1
189,004324,/Users/von/Projects/cci-local-recovery/rerun_workspace/data/voc2007/VOCdevkit/VOC2007/JPEGImages/004324.jpg,train,train,"[""train"",""person""]",5,1.0,0.22647717595100403,0.2297666370868683,-0.2879035174846649,0.0116233229637146,1
190,002137,/Users/von/Projects/cci-local-recovery/rerun_workspace/data/voc2007/VOCdevkit/VOC2007/JPEGImages/002137.jpg,sheep,sheep,"[""sheep"",""person""]",2,1.0,2.2561750411987305,2.2889626026153564,2.3001065254211426,3.098738431930542,1
191,006897,/Users/von/Projects/cci-local-recovery/rerun_workspace/data/voc2007/VOCdevkit/VOC2007/JPEGImages/006897.jpg,horse,horse,"[""horse"",""person""]",1,0.1538461595773697,1.1287105083465576,1.1418540477752686,-0.23657763004302979,0.15036433935165405,1
192,004925,/Users/von/Projects/cci-local-recovery/rerun_workspace/data/voc2007/VOCdevkit/VOC2007/JPEGImages/004925.jpg,person,person,"[""person"",""dog""]",2,1.0,0.23552139103412628,0.23953042924404144,-0.14589236676692963,0.19444969296455383,1
193,000649,/Users/von/Projects/cci-local-recovery/rerun_workspace/data/voc2007/VOCdevkit/VOC2007/JPEGImages/000649.jpg,car,car,"[""car"",""person""]",3,0.5,1.8390501737594604,1.8646471500396729,0.21892225742340088,1.7324508428573608,1
194,005333,/Users/von/Projects/cci-local-recovery/rerun_workspace/data/voc2007/VOCdevkit/VOC2007/JPEGImages/005333.jpg,car,car,"[""car"",""person""]",0,0.75,3.807264566421509,3.8602564334869385,2.368865728378296,4.849532604217529,1
195,008864,/Users/von/Projects/cci-local-recovery/rerun_workspace/data/voc2007/VOCdevkit/VOC2007/JPEGImages/008864.jpg,sofa,sofa,"[""sofa"",""chair"",""person""]",2,0.0,0.4551079571247101,0.46247223019599915,-0.8213845491409302,0.0664609968662262,2
196,005777,/Users/von/Projects/cci-local-recovery/rerun_workspace/data/voc2007/VOCdevkit/VOC2007/JPEGImages/005777.jpg,person,person,"[""person"",""bicycle""]",7,1.0,0.04274703562259674,0.043474674224853516,-0.3222634792327881,-0.00865267962217331,1
197,002617,/Users/von/Projects/cci-local-recovery/rerun_workspace/data/voc2007/VOCdevkit/VOC2007/JPEGImages/002617.jpg,chair,chair,"[""chair"",""tvmonitor""]",7,0.1428571492433548,0.8278324604034424,0.8400453329086304,-0.0951075553894043,0.7635778784751892,1
198,003221,/Users/von/Projects/cci-local-recovery/rerun_workspace/data/voc2007/VOCdevkit/VOC2007/JPEGImages/003221.jpg,sofa,sofa,"[""sofa"",""chair"",""pottedplant""]",6,0.8571428656578064,0.7198846936225891,0.7315334677696228,0.26408150792121887,1.0589947700500488,1
199,000819,/Users/von/Projects/cci-local-recovery/rerun_workspace/data/voc2007/VOCdevkit/VOC2007/JPEGImages/000819.jpg,person,person,"[""person"",""bicycle""]",2,1.0,0.6545063853263855,0.6656473278999329,-0.6987568736076355,0.05954575538635254,1
200,008745,/Users/von/Projects/cci-local-recovery/rerun_workspace/data/voc2007/VOCdevkit/VOC2007/JPEGImages/008745.jpg,bicycle,bicycle,"[""bicycle"",""person""]",2,0.8571428656578064,2.699859380722046,2.739902973175049,-0.589867115020752,2.7387239933013916,1
201,001646,/Users/von/Projects/cci-local-recovery/rerun_workspace/data/voc2007/VOCdevkit/VOC2007/JPEGImages/001646.jpg,boat,boat,"[""boat"",""person""]",6,0.0,0.18466563522815704,0.1875685751438141,-0.13003641366958618,0.030557841062545776,1
202,006144,/Users/von/Projects/cci-local-recovery/rerun_workspace/data/voc2007/VOCdevkit/VOC2007/JPEGImages/006144.jpg,tvmonitor,tvmonitor,"[""tvmonitor"",""cat""]",3,1.0,0.5324109196662903,0.5416485071182251,0.28258731961250305,0.9223642349243164,1
203,000497,/Users/von/Projects/cci-local-recovery/rerun_workspace/data/voc2007/VOCdevkit/VOC2007/JPEGImages/000497.jpg,motorbike,motorbike,"[""motorbike"",""person""]",6,0.5,0.2126433104276657,0.2157994508743286,-0.4158899784088135,-0.05631247162818909,1
204,007625,/Users/von/Projects/cci-local-recovery/rerun_workspace/data/voc2007/VOCdevkit/VOC2007/JPEGImages/007625.jpg,person,person,"[""person"",""dog""]",0,0.0,-0.09093455225229263,-0.09248243272304535,-0.36499345302581787,-0.016440704464912415,1
205,005758,/Users/von/Projects/cci-local-recovery/rerun_workspace/data/voc2007/VOCdevkit/VOC2007/JPEGImages/005758.jpg,diningtable,diningtable,"[""diningtable"",""person""]",7,1.0,0.6382519602775574,0.647092342376709,-0.05054736137390137,0.46285006403923035,1
206,005721,/Users/von/Projects/cci-local-recovery/rerun_workspace/data/voc2007/VOCdevkit/VOC2007/JPEGImages/005721.jpg,sofa,sofa,"[""sofa"",""bottle"",""person""]",4,0.0,0.21620754897594452,0.21970608830451965,-0.018595561385154724,0.12421736121177673,1
207,006093,/Users/von/Projects/cci-local-recovery/rerun_workspace/data/voc2007/VOCdevkit/VOC2007/JPEGImages/006093.jpg,person,person,"[""person"",""bottle"",""chair"",""diningtable""]",2,0.0,0.7339295744895935,0.7464224696159363,-0.3468908667564392,-0.09244382381439209,1
208,009683,/Users/von/Projects/cci-local-recovery/rerun_workspace/data/voc2007/VOCdevkit/VOC2007/JPEGImages/009683.jpg,bus,bus,"[""bus"",""car""]",0,0.375,-0.05509278178215027,-0.05599391087889671,-0.7008793950080872,-0.3185464143753052,1
209,008895,/Users/von/Projects/cci-local-recovery/rerun_workspace/data/voc2007/VOCdevkit/VOC2007/JPEGImages/008895.jpg,bus,bus,"[""bus"",""bicycle"",""car"",""person""]",3,1.0,4.634239673614502,4.710040092468262,3.6244616508483887,5.749931335449219,1
210,002389,/Users/von/Projects/cci-local-recovery/rerun_workspace/data/voc2007/VOCdevkit/VOC2007/JPEGImages/002389.jpg,diningtable,diningtable,"[""diningtable"",""bottle"",""chair""]",1,1.0,0.6056334972381592,0.6140220761299133,1.2031898498535156,1.8615648746490479,2
211,007862,/Users/von/Projects/cci-local-recovery/rerun_workspace/data/voc2007/VOCdevkit/VOC2007/JPEGImages/007862.jpg,sofa,sofa,"[""sofa"",""bottle"",""person""]",4,1.0,1.3633075952529907,1.3853678703308105,0.09783446788787842,1.2784157991409302,1
212,009854,/Users/von/Projects/cci-local-recovery/rerun_workspace/data/voc2007/VOCdevkit/VOC2007/JPEGImages/009854.jpg,diningtable,diningtable,"[""diningtable"",""chair"",""person"",""pottedplant""]",0,0.8571428656578064,1.6971728801727295,1.7206802368164062,0.6798423528671265,1.2312484979629517,1
213,003902,/Users/von/Projects/cci-local-recovery/rerun_workspace/data/voc2007/VOCdevkit/VOC2007/JPEGImages/003902.jpg,diningtable,diningtable,"[""diningtable"",""chair""]",7,0.75,0.41457700729370117,0.4203192889690399,0.26691240072250366,0.4331878125667572,1
214,005546,/Users/von/Projects/cci-local-recovery/rerun_workspace/data/voc2007/VOCdevkit/VOC2007/JPEGImages/005546.jpg,person,person,"[""person"",""car""]",7,0.0,0.06201314926147461,0.06306873261928558,-0.03731360286474228,0.13462117314338684,1
215,000634,/Users/von/Projects/cci-local-recovery/rerun_workspace/data/voc2007/VOCdevkit/VOC2007/JPEGImages/000634.jpg,car,car,"[""car"",""person""]",2,0.5,1.1259117126464844,1.1415828466415405,1.1179261207580566,1.757460355758667,1
216,007835,/Users/von/Projects/cci-local-recovery/rerun_workspace/data/voc2007/VOCdevkit/VOC2007/JPEGImages/007835.jpg,chair,chair,"[""chair"",""car"",""person"",""tvmonitor""]",4,0.0,0.6001380085945129,0.6089917421340942,0.14745622873306274,0.3999941349029541,1
217,000658,/Users/von/Projects/cci-local-recovery/rerun_workspace/data/voc2007/VOCdevkit/VOC2007/JPEGImages/000658.jpg,sofa,sofa,"[""sofa"",""cat""]",7,0.5714285969734192,1.2108060121536255,1.2303985357284546,0.8307837843894958,1.196467638015747,1
218,003222,/Users/von/Projects/cci-local-recovery/rerun_workspace/data/voc2007/VOCdevkit/VOC2007/JPEGImages/003222.jpg,horse,horse,"[""horse"",""person""]",7,1.0,1.4659785032272339,1.4830495119094849,-0.10419774055480957,1.0805273056030273,1
219,006620,/Users/von/Projects/cci-local-recovery/rerun_workspace/data/voc2007/VOCdevkit/VOC2007/JPEGImages/006620.jpg,person,person,"[""person"",""bicycle""]",1,0.8888888955116272,1.131716012954712,1.150979995727539,0.25907081365585327,1.3392935991287231,1
220,008167,/Users/von/Projects/cci-local-recovery/rerun_workspace/data/voc2007/VOCdevkit/VOC2007/JPEGImages/008167.jpg,pottedplant,pottedplant,"[""pottedplant"",""dog""]",7,0.5,3.1308984756469727,3.173861026763916,2.8634462356567383,3.565319776535034,1
221,003512,/Users/von/Projects/cci-local-recovery/rerun_workspace/data/voc2007/VOCdevkit/VOC2007/JPEGImages/003512.jpg,car,car,"[""car"",""person""]",6,0.0,0.02721858210861683,0.027597427368164062,-0.3308250308036804,0.030186455696821213,1
222,003794,/Users/von/Projects/cci-local-recovery/rerun_workspace/data/voc2007/VOCdevkit/VOC2007/JPEGImages/003794.jpg,dog,dog,"[""dog"",""person""]",1,0.0,0.15322436392307281,0.15537703037261963,-0.19590535759925842,-0.03567737340927124,1
223,007228,/Users/von/Projects/cci-local-recovery/rerun_workspace/data/voc2007/VOCdevkit/VOC2007/JPEGImages/007228.jpg,diningtable,diningtable,"[""diningtable"",""chair"",""person""]",1,0.10000000149011612,0.4965018332004547,0.5033788084983826,-0.5434078574180603,0.48558351397514343,2
224,005412,/Users/von/Projects/cci-local-recovery/rerun_workspace/data/voc2007/VOCdevkit/VOC2007/JPEGImages/005412.jpg,chair,chair,"[""chair"",""person""]",5,0.5555555820465088,0.591688871383667,0.600417971611023,-0.2719324231147766,0.5862118005752563,1
225,005848,/Users/von/Projects/cci-local-recovery/rerun_workspace/data/voc2007/VOCdevkit/VOC2007/JPEGImages/005848.jpg,bicycle,bicycle,"[""bicycle"",""person""]",1,1.0,0.47924286127090454,0.4863508641719818,0.2366170734167099,0.4088871479034424,1
226,002602,/Users/von/Projects/cci-local-recovery/rerun_workspace/data/voc2007/VOCdevkit/VOC2007/JPEGImages/002602.jpg,motorbike,motorbike,"[""motorbike"",""car"",""person""]",1,1.0,3.9964609146118164,4.0557780265808105,1.8358244895935059,3.950981616973877,1
227,003025,/Users/von/Projects/cci-local-recovery/rerun_workspace/data/voc2007/VOCdevkit/VOC2007/JPEGImages/003025.jpg,sheep,sheep,"[""sheep"",""person""]",1,1.0,0.2661997675895691,0.27006828784942627,0.2679072320461273,0.7899007201194763,1
228,006581,/Users/von/Projects/cci-local-recovery/rerun_workspace/data/voc2007/VOCdevkit/VOC2007/JPEGImages/006581.jpg,bicycle,bicycle,"[""bicycle"",""car""]",7,0.6666666865348816,1.559735894203186,1.5828694105148315,-0.8051580190658569,1.3610363006591797,1
229,007598,/Users/von/Projects/cci-local-recovery/rerun_workspace/data/voc2007/VOCdevkit/VOC2007/JPEGImages/007598.jpg,person,person,"[""person"",""bottle""]",0,1.0,0.9140031337738037,0.9295612573623657,0.060949862003326416,0.6596100330352783,1
230,003123,/Users/von/Projects/cci-local-recovery/rerun_workspace/data/voc2007/VOCdevkit/VOC2007/JPEGImages/003123.jpg,diningtable,diningtable,"[""diningtable"",""chair"",""person""]",5,1.0,0.6923660039901733,0.7019559144973755,0.44661322236061096,0.714891791343689,1
231,008196,/Users/von/Projects/cci-local-recovery/rerun_workspace/data/voc2007/VOCdevkit/VOC2007/JPEGImages/008196.jpg,chair,chair,"[""chair"",""person"",""pottedplant""]",2,0.0,0.5552536249160767,0.5634452104568481,0.0652787983417511,0.5134742856025696,1
232,003884,/Users/von/Projects/cci-local-recovery/rerun_workspace/data/voc2007/VOCdevkit/VOC2007/JPEGImages/003884.jpg,person,person,"[""person"",""sofa""]",2,1.0,0.1286877989768982,0.13087831437587738,-0.2294328361749649,0.10320393741130829,1
233,009844,/Users/von/Projects/cci-local-recovery/rerun_workspace/data/voc2007/VOCdevkit/VOC2007/JPEGImages/009844.jpg,train,train,"[""train"",""person""]",0,0.5,0.7443139553070068,0.7551246881484985,-0.497334361076355,0.5251264572143555,1
234,005491,/Users/von/Projects/cci-local-recovery/rerun_workspace/data/voc2007/VOCdevkit/VOC2007/JPEGImages/005491.jpg,person,person,"[""person"",""bottle"",""diningtable""]",2,0.125,0.5578791499137878,0.5673753619194031,-0.14553147554397583,0.0977042019367218,1
235,001564,/Users/von/Projects/cci-local-recovery/rerun_workspace/data/voc2007/VOCdevkit/VOC2007/JPEGImages/001564.jpg,person,person,"[""person"",""diningtable""]",4,1.0,0.051090434193611145,0.051960092037916183,-0.038814153522253036,0.30241650342941284,1
236,000922,/Users/von/Projects/cci-local-recovery/rerun_workspace/data/voc2007/VOCdevkit/VOC2007/JPEGImages/000922.jpg,person,person,"[""person"",""train""]",4,1.0,0.26209139823913574,0.26655271649360657,0.9096289873123169,1.7146613597869873,1
237,003251,/Users/von/Projects/cci-local-recovery/rerun_workspace/data/voc2007/VOCdevkit/VOC2007/JPEGImages/003251.jpg,diningtable,diningtable,"[""diningtable"",""chair""]",0,0.800000011920929,0.5845730900764465,0.5926699638366699,0.899520754814148,1.200109601020813,1
238,008897,/Users/von/Projects/cci-local-recovery/rerun_workspace/data/voc2007/VOCdevkit/VOC2007/JPEGImages/008897.jpg,person,person,"[""person"",""chair"",""tvmonitor""]",2,0.8571428656578064,0.8584688305854797,0.873081624507904,0.056221067905426025,1.0523550510406494,1
239,002408,/Users/von/Projects/cci-local-recovery/rerun_workspace/data/voc2007/VOCdevkit/VOC2007/JPEGImages/002408.jpg,dog,dog,"[""dog"",""sofa""]",6,1.0,0.3590053915977478,0.3640490770339966,0.0019060075283050537,0.39027708768844604,1
240,000277,/Users/von/Projects/cci-local-recovery/rerun_workspace/data/voc2007/VOCdevkit/VOC2007/JPEGImages/000277.jpg,sofa,sofa,"[""sofa"",""bottle""]",0,0.8181818127632141,2.94553804397583,2.9932010173797607,1.728476643562317,3.0868325233459473,1
241,009957,/Users/von/Projects/cci-local-recovery/rerun_workspace/data/voc2007/VOCdevkit/VOC2007/JPEGImages/009957.jpg,horse,horse,"[""horse"",""person""]",0,1.0,3.0875632762908936,3.1235172748565674,0.8369026184082031,3.4732141494750977,1
242,006435,/Users/von/Projects/cci-local-recovery/rerun_workspace/data/voc2007/VOCdevkit/VOC2007/JPEGImages/006435.jpg,car,car,"[""car"",""tvmonitor""]",6,0.2222222238779068,0.27108800411224365,0.2748611867427826,-0.4633654057979584,0.38875269889831543,1
243,003762,/Users/von/Projects/cci-local-recovery/rerun_workspace/data/voc2007/VOCdevkit/VOC2007/JPEGImages/003762.jpg,dog,dog,"[""dog"",""person""]",6,1.0,3.5532822608947754,3.6032025814056396,1.455897569656372,4.30153751373291,1
244,002081,/Users/von/Projects/cci-local-recovery/rerun_workspace/data/voc2007/VOCdevkit/VOC2007/JPEGImages/002081.jpg,tvmonitor,tvmonitor,"[""tvmonitor"",""chair""]",4,0.625,5.174976825714111,5.26476526260376,2.9894049167633057,4.492181777954102,1
245,008590,/Users/von/Projects/cci-local-recovery/rerun_workspace/data/voc2007/VOCdevkit/VOC2007/JPEGImages/008590.jpg,boat,boat,"[""boat"",""bird""]",1,0.2857142984867096,0.5898721814155579,0.5991449952125549,0.49097853899002075,1.1477656364440918,1
246,004781,/Users/von/Projects/cci-local-recovery/rerun_workspace/data/voc2007/VOCdevkit/VOC2007/JPEGImages/004781.jpg,chair,chair,"[""chair"",""tvmonitor""]",4,0.0,0.026405759155750275,0.026795318350195885,-0.9122621417045593,-0.3611443340778351,2
247,001419,/Users/von/Projects/cci-local-recovery/rerun_workspace/data/voc2007/VOCdevkit/VOC2007/JPEGImages/001419.jpg,person,person,"[""person"",""chair""]",4,0.5714285969734192,0.2516743540763855,0.25595834851264954,-0.3921841084957123,0.18255186080932617,1
248,008128,/Users/von/Projects/cci-local-recovery/rerun_workspace/data/voc2007/VOCdevkit/VOC2007/JPEGImages/008128.jpg,bicycle,bicycle,"[""bicycle"",""person""]",7,0.2857142984867096,0.4573637843132019,0.46414726972579956,-0.02275782823562622,0.2337271124124527,1
249,007341,/Users/von/Projects/cci-local-recovery/rerun_workspace/data/voc2007/VOCdevkit/VOC2007/JPEGImages/007341.jpg,aeroplane,aeroplane,"[""aeroplane"",""person""]",2,1.0,3.824463129043579,3.9049346446990967,1.8325185775756836,4.151253700256348,1
250,006145,/Users/von/Projects/cci-local-recovery/rerun_workspace/data/voc2007/VOCdevkit/VOC2007/JPEGImages/006145.jpg,person,person,"[""person"",""chair""]",1,1.0,0.10802431404590607,0.10986309498548508,-0.36919206380844116,-0.11864342540502548,2
251,005125,/Users/von/Projects/cci-local-recovery/rerun_workspace/data/voc2007/VOCdevkit/VOC2007/JPEGImages/005125.jpg,car,car,"[""car"",""person""]",0,1.0,0.6037680506706238,0.6121716499328613,-0.33029794692993164,0.33995863795280457,1
252,009361,/Users/von/Projects/cci-local-recovery/rerun_workspace/data/voc2007/VOCdevkit/VOC2007/JPEGImages/009361.jpg,motorbike,motorbike,"[""motorbike"",""person""]",0,0.0,0.2100486308336258,0.2131662666797638,-0.4300898015499115,0.16387909650802612,1
253,005767,/Users/von/Projects/cci-local-recovery/rerun_workspace/data/voc2007/VOCdevkit/VOC2007/JPEGImages/005767.jpg,sofa,sofa,"[""sofa"",""chair""]",7,1.0,5.188960075378418,5.272924900054932,4.40920877456665,5.799234390258789,1
254,002532,/Users/von/Projects/cci-local-recovery/rerun_workspace/data/voc2007/VOCdevkit/VOC2007/JPEGImages/002532.jpg,train,train,"[""train"",""car""]",1,0.0,0.5534002780914307,0.5614380836486816,-0.013405382633209229,0.33751505613327026,1
255,000151,/Users/von/Projects/cci-local-recovery/rerun_workspace/data/voc2007/VOCdevkit/VOC2007/JPEGImages/000151.jpg,person,person,"[""person"",""bottle""]",0,1.0,0.6210530400276184,0.6316245794296265,1.0211572647094727,1.5948143005371094,1
256,005754,/Users/von/Projects/cci-local-recovery/rerun_workspace/data/voc2007/VOCdevkit/VOC2007/JPEGImages/005754.jpg,sofa,sofa,"[""sofa"",""chair"",""person"",""pottedplant"",""tvmonitor""]",5,0.8571428656578064,1.3583683967590332,1.3803486824035645,1.1495451927185059,1.473154067993164,1
257,007195,/Users/von/Projects/cci-local-recovery/rerun_workspace/data/voc2007/VOCdevkit/VOC2007/JPEGImages/007195.jpg,person,person,"[""person"",""train""]",6,0.0,0.18836387991905212,0.1915701925754547,-0.3377819359302521,0.20465637743473053,1
258,007179,/Users/von/Projects/cci-local-recovery/rerun_workspace/data/voc2007/VOCdevkit/VOC2007/JPEGImages/007179.jpg,person,person,"[""person"",""car""]",5,1.0,0.33735403418540955,0.34309646487236023,-0.21803370118141174,0.22213783860206604,1
259,002692,/Users/von/Projects/cci-local-recovery/rerun_workspace/data/voc2007/VOCdevkit/VOC2007/JPEGImages/002692.jpg,horse,horse,"[""horse"",""person""]",0,0.75,4.68203067779541,4.736551761627197,3.8883934020996094,5.727598190307617,1
260,002429,/Users/von/Projects/cci-local-recovery/rerun_workspace/data/voc2007/VOCdevkit/VOC2007/JPEGImages/002429.jpg,person,person,"[""person"",""bottle""]",6,0.5555555820465088,0.5849464535713196,0.5949033498764038,-0.4212576150894165,0.3568258583545685,1
261,004666,/Users/von/Projects/cci-local-recovery/rerun_workspace/data/voc2007/VOCdevkit/VOC2007/JPEGImages/004666.jpg,bus,bus,"[""bus"",""person""]",4,0.8888888955116272,2.948822021484375,2.9970548152923584,1.6571464538574219,2.626551389694214,1
262,002235,/Users/von/Projects/cci-local-recovery/rerun_workspace/data/voc2007/VOCdevkit/VOC2007/JPEGImages/002235.jpg,person,person,"[""person"",""bottle""]",5,1.0,0.5222829580307007,0.5311732292175293,-0.8214818239212036,-0.046787261962890625,1
263,009744,/Users/von/Projects/cci-local-recovery/rerun_workspace/data/voc2007/VOCdevkit/VOC2007/JPEGImages/009744.jpg,person,person,"[""person"",""dog""]",6,0.0,0.08930862694978714,0.09082883596420288,-0.051700860261917114,0.08134615421295166,1
264,001508,/Users/von/Projects/cci-local-recovery/rerun_workspace/data/voc2007/VOCdevkit/VOC2007/JPEGImages/001508.jpg,cow,cow,"[""cow"",""bird""]",3,1.0,7.703702926635742,7.799539566040039,3.2374682426452637,7.670647621154785,1
265,007989,/Users/von/Projects/cci-local-recovery/rerun_workspace/data/voc2007/VOCdevkit/VOC2007/JPEGImages/007989.jpg,diningtable,diningtable,"[""diningtable"",""chair""]",6,0.0,0.6738076210021973,0.6831404566764832,0.18754059076309204,0.6848298907279968,1
266,008147,/Users/von/Projects/cci-local-recovery/rerun_workspace/data/voc2007/VOCdevkit/VOC2007/JPEGImages/008147.jpg,horse,horse,"[""horse"",""person""]",3,0.0714285746216774,0.42082133889198303,0.4257217049598694,-0.06301179528236389,0.17761199176311493,1
267,008516,/Users/von/Projects/cci-local-recovery/rerun_workspace/data/voc2007/VOCdevkit/VOC2007/JPEGImages/008516.jpg,cat,cat,"[""cat"",""bottle""]",0,1.0,0.6479116082191467,0.6578737497329712,-0.9018003940582275,-0.1226148009300232,1
268,002673,/Users/von/Projects/cci-local-recovery/rerun_workspace/data/voc2007/VOCdevkit/VOC2007/JPEGImages/002673.jpg,sofa,sofa,"[""sofa"",""person""]",0,1.0,0.7203171253204346,0.731972873210907,0.2273479700088501,0.7330018877983093,1
269,007903,/Users/von/Projects/cci-local-recovery/rerun_workspace/data/voc2007/VOCdevkit/VOC2007/JPEGImages/007903.jpg,sofa,sofa,"[""sofa"",""person""]",2,0.9090909361839294,1.2147810459136963,1.2344379425048828,0.34698086977005005,0.8317879438400269,1
270,002072,/Users/von/Projects/cci-local-recovery/rerun_workspace/data/voc2007/VOCdevkit/VOC2007/JPEGImages/002072.jpg,horse,horse,"[""horse"",""person""]",7,1.0,0.16385336220264435,0.16576139628887177,-0.11230732500553131,0.03853964805603027,2
271,007335,/Users/von/Projects/cci-local-recovery/rerun_workspace/data/voc2007/VOCdevkit/VOC2007/JPEGImages/007335.jpg,chair,chair,"[""chair"",""pottedplant""]",2,0.0,2.2434988021850586,2.276596784591675,-0.06718993186950684,0.31750261783599854,1
272,009171,/Users/von/Projects/cci-local-recovery/rerun_workspace/data/voc2007/VOCdevkit/VOC2007/JPEGImages/009171.jpg,diningtable,diningtable,"[""diningtable"",""bottle"",""person""]",7,1.0,0.6441906094551086,0.6531132459640503,-0.12753617763519287,0.5696933269500732,1
273,001302,/Users/von/Projects/cci-local-recovery/rerun_workspace/data/voc2007/VOCdevkit/VOC2007/JPEGImages/001302.jpg,diningtable,diningtable,"[""diningtable"",""chair""]",3,1.0,0.42335250973701477,0.42921632528305054,-0.8516082167625427,0.13250917196273804,1
274,001916,/Users/von/Projects/cci-local-recovery/rerun_workspace/data/voc2007/VOCdevkit/VOC2007/JPEGImages/001916.jpg,person,person,"[""person"",""motorbike""]",7,0.0,0.6127877831459045,0.6232185959815979,-0.177659809589386,0.2062065303325653,1
275,005570,/Users/von/Projects/cci-local-recovery/rerun_workspace/data/voc2007/VOCdevkit/VOC2007/JPEGImages/005570.jpg,person,person,"[""person"",""bottle""]",3,1.0,0.21524514257907867,0.21890904009342194,-0.33209407329559326,-0.01812627911567688,1
276,006745,/Users/von/Projects/cci-local-recovery/rerun_workspace/data/voc2007/VOCdevkit/VOC2007/JPEGImages/006745.jpg,chair,chair,"[""chair"",""sofa"",""tvmonitor""]",0,0.800000011920929,0.30350807309150696,0.30798566341400146,-0.07156109809875488,0.3213346600532532,2
277,001267,/Users/von/Projects/cci-local-recovery/rerun_workspace/data/voc2007/VOCdevkit/VOC2007/JPEGImages/001267.jpg,car,car,"[""car"",""person""]",1,0.0,0.7596102356910706,0.7701829671859741,0.021497666835784912,0.4470535218715668,1
278,001883,/Users/von/Projects/cci-local-recovery/rerun_workspace/data/voc2007/VOCdevkit/VOC2007/JPEGImages/001883.jpg,car,car,"[""car"",""person""]",1,1.0,0.41414618492126465,0.4199105203151703,-0.23768064379692078,0.6236045360565186,1
279,003736,/Users/von/Projects/cci-local-recovery/rerun_workspace/data/voc2007/VOCdevkit/VOC2007/JPEGImages/003736.jpg,chair,chair,"[""chair"",""bottle"",""person""]",2,0.875,0.8106627464294434,0.8226222991943359,0.041886091232299805,0.49118900299072266,1
280,004456,/Users/von/Projects/cci-local-recovery/rerun_workspace/data/voc2007/VOCdevkit/VOC2007/JPEGImages/004456.jpg,car,car,"[""car"",""person""]",4,0.75,0.8085479736328125,0.8198018670082092,-0.595832884311676,0.2796739339828491,1
281,003723,/Users/von/Projects/cci-local-recovery/rerun_workspace/data/voc2007/VOCdevkit/VOC2007/JPEGImages/003723.jpg,train,train,"[""train"",""motorbike"",""person""]",2,0.75,1.6774258613586426,1.7017894983291626,1.1345386505126953,1.9607900381088257,1
282,008788,/Users/von/Projects/cci-local-recovery/rerun_workspace/data/voc2007/VOCdevkit/VOC2007/JPEGImages/008788.jpg,bus,bus,"[""bus"",""car""]",0,0.9166666865348816,3.8798208236694336,3.943281412124634,3.755181312561035,5.010403633117676,1
283,008077,/Users/von/Projects/cci-local-recovery/rerun_workspace/data/voc2007/VOCdevkit/VOC2007/JPEGImages/008077.jpg,sofa,sofa,"[""sofa"",""person""]",2,1.0,0.47480565309524536,0.4824886620044708,-0.30434754490852356,0.23594848811626434,2
284,004738,/Users/von/Projects/cci-local-recovery/rerun_workspace/data/voc2007/VOCdevkit/VOC2007/JPEGImages/004738.jpg,motorbike,motorbike,"[""motorbike"",""person""]",6,0.75,5.8783345222473145,5.965583324432373,3.1258702278137207,5.710379123687744,1
285,005724,/Users/von/Projects/cci-local-recovery/rerun_workspace/data/voc2007/VOCdevkit/VOC2007/JPEGImages/005724.jpg,motorbike,motorbike,"[""motorbike"",""person""]",1,1.0,0.6702900528907776,0.6802387833595276,-0.01705724000930786,0.5430585741996765,1
286,007651,/Users/von/Projects/cci-local-recovery/rerun_workspace/data/voc2007/VOCdevkit/VOC2007/JPEGImages/007651.jpg,diningtable,diningtable,"[""diningtable"",""person""]",3,0.0,0.8537237048149109,0.8655485510826111,-0.24848872423171997,0.343330979347229,1
287,008954,/Users/von/Projects/cci-local-recovery/rerun_workspace/data/voc2007/VOCdevkit/VOC2007/JPEGImages/008954.jpg,chair,chair,"[""chair"",""tvmonitor""]",5,0.3333333432674408,0.6657071709632874,0.6755282282829285,0.013999104499816895,0.3857230544090271,1
288,002731,/Users/von/Projects/cci-local-recovery/rerun_workspace/data/voc2007/VOCdevkit/VOC2007/JPEGImages/002731.jpg,bicycle,bicycle,"[""bicycle"",""person""]",4,1.0,5.95176887512207,6.040043830871582,2.137570381164551,6.73976993560791,1
289,000567,/Users/von/Projects/cci-local-recovery/rerun_workspace/data/voc2007/VOCdevkit/VOC2007/JPEGImages/000567.jpg,person,person,"[""person"",""bicycle""]",7,1.0,0.256756991147995,0.2611275017261505,-0.3252011835575104,0.2599080502986908,1
290,001585,/Users/von/Projects/cci-local-recovery/rerun_workspace/data/voc2007/VOCdevkit/VOC2007/JPEGImages/001585.jpg,sofa,sofa,"[""sofa"",""bottle"",""person""]",7,1.0,0.2582433521747589,0.2624220848083496,0.14254039525985718,0.5029658675193787,1
291,005272,/Users/von/Projects/cci-local-recovery/rerun_workspace/data/voc2007/VOCdevkit/VOC2007/JPEGImages/005272.jpg,boat,boat,"[""boat"",""person""]",7,0.0,0.630593478679657,0.640506386756897,-0.08301806449890137,0.3354209065437317,1
292,003851,/Users/von/Projects/cci-local-recovery/rerun_workspace/data/voc2007/VOCdevkit/VOC2007/JPEGImages/003851.jpg,bicycle,bicycle,"[""bicycle"",""person""]",2,0.875,3.952860116958618,4.01148796081543,2.4720470905303955,5.471675872802734,1
293,002792,/Users/von/Projects/cci-local-recovery/rerun_workspace/data/voc2007/VOCdevkit/VOC2007/JPEGImages/002792.jpg,person,person,"[""person"",""chair"",""tvmonitor""]",7,1.0,0.2232905477285385,0.22709138691425323,-0.16012437641620636,0.06488402187824249,1
294,000529,/Users/von/Projects/cci-local-recovery/rerun_workspace/data/voc2007/VOCdevkit/VOC2007/JPEGImages/000529.jpg,boat,boat,"[""boat"",""car""]",4,0.6666666865348816,4.001106262207031,4.0640034675598145,3.404294729232788,5.041044235229492,1
295,001540,/Users/von/Projects/cci-local-recovery/rerun_workspace/data/voc2007/VOCdevkit/VOC2007/JPEGImages/001540.jpg,sofa,sofa,"[""sofa"",""pottedplant""]",5,0.4166666567325592,2.0700387954711914,2.1035349369049072,1.0235466957092285,1.5789268016815186,1
296,009328,/Users/von/Projects/cci-local-recovery/rerun_workspace/data/voc2007/VOCdevkit/VOC2007/JPEGImages/009328.jpg,sofa,sofa,"[""sofa"",""person""]",0,0.8333333134651184,1.475480079650879,1.499355435371399,0.6307618618011475,1.5343096256256104,1
297,001905,/Users/von/Projects/cci-local-recovery/rerun_workspace/data/voc2007/VOCdevkit/VOC2007/JPEGImages/001905.jpg,sofa,sofa,"[""sofa"",""pottedplant"",""tvmonitor""]",1,1.0,0.7499194145202637,0.7620541453361511,0.5732236504554749,1.0081262588500977,1
298,000570,/Users/von/Projects/cci-local-recovery/rerun_workspace/data/voc2007/VOCdevkit/VOC2007/JPEGImages/000570.jpg,motorbike,motorbike,"[""motorbike"",""person""]",5,0.5,0.19197604060173035,0.1948254406452179,-0.2979370951652527,-0.044592469930648804,1
299,003322,/Users/von/Projects/cci-local-recovery/rerun_workspace/data/voc2007/VOCdevkit/VOC2007/JPEGImages/003322.jpg,chair,chair,"[""chair"",""tvmonitor""]",0,0.0,2.7505011558532715,2.791078805923462,-0.3372480869293213,2.181514024734497,1
300,003012,/Users/von/Projects/cci-local-recovery/rerun_workspace/data/voc2007/VOCdevkit/VOC2007/JPEGImages/003012.jpg,person,person,"[""person"",""boat""]",5,0.0,0.13574950397014618,0.13806022703647614,-0.23218287527561188,0.050376199185848236,1
301,008708,/Users/von/Projects/cci-local-recovery/rerun_workspace/data/voc2007/VOCdevkit/VOC2007/JPEGImages/008708.jpg,person,person,"[""person"",""car""]",1,0.25,0.09978324919939041,0.10148175060749054,-0.19060353934764862,0.06437040865421295,1
302,000414,/Users/von/Projects/cci-local-recovery/rerun_workspace/data/voc2007/VOCdevkit/VOC2007/JPEGImages/000414.jpg,tvmonitor,tvmonitor,"[""tvmonitor"",""bottle"",""person""]",4,1.0,1.9469547271728516,1.9807353019714355,0.3442411422729492,1.9483332633972168,1
303,000247,/Users/von/Projects/cci-local-recovery/rerun_workspace/data/voc2007/VOCdevkit/VOC2007/JPEGImages/000247.jpg,person,person,"[""person"",""chair""]",7,0.1428571492433548,0.041381508111953735,0.04208590090274811,-1.141539216041565,-0.24402783811092377,2
304,003922,/Users/von/Projects/cci-local-recovery/rerun_workspace/data/voc2007/VOCdevkit/VOC2007/JPEGImages/003922.jpg,horse,horse,"[""horse"",""person""]",0,1.0,1.8219664096832275,1.8431828022003174,0.3093022108078003,1.8002945184707642,1
305,008945,/Users/von/Projects/cci-local-recovery/rerun_workspace/data/voc2007/VOCdevkit/VOC2007/JPEGImages/008945.jpg,diningtable,diningtable,"[""diningtable"",""person""]",3,1.0,0.9048497080802917,0.9173827171325684,0.6329456567764282,1.3777034282684326,2
306,005849,/Users/von/Projects/cci-local-recovery/rerun_workspace/data/voc2007/VOCdevkit/VOC2007/JPEGImages/005849.jpg,boat,boat,"[""boat"",""person""]",0,1.0,2.863934278488159,2.9089553356170654,2.167757272720337,3.9107909202575684,1
307,008689,/Users/von/Projects/cci-local-recovery/rerun_workspace/data/voc2007/VOCdevkit/VOC2007/JPEGImages/008689.jpg,motorbike,motorbike,"[""motorbike"",""person""]",3,1.0,1.005592942237854,1.02051842212677,0.7696255445480347,1.5050668716430664,1
308,009787,/Users/von/Projects/cci-local-recovery/rerun_workspace/data/voc2007/VOCdevkit/VOC2007/JPEGImages/009787.jpg,pottedplant,pottedplant,"[""pottedplant"",""dog""]",7,0.800000011920929,1.6666479110717773,1.689517855644226,1.0892186164855957,1.7564890384674072,1
309,000718,/Users/von/Projects/cci-local-recovery/rerun_workspace/data/voc2007/VOCdevkit/VOC2007/JPEGImages/000718.jpg,dog,dog,"[""dog"",""bicycle""]",2,0.20000000298023224,0.28537026047706604,0.28937944769859314,-1.7803162336349487,-0.07534727454185486,1
310,001856,/Users/von/Projects/cci-local-recovery/rerun_workspace/data/voc2007/VOCdevkit/VOC2007/JPEGImages/001856.jpg,diningtable,diningtable,"[""diningtable"",""chair"",""person""]",4,0.4000000059604645,1.1384872198104858,1.1542563438415527,0.8980817198753357,1.3781582117080688,1
311,005095,/Users/von/Projects/cci-local-recovery/rerun_workspace/data/voc2007/VOCdevkit/VOC2007/JPEGImages/005095.jpg,train,train,"[""train"",""person""]",5,0.0,1.391007900238037,1.4112114906311035,0.27192556858062744,1.3534351587295532,1
312,008045,/Users/von/Projects/cci-local-recovery/rerun_workspace/data/voc2007/VOCdevkit/VOC2007/JPEGImages/008045.jpg,diningtable,diningtable,"[""diningtable"",""chair"",""person""]",0,0.7777777910232544,0.3664645552635193,0.3715404272079468,-0.2872123122215271,0.31018269062042236,1
313,003928,/Users/von/Projects/cci-local-recovery/rerun_workspace/data/voc2007/VOCdevkit/VOC2007/JPEGImages/003928.jpg,diningtable,diningtable,"[""diningtable"",""bottle"",""chair"",""sofa""]",1,1.0,0.3570824861526489,0.3620283901691437,0.1633644700050354,0.39190343022346497,1
314,004072,/Users/von/Projects/cci-local-recovery/rerun_workspace/data/voc2007/VOCdevkit/VOC2007/JPEGImages/004072.jpg,person,person,"[""person"",""bottle"",""sheep""]",5,0.1666666716337204,0.3726023733615875,0.3789447844028473,-0.23173728585243225,0.2740752696990967,1
315,007623,/Users/von/Projects/cci-local-recovery/rerun_workspace/data/voc2007/VOCdevkit/VOC2007/JPEGImages/007623.jpg,horse,horse,"[""horse"",""person""]",2,1.0,0.33866530656814575,0.3426089882850647,-0.25376540422439575,0.21766281127929688,2
316,006816,/Users/von/Projects/cci-local-recovery/rerun_workspace/data/voc2007/VOCdevkit/VOC2007/JPEGImages/006816.jpg,sofa,sofa,"[""sofa"",""pottedplant""]",7,1.0,0.09244406968355179,0.09393994510173798,0.5991179943084717,0.7970187067985535,1
317,009677,/Users/von/Projects/cci-local-recovery/rerun_workspace/data/voc2007/VOCdevkit/VOC2007/JPEGImages/009677.jpg,bicycle,bicycle,"[""bicycle"",""chair""]",6,1.0,0.9361183047294617,0.9500025510787964,-0.08543264865875244,0.5506329536437988,1
318,001502,/Users/von/Projects/cci-local-recovery/rerun_workspace/data/voc2007/VOCdevkit/VOC2007/JPEGImages/001502.jpg,motorbike,motorbike,"[""motorbike"",""person""]",1,1.0,2.999504804611206,3.044024705886841,2.195552349090576,3.1520283222198486,1
319,003399,/Users/von/Projects/cci-local-recovery/rerun_workspace/data/voc2007/VOCdevkit/VOC2007/JPEGImages/003399.jpg,person,person,"[""person"",""bus""]",5,0.875,0.5948877930641174,0.6050139665603638,-0.4001336097717285,0.3456183075904846,1
320,002650,/Users/von/Projects/cci-local-recovery/rerun_workspace/data/voc2007/VOCdevkit/VOC2007/JPEGImages/002650.jpg,sofa,sofa,"[""sofa"",""car"",""chair""]",0,1.0,0.7703648805618286,0.7828304767608643,0.8183120489120483,1.1062036752700806,1
321,000467,/Users/von/Projects/cci-local-recovery/rerun_workspace/data/voc2007/VOCdevkit/VOC2007/JPEGImages/000467.jpg,person,person,"[""person"",""motorbike""]",7,0.25,0.023368848487734795,0.02376663126051426,-0.3918001055717468,0.035523757338523865,1
322,006002,/Users/von/Projects/cci-local-recovery/rerun_workspace/data/voc2007/VOCdevkit/VOC2007/JPEGImages/006002.jpg,person,person,"[""person"",""horse""]",4,0.0,1.137312889099121,1.1566721200942993,-0.052544355392456055,0.9993993043899536,1
323,006068,/Users/von/Projects/cci-local-recovery/rerun_workspace/data/voc2007/VOCdevkit/VOC2007/JPEGImages/006068.jpg,tvmonitor,tvmonitor,"[""tvmonitor"",""sofa""]",0,0.8333333134651184,1.2660365104675293,1.288002848625183,0.723863422870636,1.2157038450241089,1
324,002573,/Users/von/Projects/cci-local-recovery/rerun_workspace/data/voc2007/VOCdevkit/VOC2007/JPEGImages/002573.jpg,horse,horse,"[""horse"",""person""]",0,0.0,0.21919509768486023,0.22174757719039917,-0.35845857858657837,-0.013534948229789734,1
325,005087,/Users/von/Projects/cci-local-recovery/rerun_workspace/data/voc2007/VOCdevkit/VOC2007/JPEGImages/005087.jpg,motorbike,motorbike,"[""motorbike"",""person""]",7,0.0,0.6890237927436829,0.6992505788803101,-0.047926485538482666,0.23346689343452454,1
326,006796,/Users/von/Projects/cci-local-recovery/rerun_workspace/data/voc2007/VOCdevkit/VOC2007/JPEGImages/006796.jpg,person,person,"[""person"",""motorbike""]",6,1.0,0.7800063490867615,0.7932835817337036,0.274385929107666,0.7477864623069763,1
327,008869,/Users/von/Projects/cci-local-recovery/rerun_workspace/data/voc2007/VOCdevkit/VOC2007/JPEGImages/008869.jpg,boat,boat,"[""boat"",""person""]",1,0.2222222238779068,0.4424261748790741,0.44938111305236816,-0.22375541925430298,-0.007011681795120239,1
328,005882,/Users/von/Projects/cci-local-recovery/rerun_workspace/data/voc2007/VOCdevkit/VOC2007/JPEGImages/005882.jpg,horse,horse,"[""horse"",""person""]",4,1.0,1.7995203733444214,1.8204753398895264,1.1378967761993408,2.779481887817383,1
329,007367,/Users/von/Projects/cci-local-recovery/rerun_workspace/data/voc2007/VOCdevkit/VOC2007/JPEGImages/007367.jpg,bus,bus,"[""bus"",""aeroplane""]",6,0.5,5.875452518463135,5.971554756164551,3.6892189979553223,5.453353404998779,1
330,007725,/Users/von/Projects/cci-local-recovery/rerun_workspace/data/voc2007/VOCdevkit/VOC2007/JPEGImages/007725.jpg,bicycle,bicycle,"[""bicycle"",""person""]",3,0.5714285969734192,0.0968848168849945,0.09832178056240082,-0.352120578289032,0.2736968696117401,1
331,000397,/Users/von/Projects/cci-local-recovery/rerun_workspace/data/voc2007/VOCdevkit/VOC2007/JPEGImages/000397.jpg,chair,chair,"[""chair"",""pottedplant"",""tvmonitor""]",7,0.0,0.6995777487754822,0.7098984718322754,-2.926999568939209,0.035182833671569824,1
332,003910,/Users/von/Projects/cci-local-recovery/rerun_workspace/data/voc2007/VOCdevkit/VOC2007/JPEGImages/003910.jpg,boat,boat,"[""boat"",""person""]",0,0.0,0.4630783498287201,0.4703579545021057,-0.12040334939956665,0.14269933104515076,1
333,006591,/Users/von/Projects/cci-local-recovery/rerun_workspace/data/voc2007/VOCdevkit/VOC2007/JPEGImages/006591.jpg,cow,cow,"[""cow"",""person""]",3,0.75,8.600263595581055,8.707254409790039,3.676395893096924,8.084062576293945,1
334,002773,/Users/von/Projects/cci-local-recovery/rerun_workspace/data/voc2007/VOCdevkit/VOC2007/JPEGImages/002773.jpg,person,person,"[""person"",""bottle""]",6,0.6000000238418579,0.0846434012055397,0.08608419448137283,-0.43593913316726685,-0.01886311173439026,1
335,001794,/Users/von/Projects/cci-local-recovery/rerun_workspace/data/voc2007/VOCdevkit/VOC2007/JPEGImages/001794.jpg,person,person,"[""person"",""horse""]",4,0.0,0.3861690163612366,0.3927423655986786,-0.1022128164768219,0.18869523704051971,1
336,009435,/Users/von/Projects/cci-local-recovery/rerun_workspace/data/voc2007/VOCdevkit/VOC2007/JPEGImages/009435.jpg,sofa,sofa,"[""sofa"",""chair""]",3,0.8333333134651184,1.7979941368103027,1.8270882368087769,0.5406973361968994,1.5182549953460693,1
337,000025,/Users/von/Projects/cci-local-recovery/rerun_workspace/data/voc2007/VOCdevkit/VOC2007/JPEGImages/000025.jpg,person,person,"[""person"",""cow""]",5,1.0,0.33693668246269226,0.3426719903945923,-0.6364588141441345,0.01833862066268921,1
338,001105,/Users/von/Projects/cci-local-recovery/rerun_workspace/data/voc2007/VOCdevkit/VOC2007/JPEGImages/001105.jpg,person,person,"[""person"",""bottle"",""diningtable""]",2,0.6000000238418579,3.434455633163452,3.4929168224334717,2.0236172676086426,3.4460082054138184,1
339,000956,/Users/von/Projects/cci-local-recovery/rerun_workspace/data/voc2007/VOCdevkit/VOC2007/JPEGImages/000956.jpg,person,person,"[""person"",""tvmonitor""]",2,1.0,0.6521387696266174,0.6632394194602966,-0.2667654752731323,0.2591274082660675,1
340,000299,/Users/von/Projects/cci-local-recovery/rerun_workspace/data/voc2007/VOCdevkit/VOC2007/JPEGImages/000299.jpg,person,person,"[""person"",""bottle"",""chair"",""sofa""]",4,1.0,1.5015392303466797,1.527098298072815,1.3343002796173096,2.0919394493103027,1
341,006287,/Users/von/Projects/cci-local-recovery/rerun_workspace/data/voc2007/VOCdevkit/VOC2007/JPEGImages/006287.jpg,sofa,sofa,"[""sofa"",""chair"",""person""]",3,1.0,1.3848549127578735,1.4072637557983398,0.9586046934127808,1.5503140687942505,1
342,005774,/Users/von/Projects/cci-local-recovery/rerun_workspace/data/voc2007/VOCdevkit/VOC2007/JPEGImages/005774.jpg,motorbike,motorbike,"[""motorbike"",""person""]",0,1.0,1.0260307788848877,1.041259527206421,-0.7023009061813354,0.29489463567733765,1
343,003501,/Users/von/Projects/cci-local-recovery/rerun_workspace/data/voc2007/VOCdevkit/VOC2007/JPEGImages/003501.jpg,car,car,"[""car"",""person""]",5,0.0,0.7007268071174622,0.7104799747467041,-0.09763330221176147,0.242282897233963,1
344,007382,/Users/von/Projects/cci-local-recovery/rerun_workspace/data/voc2007/VOCdevkit/VOC2007/JPEGImages/007382.jpg,train,train,"[""train"",""person""]",7,0.0,0.10916682332754135,0.1107524111866951,-0.21332105994224548,0.015814006328582764,1
345,002614,/Users/von/Projects/cci-local-recovery/rerun_workspace/data/voc2007/VOCdevkit/VOC2007/JPEGImages/002614.jpg,diningtable,diningtable,"[""diningtable"",""bottle"",""person""]",1,0.8181818127632141,2.266723871231079,2.2981200218200684,2.2630374431610107,2.737291097640991,1
346,009689,/Users/von/Projects/cci-local-recovery/rerun_workspace/data/voc2007/VOCdevkit/VOC2007/JPEGImages/009689.jpg,chair,chair,"[""chair"",""tvmonitor""]",2,0.8333333134651184,0.7244582176208496,0.7351460456848145,0.0929189920425415,0.7274683117866516,1
347,003590,/Users/von/Projects/cci-local-recovery/rerun_workspace/data/voc2007/VOCdevkit/VOC2007/JPEGImages/003590.jpg,person,person,"[""person"",""bottle"",""chair"",""tvmonitor""]",5,0.0,0.23657234013080597,0.24059925973415375,-0.02457849681377411,0.12524080276489258,1
348,003418,/Users/von/Projects/cci-local-recovery/rerun_workspace/data/voc2007/VOCdevkit/VOC2007/JPEGImages/003418.jpg,dog,dog,"[""dog"",""person"",""sofa""]",2,0.875,3.1571543216705322,3.201509475708008,1.2370026111602783,4.346276760101318,1
349,001781,/Users/von/Projects/cci-local-recovery/rerun_workspace/data/voc2007/VOCdevkit/VOC2007/JPEGImages/001781.jpg,person,person,"[""person"",""bicycle""]",1,1.0,1.1825602054595947,1.2026896476745605,-0.19698107242584229,0.5763587951660156,1
350,000825,/Users/von/Projects/cci-local-recovery/rerun_workspace/data/voc2007/VOCdevkit/VOC2007/JPEGImages/000825.jpg,bicycle,bicycle,"[""bicycle"",""bottle""]",6,1.0,0.26136505603790283,0.2652415335178375,-0.10090741515159607,0.18257984519004822,1
351,009592,/Users/von/Projects/cci-local-recovery/rerun_workspace/data/voc2007/VOCdevkit/VOC2007/JPEGImages/009592.jpg,sofa,sofa,"[""sofa"",""dog""]",3,1.0,0.5366081595420837,0.5452912449836731,-0.2695204019546509,0.43445903062820435,1
352,004177,/Users/von/Projects/cci-local-recovery/rerun_workspace/data/voc2007/VOCdevkit/VOC2007/JPEGImages/004177.jpg,horse,horse,"[""horse"",""person""]",3,1.0,0.7709860801696777,0.779964029788971,0.47999781370162964,1.280948519706726,1
353,000144,/Users/von/Projects/cci-local-recovery/rerun_workspace/data/voc2007/VOCdevkit/VOC2007/JPEGImages/000144.jpg,person,person,"[""person"",""bottle"",""chair"",""diningtable""]",2,0.10000000149011612,0.22439749538898468,0.22821716964244843,-0.46370363235473633,-0.12398548424243927,1
354,006237,/Users/von/Projects/cci-local-recovery/rerun_workspace/data/voc2007/VOCdevkit/VOC2007/JPEGImages/006237.jpg,person,person,"[""person"",""horse""]",0,1.0,0.43471986055374146,0.44211962819099426,-0.20132556557655334,0.338833749294281,1
355,001549,/Users/von/Projects/cci-local-recovery/rerun_workspace/data/voc2007/VOCdevkit/VOC2007/JPEGImages/001549.jpg,dog,dog,"[""dog"",""tvmonitor""]",5,0.4166666567325592,0.6373648643493652,0.6463192701339722,-0.21928775310516357,0.11196887493133545,1
356,002823,/Users/von/Projects/cci-local-recovery/rerun_workspace/data/voc2007/VOCdevkit/VOC2007/JPEGImages/002823.jpg,motorbike,motorbike,"[""motorbike"",""person""]",0,1.0,2.44254994392395,2.4788033962249756,1.6843371391296387,2.375833511352539,1
357,009320,/Users/von/Projects/cci-local-recovery/rerun_workspace/data/voc2007/VOCdevkit/VOC2007/JPEGImages/009320.jpg,person,person,"[""person"",""sheep""]",4,1.0,-0.2780010402202606,-0.28273317217826843,-1.4906984567642212,-0.0757356733083725,1
358,005276,/Users/von/Projects/cci-local-recovery/rerun_workspace/data/voc2007/VOCdevkit/VOC2007/JPEGImages/005276.jpg,person,person,"[""person"",""bicycle"",""bottle""]",6,0.0,0.14663231372833252,0.1491282731294632,-0.23045699298381805,-0.09321688115596771,1
359,001757,/Users/von/Projects/cci-local-recovery/rerun_workspace/data/voc2007/VOCdevkit/VOC2007/JPEGImages/001757.jpg,diningtable,diningtable,"[""diningtable"",""person""]",7,0.0,0.641140878200531,0.6500212550163269,0.5375010371208191,0.7725012898445129,1
360,002416,/Users/von/Projects/cci-local-recovery/rerun_workspace/data/voc2007/VOCdevkit/VOC2007/JPEGImages/002416.jpg,car,car,"[""car"",""person""]",3,1.0,0.5057337880134583,0.5127729177474976,-0.35497593879699707,0.11048999428749084,1
361,002245,/Users/von/Projects/cci-local-recovery/rerun_workspace/data/voc2007/VOCdevkit/VOC2007/JPEGImages/002245.jpg,bus,bus,"[""bus"",""car""]",5,1.0,0.32236671447753906,0.32763954997062683,-0.06950509548187256,0.32030728459358215,1
362,006405,/Users/von/Projects/cci-local-recovery/rerun_workspace/data/voc2007/VOCdevkit/VOC2007/JPEGImages/006405.jpg,bus,bus,"[""bus"",""car""]",4,1.0,0.7738162279129028,0.7864732146263123,-0.0425950288772583,0.5803186297416687,1
363,000434,/Users/von/Projects/cci-local-recovery/rerun_workspace/data/voc2007/VOCdevkit/VOC2007/JPEGImages/000434.jpg,horse,horse,"[""horse"",""person""]",2,1.0,1.0442463159561157,1.0564063787460327,0.7078515291213989,1.9414317607879639,1
364,002740,/Users/von/Projects/cci-local-recovery/rerun_workspace/data/voc2007/VOCdevkit/VOC2007/JPEGImages/002740.jpg,car,car,"[""car"",""cat""]",6,1.0,1.079606056213379,1.094632625579834,-0.04342532157897949,0.7000476121902466,1
365,007338,/Users/von/Projects/cci-local-recovery/rerun_workspace/data/voc2007/VOCdevkit/VOC2007/JPEGImages/007338.jpg,person,person,"[""person"",""motorbike""]",7,0.0,0.21294496953487396,0.2165697067975998,-0.7072357535362244,-0.14789123833179474,1
366,005558,/Users/von/Projects/cci-local-recovery/rerun_workspace/data/voc2007/VOCdevkit/VOC2007/JPEGImages/005558.jpg,car,car,"[""car"",""person""]",3,1.0,0.05937695875763893,0.06020340323448181,-1.0347790718078613,0.13384553790092468,1
367,000719,/Users/von/Projects/cci-local-recovery/rerun_workspace/data/voc2007/VOCdevkit/VOC2007/JPEGImages/000719.jpg,bus,bus,"[""bus"",""car"",""person""]",3,0.75,3.406059741973877,3.461771249771118,3.1872823238372803,5.332213401794434,1
368,009563,/Users/von/Projects/cci-local-recovery/rerun_workspace/data/voc2007/VOCdevkit/VOC2007/JPEGImages/009563.jpg,motorbike,motorbike,"[""motorbike"",""person""]",2,0.4736842215061188,0.48116788268089294,0.4883095920085907,-0.6691833734512329,0.6685279607772827,1
369,002654,/Users/von/Projects/cci-local-recovery/rerun_workspace/data/voc2007/VOCdevkit/VOC2007/JPEGImages/002654.jpg,sofa,sofa,"[""sofa"",""chair""]",2,0.875,2.610591173171997,2.652834177017212,1.7607929706573486,2.7380335330963135,1
370,008380,/Users/von/Projects/cci-local-recovery/rerun_workspace/data/voc2007/VOCdevkit/VOC2007/JPEGImages/008380.jpg,sofa,sofa,"[""sofa"",""pottedplant""]",1,1.0,0.6741384267807007,0.685046911239624,0.8784088492393494,1.1720284223556519,1
371,003733,/Users/von/Projects/cci-local-recovery/rerun_workspace/data/voc2007/VOCdevkit/VOC2007/JPEGImages/003733.jpg,car,car,"[""car"",""person""]",6,0.0,0.1789879947900772,0.18147926032543182,-0.3020437955856323,0.1909225881099701,1
372,001850,/Users/von/Projects/cci-local-recovery/rerun_workspace/data/voc2007/VOCdevkit/VOC2007/JPEGImages/001850.jpg,aeroplane,aeroplane,"[""aeroplane"",""person""]",0,1.0,0.7196164131164551,0.7347580790519714,-0.37794071435928345,0.7743667364120483,1
373,006288,/Users/von/Projects/cci-local-recovery/rerun_workspace/data/voc2007/VOCdevkit/VOC2007/JPEGImages/006288.jpg,sofa,sofa,"[""sofa"",""person""]",4,0.8888888955116272,1.2923604249954224,1.3132725954055786,0.5179035067558289,1.0385072231292725,1
374,004712,/Users/von/Projects/cci-local-recovery/rerun_workspace/data/voc2007/VOCdevkit/VOC2007/JPEGImages/004712.jpg,person,person,"[""person"",""bottle"",""chair"",""diningtable"",""pottedplant""]",6,1.0,0.4175413250923157,0.4246487021446228,-0.512383222579956,0.40323254466056824,1
375,001696,/Users/von/Projects/cci-local-recovery/rerun_workspace/data/voc2007/VOCdevkit/VOC2007/JPEGImages/001696.jpg,person,person,"[""person"",""chair"",""sofa""]",7,0.1428571492433548,0.25820958614349365,0.26260480284690857,-0.3251790702342987,0.15971651673316956,1
376,004704,/Users/von/Projects/cci-local-recovery/rerun_workspace/data/voc2007/VOCdevkit/VOC2007/JPEGImages/004704.jpg,sofa,sofa,"[""sofa"",""cat"",""person""]",6,1.0,2.669633626937866,2.712831974029541,-1.647437572479248,0.0570068359375,1
377,009046,/Users/von/Projects/cci-local-recovery/rerun_workspace/data/voc2007/VOCdevkit/VOC2007/JPEGImages/009046.jpg,horse,horse,"[""horse"",""person""]",7,1.0,0.04067195579409599,0.04114557057619095,0.0652223527431488,0.22446343302726746,1
378,006561,/Users/von/Projects/cci-local-recovery/rerun_workspace/data/voc2007/VOCdevkit/VOC2007/JPEGImages/006561.jpg,motorbike,motorbike,"[""motorbike"",""person""]",7,0.0,-0.011717583984136581,-0.011891501955688,-0.2388262152671814,-0.01877015270292759,2
379,008114,/Users/von/Projects/cci-local-recovery/rerun_workspace/data/voc2007/VOCdevkit/VOC2007/JPEGImages/008114.jpg,sofa,sofa,"[""sofa"",""car""]",3,1.0,4.264424800872803,4.333429336547852,2.028549909591675,4.416258335113525,1
380,004717,/Users/von/Projects/cci-local-recovery/rerun_workspace/data/voc2007/VOCdevkit/VOC2007/JPEGImages/004717.jpg,chair,chair,"[""chair"",""bottle"",""tvmonitor""]",7,0.0,0.5865691304206848,0.5952227115631104,0.174579918384552,0.6090248227119446,1
381,006014,/Users/von/Projects/cci-local-recovery/rerun_workspace/data/voc2007/VOCdevkit/VOC2007/JPEGImages/006014.jpg,boat,boat,"[""boat"",""person""]",7,1.0,0.6566042304039001,0.6669260263442993,-0.6629015207290649,0.4017799198627472,1
382,008027,/Users/von/Projects/cci-local-recovery/rerun_workspace/data/voc2007/VOCdevkit/VOC2007/JPEGImages/008027.jpg,person,person,"[""person"",""horse""]",0,0.6666666865348816,0.5170364379882812,0.5258374214172363,0.2057698369026184,0.6939743757247925,2
383,000517,/Users/von/Projects/cci-local-recovery/rerun_workspace/data/voc2007/VOCdevkit/VOC2007/JPEGImages/000517.jpg,person,person,"[""person"",""bottle"",""cat"",""dog""]",6,0.75,0.5613908767700195,0.5709468126296997,-0.9234018325805664,0.2308834195137024,1
384,009651,/Users/von/Projects/cci-local-recovery/rerun_workspace/data/voc2007/VOCdevkit/VOC2007/JPEGImages/009651.jpg,person,person,"[""person"",""chair"",""sofa""]",0,1.0,0.6984999179840088,0.7103897333145142,-0.7295658588409424,1.001024842262268,1
385,003955,/Users/von/Projects/cci-local-recovery/rerun_workspace/data/voc2007/VOCdevkit/VOC2007/JPEGImages/003955.jpg,horse,horse,"[""horse"",""person""]",1,1.0,2.4481844902038574,2.4766931533813477,-0.22286653518676758,1.887350082397461,1
386,004763,/Users/von/Projects/cci-local-recovery/rerun_workspace/data/voc2007/VOCdevkit/VOC2007/JPEGImages/004763.jpg,bicycle,bicycle,"[""bicycle"",""car""]",7,0.5,-0.18278029561042786,-0.18549123406410217,-0.621617317199707,-0.24738430976867676,1
387,003141,/Users/von/Projects/cci-local-recovery/rerun_workspace/data/voc2007/VOCdevkit/VOC2007/JPEGImages/003141.jpg,diningtable,diningtable,"[""diningtable"",""chair""]",0,0.1428571492433548,1.384756326675415,1.403936505317688,0.5972540378570557,0.9210656881332397,1
388,009397,/Users/von/Projects/cci-local-recovery/rerun_workspace/data/voc2007/VOCdevkit/VOC2007/JPEGImages/009397.jpg,sofa,sofa,"[""sofa"",""chair"",""tvmonitor""]",6,0.0,0.06574951857328415,0.06681343913078308,-0.14488966763019562,0.16656917333602905,1
389,005937,/Users/von/Projects/cci-local-recovery/rerun_workspace/data/voc2007/VOCdevkit/VOC2007/JPEGImages/005937.jpg,sofa,sofa,"[""sofa"",""dog"",""person"",""pottedplant""]",5,1.0,0.25073739886283875,0.2547946870326996,-0.645251989364624,0.2137538641691208,1
390,002905,/Users/von/Projects/cci-local-recovery/rerun_workspace/data/voc2007/VOCdevkit/VOC2007/JPEGImages/002905.jpg,person,person,"[""person"",""bottle"",""tvmonitor""]",3,1.0,0.7742703557014465,0.7874499559402466,-0.16170793771743774,0.8178779482841492,1
391,008824,/Users/von/Projects/cci-local-recovery/rerun_workspace/data/voc2007/VOCdevkit/VOC2007/JPEGImages/008824.jpg,motorbike,motorbike,"[""motorbike"",""car"",""person""]",0,0.5,4.682514667510986,4.752014636993408,1.9876587390899658,5.148364543914795,1
392,002712,/Users/von/Projects/cci-local-recovery/rerun_workspace/data/voc2007/VOCdevkit/VOC2007/JPEGImages/002712.jpg,person,person,"[""person"",""bottle""]",5,1.0,0.7314075231552124,0.7438575029373169,0.22762012481689453,0.5924898982048035,1
393,001949,/Users/von/Projects/cci-local-recovery/rerun_workspace/data/voc2007/VOCdevkit/VOC2007/JPEGImages/001949.jpg,diningtable,diningtable,"[""diningtable"",""chair""]",6,0.1666666716337204,0.11112657189369202,0.11266577243804932,-0.1797046661376953,0.03609883785247803,1
394,000166,/Users/von/Projects/cci-local-recovery/rerun_workspace/data/voc2007/VOCdevkit/VOC2007/JPEGImages/000166.jpg,horse,horse,"[""horse"",""person""]",2,1.0,1.279287576675415,1.2941845655441284,0.2600494623184204,1.5114076137542725,1
395,004268,/Users/von/Projects/cci-local-recovery/rerun_workspace/data/voc2007/VOCdevkit/VOC2007/JPEGImages/004268.jpg,bottle,bottle,"[""bottle"",""person""]",3,0.0,0.5177745819091797,0.5263283252716064,-0.870725154876709,0.18325459957122803,1
396,006951,/Users/von/Projects/cci-local-recovery/rerun_workspace/data/voc2007/VOCdevkit/VOC2007/JPEGImages/006951.jpg,motorbike,motorbike,"[""motorbike"",""person""]",4,1.0,0.13158297538757324,0.13353599607944489,-0.9490423202514648,0.09737212210893631,1
397,005296,/Users/von/Projects/cci-local-recovery/rerun_workspace/data/voc2007/VOCdevkit/VOC2007/JPEGImages/005296.jpg,car,car,"[""car"",""person""]",1,0.6428571343421936,0.9726185202598572,0.9861560463905334,0.10835713148117065,0.5941104888916016,1
398,004804,/Users/von/Projects/cci-local-recovery/rerun_workspace/data/voc2007/VOCdevkit/VOC2007/JPEGImages/004804.jpg,horse,horse,"[""horse"",""car"",""person""]",4,1.0,0.6652953028678894,0.6730425357818604,-0.13979178667068481,1.00142502784729,1
399,006875,/Users/von/Projects/cci-local-recovery/rerun_workspace/data/voc2007/VOCdevkit/VOC2007/JPEGImages/006875.jpg,horse,horse,"[""horse"",""person""]",4,0.7777777910232544,1.8527554273605347,1.8743302822113037,-0.24048662185668945,1.758625864982605,1
400,009387,/Users/von/Projects/cci-local-recovery/rerun_workspace/data/voc2007/VOCdevkit/VOC2007/JPEGImages/009387.jpg,bus,bus,"[""bus"",""car""]",4,0.800000011920929,5.773680210113525,5.868117809295654,2.8652865886688232,5.5355730056762695,1
401,001297,/Users/von/Projects/cci-local-recovery/rerun_workspace/data/voc2007/VOCdevkit/VOC2007/JPEGImages/001297.jpg,sofa,sofa,"[""sofa"",""person""]",2,1.0,0.4412803649902344,0.448420912027359,0.21845227479934692,0.5363615155220032,1
402,005002,/Users/von/Projects/cci-local-recovery/rerun_workspace/data/voc2007/VOCdevkit/VOC2007/JPEGImages/005002.jpg,person,person,"[""person"",""bottle""]",3,0.0,0.3728935718536377,0.3792409300804138,0.06965914368629456,0.3124109208583832,1
403,004357,/Users/von/Projects/cci-local-recovery/rerun_workspace/data/voc2007/VOCdevkit/VOC2007/JPEGImages/004357.jpg,person,person,"[""person"",""sheep""]",1,0.0,0.9932975172996521,1.0102053880691528,-0.5493581295013428,0.005657076835632324,1
404,006010,/Users/von/Projects/cci-local-recovery/rerun_workspace/data/voc2007/VOCdevkit/VOC2007/JPEGImages/006010.jpg,diningtable,diningtable,"[""diningtable"",""chair"",""tvmonitor""]",6,0.5,1.559456467628479,1.5810563564300537,1.081557035446167,1.6456997394561768,1
405,008255,/Users/von/Projects/cci-local-recovery/rerun_workspace/data/voc2007/VOCdevkit/VOC2007/JPEGImages/008255.jpg,bicycle,bicycle,"[""bicycle"",""person""]",3,0.0,0.41635003685951233,0.42252522706985474,-0.048406511545181274,0.25842520594596863,1
406,007620,/Users/von/Projects/cci-local-recovery/rerun_workspace/data/voc2007/VOCdevkit/VOC2007/JPEGImages/007620.jpg,horse,horse,"[""horse"",""person""]",5,1.0,0.8805250525474548,0.8907785415649414,-0.5634371042251587,1.0382835865020752,1
407,005025,/Users/von/Projects/cci-local-recovery/rerun_workspace/data/voc2007/VOCdevkit/VOC2007/JPEGImages/005025.jpg,sofa,sofa,"[""sofa"",""person""]",7,0.8888888955116272,0.9859927892684937,1.0019475221633911,0.7965469360351562,1.2666327953338623,1
408,007589,/Users/von/Projects/cci-local-recovery/rerun_workspace/data/voc2007/VOCdevkit/VOC2007/JPEGImages/007589.jpg,car,car,"[""car"",""person""]",3,0.0,1.3568342924118042,1.3757195472717285,-0.10230600833892822,0.4688063859939575,1
409,009115,/Users/von/Projects/cci-local-recovery/rerun_workspace/data/voc2007/VOCdevkit/VOC2007/JPEGImages/009115.jpg,person,person,"[""person"",""bicycle""]",6,1.0,0.2443300038576126,0.24848897755146027,-0.8229027390480042,0.9514991641044617,1
410,007170,/Users/von/Projects/cci-local-recovery/rerun_workspace/data/voc2007/VOCdevkit/VOC2007/JPEGImages/007170.jpg,person,person,"[""person"",""sofa""]",7,1.0,0.1927226036787033,0.19600310921669006,-0.31433334946632385,0.22389256954193115,1
411,002624,/Users/von/Projects/cci-local-recovery/rerun_workspace/data/voc2007/VOCdevkit/VOC2007/JPEGImages/002624.jpg,person,person,"[""person"",""diningtable""]",3,1.0,0.7187663316726685,0.7310011386871338,-0.4648456573486328,0.2662929594516754,1
412,000178,/Users/von/Projects/cci-local-recovery/rerun_workspace/data/voc2007/VOCdevkit/VOC2007/JPEGImages/000178.jpg,person,person,"[""person"",""bottle""]",3,1.0,0.4448595345020294,0.45243191719055176,-0.6347200870513916,0.11632084846496582,1
413,002065,/Users/von/Projects/cci-local-recovery/rerun_workspace/data/voc2007/VOCdevkit/VOC2007/JPEGImages/002065.jpg,chair,chair,"[""chair"",""person""]",0,0.0,0.636222243309021,0.6456083059310913,-0.11416298151016235,0.472392737865448,1
414,008907,/Users/von/Projects/cci-local-recovery/rerun_workspace/data/voc2007/VOCdevkit/VOC2007/JPEGImages/008907.jpg,dog,dog,"[""dog"",""person""]",5,1.0,1.1205388307571411,1.1362813711166382,1.5032775402069092,2.874922752380371,1
415,005035,/Users/von/Projects/cci-local-recovery/rerun_workspace/data/voc2007/VOCdevkit/VOC2007/JPEGImages/005035.jpg,car,car,"[""car"",""person""]",5,0.3333333432674408,0.08401055634021759,0.08517986536026001,-0.2585538625717163,0.18808507919311523,2
416,008215,/Users/von/Projects/cci-local-recovery/rerun_workspace/data/voc2007/VOCdevkit/VOC2007/JPEGImages/008215.jpg,sheep,sheep,"[""sheep"",""car"",""person""]",3,1.0,6.271676540374756,6.362818717956543,2.47308349609375,6.648787975311279,1
417,006094,/Users/von/Projects/cci-local-recovery/rerun_workspace/data/voc2007/VOCdevkit/VOC2007/JPEGImages/006094.jpg,car,car,"[""car"",""person""]",3,0.6666666865348816,0.685588538646698,0.6951310038566589,-1.108529806137085,0.5553151369094849,1
418,006469,/Users/von/Projects/cci-local-recovery/rerun_workspace/data/voc2007/VOCdevkit/VOC2007/JPEGImages/006469.jpg,motorbike,motorbike,"[""motorbike"",""car"",""person""]",2,0.6666666865348816,6.224416732788086,6.316802501678467,2.970639705657959,6.229405879974365,1
419,005816,/Users/von/Projects/cci-local-recovery/rerun_workspace/data/voc2007/VOCdevkit/VOC2007/JPEGImages/005816.jpg,motorbike,motorbike,"[""motorbike"",""person""]",0,0.5555555820465088,1.5790073871612549,1.6024436950683594,0.8674175143241882,1.6377205848693848,1
420,001974,/Users/von/Projects/cci-local-recovery/rerun_workspace/data/voc2007/VOCdevkit/VOC2007/JPEGImages/001974.jpg,boat,boat,"[""boat"",""cow"",""person""]",2,0.3333333432674408,0.4946363866329193,0.5024120807647705,-0.26529449224472046,-0.02117711305618286,1
421,007333,/Users/von/Projects/cci-local-recovery/rerun_workspace/data/voc2007/VOCdevkit/VOC2007/JPEGImages/007333.jpg,person,person,"[""person"",""tvmonitor""]",7,1.0,0.32220739126205444,0.3276919722557068,-0.3409496545791626,0.02497762441635132,1
422,003584,/Users/von/Projects/cci-local-recovery/rerun_workspace/data/voc2007/VOCdevkit/VOC2007/JPEGImages/003584.jpg,horse,horse,"[""horse"",""person""]",1,0.8571428656578064,0.493880957365036,0.4996320903301239,-0.08916381001472473,0.7265410423278809,1
423,004492,/Users/von/Projects/cci-local-recovery/rerun_workspace/data/voc2007/VOCdevkit/VOC2007/JPEGImages/004492.jpg,horse,horse,"[""horse"",""car""]",4,1.0,1.5037013292312622,1.5212116241455078,0.6188069581985474,1.6153723001480103,1
424,001353,/Users/von/Projects/cci-local-recovery/rerun_workspace/data/voc2007/VOCdevkit/VOC2007/JPEGImages/001353.jpg,person,person,"[""person"",""dog""]",6,1.0,0.2757042944431305,0.28039732575416565,-0.5857020616531372,0.38554152846336365,1
425,003289,/Users/von/Projects/cci-local-recovery/rerun_workspace/data/voc2007/VOCdevkit/VOC2007/JPEGImages/003289.jpg,bus,bus,"[""bus"",""car"",""person""]",0,0.1428571492433548,3.2418875694274902,3.2949137687683105,1.1981902122497559,3.6079585552215576,1
426,004887,/Users/von/Projects/cci-local-recovery/rerun_workspace/data/voc2007/VOCdevkit/VOC2007/JPEGImages/004887.jpg,sofa,sofa,"[""sofa"",""chair""]",3,0.4000000059604645,1.069840431213379,1.0871520042419434,0.04892325401306152,1.7474141120910645,1
427,005505,/Users/von/Projects/cci-local-recovery/rerun_workspace/data/voc2007/VOCdevkit/VOC2007/JPEGImages/005505.jpg,horse,horse,"[""horse"",""person""]",3,0.6000000238418579,0.361289381980896,0.36549651622772217,-0.10042873024940491,0.3095066249370575,1
428,009657,/Users/von/Projects/cci-local-recovery/rerun_workspace/data/voc2007/VOCdevkit/VOC2007/JPEGImages/009657.jpg,motorbike,motorbike,"[""motorbike"",""person""]",1,1.0,0.3457324206829071,0.3508639335632324,0.04772272706031799,0.22609397768974304,1
429,007032,/Users/von/Projects/cci-local-recovery/rerun_workspace/data/voc2007/VOCdevkit/VOC2007/JPEGImages/007032.jpg,sofa,sofa,"[""sofa"",""person""]",0,1.0,0.8584367632865906,0.8723275065422058,0.23763763904571533,1.1336252689361572,1
430,000223,/Users/von/Projects/cci-local-recovery/rerun_workspace/data/voc2007/VOCdevkit/VOC2007/JPEGImages/000223.jpg,train,train,"[""train"",""person""]",0,0.0,-0.01572573184967041,-0.015954138711094856,-0.07999346405267715,0.10976041853427887,2
431,006083,/Users/von/Projects/cci-local-recovery/rerun_workspace/data/voc2007/VOCdevkit/VOC2007/JPEGImages/006083.jpg,motorbike,motorbike,"[""motorbike"",""pottedplant""]",3,1.0,0.7074396014213562,0.7179397344589233,0.10733485221862793,0.5324346423149109,1
432,006936,/Users/von/Projects/cci-local-recovery/rerun_workspace/data/voc2007/VOCdevkit/VOC2007/JPEGImages/006936.jpg,horse,horse,"[""horse"",""person""]",1,0.125,0.042642608284950256,0.04313917085528374,-0.12833939492702484,0.007182694971561432,1
433,004154,/Users/von/Projects/cci-local-recovery/rerun_workspace/data/voc2007/VOCdevkit/VOC2007/JPEGImages/004154.jpg,car,car,"[""car"",""person""]",7,0.6000000238418579,0.823739230632782,0.835204541683197,0.07013994455337524,0.6633737683296204,1
434,000662,/Users/von/Projects/cci-local-recovery/rerun_workspace/data/voc2007/VOCdevkit/VOC2007/JPEGImages/000662.jpg,sofa,sofa,"[""sofa"",""cat"",""person""]",0,1.0,0.5121094584465027,0.5203961133956909,0.15153717994689941,0.34900766611099243,1
435,000185,/Users/von/Projects/cci-local-recovery/rerun_workspace/data/voc2007/VOCdevkit/VOC2007/JPEGImages/000185.jpg,person,person,"[""person"",""chair"",""tvmonitor""]",7,0.125,0.9950898289680481,1.0120282173156738,-0.8960787057876587,0.20739102363586426,1
436,002449,/Users/von/Projects/cci-local-recovery/rerun_workspace/data/voc2007/VOCdevkit/VOC2007/JPEGImages/002449.jpg,diningtable,diningtable,"[""diningtable"",""boat"",""chair""]",1,0.23076923191547394,1.5280699729919434,1.5492351055145264,1.3650621175765991,2.130502700805664,1
437,007127,/Users/von/Projects/cci-local-recovery/rerun_workspace/data/voc2007/VOCdevkit/VOC2007/JPEGImages/007127.jpg,train,train,"[""train"",""person""]",5,0.0,0.06678999215364456,0.06776008009910583,-0.10373814404010773,0.05162891000509262,1
438,006669,/Users/von/Projects/cci-local-recovery/rerun_workspace/data/voc2007/VOCdevkit/VOC2007/JPEGImages/006669.jpg,train,train,"[""train"",""person""]",4,0.5,0.43717873096466064,0.44352850317955017,0.004123479127883911,0.2739101052284241,1
439,007332,/Users/von/Projects/cci-local-recovery/rerun_workspace/data/voc2007/VOCdevkit/VOC2007/JPEGImages/007332.jpg,person,person,"[""person"",""cat"",""pottedplant"",""sofa"",""tvmonitor""]",2,0.20000000298023224,1.2964860200881958,1.3185547590255737,-0.44599008560180664,0.4430880546569824,1
440,006574,/Users/von/Projects/cci-local-recovery/rerun_workspace/data/voc2007/VOCdevkit/VOC2007/JPEGImages/006574.jpg,person,person,"[""person"",""tvmonitor""]",7,1.0,0.7396588921546936,0.7522493004798889,-0.8719105124473572,-0.03076779842376709,1
441,000202,/Users/von/Projects/cci-local-recovery/rerun_workspace/data/voc2007/VOCdevkit/VOC2007/JPEGImages/000202.jpg,person,person,"[""person"",""bottle""]",2,1.0,0.3138842284679413,0.3192271590232849,-0.3955567479133606,-0.060233086347579956,1
442,007634,/Users/von/Projects/cci-local-recovery/rerun_workspace/data/voc2007/VOCdevkit/VOC2007/JPEGImages/007634.jpg,person,person,"[""person"",""car""]",0,1.0,1.3068516254425049,1.329096794128418,-0.16928505897521973,0.4908621311187744,1
443,004862,/Users/von/Projects/cci-local-recovery/rerun_workspace/data/voc2007/VOCdevkit/VOC2007/JPEGImages/004862.jpg,chair,chair,"[""chair"",""pottedplant""]",1,0.0,0.19313473999500275,0.19598402082920074,-0.5013400316238403,-0.16287986934185028,1
444,004162,/Users/von/Projects/cci-local-recovery/rerun_workspace/data/voc2007/VOCdevkit/VOC2007/JPEGImages/004162.jpg,person,person,"[""person"",""bottle""]",2,0.0,0.06313470005989075,0.06420937180519104,0.015355817973613739,0.2273680865764618,2
445,004661,/Users/von/Projects/cci-local-recovery/rerun_workspace/data/voc2007/VOCdevkit/VOC2007/JPEGImages/004661.jpg,person,person,"[""person"",""chair""]",4,0.0,0.6366305351257324,0.6474671959877014,-0.605808675289154,-0.021064698696136475,1
446,009643,/Users/von/Projects/cci-local-recovery/rerun_workspace/data/voc2007/VOCdevkit/VOC2007/JPEGImages/009643.jpg,bus,bus,"[""bus"",""car""]",5,0.3333333432674408,4.093705654144287,4.1606645584106445,2.196896553039551,3.940345287322998,1
447,009635,/Users/von/Projects/cci-local-recovery/rerun_workspace/data/voc2007/VOCdevkit/VOC2007/JPEGImages/009635.jpg,sofa,sofa,"[""sofa"",""chair""]",7,0.20000000298023224,2.959216833114624,3.007101058959961,0.5522489547729492,2.8261194229125977,1
448,000621,/Users/von/Projects/cci-local-recovery/rerun_workspace/data/voc2007/VOCdevkit/VOC2007/JPEGImages/000621.jpg,person,person,"[""person"",""chair"",""diningtable""]",3,0.5,1.0554544925689697,1.0734204053878784,-0.21207404136657715,0.6191900372505188,1
449,004881,/Users/von/Projects/cci-local-recovery/rerun_workspace/data/voc2007/VOCdevkit/VOC2007/JPEGImages/004881.jpg,diningtable,diningtable,"[""diningtable"",""chair""]",1,1.0,0.6209433674812317,0.6295440196990967,0.22731059789657593,0.8761923313140869,1
450,001469,/Users/von/Projects/cci-local-recovery/rerun_workspace/data/voc2007/VOCdevkit/VOC2007/JPEGImages/001469.jpg,person,person,"[""person"",""pottedplant""]",4,0.800000011920929,0.782631516456604,0.7959534525871277,1.2957614660263062,2.615081310272217,1
451,009240,/Users/von/Projects/cci-local-recovery/rerun_workspace/data/voc2007/VOCdevkit/VOC2007/JPEGImages/009240.jpg,person,person,"[""person"",""boat""]",2,0.0,0.02097417041659355,0.021331191062927246,-0.2733561098575592,0.028424393385648727,2
452,002365,/Users/von/Projects/cci-local-recovery/rerun_workspace/data/voc2007/VOCdevkit/VOC2007/JPEGImages/002365.jpg,person,person,"[""person"",""chair""]",6,0.5,0.6040682792663574,0.6143506765365601,-1.644102692604065,0.15532967448234558,1
453,007778,/Users/von/Projects/cci-local-recovery/rerun_workspace/data/voc2007/VOCdevkit/VOC2007/JPEGImages/007778.jpg,person,person,"[""person"",""bottle""]",5,1.0,0.3784116506576538,0.38485294580459595,-0.04642096161842346,0.23610447347164154,1
454,000111,/Users/von/Projects/cci-local-recovery/rerun_workspace/data/voc2007/VOCdevkit/VOC2007/JPEGImages/000111.jpg,person,person,"[""person"",""bicycle"",""chair"",""motorbike""]",1,0.0,0.5513558387756348,0.5607410073280334,-0.5006867051124573,0.07967826724052429,1
455,007961,/Users/von/Projects/cci-local-recovery/rerun_workspace/data/voc2007/VOCdevkit/VOC2007/JPEGImages/007961.jpg,car,car,"[""car"",""person""]",7,1.0,0.6301082968711853,0.6388785243034363,-0.08746969699859619,0.3855534791946411,1
456,002904,/Users/von/Projects/cci-local-recovery/rerun_workspace/data/voc2007/VOCdevkit/VOC2007/JPEGImages/002904.jpg,person,person,"[""person"",""bottle"",""diningtable""]",2,1.0,0.33174747228622437,0.33739444613456726,-0.2547796070575714,0.05964326858520508,1
457,007360,/Users/von/Projects/cci-local-recovery/rerun_workspace/data/voc2007/VOCdevkit/VOC2007/JPEGImages/007360.jpg,person,person,"[""person"",""cat""]",0,0.5,0.372445672750473,0.3787854313850403,-0.19567811489105225,0.3750075101852417,1
458,005354,/Users/von/Projects/cci-local-recovery/rerun_workspace/data/voc2007/VOCdevkit/VOC2007/JPEGImages/005354.jpg,motorbike,motorbike,"[""motorbike"",""person""]",0,1.0,0.28973567485809326,0.29403606057167053,-0.38383927941322327,0.029141128063201904,1
459,004971,/Users/von/Projects/cci-local-recovery/rerun_workspace/data/voc2007/VOCdevkit/VOC2007/JPEGImages/004971.jpg,person,person,"[""person"",""chair""]",0,0.5,0.31550052762031555,0.320870965719223,-0.21069154143333435,0.42357662320137024,1
460,006941,/Users/von/Projects/cci-local-recovery/rerun_workspace/data/voc2007/VOCdevkit/VOC2007/JPEGImages/006941.jpg,diningtable,diningtable,"[""diningtable"",""person""]",2,1.0,0.8753525018692017,0.887476921081543,0.14801937341690063,0.8083966374397278,1
461,006817,/Users/von/Projects/cci-local-recovery/rerun_workspace/data/voc2007/VOCdevkit/VOC2007/JPEGImages/006817.jpg,tvmonitor,tvmonitor,"[""tvmonitor"",""car"",""motorbike""]",2,0.1538461595773697,0.7017390727996826,0.7139145731925964,0.05423051118850708,0.5819355249404907,1
462,009311,/Users/von/Projects/cci-local-recovery/rerun_workspace/data/voc2007/VOCdevkit/VOC2007/JPEGImages/009311.jpg,person,person,"[""person"",""bottle"",""chair""]",1,0.0,0.6718144416809082,0.6832500100135803,-1.4223990440368652,0.4250982999801636,1
463,009101,/Users/von/Projects/cci-local-recovery/rerun_workspace/data/voc2007/VOCdevkit/VOC2007/JPEGImages/009101.jpg,horse,horse,"[""horse"",""person""]",1,1.0,0.23347778618335724,0.2361965775489807,-0.23239096999168396,-0.029163837432861328,1
464,001625,/Users/von/Projects/cci-local-recovery/rerun_workspace/data/voc2007/VOCdevkit/VOC2007/JPEGImages/001625.jpg,sheep,sheep,"[""sheep"",""person""]",7,0.6666666865348816,4.574008464813232,4.640479564666748,-1.4501147270202637,3.7863125801086426,1
465,009556,/Users/von/Projects/cci-local-recovery/rerun_workspace/data/voc2007/VOCdevkit/VOC2007/JPEGImages/009556.jpg,person,person,"[""person"",""dog""]",0,0.5555555820465088,0.5821837186813354,0.5920935869216919,-0.24060362577438354,0.5114116668701172,1
466,005703,/Users/von/Projects/cci-local-recovery/rerun_workspace/data/voc2007/VOCdevkit/VOC2007/JPEGImages/005703.jpg,person,person,"[""person"",""chair"",""dog"",""pottedplant""]",7,1.0,-0.12472350895404816,-0.1268465518951416,-0.4783087372779846,0.30535000562667847,1
467,007596,/Users/von/Projects/cci-local-recovery/rerun_workspace/data/voc2007/VOCdevkit/VOC2007/JPEGImages/007596.jpg,sheep,sheep,"[""sheep"",""dog""]",3,0.8571428656578064,3.5970754623413086,3.6493494510650635,3.8855319023132324,4.573873996734619,1
468,005074,/Users/von/Projects/cci-local-recovery/rerun_workspace/data/voc2007/VOCdevkit/VOC2007/JPEGImages/005074.jpg,boat,boat,"[""boat"",""bird"",""car""]",4,0.0,0.052090294659137726,0.05290915444493294,-0.11812712252140045,0.3138679265975952,1
469,001354,/Users/von/Projects/cci-local-recovery/rerun_workspace/data/voc2007/VOCdevkit/VOC2007/JPEGImages/001354.jpg,diningtable,diningtable,"[""diningtable"",""bottle"",""person""]",1,0.8571428656578064,1.1723670959472656,1.1886054277420044,0.23438507318496704,0.7339166402816772,1
470,005737,/Users/von/Projects/cci-local-recovery/rerun_workspace/data/voc2007/VOCdevkit/VOC2007/JPEGImages/005737.jpg,bus,bus,"[""bus"",""person""]",1,0.8999999761581421,2.704739809036255,2.7489802837371826,1.128080129623413,2.099714517593384,1
471,001606,/Users/von/Projects/cci-local-recovery/rerun_workspace/data/voc2007/VOCdevkit/VOC2007/JPEGImages/001606.jpg,person,person,"[""person"",""bicycle""]",1,0.1818181872367859,-0.004254336003214121,-0.004326752852648497,-0.2158569097518921,-0.05437975376844406,1
472,008080,/Users/von/Projects/cci-local-recovery/rerun_workspace/data/voc2007/VOCdevkit/VOC2007/JPEGImages/008080.jpg,person,person,"[""person"",""dog""]",3,1.0,1.7767096757888794,1.806952714920044,1.112481713294983,1.8268572092056274,1
473,004183,/Users/von/Projects/cci-local-recovery/rerun_workspace/data/voc2007/VOCdevkit/VOC2007/JPEGImages/004183.jpg,car,car,"[""car"",""person""]",5,0.6666666865348816,0.22860956192016602,0.23179149627685547,-0.24746721982955933,0.15846002101898193,1
474,009314,/Users/von/Projects/cci-local-recovery/rerun_workspace/data/voc2007/VOCdevkit/VOC2007/JPEGImages/009314.jpg,person,person,"[""person"",""bus""]",3,0.8333333134651184,2.035695791244507,2.070347309112549,0.6113896369934082,2.3333628177642822,1
475,006082,/Users/von/Projects/cci-local-recovery/rerun_workspace/data/voc2007/VOCdevkit/VOC2007/JPEGImages/006082.jpg,bus,bus,"[""bus"",""car""]",0,1.0,0.5152090191841125,0.5236361026763916,0.6659537553787231,1.372422695159912,2
476,000723,/Users/von/Projects/cci-local-recovery/rerun_workspace/data/voc2007/VOCdevkit/VOC2007/JPEGImages/000723.jpg,bus,bus,"[""bus"",""person""]",1,0.8571428656578064,2.0497899055480957,2.083317518234253,1.22165846824646,2.7301130294799805,1
477,006895,/Users/von/Projects/cci-local-recovery/rerun_workspace/data/voc2007/VOCdevkit/VOC2007/JPEGImages/006895.jpg,sofa,sofa,"[""sofa"",""chair""]",0,0.699999988079071,4.217756271362305,4.28600549697876,2.573133945465088,4.34124231338501,1
478,008700,/Users/von/Projects/cci-local-recovery/rerun_workspace/data/voc2007/VOCdevkit/VOC2007/JPEGImages/008700.jpg,sofa,sofa,"[""sofa"",""person""]",4,0.5,1.7416882514953613,1.7698712348937988,0.8964400291442871,1.9249390363693237,1
479,003384,/Users/von/Projects/cci-local-recovery/rerun_workspace/data/voc2007/VOCdevkit/VOC2007/JPEGImages/003384.jpg,dog,dog,"[""dog"",""chair""]",2,0.75,1.5926967859268188,1.6150727272033691,0.7740846872329712,3.577113151550293,1
480,003720,/Users/von/Projects/cci-local-recovery/rerun_workspace/data/voc2007/VOCdevkit/VOC2007/JPEGImages/003720.jpg,horse,horse,"[""horse"",""person""]",0,0.8333333134651184,0.33284783363342285,0.33672377467155457,0.005339980125427246,0.2876025438308716,1
481,002927,/Users/von/Projects/cci-local-recovery/rerun_workspace/data/voc2007/VOCdevkit/VOC2007/JPEGImages/002927.jpg,car,car,"[""car"",""person""]",2,0.75,0.6000304818153381,0.6083820462226868,-0.7920729517936707,0.188186913728714,1
482,008548,/Users/von/Projects/cci-local-recovery/rerun_workspace/data/voc2007/VOCdevkit/VOC2007/JPEGImages/008548.jpg,car,car,"[""car"",""person""]",7,0.6666666865348816,0.2840445339679718,0.2879980504512787,-0.2861063778400421,-0.0010243654251098633,1
483,008795,/Users/von/Projects/cci-local-recovery/rerun_workspace/data/voc2007/VOCdevkit/VOC2007/JPEGImages/008795.jpg,sheep,sheep,"[""sheep"",""person""]",6,0.5,0.49762865900993347,0.5048604011535645,-0.5347789525985718,-0.05540508031845093,1
484,003084,/Users/von/Projects/cci-local-recovery/rerun_workspace/data/voc2007/VOCdevkit/VOC2007/JPEGImages/003084.jpg,horse,horse,"[""horse"",""dog"",""person""]",3,1.0,2.114959716796875,2.139587879180908,0.8136000633239746,1.5592622756958008,1
485,003234,/Users/von/Projects/cci-local-recovery/rerun_workspace/data/voc2007/VOCdevkit/VOC2007/JPEGImages/003234.jpg,car,car,"[""car"",""person""]",2,1.0,4.049228191375732,4.105587959289551,2.2597036361694336,3.870081663131714,1
486,001219,/Users/von/Projects/cci-local-recovery/rerun_workspace/data/voc2007/VOCdevkit/VOC2007/JPEGImages/001219.jpg,train,train,"[""train"",""person""]",3,0.5,0.7278260588645935,0.7383973002433777,0.9432404637336731,1.4466345310211182,1
487,008099,/Users/von/Projects/cci-local-recovery/rerun_workspace/data/voc2007/VOCdevkit/VOC2007/JPEGImages/008099.jpg,boat,boat,"[""boat"",""person""]",7,0.20000000298023224,0.29963424801826477,0.30434450507164,-0.12111660838127136,0.15649275481700897,1
488,001370,/Users/von/Projects/cci-local-recovery/rerun_workspace/data/voc2007/VOCdevkit/VOC2007/JPEGImages/001370.jpg,person,person,"[""person"",""bicycle""]",6,1.0,0.27554240822792053,0.28023266792297363,-0.21957388520240784,0.30839163064956665,1
489,001342,/Users/von/Projects/cci-local-recovery/rerun_workspace/data/voc2007/VOCdevkit/VOC2007/JPEGImages/001342.jpg,person,person,"[""person"",""boat""]",4,0.8333333134651184,1.5930871963500977,1.6202046871185303,0.21885466575622559,1.7775208950042725,1
490,006032,/Users/von/Projects/cci-local-recovery/rerun_workspace/data/voc2007/VOCdevkit/VOC2007/JPEGImages/006032.jpg,bicycle,bicycle,"[""bicycle"",""person""]",0,0.875,2.006788969039917,2.036553144454956,1.7293126583099365,3.612466335296631,1
491,009840,/Users/von/Projects/cci-local-recovery/rerun_workspace/data/voc2007/VOCdevkit/VOC2007/JPEGImages/009840.jpg,tvmonitor,tvmonitor,"[""tvmonitor"",""bottle"",""person""]",0,1.0,0.3657033145427704,0.37204843759536743,0.1616966873407364,0.2855362892150879,1
492,008641,/Users/von/Projects/cci-local-recovery/rerun_workspace/data/voc2007/VOCdevkit/VOC2007/JPEGImages/008641.jpg,person,person,"[""person"",""dog""]",5,1.0,0.026050738990306854,0.02649417333304882,-1.0640437602996826,-0.2468428909778595,1
493,008183,/Users/von/Projects/cci-local-recovery/rerun_workspace/data/voc2007/VOCdevkit/VOC2007/JPEGImages/008183.jpg,horse,horse,"[""horse"",""person""]",1,1.0,0.8926074504852295,0.9030016660690308,-0.858197808265686,0.30661076307296753,1
494,004081,/Users/von/Projects/cci-local-recovery/rerun_workspace/data/voc2007/VOCdevkit/VOC2007/JPEGImages/004081.jpg,pottedplant,pottedplant,"[""pottedplant"",""cow""]",6,0.0,0.40539655089378357,0.4109594523906708,-1.2183856964111328,0.16582602262496948,1
495,002562,/Users/von/Projects/cci-local-recovery/rerun_workspace/data/voc2007/VOCdevkit/VOC2007/JPEGImages/002562.jpg,car,car,"[""car"",""person""]",1,1.0,0.13321717083454132,0.13507136702537537,-0.3961285650730133,0.12040717899799347,1
496,004478,/Users/von/Projects/cci-local-recovery/rerun_workspace/data/voc2007/VOCdevkit/VOC2007/JPEGImages/004478.jpg,car,car,"[""car"",""person""]",0,1.0,0.004753389395773411,0.004819550085812807,-0.20724162459373474,0.07841300219297409,1
497,005193,/Users/von/Projects/cci-local-recovery/rerun_workspace/data/voc2007/VOCdevkit/VOC2007/JPEGImages/005193.jpg,dog,dog,"[""dog"",""chair""]",2,0.625,0.07529978454113007,0.07635767757892609,-0.11273451149463654,0.145391583442688,1
498,004904,/Users/von/Projects/cci-local-recovery/rerun_workspace/data/voc2007/VOCdevkit/VOC2007/JPEGImages/004904.jpg,bicycle,bicycle,"[""bicycle"",""person""]",0,0.125,0.49794483184814453,0.5053302049636841,0.023700803518295288,0.4956398010253906,1
499,004119,/Users/von/Projects/cci-local-recovery/rerun_workspace/data/voc2007/VOCdevkit/VOC2007/JPEGImages/004119.jpg,sofa,sofa,"[""sofa"",""chair""]",0,1.0,2.892860174179077,2.9396708011627197,3.544088840484619,4.7428975105285645,1
500,008431,/Users/von/Projects/cci-local-recovery/rerun_workspace/data/voc2007/VOCdevkit/VOC2007/JPEGImages/008431.jpg,diningtable,diningtable,"[""diningtable"",""chair""]",6,1.0,0.7469640970230103,0.7573102116584778,0.2656143307685852,1.0163958072662354,1
501,008916,/Users/von/Projects/cci-local-recovery/rerun_workspace/data/voc2007/VOCdevkit/VOC2007/JPEGImages/008916.jpg,person,person,"[""person"",""car""]",4,1.0,0.6850016117095947,0.696661651134491,-0.6447461247444153,0.1644608974456787,1
502,002719,/Users/von/Projects/cci-local-recovery/rerun_workspace/data/voc2007/VOCdevkit/VOC2007/JPEGImages/002719.jpg,boat,boat,"[""boat"",""person""]",0,0.0,0.4240207374095917,0.430686354637146,0.19891957938671112,0.4984202980995178,1
503,002418,/Users/von/Projects/cci-local-recovery/rerun_workspace/data/voc2007/VOCdevkit/VOC2007/JPEGImages/002418.jpg,train,train,"[""train"",""car""]",6,0.0,0.9679021835327148,0.9819604158401489,0.9121315479278564,1.3065812587738037,1
504,000546,/Users/von/Projects/cci-local-recovery/rerun_workspace/data/voc2007/VOCdevkit/VOC2007/JPEGImages/000546.jpg,dog,dog,"[""dog"",""person""]",1,0.8181818127632141,4.4951982498168945,4.558351516723633,2.9079110622406006,4.952354907989502,1
505,009228,/Users/von/Projects/cci-local-recovery/rerun_workspace/data/voc2007/VOCdevkit/VOC2007/JPEGImages/009228.jpg,person,person,"[""person"",""bicycle""]",4,1.0,0.47273337841033936,0.4807802140712738,-0.21463409066200256,0.21053901314735413,1
506,000704,/Users/von/Projects/cci-local-recovery/rerun_workspace/data/voc2007/VOCdevkit/VOC2007/JPEGImages/000704.jpg,horse,horse,"[""horse"",""person""]",1,0.800000011920929,0.5035524368286133,0.5094161629676819,0.03418731689453125,0.9218653440475464,1
507,000168,/Users/von/Projects/cci-local-recovery/rerun_workspace/data/voc2007/VOCdevkit/VOC2007/JPEGImages/000168.jpg,horse,horse,"[""horse"",""person""]",1,0.7272727489471436,1.2061223983764648,1.2201673984527588,0.4106518030166626,2.3786001205444336,1
508,002575,/Users/von/Projects/cci-local-recovery/rerun_workspace/data/voc2007/VOCdevkit/VOC2007/JPEGImages/002575.jpg,person,person,"[""person"",""bottle"",""chair""]",4,0.2222222238779068,0.7967267036437988,0.8102885484695435,-0.42580699920654297,0.28450751304626465,1
509,004355,/Users/von/Projects/cci-local-recovery/rerun_workspace/data/voc2007/VOCdevkit/VOC2007/JPEGImages/004355.jpg,person,person,"[""person"",""bottle""]",2,1.0,0.18031388521194458,0.18338318169116974,-0.2564718723297119,0.03803972899913788,1
510,008673,/Users/von/Projects/cci-local-recovery/rerun_workspace/data/voc2007/VOCdevkit/VOC2007/JPEGImages/008673.jpg,chair,chair,"[""chair"",""bicycle""]",3,1.0,3.085198402404785,3.130713701248169,2.234776020050049,3.6132795810699463,1
511,007067,/Users/von/Projects/cci-local-recovery/rerun_workspace/data/voc2007/VOCdevkit/VOC2007/JPEGImages/007067.jpg,sofa,sofa,"[""sofa"",""chair""]",5,0.800000011920929,1.139017939567566,1.1574488878250122,0.8102666139602661,1.2187460660934448,1
512,004166,/Users/von/Projects/cci-local-recovery/rerun_workspace/data/voc2007/VOCdevkit/VOC2007/JPEGImages/004166.jpg,diningtable,diningtable,"[""diningtable"",""chair"",""dog"",""sofa"",""tvmonitor""]",7,0.5714285969734192,0.3031734824180603,0.30737271904945374,0.3616566061973572,1.1894299983978271,1
513,004094,/Users/von/Projects/cci-local-recovery/rerun_workspace/data/voc2007/VOCdevkit/VOC2007/JPEGImages/004094.jpg,bus,bus,"[""bus"",""person""]",3,1.0,-0.039812490344047546,-0.04046368598937988,-0.9582599401473999,-0.32622674107551575,1
514,003160,/Users/von/Projects/cci-local-recovery/rerun_workspace/data/voc2007/VOCdevkit/VOC2007/JPEGImages/003160.jpg,aeroplane,aeroplane,"[""aeroplane"",""person""]",2,1.0,0.5358504056930542,0.5471253991127014,-0.7551806569099426,0.3911207914352417,1
515,009871,/Users/von/Projects/cci-local-recovery/rerun_workspace/data/voc2007/VOCdevkit/VOC2007/JPEGImages/009871.jpg,person,person,"[""person"",""bottle""]",4,1.0,0.3169077932834625,0.3223021924495697,-1.4220885038375854,-0.384550541639328,1
516,005733,/Users/von/Projects/cci-local-recovery/rerun_workspace/data/voc2007/VOCdevkit/VOC2007/JPEGImages/005733.jpg,horse,horse,"[""horse"",""person""]",4,0.0,1.2144852876663208,1.2286276817321777,-0.42808735370635986,0.07039964199066162,1
517,008176,/Users/von/Projects/cci-local-recovery/rerun_workspace/data/voc2007/VOCdevkit/VOC2007/JPEGImages/008176.jpg,dog,dog,"[""dog"",""sofa""]",0,1.0,1.4160078763961792,1.4359015226364136,0.6368198990821838,4.427928447723389,1
518,008957,/Users/von/Projects/cci-local-recovery/rerun_workspace/data/voc2007/VOCdevkit/VOC2007/JPEGImages/008957.jpg,chair,chair,"[""chair"",""person""]",2,0.5,0.7459956407546997,0.7570011615753174,0.00477224588394165,0.408871054649353,1
519,002830,/Users/von/Projects/cci-local-recovery/rerun_workspace/data/voc2007/VOCdevkit/VOC2007/JPEGImages/002830.jpg,motorbike,motorbike,"[""motorbike"",""person""]",6,0.800000011920929,1.129608392715454,1.1463745832443237,0.571241021156311,1.1355433464050293,1
520,007206,/Users/von/Projects/cci-local-recovery/rerun_workspace/data/voc2007/VOCdevkit/VOC2007/JPEGImages/007206.jpg,train,train,"[""train"",""person""]",7,0.6666666865348816,1.2916041612625122,1.310364007949829,-0.295046329498291,1.0936675071716309,1
521,004740,/Users/von/Projects/cci-local-recovery/rerun_workspace/data/voc2007/VOCdevkit/VOC2007/JPEGImages/004740.jpg,diningtable,diningtable,"[""diningtable"",""person""]",1,0.75,1.101601481437683,1.1168596744537354,0.5377035140991211,1.3089698553085327,1
522,008234,/Users/von/Projects/cci-local-recovery/rerun_workspace/data/voc2007/VOCdevkit/VOC2007/JPEGImages/008234.jpg,train,train,"[""train"",""person""]",1,0.4166666567325592,2.187798261642456,2.2195746898651123,0.20485711097717285,1.843446969985962,1
523,005939,/Users/von/Projects/cci-local-recovery/rerun_workspace/data/voc2007/VOCdevkit/VOC2007/JPEGImages/005939.jpg,sofa,sofa,"[""sofa"",""cat""]",6,0.2222222238779068,0.4890848696231842,0.49699896574020386,-0.10141950845718384,0.29763877391815186,1
524,009962,/Users/von/Projects/cci-local-recovery/rerun_workspace/data/voc2007/VOCdevkit/VOC2007/JPEGImages/009962.jpg,person,person,"[""person"",""chair"",""diningtable""]",4,1.0,0.14916856586933136,0.1517077088356018,-0.844019889831543,-0.33719953894615173,1
525,000870,/Users/von/Projects/cci-local-recovery/rerun_workspace/data/voc2007/VOCdevkit/VOC2007/JPEGImages/000870.jpg,person,person,"[""person"",""diningtable""]",3,1.0,0.6531149744987488,0.6642322540283203,-0.5607494115829468,0.3705185353755951,1
526,006514,/Users/von/Projects/cci-local-recovery/rerun_workspace/data/voc2007/VOCdevkit/VOC2007/JPEGImages/006514.jpg,person,person,"[""person"",""chair""]",3,1.0,1.1479322910308838,1.1674723625183105,-1.560457706451416,2.1980252265930176,1
527,006487,/Users/von/Projects/cci-local-recovery/rerun_workspace/data/voc2007/VOCdevkit/VOC2007/JPEGImages/006487.jpg,sofa,sofa,"[""sofa"",""dog"",""person""]",2,1.0,0.4026072025299072,0.40912196040153503,-1.6924223899841309,0.8956445455551147,1
528,001601,/Users/von/Projects/cci-local-recovery/rerun_workspace/data/voc2007/VOCdevkit/VOC2007/JPEGImages/001601.jpg,dog,dog,"[""dog"",""person""]",0,1.0,0.29445379972457886,0.29859060049057007,-0.2991359233856201,0.1470889300107956,1
529,003542,/Users/von/Projects/cci-local-recovery/rerun_workspace/data/voc2007/VOCdevkit/VOC2007/JPEGImages/003542.jpg,bicycle,bicycle,"[""bicycle"",""person""]",1,0.0,-0.014384469017386436,-0.014597815461456776,-0.27620771527290344,-0.04062584787607193,2
530,008046,/Users/von/Projects/cci-local-recovery/rerun_workspace/data/voc2007/VOCdevkit/VOC2007/JPEGImages/008046.jpg,person,person,"[""person"",""bicycle""]",4,0.0,0.08110398054122925,0.08248452842235565,-0.4308105707168579,-0.033172301948070526,2
531,004222,/Users/von/Projects/cci-local-recovery/rerun_workspace/data/voc2007/VOCdevkit/VOC2007/JPEGImages/004222.jpg,sofa,sofa,"[""sofa"",""pottedplant"",""tvmonitor""]",3,0.5,0.8032039403915405,0.8162009119987488,-0.6179360747337341,1.2462050914764404,1
532,008844,/Users/von/Projects/cci-local-recovery/rerun_workspace/data/voc2007/VOCdevkit/VOC2007/JPEGImages/008844.jpg,person,person,"[""person"",""chair""]",4,0.800000011920929,0.3934600353240967,0.40015748143196106,-1.0144542455673218,0.05884149670600891,1
533,002945,/Users/von/Projects/cci-local-recovery/rerun_workspace/data/voc2007/VOCdevkit/VOC2007/JPEGImages/002945.jpg,person,person,"[""person"",""bottle"",""diningtable"",""pottedplant""]",1,0.0,0.1161356046795845,0.1181124597787857,-0.16747461259365082,0.004606142640113831,1
534,005092,/Users/von/Projects/cci-local-recovery/rerun_workspace/data/voc2007/VOCdevkit/VOC2007/JPEGImages/005092.jpg,pottedplant,pottedplant,"[""pottedplant"",""dog""]",0,0.10000000149011612,1.5933431386947632,1.6152071952819824,1.2329423427581787,1.8347880840301514,1
535,004930,/Users/von/Projects/cci-local-recovery/rerun_workspace/data/voc2007/VOCdevkit/VOC2007/JPEGImages/004930.jpg,person,person,"[""person"",""bicycle""]",3,1.0,1.0299733877182007,1.047505497932434,-0.9642375707626343,-0.03508031368255615,1
536,007785,/Users/von/Projects/cci-local-recovery/rerun_workspace/data/voc2007/VOCdevkit/VOC2007/JPEGImages/007785.jpg,person,person,"[""person"",""chair"",""sofa""]",1,0.5,2.0587706565856934,2.0938148498535156,1.4672980308532715,2.3379058837890625,1
537,006954,/Users/von/Projects/cci-local-recovery/rerun_workspace/data/voc2007/VOCdevkit/VOC2007/JPEGImages/006954.jpg,person,person,"[""person"",""chair""]",4,1.0,0.47799351811408997,0.48612990975379944,-0.6034435033798218,-0.0036728978157043457,1
538,008578,/Users/von/Projects/cci-local-recovery/rerun_workspace/data/voc2007/VOCdevkit/VOC2007/JPEGImages/008578.jpg,boat,boat,"[""boat"",""person""]",5,0.0,0.5885710120201111,0.5978233218193054,-0.013075470924377441,0.2559555172920227,1
539,000136,/Users/von/Projects/cci-local-recovery/rerun_workspace/data/voc2007/VOCdevkit/VOC2007/JPEGImages/000136.jpg,cat,cat,"[""cat"",""bottle""]",0,0.3333333432674408,5.63778829574585,5.72447395324707,3.7621803283691406,4.8698296546936035,1
540,003527,/Users/von/Projects/cci-local-recovery/rerun_workspace/data/voc2007/VOCdevkit/VOC2007/JPEGImages/003527.jpg,car,car,"[""car"",""person""]",1,0.8888888955116272,1.2677563428878784,1.285401701927185,1.0402088165283203,1.7905950546264648,1
541,000940,/Users/von/Projects/cci-local-recovery/rerun_workspace/data/voc2007/VOCdevkit/VOC2007/JPEGImages/000940.jpg,person,person,"[""person"",""chair""]",3,0.800000011920929,0.041556160897016525,0.04226352646946907,-0.4612622559070587,-0.032043199986219406,2
542,001656,/Users/von/Projects/cci-local-recovery/rerun_workspace/data/voc2007/VOCdevkit/VOC2007/JPEGImages/001656.jpg,dog,dog,"[""dog"",""person""]",7,1.0,2.076031446456909,2.1051979064941406,0.9786266088485718,1.727257490158081,1
543,001542,/Users/von/Projects/cci-local-recovery/rerun_workspace/data/voc2007/VOCdevkit/VOC2007/JPEGImages/001542.jpg,cat,cat,"[""cat"",""person""]",7,1.0,0.2512136697769165,0.2550762891769409,-0.2715003490447998,0.3805661201477051,1
544,008074,/Users/von/Projects/cci-local-recovery/rerun_workspace/data/voc2007/VOCdevkit/VOC2007/JPEGImages/008074.jpg,person,person,"[""person"",""bicycle""]",6,1.0,0.16336403787136078,0.16614481806755066,-0.16560998558998108,0.1759987622499466,1
545,002789,/Users/von/Projects/cci-local-recovery/rerun_workspace/data/voc2007/VOCdevkit/VOC2007/JPEGImages/002789.jpg,cow,cow,"[""cow"",""car"",""person""]",3,0.75,5.772027969360352,5.843833923339844,4.201211929321289,6.7364606857299805,1
546,008059,/Users/von/Projects/cci-local-recovery/rerun_workspace/data/voc2007/VOCdevkit/VOC2007/JPEGImages/008059.jpg,horse,horse,"[""horse"",""person""]",7,0.125,0.19836068153381348,0.2006705403327942,-0.2664331793785095,0.11483485251665115,1
547,006629,/Users/von/Projects/cci-local-recovery/rerun_workspace/data/voc2007/VOCdevkit/VOC2007/JPEGImages/006629.jpg,train,train,"[""train"",""person""]",2,1.0,0.4059617817401886,0.41185814142227173,-0.18343764543533325,0.1937859058380127,1
548,002552,/Users/von/Projects/cci-local-recovery/rerun_workspace/data/voc2007/VOCdevkit/VOC2007/JPEGImages/002552.jpg,chair,chair,"[""chair"",""cat""]",3,0.1666666716337204,0.2833213210105896,0.28750112652778625,-1.0779500007629395,0.0982334166765213,1
549,002161,/Users/von/Projects/cci-local-recovery/rerun_workspace/data/voc2007/VOCdevkit/VOC2007/JPEGImages/002161.jpg,pottedplant,pottedplant,"[""pottedplant"",""chair""]",6,0.0,0.2964605689048767,0.3005286455154419,-0.16682764887809753,0.3130784332752228,1
550,006308,/Users/von/Projects/cci-local-recovery/rerun_workspace/data/voc2007/VOCdevkit/VOC2007/JPEGImages/006308.jpg,tvmonitor,tvmonitor,"[""tvmonitor"",""cat""]",5,1.0,0.4262959063053131,0.4336923360824585,0.18142718076705933,0.39969372749328613,1
551,001435,/Users/von/Projects/cci-local-recovery/rerun_workspace/data/voc2007/VOCdevkit/VOC2007/JPEGImages/001435.jpg,car,car,"[""car"",""person""]",1,0.625,0.41399675607681274,0.41975900530815125,-0.29548606276512146,0.44957613945007324,1
552,006193,/Users/von/Projects/cci-local-recovery/rerun_workspace/data/voc2007/VOCdevkit/VOC2007/JPEGImages/006193.jpg,motorbike,motorbike,"[""motorbike"",""person""]",3,1.0,-0.31073787808418274,-0.3153499960899353,-0.6700063943862915,-0.22817692160606384,2
553,004218,/Users/von/Projects/cci-local-recovery/rerun_workspace/data/voc2007/VOCdevkit/VOC2007/JPEGImages/004218.jpg,dog,dog,"[""dog"",""bird""]",5,1.0,4.534977912902832,4.598690032958984,-1.2094836235046387,3.937836170196533,1
554,000606,/Users/von/Projects/cci-local-recovery/rerun_workspace/data/voc2007/VOCdevkit/VOC2007/JPEGImages/000606.jpg,diningtable,diningtable,"[""diningtable"",""bottle"",""person"",""pottedplant""]",5,0.8181818127632141,1.5960344076156616,1.6181409358978271,1.596828579902649,2.4310405254364014,1
555,006504,/Users/von/Projects/cci-local-recovery/rerun_workspace/data/voc2007/VOCdevkit/VOC2007/JPEGImages/006504.jpg,sofa,sofa,"[""sofa"",""pottedplant""]",3,0.0,0.5534150004386902,0.5623700618743896,-0.04115331172943115,0.46845269203186035,1
556,009216,/Users/von/Projects/cci-local-recovery/rerun_workspace/data/voc2007/VOCdevkit/VOC2007/JPEGImages/009216.jpg,tvmonitor,tvmonitor,"[""tvmonitor"",""cat""]",3,1.0,1.111484169960022,1.130768895149231,-0.21581172943115234,0.3315654397010803,1
557,004580,/Users/von/Projects/cci-local-recovery/rerun_workspace/data/voc2007/VOCdevkit/VOC2007/JPEGImages/004580.jpg,person,person,"[""person"",""car""]",0,1.0,0.2096102237701416,0.21317820250988007,-0.566020667552948,0.7370483875274658,1
558,002788,/Users/von/Projects/cci-local-recovery/rerun_workspace/data/voc2007/VOCdevkit/VOC2007/JPEGImages/002788.jpg,person,person,"[""person"",""chair"",""diningtable""]",0,0.0,0.11017289757728577,0.11204825341701508,-0.7923678159713745,0.38756054639816284,1
559,007126,/Users/von/Projects/cci-local-recovery/rerun_workspace/data/voc2007/VOCdevkit/VOC2007/JPEGImages/007126.jpg,person,person,"[""person"",""car""]",0,0.2222222238779068,2.0018601417541504,2.035935640335083,-1.0897278785705566,0.5973484516143799,1
560,000445,/Users/von/Projects/cci-local-recovery/rerun_workspace/data/voc2007/VOCdevkit/VOC2007/JPEGImages/000445.jpg,horse,horse,"[""horse"",""person""]",2,0.0,0.46506351232528687,0.4704790711402893,-0.12335848808288574,0.28321611881256104,2
561,005005,/Users/von/Projects/cci-local-recovery/rerun_workspace/data/voc2007/VOCdevkit/VOC2007/JPEGImages/005005.jpg,car,car,"[""car"",""person""]",2,0.0,0.19982871413230896,0.202610045671463,-0.07920253276824951,-0.011527732014656067,1
562,007315,/Users/von/Projects/cci-local-recovery/rerun_workspace/data/voc2007/VOCdevkit/VOC2007/JPEGImages/007315.jpg,sofa,sofa,"[""sofa"",""chair""]",7,1.0,0.4215961694717407,0.42841818928718567,0.60121750831604,0.8104255199432373,1
563,000642,/Users/von/Projects/cci-local-recovery/rerun_workspace/data/voc2007/VOCdevkit/VOC2007/JPEGImages/000642.jpg,person,person,"[""person"",""chair""]",3,1.0,0.10779765248298645,0.10963257402181625,-0.4383071959018707,-0.024790801107883453,1
564,005377,/Users/von/Projects/cci-local-recovery/rerun_workspace/data/voc2007/VOCdevkit/VOC2007/JPEGImages/005377.jpg,person,person,"[""person"",""diningtable""]",2,0.25,0.35089144110679626,0.3568643033504486,-0.6419467926025391,0.09953334927558899,1
565,007665,/Users/von/Projects/cci-local-recovery/rerun_workspace/data/voc2007/VOCdevkit/VOC2007/JPEGImages/007665.jpg,car,car,"[""car"",""bicycle""]",6,0.6666666865348816,0.46439215540885925,0.47085586190223694,-0.5991219282150269,0.7389817237854004,1
566,009673,/Users/von/Projects/cci-local-recovery/rerun_workspace/data/voc2007/VOCdevkit/VOC2007/JPEGImages/009673.jpg,motorbike,motorbike,"[""motorbike"",""person""]",2,1.0,0.3582647442817688,0.3635822832584381,0.46168118715286255,1.115638256072998,1
567,000616,/Users/von/Projects/cci-local-recovery/rerun_workspace/data/voc2007/VOCdevkit/VOC2007/JPEGImages/000616.jpg,horse,horse,"[""horse"",""person""]",7,1.0,1.2160983085632324,1.2302595376968384,0.45232516527175903,1.1905590295791626,1
568,007019,/Users/von/Projects/cci-local-recovery/rerun_workspace/data/voc2007/VOCdevkit/VOC2007/JPEGImages/007019.jpg,sofa,sofa,"[""sofa"",""person""]",0,1.0,1.5190174579620361,1.5435973405838013,0.725448489189148,1.3346819877624512,1
569,008780,/Users/von/Projects/cci-local-recovery/rerun_workspace/data/voc2007/VOCdevkit/VOC2007/JPEGImages/008780.jpg,person,person,"[""person"",""bird""]",1,1.0,0.14308927953243256,0.14552493393421173,-0.1424526423215866,0.21856674551963806,1
570,008528,/Users/von/Projects/cci-local-recovery/rerun_workspace/data/voc2007/VOCdevkit/VOC2007/JPEGImages/008528.jpg,diningtable,diningtable,"[""diningtable"",""chair"",""person""]",6,1.0,0.9019014835357666,0.9143936634063721,0.3157510757446289,0.8041498064994812,1
571,003323,/Users/von/Projects/cci-local-recovery/rerun_workspace/data/voc2007/VOCdevkit/VOC2007/JPEGImages/003323.jpg,diningtable,diningtable,"[""diningtable"",""chair"",""person"",""pottedplant""]",5,1.0,3.323259115219116,3.3692891597747803,2.7822399139404297,3.5034706592559814,1
572,001851,/Users/von/Projects/cci-local-recovery/rerun_workspace/data/voc2007/VOCdevkit/VOC2007/JPEGImages/001851.jpg,dog,dog,"[""dog"",""car""]",0,1.0,0.25295257568359375,0.2565063238143921,-0.2014734447002411,0.228400319814682,1
573,009102,/Users/von/Projects/cci-local-recovery/rerun_workspace/data/voc2007/VOCdevkit/VOC2007/JPEGImages/009102.jpg,boat,boat,"[""boat"",""bird"",""person""]",5,1.0,0.7035163044929504,0.7145755887031555,0.40128999948501587,0.7093949913978577,1
574,003633,/Users/von/Projects/cci-local-recovery/rerun_workspace/data/voc2007/VOCdevkit/VOC2007/JPEGImages/003633.jpg,cow,cow,"[""cow"",""person""]",4,0.4000000059604645,0.6951707601547241,0.7038189172744751,-0.03844863176345825,0.18271642923355103,1
575,000913,/Users/von/Projects/cci-local-recovery/rerun_workspace/data/voc2007/VOCdevkit/VOC2007/JPEGImages/000913.jpg,person,person,"[""person"",""dog""]",3,1.0,0.4703989624977112,0.47840607166290283,-0.24214887619018555,0.11627742648124695,1
576,003942,/Users/von/Projects/cci-local-recovery/rerun_workspace/data/voc2007/VOCdevkit/VOC2007/JPEGImages/003942.jpg,person,person,"[""person"",""bottle""]",2,1.0,0.2349117547273636,0.23891040682792664,-0.4928496778011322,0.4842831790447235,1
577,001921,/Users/von/Projects/cci-local-recovery/rerun_workspace/data/voc2007/VOCdevkit/VOC2007/JPEGImages/001921.jpg,person,person,"[""person"",""bottle""]",3,1.0,0.937041163444519,0.9529914259910583,0.009134650230407715,0.2658795118331909,1
578,003544,/Users/von/Projects/cci-local-recovery/rerun_workspace/data/voc2007/VOCdevkit/VOC2007/JPEGImages/003544.jpg,sofa,sofa,"[""sofa"",""bottle""]",0,0.0,0.39611122012138367,0.4025208652019501,-0.2601819932460785,0.31861457228660583,1
579,000734,/Users/von/Projects/cci-local-recovery/rerun_workspace/data/voc2007/VOCdevkit/VOC2007/JPEGImages/000734.jpg,person,person,"[""person"",""dog""]",3,1.0,0.4403816759586334,0.44787782430648804,0.01602885127067566,0.6003508567810059,1
580,002974,/Users/von/Projects/cci-local-recovery/rerun_workspace/data/voc2007/VOCdevkit/VOC2007/JPEGImages/002974.jpg,person,person,"[""person"",""chair"",""diningtable""]",2,0.4000000059604645,0.4921920597553253,0.5005701184272766,-0.29552382230758667,0.13529253005981445,1
581,004104,/Users/von/Projects/cci-local-recovery/rerun_workspace/data/voc2007/VOCdevkit/VOC2007/JPEGImages/004104.jpg,bus,bus,"[""bus"",""car""]",6,0.8333333134651184,3.6380298137664795,3.697535753250122,2.9041249752044678,4.568781852722168,1
582,004482,/Users/von/Projects/cci-local-recovery/rerun_workspace/data/voc2007/VOCdevkit/VOC2007/JPEGImages/004482.jpg,diningtable,diningtable,"[""diningtable"",""person""]",4,1.0,0.4510584771633148,0.45730605721473694,0.025707364082336426,0.29642313718795776,1
583,004447,/Users/von/Projects/cci-local-recovery/rerun_workspace/data/voc2007/VOCdevkit/VOC2007/JPEGImages/004447.jpg,bicycle,bicycle,"[""bicycle"",""person""]",3,0.6666666865348816,3.168959140777588,3.2159602642059326,1.8227235078811646,3.6848347187042236,1
584,000974,/Users/von/Projects/cci-local-recovery/rerun_workspace/data/voc2007/VOCdevkit/VOC2007/JPEGImages/000974.jpg,tvmonitor,tvmonitor,"[""tvmonitor"",""chair""]",1,0.20000000298023224,1.238351821899414,1.2598377466201782,1.4154561758041382,1.920492172241211,1
585,006399,/Users/von/Projects/cci-local-recovery/rerun_workspace/data/voc2007/VOCdevkit/VOC2007/JPEGImages/006399.jpg,dog,dog,"[""dog"",""person""]",4,0.0,0.5296211838722229,0.537061870098114,0.05322805047035217,0.3535662889480591,1
586,000475,/Users/von/Projects/cci-local-recovery/rerun_workspace/data/voc2007/VOCdevkit/VOC2007/JPEGImages/000475.jpg,sheep,sheep,"[""sheep"",""horse""]",2,0.6666666865348816,3.5269434452056885,3.578198194503784,2.9163737297058105,4.722804069519043,1
587,009741,/Users/von/Projects/cci-local-recovery/rerun_workspace/data/voc2007/VOCdevkit/VOC2007/JPEGImages/009741.jpg,person,person,"[""person"",""chair"",""pottedplant""]",2,1.0,0.7347372174263,0.7472438812255859,0.6307680606842041,1.84506356716156,1
588,005359,/Users/von/Projects/cci-local-recovery/rerun_workspace/data/voc2007/VOCdevkit/VOC2007/JPEGImages/005359.jpg,train,train,"[""train"",""person""]",4,1.0,0.6284191012382507,0.6375465393066406,-0.34380388259887695,0.2238573133945465,1
589,005553,/Users/von/Projects/cci-local-recovery/rerun_workspace/data/voc2007/VOCdevkit/VOC2007/JPEGImages/005553.jpg,motorbike,motorbike,"[""motorbike"",""person""]",1,1.0,0.40738949179649353,0.4134361445903778,0.10910755395889282,0.5890960693359375,1
590,003746,/Users/von/Projects/cci-local-recovery/rerun_workspace/data/voc2007/VOCdevkit/VOC2007/JPEGImages/003746.jpg,bicycle,bicycle,"[""bicycle"",""car"",""person""]",3,0.0,0.510953426361084,0.5185317397117615,-0.4679298400878906,-0.15661484003067017,1
591,006401,/Users/von/Projects/cci-local-recovery/rerun_workspace/data/voc2007/VOCdevkit/VOC2007/JPEGImages/006401.jpg,horse,horse,"[""horse"",""person""]",4,0.0,1.0855501890182495,1.0981911420822144,-0.5860379934310913,0.20176929235458374,1
592,008697,/Users/von/Projects/cci-local-recovery/rerun_workspace/data/voc2007/VOCdevkit/VOC2007/JPEGImages/008697.jpg,diningtable,diningtable,"[""diningtable"",""bottle""]",6,1.0,0.5099063515663147,0.5169690251350403,0.14174005389213562,0.5057530403137207,1
593,002793,/Users/von/Projects/cci-local-recovery/rerun_workspace/data/voc2007/VOCdevkit/VOC2007/JPEGImages/002793.jpg,motorbike,motorbike,"[""motorbike"",""car""]",2,0.125,2.429943561553955,2.4660098552703857,0.3512294292449951,3.023059606552124,1
594,005456,/Users/von/Projects/cci-local-recovery/rerun_workspace/data/voc2007/VOCdevkit/VOC2007/JPEGImages/005456.jpg,horse,horse,"[""horse"",""person""]",2,1.0,0.8788360953330994,0.8890699148178101,0.03334379196166992,0.6329785585403442,1
595,002777,/Users/von/Projects/cci-local-recovery/rerun_workspace/data/voc2007/VOCdevkit/VOC2007/JPEGImages/002777.jpg,chair,chair,"[""chair"",""pottedplant""]",1,0.6000000238418579,0.7392396330833435,0.7501454949378967,0.0031319856643676758,0.8796709775924683,1
596,008531,/Users/von/Projects/cci-local-recovery/rerun_workspace/data/voc2007/VOCdevkit/VOC2007/JPEGImages/008531.jpg,train,train,"[""train"",""person""]",0,0.0,0.27803027629852295,0.28206852078437805,-0.3567154109477997,-0.037987083196640015,1
597,001600,/Users/von/Projects/cci-local-recovery/rerun_workspace/data/voc2007/VOCdevkit/VOC2007/JPEGImages/001600.jpg,sofa,sofa,"[""sofa"",""chair"",""person""]",5,0.375,0.9616969227790833,0.9772585034370422,0.2980794310569763,0.8833653926849365,1
598,004749,/Users/von/Projects/cci-local-recovery/rerun_workspace/data/voc2007/VOCdevkit/VOC2007/JPEGImages/004749.jpg,horse,horse,"[""horse"",""person""]",2,1.0,0.7287347912788391,0.7372207641601562,-0.3055945634841919,1.2581398487091064,1
599,008544,/Users/von/Projects/cci-local-recovery/rerun_workspace/data/voc2007/VOCdevkit/VOC2007/JPEGImages/008544.jpg,dog,dog,"[""dog"",""cat""]",5,1.0,0.45051541924476624,0.4568447470664978,-0.14635294675827026,0.12988552451133728,1
600,008946,/Users/von/Projects/cci-local-recovery/rerun_workspace/data/voc2007/VOCdevkit/VOC2007/JPEGImages/008946.jpg,person,person,"[""person"",""tvmonitor""]",1,0.0,0.13226303458213806,0.13451440632343292,-0.014590531587600708,0.5273199677467346,1
601,003795,/Users/von/Projects/cci-local-recovery/rerun_workspace/data/voc2007/VOCdevkit/VOC2007/JPEGImages/003795.jpg,person,person,"[""person"",""bicycle""]",7,1.0,0.7534220814704895,0.7662467956542969,0.27936145663261414,0.857674777507782,1
602,001805,/Users/von/Projects/cci-local-recovery/rerun_workspace/data/voc2007/VOCdevkit/VOC2007/JPEGImages/001805.jpg,diningtable,diningtable,"[""diningtable"",""chair"",""person""]",3,0.20000000298023224,0.7146868109703064,0.7245858907699585,-0.2968231439590454,0.12958985567092896,1
603,006742,/Users/von/Projects/cci-local-recovery/rerun_workspace/data/voc2007/VOCdevkit/VOC2007/JPEGImages/006742.jpg,person,person,"[""person"",""tvmonitor""]",3,1.0,-0.03835673630237579,-0.039009641855955124,-0.9204362034797668,-0.2098480463027954,2
604,005100,/Users/von/Projects/cci-local-recovery/rerun_workspace/data/voc2007/VOCdevkit/VOC2007/JPEGImages/005100.jpg,person,person,"[""person"",""dog"",""sofa""]",1,1.0,0.5451533198356628,0.5544328689575195,-0.829512357711792,0.23288008570671082,1
605,005225,/Users/von/Projects/cci-local-recovery/rerun_workspace/data/voc2007/VOCdevkit/VOC2007/JPEGImages/005225.jpg,person,person,"[""person"",""dog""]",6,1.0,0.4543684720993042,0.4621027112007141,-0.415493369102478,0.050971001386642456,1
606,008399,/Users/von/Projects/cci-local-recovery/rerun_workspace/data/voc2007/VOCdevkit/VOC2007/JPEGImages/008399.jpg,horse,horse,"[""horse"",""person""]",6,0.0,0.17005187273025513,0.17203208804130554,-0.02172468602657318,0.0639117956161499,1
607,008347,/Users/von/Projects/cci-local-recovery/rerun_workspace/data/voc2007/VOCdevkit/VOC2007/JPEGImages/008347.jpg,sofa,sofa,"[""sofa"",""chair"",""tvmonitor""]",4,0.5,0.8802269101142883,0.89447021484375,0.9984816908836365,1.4571826457977295,1
608,003952,/Users/von/Projects/cci-local-recovery/rerun_workspace/data/voc2007/VOCdevkit/VOC2007/JPEGImages/003952.jpg,boat,boat,"[""boat"",""person""]",3,1.0,0.6288248300552368,0.6387099623680115,-1.0975964069366455,0.719241738319397,1
609,007252,/Users/von/Projects/cci-local-recovery/rerun_workspace/data/voc2007/VOCdevkit/VOC2007/JPEGImages/007252.jpg,horse,horse,"[""horse"",""person""]",2,1.0,1.678680181503296,1.6982280015945435,0.012862324714660645,2.397536277770996,1
610,003825,/Users/von/Projects/cci-local-recovery/rerun_workspace/data/voc2007/VOCdevkit/VOC2007/JPEGImages/003825.jpg,chair,chair,"[""chair"",""person""]",0,0.8888888955116272,0.7625351548194885,0.7737846970558167,0.3071778416633606,0.534525990486145,1
611,003193,/Users/von/Projects/cci-local-recovery/rerun_workspace/data/voc2007/VOCdevkit/VOC2007/JPEGImages/003193.jpg,horse,horse,"[""horse"",""person""]",0,1.0,4.941164016723633,4.998702526092529,4.405884742736816,5.689466953277588,1
612,006505,/Users/von/Projects/cci-local-recovery/rerun_workspace/data/voc2007/VOCdevkit/VOC2007/JPEGImages/006505.jpg,sofa,sofa,"[""sofa"",""person""]",3,1.0,1.0138401985168457,1.0302455425262451,0.1113782525062561,0.6296955347061157,1
613,001779,/Users/von/Projects/cci-local-recovery/rerun_workspace/data/voc2007/VOCdevkit/VOC2007/JPEGImages/001779.jpg,sofa,sofa,"[""sofa"",""pottedplant""]",0,1.0,2.7154715061187744,2.759411573410034,1.8254151344299316,2.7073776721954346,1
614,006713,/Users/von/Projects/cci-local-recovery/rerun_workspace/data/voc2007/VOCdevkit/VOC2007/JPEGImages/006713.jpg,person,person,"[""person"",""aeroplane""]",4,0.875,0.8185738325119019,0.8325075507164001,-0.5177940726280212,0.15824103355407715,1
615,002587,/Users/von/Projects/cci-local-recovery/rerun_workspace/data/voc2007/VOCdevkit/VOC2007/JPEGImages/002587.jpg,dog,dog,"[""dog"",""person""]",2,1.0,0.3481579124927521,0.35304921865463257,-1.6599037647247314,-0.016524940729141235,1
616,006633,/Users/von/Projects/cci-local-recovery/rerun_workspace/data/voc2007/VOCdevkit/VOC2007/JPEGImages/006633.jpg,person,person,"[""person"",""chair"",""tvmonitor""]",7,1.0,0.3398851156234741,0.345670610666275,-0.7873705625534058,0.041970521211624146,1
617,000378,/Users/von/Projects/cci-local-recovery/rerun_workspace/data/voc2007/VOCdevkit/VOC2007/JPEGImages/000378.jpg,horse,horse,"[""horse"",""person""]",5,0.6000000238418579,0.1283303052186966,0.1298246830701828,0.017850279808044434,0.1671665608882904,1
618,005944,/Users/von/Projects/cci-local-recovery/rerun_workspace/data/voc2007/VOCdevkit/VOC2007/JPEGImages/005944.jpg,horse,horse,"[""horse"",""person""]",2,0.23076923191547394,0.11601293087005615,0.11736387759447098,-0.4270307421684265,0.06947342306375504,1
619,003934,/Users/von/Projects/cci-local-recovery/rerun_workspace/data/voc2007/VOCdevkit/VOC2007/JPEGImages/003934.jpg,pottedplant,pottedplant,"[""pottedplant"",""tvmonitor""]",1,0.6666666865348816,0.6932313442230225,0.7027439475059509,0.4786349833011627,0.9328079223632812,1
620,007371,/Users/von/Projects/cci-local-recovery/rerun_workspace/data/voc2007/VOCdevkit/VOC2007/JPEGImages/007371.jpg,bicycle,bicycle,"[""bicycle"",""person""]",2,1.0,0.46215176582336426,0.4690062701702118,0.6194591522216797,1.2376854419708252,1
621,009332,/Users/von/Projects/cci-local-recovery/rerun_workspace/data/voc2007/VOCdevkit/VOC2007/JPEGImages/009332.jpg,aeroplane,aeroplane,"[""aeroplane"",""person""]",6,1.0,-0.04856386408209801,-0.04958570748567581,0.4420152008533478,0.9324300289154053,1
622,008113,/Users/von/Projects/cci-local-recovery/rerun_workspace/data/voc2007/VOCdevkit/VOC2007/JPEGImages/008113.jpg,diningtable,diningtable,"[""diningtable"",""chair""]",4,0.30000001192092896,1.4627634286880493,1.483024001121521,0.6201460361480713,1.7898426055908203,1
623,004109,/Users/von/Projects/cci-local-recovery/rerun_workspace/data/voc2007/VOCdevkit/VOC2007/JPEGImages/004109.jpg,chair,chair,"[""chair"",""person"",""sofa""]",7,1.0,0.607771635055542,0.616737961769104,-0.49707281589508057,0.3468356430530548,1
624,008041,/Users/von/Projects/cci-local-recovery/rerun_workspace/data/voc2007/VOCdevkit/VOC2007/JPEGImages/008041.jpg,chair,chair,"[""chair"",""person""]",5,1.0,0.48827970027923584,0.4954832196235657,-0.021598994731903076,0.3889543414115906,1
625,006451,/Users/von/Projects/cci-local-recovery/rerun_workspace/data/voc2007/VOCdevkit/VOC2007/JPEGImages/006451.jpg,chair,chair,"[""chair"",""cat""]",2,1.0,1.0974977016448975,1.1136889457702637,0.16640186309814453,1.3121984004974365,1
626,005994,/Users/von/Projects/cci-local-recovery/rerun_workspace/data/voc2007/VOCdevkit/VOC2007/JPEGImages/005994.jpg,person,person,"[""person"",""chair"",""diningtable""]",6,1.0,0.32850608229637146,0.33409789204597473,-1.3881553411483765,-0.1929764449596405,1
627,007034,/Users/von/Projects/cci-local-recovery/rerun_workspace/data/voc2007/VOCdevkit/VOC2007/JPEGImages/007034.jpg,car,car,"[""car"",""person""]",4,1.0,0.507493793964386,0.514557421207428,-0.10046732425689697,0.4278847575187683,1
628,004791,/Users/von/Projects/cci-local-recovery/rerun_workspace/data/voc2007/VOCdevkit/VOC2007/JPEGImages/004791.jpg,sofa,sofa,"[""sofa"",""chair"",""person""]",5,0.0,0.9527944922447205,0.9682120680809021,-0.23503977060317993,0.4075673222541809,1
629,004667,/Users/von/Projects/cci-local-recovery/rerun_workspace/data/voc2007/VOCdevkit/VOC2007/JPEGImages/004667.jpg,person,person,"[""person"",""car""]",4,0.0,0.1738746166229248,0.17683430016040802,-0.519299328327179,0.04052622616291046,2
630,006571,/Users/von/Projects/cci-local-recovery/rerun_workspace/data/voc2007/VOCdevkit/VOC2007/JPEGImages/006571.jpg,dog,dog,"[""dog"",""cat""]",3,1.0,0.46919700503349304,0.47578880190849304,0.34765714406967163,1.238592505455017,1
631,000607,/Users/von/Projects/cci-local-recovery/rerun_workspace/data/voc2007/VOCdevkit/VOC2007/JPEGImages/000607.jpg,car,car,"[""car"",""person""]",7,0.0,0.9550373554229736,0.9683301448822021,-0.026874661445617676,0.41355282068252563,1
632,008239,/Users/von/Projects/cci-local-recovery/rerun_workspace/data/voc2007/VOCdevkit/VOC2007/JPEGImages/008239.jpg,person,person,"[""person"",""pottedplant""]",4,0.5,0.43247079849243164,0.43983229994773865,-0.6501549482345581,0.15328890085220337,1
633,005218,/Users/von/Projects/cci-local-recovery/rerun_workspace/data/voc2007/VOCdevkit/VOC2007/JPEGImages/005218.jpg,chair,chair,"[""chair"",""person""]",3,0.0,0.6650789976119995,0.6748908162117004,-0.07244372367858887,0.783462643623352,1
634,003278,/Users/von/Projects/cci-local-recovery/rerun_workspace/data/voc2007/VOCdevkit/VOC2007/JPEGImages/003278.jpg,person,person,"[""person"",""bottle"",""diningtable""]",4,0.1666666716337204,0.03542712703347206,0.03603016585111618,-0.5520583391189575,-0.13543155789375305,1
635,004959,/Users/von/Projects/cci-local-recovery/rerun_workspace/data/voc2007/VOCdevkit/VOC2007/JPEGImages/004959.jpg,car,car,"[""car"",""person""]",3,1.0,2.593196392059326,2.6292901039123535,1.0166958570480347,2.5751960277557373,1
636,001437,/Users/von/Projects/cci-local-recovery/rerun_workspace/data/voc2007/VOCdevkit/VOC2007/JPEGImages/001437.jpg,pottedplant,pottedplant,"[""pottedplant"",""person""]",2,0.0833333358168602,1.268837332725525,1.2862484455108643,1.5699107646942139,2.327141284942627,1
637,000283,/Users/von/Projects/cci-local-recovery/rerun_workspace/data/voc2007/VOCdevkit/VOC2007/JPEGImages/000283.jpg,person,person,"[""person"",""bicycle""]",3,0.0833333358168602,0.21328818798065186,0.21691876649856567,-0.9254783987998962,-0.17763102054595947,1
638,004665,/Users/von/Projects/cci-local-recovery/rerun_workspace/data/voc2007/VOCdevkit/VOC2007/JPEGImages/004665.jpg,boat,boat,"[""boat"",""person""]",0,0.800000011920929,0.2684212625026703,0.2726408541202545,-0.3042007386684418,0.22697845101356506,1
639,007012,/Users/von/Projects/cci-local-recovery/rerun_workspace/data/voc2007/VOCdevkit/VOC2007/JPEGImages/007012.jpg,chair,chair,"[""chair"",""pottedplant""]",2,0.1428571492433548,3.3075406551361084,3.3563363552093506,-0.679678201675415,2.8512301445007324,1
640,002252,/Users/von/Projects/cci-local-recovery/rerun_workspace/data/voc2007/VOCdevkit/VOC2007/JPEGImages/002252.jpg,person,person,"[""person"",""tvmonitor""]",5,1.0,0.5154845118522644,0.5242590308189392,-0.8326120972633362,0.27573898434638977,2
641,004811,/Users/von/Projects/cci-local-recovery/rerun_workspace/data/voc2007/VOCdevkit/VOC2007/JPEGImages/004811.jpg,person,person,"[""person"",""bicycle""]",7,1.0,0.03926810994744301,0.039936527609825134,-0.3499715328216553,0.23574529588222504,1
642,009511,/Users/von/Projects/cci-local-recovery/rerun_workspace/data/voc2007/VOCdevkit/VOC2007/JPEGImages/009511.jpg,chair,chair,"[""chair"",""person"",""tvmonitor""]",6,0.8571428656578064,1.054833173751831,1.0703949928283691,0.15622252225875854,0.8283242583274841,1
643,001735,/Users/von/Projects/cci-local-recovery/rerun_workspace/data/voc2007/VOCdevkit/VOC2007/JPEGImages/001735.jpg,person,person,"[""person"",""chair""]",7,1.0,0.4734700322151184,0.4815294146537781,-0.06392621994018555,0.2732516825199127,1
644,009380,/Users/von/Projects/cci-local-recovery/rerun_workspace/data/voc2007/VOCdevkit/VOC2007/JPEGImages/009380.jpg,horse,horse,"[""horse"",""person""]",0,0.7777777910232544,0.8629536628723145,0.8730025887489319,1.156571388244629,1.9544296264648438,2
645,003867,/Users/von/Projects/cci-local-recovery/rerun_workspace/data/voc2007/VOCdevkit/VOC2007/JPEGImages/003867.jpg,person,person,"[""person"",""bicycle"",""bottle""]",5,0.0833333358168602,-0.11447001993656158,-0.1164185181260109,-0.14726784825325012,0.10135946422815323,1
646,006567,/Users/von/Projects/cci-local-recovery/rerun_workspace/data/voc2007/VOCdevkit/VOC2007/JPEGImages/006567.jpg,motorbike,motorbike,"[""motorbike"",""car"",""person""]",7,0.5,0.0559268519282341,0.056756943464279175,-0.5317075252532959,-0.11176148056983948,1
647,002748,/Users/von/Projects/cci-local-recovery/rerun_workspace/data/voc2007/VOCdevkit/VOC2007/JPEGImages/002748.jpg,bus,bus,"[""bus"",""person""]",5,0.0,1.3184484243392944,1.3400137424468994,0.4238056540489197,1.502420425415039,1
648,008666,/Users/von/Projects/cci-local-recovery/rerun_workspace/data/voc2007/VOCdevkit/VOC2007/JPEGImages/008666.jpg,person,person,"[""person"",""bicycle""]",4,0.4285714328289032,0.2775452136993408,0.28226956725120544,-1.85869562625885,-0.052454352378845215,1
649,005677,/Users/von/Projects/cci-local-recovery/rerun_workspace/data/voc2007/VOCdevkit/VOC2007/JPEGImages/005677.jpg,horse,horse,"[""horse"",""person""]",1,0.75,0.4507398009300232,0.4559885561466217,0.2811133563518524,0.7611263990402222,1
650,000271,/Users/von/Projects/cci-local-recovery/rerun_workspace/data/voc2007/VOCdevkit/VOC2007/JPEGImages/000271.jpg,car,car,"[""car"",""person""]",4,0.0,0.4231645464897156,0.4290544092655182,-0.21104124188423157,0.15014874935150146,1
651,004179,/Users/von/Projects/cci-local-recovery/rerun_workspace/data/voc2007/VOCdevkit/VOC2007/JPEGImages/004179.jpg,person,person,"[""person"",""sofa"",""tvmonitor""]",6,0.5,-0.09452659636735916,-0.09613562375307083,-0.21723482012748718,0.4536288380622864,1
652,009201,/Users/von/Projects/cci-local-recovery/rerun_workspace/data/voc2007/VOCdevkit/VOC2007/JPEGImages/009201.jpg,car,car,"[""car"",""person""]",6,1.0,0.8533843755722046,0.8652623295783997,-0.6213739514350891,0.0746811032295227,1
653,000883,/Users/von/Projects/cci-local-recovery/rerun_workspace/data/voc2007/VOCdevkit/VOC2007/JPEGImages/000883.jpg,car,car,"[""car"",""person""]",1,0.0,0.5283655524253845,0.5357196927070618,-0.03798234462738037,0.20760956406593323,1
654,007766,/Users/von/Projects/cci-local-recovery/rerun_workspace/data/voc2007/VOCdevkit/VOC2007/JPEGImages/007766.jpg,horse,horse,"[""horse"",""person""]",3,1.0,0.1998513787984848,0.20217859745025635,-0.05921560525894165,0.07537604868412018,2
655,004319,/Users/von/Projects/cci-local-recovery/rerun_workspace/data/voc2007/VOCdevkit/VOC2007/JPEGImages/004319.jpg,diningtable,diningtable,"[""diningtable"",""chair""]",0,1.0,0.8912848234176636,0.9036298990249634,0.2567310929298401,0.9890776872634888,1
656,007532,/Users/von/Projects/cci-local-recovery/rerun_workspace/data/voc2007/VOCdevkit/VOC2007/JPEGImages/007532.jpg,person,person,"[""person"",""bottle""]",0,1.0,0.38072365522384644,0.3872043192386627,-0.3039182722568512,0.1738421767950058,1
657,000155,/Users/von/Projects/cci-local-recovery/rerun_workspace/data/voc2007/VOCdevkit/VOC2007/JPEGImages/000155.jpg,bicycle,bicycle,"[""bicycle"",""person""]",0,1.0,1.4897247552871704,1.5118199586868286,2.2056782245635986,4.677704811096191,1
658,009521,/Users/von/Projects/cci-local-recovery/rerun_workspace/data/voc2007/VOCdevkit/VOC2007/JPEGImages/009521.jpg,sofa,sofa,"[""sofa"",""chair"",""diningtable"",""tvmonitor""]",4,0.4285714328289032,1.6139769554138184,1.6400933265686035,0.14101457595825195,1.0241144895553589,1
659,009722,/Users/von/Projects/cci-local-recovery/rerun_workspace/data/voc2007/VOCdevkit/VOC2007/JPEGImages/009722.jpg,horse,horse,"[""horse"",""person""]",2,1.0,3.689531087875366,3.732494831085205,2.2183737754821777,4.040844440460205,1
660,000014,/Users/von/Projects/cci-local-recovery/rerun_workspace/data/voc2007/VOCdevkit/VOC2007/JPEGImages/000014.jpg,car,car,"[""car"",""bus"",""person""]",3,0.20000000298023224,0.3379897177219391,0.34269407391548157,-0.23404821753501892,0.27114370465278625,1
661,004932,/Users/von/Projects/cci-local-recovery/rerun_workspace/data/voc2007/VOCdevkit/VOC2007/JPEGImages/004932.jpg,horse,horse,"[""horse"",""person""]",1,0.9090909361839294,0.7130075693130493,0.7213103771209717,0.28340768814086914,2.15427565574646,1
662,002133,/Users/von/Projects/cci-local-recovery/rerun_workspace/data/voc2007/VOCdevkit/VOC2007/JPEGImages/002133.jpg,sheep,sheep,"[""sheep"",""dog""]",3,0.7142857313156128,2.4232723712921143,2.4584882259368896,2.0323305130004883,2.6468021869659424,1
663,004731,/Users/von/Projects/cci-local-recovery/rerun_workspace/data/voc2007/VOCdevkit/VOC2007/JPEGImages/004731.jpg,train,train,"[""train"",""car"",""person""]",1,1.0,1.2223577499389648,1.2401118278503418,-0.9394817352294922,0.9041073322296143,1
664,006113,/Users/von/Projects/cci-local-recovery/rerun_workspace/data/voc2007/VOCdevkit/VOC2007/JPEGImages/006113.jpg,bus,bus,"[""bus"",""bicycle"",""car"",""person""]",2,0.75,0.9244691133499146,0.9395902752876282,0.49984413385391235,1.4073126316070557,1
665,002242,/Users/von/Projects/cci-local-recovery/rerun_workspace/data/voc2007/VOCdevkit/VOC2007/JPEGImages/002242.jpg,car,car,"[""car"",""bus"",""motorbike"",""person""]",3,1.0,0.8235675692558289,0.8350304961204529,0.8996057510375977,1.8786602020263672,1
666,001238,/Users/von/Projects/cci-local-recovery/rerun_workspace/data/voc2007/VOCdevkit/VOC2007/JPEGImages/001238.jpg,person,person,"[""person"",""bicycle""]",3,0.800000011920929,-0.01056372094899416,-0.010743536055088043,-0.7412003874778748,0.5279538631439209,1
667,008922,/Users/von/Projects/cci-local-recovery/rerun_workspace/data/voc2007/VOCdevkit/VOC2007/JPEGImages/008922.jpg,chair,chair,"[""chair"",""bottle"",""person"",""sofa""]",4,0.4000000059604645,0.32070082426071167,0.32543206214904785,0.2597392499446869,0.5045864582061768,1
668,002119,/Users/von/Projects/cci-local-recovery/rerun_workspace/data/voc2007/VOCdevkit/VOC2007/JPEGImages/002119.jpg,person,person,"[""person"",""tvmonitor""]",0,0.5,0.2791488766670227,0.28390052914619446,-0.8685213327407837,-0.06307530403137207,1
669,002951,/Users/von/Projects/cci-local-recovery/rerun_workspace/data/voc2007/VOCdevkit/VOC2007/JPEGImages/002951.jpg,tvmonitor,tvmonitor,"[""tvmonitor"",""bottle"",""person""]",7,0.800000011920929,0.9324511289596558,0.9486295580863953,0.4579821228981018,0.6322243809700012,1
670,007137,/Users/von/Projects/cci-local-recovery/rerun_workspace/data/voc2007/VOCdevkit/VOC2007/JPEGImages/007137.jpg,person,person,"[""person"",""bicycle""]",4,1.0,0.6727051734924316,0.6841559410095215,-1.3471083641052246,0.5957415699958801,1
671,003810,/Users/von/Projects/cci-local-recovery/rerun_workspace/data/voc2007/VOCdevkit/VOC2007/JPEGImages/003810.jpg,motorbike,motorbike,"[""motorbike"",""car"",""person""]",4,0.0,0.16538283228874207,0.16783751547336578,-0.5798552632331848,0.027896150946617126,1
672,004006,/Users/von/Projects/cci-local-recovery/rerun_workspace/data/voc2007/VOCdevkit/VOC2007/JPEGImages/004006.jpg,horse,horse,"[""horse"",""person""]",5,1.0,1.6167200803756714,1.6355464458465576,0.7197553515434265,1.5751373767852783,1
673,009204,/Users/von/Projects/cci-local-recovery/rerun_workspace/data/voc2007/VOCdevkit/VOC2007/JPEGImages/009204.jpg,dog,dog,"[""dog"",""sofa""]",2,1.0,0.03213082626461983,0.03258223459124565,-0.256742388010025,0.44490668177604675,1
674,002402,/Users/von/Projects/cci-local-recovery/rerun_workspace/data/voc2007/VOCdevkit/VOC2007/JPEGImages/002402.jpg,car,car,"[""car"",""person""]",3,0.5714285969734192,0.1257174015045166,0.12746721506118774,-0.15719816088676453,0.07460345327854156,1
675,003016,/Users/von/Projects/cci-local-recovery/rerun_workspace/data/voc2007/VOCdevkit/VOC2007/JPEGImages/003016.jpg,bus,bus,"[""bus"",""person""]",2,1.0,1.2136870622634888,1.2335388660430908,0.7662185430526733,2.2534677982330322,1
676,009525,/Users/von/Projects/cci-local-recovery/rerun_workspace/data/voc2007/VOCdevkit/VOC2007/JPEGImages/009525.jpg,horse,horse,"[""horse"",""person""]",2,0.800000011920929,0.632919430732727,0.6402896046638489,0.346344530582428,1.2917232513427734,1
677,005638,/Users/von/Projects/cci-local-recovery/rerun_workspace/data/voc2007/VOCdevkit/VOC2007/JPEGImages/005638.jpg,person,person,"[""person"",""car""]",3,1.0,0.7367122173309326,0.7492524981498718,0.1645069718360901,1.0119162797927856,1
678,008205,/Users/von/Projects/cci-local-recovery/rerun_workspace/data/voc2007/VOCdevkit/VOC2007/JPEGImages/008205.jpg,horse,horse,"[""horse"",""person""]",2,0.1428571492433548,0.14742489159107208,0.14914162456989288,-0.11931480467319489,0.31427156925201416,1
679,005763,/Users/von/Projects/cci-local-recovery/rerun_workspace/data/voc2007/VOCdevkit/VOC2007/JPEGImages/005763.jpg,car,car,"[""car"",""person""]",2,0.07692307978868484,0.47428667545318604,0.48088809847831726,-0.27827027440071106,0.2828395962715149,1
680,006982,/Users/von/Projects/cci-local-recovery/rerun_workspace/data/voc2007/VOCdevkit/VOC2007/JPEGImages/006982.jpg,horse,horse,"[""horse"",""person""]",6,1.0,2.454902410507202,2.4834892749786377,2.1454265117645264,3.9270482063293457,1
681,004412,/Users/von/Projects/cci-local-recovery/rerun_workspace/data/voc2007/VOCdevkit/VOC2007/JPEGImages/004412.jpg,person,person,"[""person"",""bicycle""]",6,0.3333333432674408,0.1693810522556305,0.1722642481327057,-0.4035179913043976,0.2508278489112854,1
682,000562,/Users/von/Projects/cci-local-recovery/rerun_workspace/data/voc2007/VOCdevkit/VOC2007/JPEGImages/000562.jpg,person,person,"[""person"",""bicycle""]",4,0.0,0.009684804826974869,0.00984965916723013,-0.177800714969635,-0.013093656860291958,1
683,001891,/Users/von/Projects/cci-local-recovery/rerun_workspace/data/voc2007/VOCdevkit/VOC2007/JPEGImages/001891.jpg,car,car,"[""car"",""person""]",4,0.6666666865348816,0.5019229054450989,0.5089089870452881,-0.1421024203300476,0.22374501824378967,1
684,002743,/Users/von/Projects/cci-local-recovery/rerun_workspace/data/voc2007/VOCdevkit/VOC2007/JPEGImages/002743.jpg,pottedplant,pottedplant,"[""pottedplant"",""bottle""]",5,0.8571428656578064,1.997406244277954,2.0248148441314697,1.168292760848999,2.091620683670044,1
685,003944,/Users/von/Projects/cci-local-recovery/rerun_workspace/data/voc2007/VOCdevkit/VOC2007/JPEGImages/003944.jpg,sofa,sofa,"[""sofa"",""bottle"",""person""]",1,0.625,1.2908095121383667,1.3116966485977173,0.7693332433700562,1.4611352682113647,1
686,001914,/Users/von/Projects/cci-local-recovery/rerun_workspace/data/voc2007/VOCdevkit/VOC2007/JPEGImages/001914.jpg,person,person,"[""person"",""chair"",""dog""]",5,1.0,0.014919819310307503,0.015173783525824547,-0.03961888700723648,0.2918940484523773,1
687,006798,/Users/von/Projects/cci-local-recovery/rerun_workspace/data/voc2007/VOCdevkit/VOC2007/JPEGImages/006798.jpg,pottedplant,pottedplant,"[""pottedplant"",""tvmonitor""]",7,1.0,1.1146283149719238,1.1299233436584473,0.8265069723129272,1.1065932512283325,1
688,006273,/Users/von/Projects/cci-local-recovery/rerun_workspace/data/voc2007/VOCdevkit/VOC2007/JPEGImages/006273.jpg,person,person,"[""person"",""dog""]",3,1.0,0.43632322549819946,0.4437502920627594,-0.7564483880996704,0.40733370184898376,1
689,000447,/Users/von/Projects/cci-local-recovery/rerun_workspace/data/voc2007/VOCdevkit/VOC2007/JPEGImages/000447.jpg,person,person,"[""person"",""bottle""]",0,0.4545454680919647,1.6446906328201294,1.6726864576339722,0.7701332569122314,1.6605209112167358,1
690,004309,/Users/von/Projects/cci-local-recovery/rerun_workspace/data/voc2007/VOCdevkit/VOC2007/JPEGImages/004309.jpg,horse,horse,"[""horse"",""person""]",1,1.0,3.951061487197876,3.997070789337158,3.2345917224884033,5.447783470153809,1
691,002806,/Users/von/Projects/cci-local-recovery/rerun_workspace/data/voc2007/VOCdevkit/VOC2007/JPEGImages/002806.jpg,motorbike,motorbike,"[""motorbike"",""person""]",6,0.0,0.05801664665341377,0.05887775495648384,-0.06946010887622833,0.0732354000210762,1
692,000798,/Users/von/Projects/cci-local-recovery/rerun_workspace/data/voc2007/VOCdevkit/VOC2007/JPEGImages/000798.jpg,sofa,sofa,"[""sofa"",""person""]",0,1.0,2.653665542602539,2.696605682373047,-0.31369757652282715,1.5698914527893066,1
693,005375,/Users/von/Projects/cci-local-recovery/rerun_workspace/data/voc2007/VOCdevkit/VOC2007/JPEGImages/005375.jpg,person,person,"[""person"",""tvmonitor""]",2,1.0,1.8855843544006348,1.9176806211471558,1.6835498809814453,2.3607659339904785,1
694,002223,/Users/von/Projects/cci-local-recovery/rerun_workspace/data/voc2007/VOCdevkit/VOC2007/JPEGImages/002223.jpg,bus,bus,"[""bus"",""car"",""person""]",5,1.0,1.7021962404251099,1.7300384044647217,0.707024335861206,1.857778549194336,1
695,002283,/Users/von/Projects/cci-local-recovery/rerun_workspace/data/voc2007/VOCdevkit/VOC2007/JPEGImages/002283.jpg,horse,horse,"[""horse"",""person""]",1,0.9090909361839294,1.022135853767395,1.0340384244918823,0.35537147521972656,1.0628643035888672,1
696,008882,/Users/von/Projects/cci-local-recovery/rerun_workspace/data/voc2007/VOCdevkit/VOC2007/JPEGImages/008882.jpg,horse,horse,"[""horse"",""person""]",6,1.0,0.8205768465995789,0.830132246017456,-0.09261345863342285,0.6141617298126221,1
697,003819,/Users/von/Projects/cci-local-recovery/rerun_workspace/data/voc2007/VOCdevkit/VOC2007/JPEGImages/003819.jpg,person,person,"[""person"",""chair"",""dog""]",2,1.0,0.059530895203351974,0.060544226318597794,-0.1735529750585556,0.3282032012939453,1
698,004417,/Users/von/Projects/cci-local-recovery/rerun_workspace/data/voc2007/VOCdevkit/VOC2007/JPEGImages/004417.jpg,bicycle,bicycle,"[""bicycle"",""person""]",5,0.5,1.8141627311706543,1.8410698175430298,0.9336178302764893,2.1953868865966797,1
699,005709,/Users/von/Projects/cci-local-recovery/rerun_workspace/data/voc2007/VOCdevkit/VOC2007/JPEGImages/005709.jpg,bicycle,bicycle,"[""bicycle"",""person""]",0,0.0,0.11178111284971237,0.11343901604413986,-0.057520024478435516,0.15952220559120178,1
700,000137,/Users/von/Projects/cci-local-recovery/rerun_workspace/data/voc2007/VOCdevkit/VOC2007/JPEGImages/000137.jpg,car,car,"[""car"",""person""]",1,0.0,2.1949329376220703,2.2254834175109863,-0.1664140224456787,0.7917332649230957,1
701,001099,/Users/von/Projects/cci-local-recovery/rerun_workspace/data/voc2007/VOCdevkit/VOC2007/JPEGImages/001099.jpg,aeroplane,aeroplane,"[""aeroplane"",""person""]",4,0.0,0.7172566652297974,0.732348620891571,0.49949756264686584,0.8066547513008118,1
702,002964,/Users/von/Projects/cci-local-recovery/rerun_workspace/data/voc2007/VOCdevkit/VOC2007/JPEGImages/002964.jpg,person,person,"[""person"",""dog""]",4,0.75,0.21579371392726898,0.2194669395685196,-0.7302671670913696,0.12817257642745972,1
703,002538,/Users/von/Projects/cci-local-recovery/rerun_workspace/data/voc2007/VOCdevkit/VOC2007/JPEGImages/002538.jpg,person,person,"[""person"",""bottle"",""diningtable""]",7,0.1428571492433548,0.630725622177124,0.6414617896080017,-0.13733088970184326,0.18157342076301575,1
704,008751,/Users/von/Projects/cci-local-recovery/rerun_workspace/data/voc2007/VOCdevkit/VOC2007/JPEGImages/008751.jpg,diningtable,diningtable,"[""diningtable"",""chair"",""person"",""tvmonitor""]",6,1.0,1.8198821544647217,1.8450891971588135,1.43509840965271,1.9746606349945068,1
705,002604,/Users/von/Projects/cci-local-recovery/rerun_workspace/data/voc2007/VOCdevkit/VOC2007/JPEGImages/002604.jpg,chair,chair,"[""chair"",""person"",""pottedplant""]",6,0.5,0.4396879971027374,0.44617465138435364,0.14949798583984375,0.40853601694107056,1
706,009028,/Users/von/Projects/cci-local-recovery/rerun_workspace/data/voc2007/VOCdevkit/VOC2007/JPEGImages/009028.jpg,bicycle,bicycle,"[""bicycle"",""person""]",2,0.375,0.36432206630706787,0.3697255849838257,-1.4806445837020874,0.28436529636383057,1
707,001720,/Users/von/Projects/cci-local-recovery/rerun_workspace/data/voc2007/VOCdevkit/VOC2007/JPEGImages/001720.jpg,diningtable,diningtable,"[""diningtable"",""bottle"",""person""]",2,0.8999999761581421,1.5989093780517578,1.6210557222366333,-0.3943742513656616,1.9312098026275635,1
708,008761,/Users/von/Projects/cci-local-recovery/rerun_workspace/data/voc2007/VOCdevkit/VOC2007/JPEGImages/008761.jpg,aeroplane,aeroplane,"[""aeroplane"",""car"",""motorbike""]",6,1.0,1.3317872285842896,1.3598097562789917,-0.1917707920074463,1.4720371961593628,1
709,007393,/Users/von/Projects/cci-local-recovery/rerun_workspace/data/voc2007/VOCdevkit/VOC2007/JPEGImages/007393.jpg,diningtable,diningtable,"[""diningtable"",""chair"",""person""]",6,1.0,1.6634067296981812,1.6864464282989502,1.315727710723877,2.2802515029907227,1
710,007739,/Users/von/Projects/cci-local-recovery/rerun_workspace/data/voc2007/VOCdevkit/VOC2007/JPEGImages/007739.jpg,person,person,"[""person"",""bottle"",""chair""]",1,0.4166666567325592,1.0135486125946045,1.0308011770248413,-0.3355647325515747,-0.05217874050140381,1
711,007882,/Users/von/Projects/cci-local-recovery/rerun_workspace/data/voc2007/VOCdevkit/VOC2007/JPEGImages/007882.jpg,car,car,"[""car"",""person""]",3,1.0,0.08328383415937424,0.08444303274154663,-0.43594890832901,-0.016977116465568542,1
712,004573,/Users/von/Projects/cci-local-recovery/rerun_workspace/data/voc2007/VOCdevkit/VOC2007/JPEGImages/004573.jpg,boat,boat,"[""boat"",""person""]",0,0.4000000059604645,0.8942831158638,0.9083412289619446,0.34029990434646606,0.8228763341903687,1
713,000587,/Users/von/Projects/cci-local-recovery/rerun_workspace/data/voc2007/VOCdevkit/VOC2007/JPEGImages/000587.jpg,person,person,"[""person"",""bottle"",""diningtable""]",5,0.6666666865348816,0.5192071199417114,0.5280450582504272,-0.5908241271972656,-0.1493939757347107,1
714,007509,/Users/von/Projects/cci-local-recovery/rerun_workspace/data/voc2007/VOCdevkit/VOC2007/JPEGImages/007509.jpg,horse,horse,"[""horse"",""person""]",7,0.8333333134651184,1.9521355628967285,1.9748677015304565,-0.6196857690811157,0.8484638929367065,1
715,003434,/Users/von/Projects/cci-local-recovery/rerun_workspace/data/voc2007/VOCdevkit/VOC2007/JPEGImages/003434.jpg,person,person,"[""person"",""car""]",0,0.0,0.255256325006485,0.25960129499435425,-0.18403878808021545,0.07129156589508057,1
716,003041,/Users/von/Projects/cci-local-recovery/rerun_workspace/data/voc2007/VOCdevkit/VOC2007/JPEGImages/003041.jpg,horse,horse,"[""horse"",""person""]",1,0.75,0.343608021736145,0.3476092517375946,-0.19677045941352844,0.15572433173656464,1
717,000858,/Users/von/Projects/cci-local-recovery/rerun_workspace/data/voc2007/VOCdevkit/VOC2007/JPEGImages/000858.jpg,bus,bus,"[""bus"",""person""]",3,0.8333333134651184,1.6476757526397705,1.674626111984253,1.0205471515655518,1.527550458908081,1
718,001075,/Users/von/Projects/cci-local-recovery/rerun_workspace/data/voc2007/VOCdevkit/VOC2007/JPEGImages/001075.jpg,dog,dog,"[""dog"",""cat""]",4,0.0,0.2500024437904358,0.25351473689079285,-0.6002606153488159,-0.086454838514328,1
719,009663,/Users/von/Projects/cci-local-recovery/rerun_workspace/data/voc2007/VOCdevkit/VOC2007/JPEGImages/009663.jpg,chair,chair,"[""chair"",""sofa""]",2,0.692307710647583,0.5316852331161499,0.5395290851593018,-0.31298643350601196,0.7845884561538696,1
720,009263,/Users/von/Projects/cci-local-recovery/rerun_workspace/data/voc2007/VOCdevkit/VOC2007/JPEGImages/009263.jpg,person,person,"[""person"",""chair""]",2,0.6666666865348816,0.9937928915023804,1.0107091665267944,0.5142938494682312,1.4264607429504395,1
721,009008,/Users/von/Projects/cci-local-recovery/rerun_workspace/data/voc2007/VOCdevkit/VOC2007/JPEGImages/009008.jpg,motorbike,motorbike,"[""motorbike"",""car""]",5,0.0,0.8384261131286621,0.8508704304695129,-0.12592077255249023,0.1156313419342041,1
722,009013,/Users/von/Projects/cci-local-recovery/rerun_workspace/data/voc2007/VOCdevkit/VOC2007/JPEGImages/009013.jpg,sofa,sofa,"[""sofa"",""person""]",1,1.0,2.2655866146087646,2.3022470474243164,2.011827230453491,2.7166340351104736,1
723,003569,/Users/von/Projects/cci-local-recovery/rerun_workspace/data/voc2007/VOCdevkit/VOC2007/JPEGImages/003569.jpg,sofa,sofa,"[""sofa"",""car""]",0,0.8333333134651184,0.34001943469047546,0.3455214202404022,-0.4643239676952362,0.46086955070495605,1
724,003276,/Users/von/Projects/cci-local-recovery/rerun_workspace/data/voc2007/VOCdevkit/VOC2007/JPEGImages/003276.jpg,car,car,"[""car"",""person""]",5,1.0,0.1858767718076706,0.18846392631530762,-0.5502037405967712,-0.06282582879066467,1
725,003601,/Users/von/Projects/cci-local-recovery/rerun_workspace/data/voc2007/VOCdevkit/VOC2007/JPEGImages/003601.jpg,train,train,"[""train"",""person""]",0,0.20000000298023224,0.18016237020492554,0.18277913331985474,-0.10930407047271729,0.16013652086257935,1
726,002121,/Users/von/Projects/cci-local-recovery/rerun_workspace/data/voc2007/VOCdevkit/VOC2007/JPEGImages/002121.jpg,person,person,"[""person"",""sheep""]",7,0.0,0.4110831618309021,0.418080598115921,-0.19366124272346497,0.0023884177207946777,1
727,003978,/Users/von/Projects/cci-local-recovery/rerun_workspace/data/voc2007/VOCdevkit/VOC2007/JPEGImages/003978.jpg,horse,horse,"[""horse"",""person""]",0,1.0,1.1440953016281128,1.1574180126190186,0.04609048366546631,0.6409080028533936,1
728,002955,/Users/von/Projects/cci-local-recovery/rerun_workspace/data/voc2007/VOCdevkit/VOC2007/JPEGImages/002955.jpg,bus,bus,"[""bus"",""car""]",3,1.0,2.5173113346099854,2.558485984802246,1.9774863719940186,2.7641959190368652,1
729,005287,/Users/von/Projects/cci-local-recovery/rerun_workspace/data/voc2007/VOCdevkit/VOC2007/JPEGImages/005287.jpg,car,car,"[""car"",""person""]",1,1.0,0.15756382048130035,0.1597568839788437,-0.7435733675956726,0.09622255712747574,1
730,001228,/Users/von/Projects/cci-local-recovery/rerun_workspace/data/voc2007/VOCdevkit/VOC2007/JPEGImages/001228.jpg,person,person,"[""person"",""cat""]",4,0.0,1.0094356536865234,1.026618242263794,-0.7918754816055298,-0.14639770984649658,1
731,007929,/Users/von/Projects/cci-local-recovery/rerun_workspace/data/voc2007/VOCdevkit/VOC2007/JPEGImages/007929.jpg,sofa,sofa,"[""sofa"",""person""]",2,0.8888888955116272,0.7345437407493591,0.7464296817779541,0.3482389748096466,0.5724531412124634,1
732,004180,/Users/von/Projects/cci-local-recovery/rerun_workspace/data/voc2007/VOCdevkit/VOC2007/JPEGImages/004180.jpg,sofa,sofa,"[""sofa"",""bottle"",""chair""]",0,1.0,0.938016414642334,0.9531948566436768,0.31983208656311035,0.715972900390625,1
733,000652,/Users/von/Projects/cci-local-recovery/rerun_workspace/data/voc2007/VOCdevkit/VOC2007/JPEGImages/000652.jpg,person,person,"[""person"",""chair""]",0,1.0,0.5154181122779846,0.5241915583610535,-0.878147542476654,0.40749621391296387,2
734,003249,/Users/von/Projects/cci-local-recovery/rerun_workspace/data/voc2007/VOCdevkit/VOC2007/JPEGImages/003249.jpg,bottle,bottle,"[""bottle"",""person""]",1,0.6666666865348816,0.1632544845342636,0.16595149040222168,-0.10684803128242493,0.07150264084339142,1
735,007747,/Users/von/Projects/cci-local-recovery/rerun_workspace/data/voc2007/VOCdevkit/VOC2007/JPEGImages/007747.jpg,diningtable,diningtable,"[""diningtable"",""chair"",""sofa"",""tvmonitor""]",2,0.3333333432674408,0.3807333707809448,0.3860068619251251,-0.016989946365356445,0.6237623691558838,1
736,007347,/Users/von/Projects/cci-local-recovery/rerun_workspace/data/voc2007/VOCdevkit/VOC2007/JPEGImages/007347.jpg,car,car,"[""car"",""person""]",7,0.0,0.5768868327140808,0.5849162936210632,-0.2516845464706421,0.20515891909599304,1
737,001155,/Users/von/Projects/cci-local-recovery/rerun_workspace/data/voc2007/VOCdevkit/VOC2007/JPEGImages/001155.jpg,boat,boat,"[""boat"",""car"",""person""]",5,0.1428571492433548,1.102720022201538,1.1200547218322754,0.11674284934997559,0.5505146980285645,1
738,009782,/Users/von/Projects/cci-local-recovery/rerun_workspace/data/voc2007/VOCdevkit/VOC2007/JPEGImages/009782.jpg,diningtable,diningtable,"[""diningtable"",""bottle"",""chair"",""person""]",0,0.0,0.7392349243164062,0.7494739890098572,0.09725141525268555,0.32303139567375183,1
739,007339,/Users/von/Projects/cci-local-recovery/rerun_workspace/data/voc2007/VOCdevkit/VOC2007/JPEGImages/007339.jpg,car,car,"[""car"",""person""]",2,0.6666666865348816,-0.053536418825387955,-0.0542815700173378,-0.2690379023551941,-0.015504028648138046,1
740,001516,/Users/von/Projects/cci-local-recovery/rerun_workspace/data/voc2007/VOCdevkit/VOC2007/JPEGImages/001516.jpg,motorbike,motorbike,"[""motorbike"",""person""]",5,1.0,0.09840165078639984,0.09986217319965363,-0.983431875705719,-0.1086755245923996,1
741,009928,/Users/von/Projects/cci-local-recovery/rerun_workspace/data/voc2007/VOCdevkit/VOC2007/JPEGImages/009928.jpg,pottedplant,pottedplant,"[""pottedplant"",""chair""]",2,1.0,2.117751121520996,2.1468112468719482,1.5427618026733398,1.955061912536621,1
742,009631,/Users/von/Projects/cci-local-recovery/rerun_workspace/data/voc2007/VOCdevkit/VOC2007/JPEGImages/009631.jpg,chair,chair,"[""chair"",""tvmonitor""]",1,0.0,0.39207392930984497,0.3978581428527832,-0.1903916597366333,0.35831284523010254,1
743,006431,/Users/von/Projects/cci-local-recovery/rerun_workspace/data/voc2007/VOCdevkit/VOC2007/JPEGImages/006431.jpg,motorbike,motorbike,"[""motorbike"",""person""]",1,0.7142857313156128,0.6367248296737671,0.6461753845214844,0.0067552924156188965,0.5099700093269348,1
744,004305,/Users/von/Projects/cci-local-recovery/rerun_workspace/data/voc2007/VOCdevkit/VOC2007/JPEGImages/004305.jpg,bus,bus,"[""bus"",""car"",""motorbike"",""person""]",0,1.0,1.0803250074386597,1.097995400428772,0.3611030578613281,0.89882493019104,1
745,000507,/Users/von/Projects/cci-local-recovery/rerun_workspace/data/voc2007/VOCdevkit/VOC2007/JPEGImages/000507.jpg,car,car,"[""car"",""person""]",3,1.0,4.154984474182129,4.21281623840332,2.820352554321289,3.810230016708374,1
746,008407,/Users/von/Projects/cci-local-recovery/rerun_workspace/data/voc2007/VOCdevkit/VOC2007/JPEGImages/008407.jpg,person,person,"[""person"",""chair"",""tvmonitor""]",7,1.0,0.5351437330245972,0.5442529320716858,-0.16206592321395874,0.7746396064758301,1
747,004294,/Users/von/Projects/cci-local-recovery/rerun_workspace/data/voc2007/VOCdevkit/VOC2007/JPEGImages/004294.jpg,horse,horse,"[""horse"",""person""]",1,0.0,1.0289639234542847,1.0409460067749023,0.13999402523040771,0.40726548433303833,1
748,000641,/Users/von/Projects/cci-local-recovery/rerun_workspace/data/voc2007/VOCdevkit/VOC2007/JPEGImages/000641.jpg,chair,chair,"[""chair"",""person""]",1,0.9230769276618958,1.3076189756393433,1.3269100189208984,0.9121608734130859,1.5281504392623901,1
749,006317,/Users/von/Projects/cci-local-recovery/rerun_workspace/data/voc2007/VOCdevkit/VOC2007/JPEGImages/006317.jpg,bus,bus,"[""bus"",""bicycle"",""person""]",1,1.0,0.831051766872406,0.8446449637413025,0.6742081046104431,1.0021123886108398,1
750,007051,/Users/von/Projects/cci-local-recovery/rerun_workspace/data/voc2007/VOCdevkit/VOC2007/JPEGImages/007051.jpg,person,person,"[""person"",""bird""]",0,1.0,2.2499701976776123,2.28826904296875,0.768417239189148,1.743848204612732,1
751,006686,/Users/von/Projects/cci-local-recovery/rerun_workspace/data/voc2007/VOCdevkit/VOC2007/JPEGImages/006686.jpg,sofa,sofa,"[""sofa"",""person""]",5,0.75,1.0118327140808105,1.0282056331634521,0.6442176103591919,1.4113520383834839,1
752,009376,/Users/von/Projects/cci-local-recovery/rerun_workspace/data/voc2007/VOCdevkit/VOC2007/JPEGImages/009376.jpg,car,car,"[""car"",""person""]",4,1.0,0.4099688231945038,0.41567501425743103,-0.26512423157691956,0.22188380360603333,1
753,005232,/Users/von/Projects/cci-local-recovery/rerun_workspace/data/voc2007/VOCdevkit/VOC2007/JPEGImages/005232.jpg,bicycle,bicycle,"[""bicycle"",""person""]",1,0.875,6.252290725708008,6.345022678375244,2.4743309020996094,7.217336654663086,1
754,000510,/Users/von/Projects/cci-local-recovery/rerun_workspace/data/voc2007/VOCdevkit/VOC2007/JPEGImages/000510.jpg,diningtable,diningtable,"[""diningtable"",""chair""]",4,0.75,1.4366672039031982,1.456566333770752,1.2967396974563599,1.6636345386505127,1
755,004449,/Users/von/Projects/cci-local-recovery/rerun_workspace/data/voc2007/VOCdevkit/VOC2007/JPEGImages/004449.jpg,person,person,"[""person"",""chair""]",2,1.0,0.24092578887939453,0.24502681195735931,0.0526430606842041,1.163662314414978,1
756,001728,/Users/von/Projects/cci-local-recovery/rerun_workspace/data/voc2007/VOCdevkit/VOC2007/JPEGImages/001728.jpg,sofa,sofa,"[""sofa"",""person""]",3,0.2857142984867096,0.9636167287826538,0.9792094230651855,0.07305359840393066,0.4960576891899109,1
757,001715,/Users/von/Projects/cci-local-recovery/rerun_workspace/data/voc2007/VOCdevkit/VOC2007/JPEGImages/001715.jpg,chair,chair,"[""chair"",""pottedplant""]",2,0.0,0.783636212348938,0.795197069644928,0.17221641540527344,0.7746492624282837,1
758,001811,/Users/von/Projects/cci-local-recovery/rerun_workspace/data/voc2007/VOCdevkit/VOC2007/JPEGImages/001811.jpg,sofa,sofa,"[""sofa"",""chair"",""pottedplant"",""tvmonitor""]",5,0.0,0.47984176874160767,0.4876062870025635,0.6489439010620117,0.8885929584503174,1
759,003328,/Users/von/Projects/cci-local-recovery/rerun_workspace/data/voc2007/VOCdevkit/VOC2007/JPEGImages/003328.jpg,person,person,"[""person"",""car""]",0,0.125,0.1315525770187378,0.13379186391830444,-0.5348082184791565,-0.027043431997299194,1
760,005722,/Users/von/Projects/cci-local-recovery/rerun_workspace/data/voc2007/VOCdevkit/VOC2007/JPEGImages/005722.jpg,horse,horse,"[""horse"",""person""]",0,1.0,1.0342388153076172,1.0462822914123535,-0.5135408639907837,1.163045883178711,1
761,004098,/Users/von/Projects/cci-local-recovery/rerun_workspace/data/voc2007/VOCdevkit/VOC2007/JPEGImages/004098.jpg,diningtable,diningtable,"[""diningtable"",""chair"",""person""]",6,0.3333333432674408,0.07724244147539139,0.07831232249736786,-0.32246488332748413,0.028445139527320862,1
762,001167,/Users/von/Projects/cci-local-recovery/rerun_workspace/data/voc2007/VOCdevkit/VOC2007/JPEGImages/001167.jpg,sofa,sofa,"[""sofa"",""bottle"",""person""]",1,1.0,1.1824009418487549,1.2015337944030762,0.8132380843162537,1.2311089038848877,1
763,009134,/Users/von/Projects/cci-local-recovery/rerun_workspace/data/voc2007/VOCdevkit/VOC2007/JPEGImages/009134.jpg,train,train,"[""train"",""car""]",1,0.9090909361839294,5.822268009185791,5.906833171844482,5.366680145263672,7.016077041625977,1
764,001086,/Users/von/Projects/cci-local-recovery/rerun_workspace/data/voc2007/VOCdevkit/VOC2007/JPEGImages/001086.jpg,person,person,"[""person"",""bottle""]",3,0.75,0.1590508669614792,0.1617582142353058,-1.380305290222168,0.10690949857234955,1
765,007500,/Users/von/Projects/cci-local-recovery/rerun_workspace/data/voc2007/VOCdevkit/VOC2007/JPEGImages/007500.jpg,person,person,"[""person"",""bottle""]",0,1.0,0.04701659828424454,0.047816913574934006,-1.0873944759368896,0.1360258013010025,1
766,001998,/Users/von/Projects/cci-local-recovery/rerun_workspace/data/voc2007/VOCdevkit/VOC2007/JPEGImages/001998.jpg,motorbike,motorbike,"[""motorbike"",""person""]",7,0.4000000059604645,0.6760467886924744,0.6860809922218323,0.09205365180969238,0.46196120977401733,1
767,002111,/Users/von/Projects/cci-local-recovery/rerun_workspace/data/voc2007/VOCdevkit/VOC2007/JPEGImages/002111.jpg,person,person,"[""person"",""dog""]",0,0.0,0.5562671422958374,0.5657358765602112,-0.552480161190033,0.12536969780921936,1
768,000217,/Users/von/Projects/cci-local-recovery/rerun_workspace/data/voc2007/VOCdevkit/VOC2007/JPEGImages/000217.jpg,diningtable,diningtable,"[""diningtable"",""chair""]",0,1.0,1.177211880683899,1.1935173273086548,0.8408620357513428,1.4410688877105713,1
769,002888,/Users/von/Projects/cci-local-recovery/rerun_workspace/data/voc2007/VOCdevkit/VOC2007/JPEGImages/002888.jpg,diningtable,diningtable,"[""diningtable"",""person""]",0,0.0714285746216774,0.7644268870353699,0.7750148773193359,0.23404860496520996,0.8811957240104675,1
770,001823,/Users/von/Projects/cci-local-recovery/rerun_workspace/data/voc2007/VOCdevkit/VOC2007/JPEGImages/001823.jpg,person,person,"[""person"",""horse""]",4,0.5,0.1739477813243866,0.1769087165594101,0.042059123516082764,0.593864381313324,1
771,009010,/Users/von/Projects/cci-local-recovery/rerun_workspace/data/voc2007/VOCdevkit/VOC2007/JPEGImages/009010.jpg,chair,chair,"[""chair"",""tvmonitor""]",1,0.800000011920929,1.8755595684051514,1.9032293558120728,0.9572099447250366,1.6130151748657227,1
772,009143,/Users/von/Projects/cci-local-recovery/rerun_workspace/data/voc2007/VOCdevkit/VOC2007/JPEGImages/009143.jpg,person,person,"[""person"",""tvmonitor""]",5,1.0,0.14443373680114746,0.14689227938652039,-0.18011391162872314,0.12787778675556183,1
773,004629,/Users/von/Projects/cci-local-recovery/rerun_workspace/data/voc2007/VOCdevkit/VOC2007/JPEGImages/004629.jpg,horse,horse,"[""horse"",""person""]",1,1.0,1.3300564289093018,1.3455445766448975,0.7902381420135498,2.2511792182922363,1
774,008192,/Users/von/Projects/cci-local-recovery/rerun_workspace/data/voc2007/VOCdevkit/VOC2007/JPEGImages/008192.jpg,person,person,"[""person"",""bottle"",""horse"",""sheep""]",4,0.8571428656578064,1.1470341682434082,1.166558861732483,-0.19372379779815674,0.9342770576477051,1
775,007028,/Users/von/Projects/cci-local-recovery/rerun_workspace/data/voc2007/VOCdevkit/VOC2007/JPEGImages/007028.jpg,sheep,sheep,"[""sheep"",""person""]",2,0.5,5.955191135406494,6.041734218597412,4.248528480529785,6.19576358795166,1
776,000205,/Users/von/Projects/cci-local-recovery/rerun_workspace/data/voc2007/VOCdevkit/VOC2007/JPEGImages/000205.jpg,sofa,sofa,"[""sofa"",""dog"",""person""]",0,0.7272727489471436,0.11830038577318192,0.12021465599536896,-0.5416803956031799,-0.17523224651813507,1
777,003232,/Users/von/Projects/cci-local-recovery/rerun_workspace/data/voc2007/VOCdevkit/VOC2007/JPEGImages/003232.jpg,horse,horse,"[""horse"",""person""]",6,1.0,0.9268976449966431,0.9376911520957947,0.6121706962585449,1.1501083374023438,1
778,001134,/Users/von/Projects/cci-local-recovery/rerun_workspace/data/voc2007/VOCdevkit/VOC2007/JPEGImages/001134.jpg,car,car,"[""car"",""motorbike""]",6,0.3333333432674408,0.5971987843513489,0.605510950088501,-0.5717194080352783,-0.1860167384147644,1
779,008104,/Users/von/Projects/cci-local-recovery/rerun_workspace/data/voc2007/VOCdevkit/VOC2007/JPEGImages/008104.jpg,aeroplane,aeroplane,"[""aeroplane"",""car"",""person""]",6,1.0,0.83103346824646,0.8485194444656372,-0.05100172758102417,0.3150250315666199,1
780,002768,/Users/von/Projects/cci-local-recovery/rerun_workspace/data/voc2007/VOCdevkit/VOC2007/JPEGImages/002768.jpg,person,person,"[""person"",""dog""]",1,0.0,0.119752436876297,0.12179085612297058,-0.11050115525722504,0.09321613609790802,1
781,000504,/Users/von/Projects/cci-local-recovery/rerun_workspace/data/voc2007/VOCdevkit/VOC2007/JPEGImages/000504.jpg,cow,cow,"[""cow"",""person""]",4,1.0,8.687857627868652,8.795937538146973,3.3239006996154785,8.507719993591309,1
782,007178,/Users/von/Projects/cci-local-recovery/rerun_workspace/data/voc2007/VOCdevkit/VOC2007/JPEGImages/007178.jpg,person,person,"[""person"",""chair"",""tvmonitor""]",2,0.1111111119389534,0.30060580372810364,0.3057226836681366,-0.1503993272781372,0.02813604474067688,1
783,004249,/Users/von/Projects/cci-local-recovery/rerun_workspace/data/voc2007/VOCdevkit/VOC2007/JPEGImages/004249.jpg,car,car,"[""car"",""person""]",2,0.0,0.6122695207595825,0.6207914352416992,-0.32017987966537476,0.16429805755615234,1
784,001039,/Users/von/Projects/cci-local-recovery/rerun_workspace/data/voc2007/VOCdevkit/VOC2007/JPEGImages/001039.jpg,chair,chair,"[""chair"",""tvmonitor""]",2,1.0,0.30219602584838867,0.30665427446365356,0.16631174087524414,0.3698408603668213,1
785,009606,/Users/von/Projects/cci-local-recovery/rerun_workspace/data/voc2007/VOCdevkit/VOC2007/JPEGImages/009606.jpg,diningtable,diningtable,"[""diningtable"",""chair"",""pottedplant""]",7,0.0,0.22157618403434753,0.2246452122926712,-0.14565207064151764,0.3019651174545288,1
786,002874,/Users/von/Projects/cci-local-recovery/rerun_workspace/data/voc2007/VOCdevkit/VOC2007/JPEGImages/002874.jpg,sofa,sofa,"[""sofa"",""person""]",3,0.0,0.5285671949386597,0.5371201634407043,-0.05563634634017944,0.2580011188983917,1
787,001619,/Users/von/Projects/cci-local-recovery/rerun_workspace/data/voc2007/VOCdevkit/VOC2007/JPEGImages/001619.jpg,car,car,"[""car"",""motorbike"",""person""]",3,0.6000000238418579,0.9610447883605957,0.9744212031364441,-0.003992676734924316,0.5552495718002319,1
788,009237,/Users/von/Projects/cci-local-recovery/rerun_workspace/data/voc2007/VOCdevkit/VOC2007/JPEGImages/009237.jpg,person,person,"[""person"",""bicycle""]",3,0.0,0.26536259055137634,0.2698795795440674,-0.3333113193511963,-0.09823042154312134,1
789,000924,/Users/von/Projects/cci-local-recovery/rerun_workspace/data/voc2007/VOCdevkit/VOC2007/JPEGImages/000924.jpg,bus,bus,"[""bus"",""person""]",1,0.0,1.2387346029281616,1.2589961290359497,-0.24893295764923096,0.44123363494873047,1
790,007321,/Users/von/Projects/cci-local-recovery/rerun_workspace/data/voc2007/VOCdevkit/VOC2007/JPEGImages/007321.jpg,tvmonitor,tvmonitor,"[""tvmonitor"",""cat"",""person""]",2,0.1666666716337204,0.4771044850349426,0.48538246750831604,-3.826960563659668,1.0815539360046387,1
791,006361,/Users/von/Projects/cci-local-recovery/rerun_workspace/data/voc2007/VOCdevkit/VOC2007/JPEGImages/006361.jpg,horse,horse,"[""horse"",""person""]",5,0.8333333134651184,1.2317906618118286,1.246134638786316,-0.2757906913757324,0.4301404356956482,1
792,002703,/Users/von/Projects/cci-local-recovery/rerun_workspace/data/voc2007/VOCdevkit/VOC2007/JPEGImages/002703.jpg,aeroplane,aeroplane,"[""aeroplane"",""car""]",7,0.0,0.034375082701444626,0.035098377615213394,-0.19028985500335693,0.009228317067027092,1
793,001620,/Users/von/Projects/cci-local-recovery/rerun_workspace/data/voc2007/VOCdevkit/VOC2007/JPEGImages/001620.jpg,person,person,"[""person"",""bicycle""]",3,0.0,0.36438092589378357,0.3705833852291107,-0.1689228117465973,0.1760609894990921,1
794,003220,/Users/von/Projects/cci-local-recovery/rerun_workspace/data/voc2007/VOCdevkit/VOC2007/JPEGImages/003220.jpg,train,train,"[""train"",""car"",""person""]",3,1.0,5.082937240600586,5.156764030456543,3.6599855422973633,5.239077091217041,1
795,000839,/Users/von/Projects/cci-local-recovery/rerun_workspace/data/voc2007/VOCdevkit/VOC2007/JPEGImages/000839.jpg,sofa,sofa,"[""sofa"",""person""]",1,0.5,0.10263734310865402,0.10429815948009491,0.1637095808982849,0.5899096131324768,1
796,006060,/Users/von/Projects/cci-local-recovery/rerun_workspace/data/voc2007/VOCdevkit/VOC2007/JPEGImages/006060.jpg,person,person,"[""person"",""cow""]",0,0.0,0.08265730738639832,0.0840642973780632,-0.402315229177475,-0.009749181568622589,1
797,006274,/Users/von/Projects/cci-local-recovery/rerun_workspace/data/voc2007/VOCdevkit/VOC2007/JPEGImages/006274.jpg,person,person,"[""person"",""chair""]",4,1.0,1.4480581283569336,1.472706913948059,-0.10266852378845215,0.8540197610855103,1
798,002159,/Users/von/Projects/cci-local-recovery/rerun_workspace/data/voc2007/VOCdevkit/VOC2007/JPEGImages/002159.jpg,person,person,"[""person"",""chair""]",2,1.0,0.30820757150650024,0.3134538531303406,-0.7007680535316467,0.16578759253025055,1
799,001992,/Users/von/Projects/cci-local-recovery/rerun_workspace/data/voc2007/VOCdevkit/VOC2007/JPEGImages/001992.jpg,person,person,"[""person"",""bottle"",""dog""]",0,1.0,0.5727971792221069,0.5825473070144653,-0.4800996780395508,1.2341021299362183,1
800,001307,/Users/von/Projects/cci-local-recovery/rerun_workspace/data/voc2007/VOCdevkit/VOC2007/JPEGImages/001307.jpg,person,person,"[""person"",""bicycle""]",6,1.0,0.9369595050811768,0.9529083967208862,0.2793566584587097,1.1500567197799683,1
801,007176,/Users/von/Projects/cci-local-recovery/rerun_workspace/data/voc2007/VOCdevkit/VOC2007/JPEGImages/007176.jpg,car,car,"[""car"",""person""]",6,0.4000000059604645,0.4497706890106201,0.45603087544441223,-0.5585981607437134,-0.09548643231391907,1
802,004422,/Users/von/Projects/cci-local-recovery/rerun_workspace/data/voc2007/VOCdevkit/VOC2007/JPEGImages/004422.jpg,pottedplant,pottedplant,"[""pottedplant"",""bottle""]",7,0.0,0.5698349475860596,0.5776543021202087,-0.6997224688529968,0.7770630121231079,1
803,004245,/Users/von/Projects/cci-local-recovery/rerun_workspace/data/voc2007/VOCdevkit/VOC2007/JPEGImages/004245.jpg,car,car,"[""car"",""person""]",1,1.0,0.3103104531764984,0.31462955474853516,-0.37644046545028687,0.2645474076271057,1
804,000743,/Users/von/Projects/cci-local-recovery/rerun_workspace/data/voc2007/VOCdevkit/VOC2007/JPEGImages/000743.jpg,train,train,"[""train"",""car""]",2,1.0,0.32096385955810547,0.3256256878376007,-0.13962790369987488,0.39625415205955505,1
805,000038,/Users/von/Projects/cci-local-recovery/rerun_workspace/data/voc2007/VOCdevkit/VOC2007/JPEGImages/000038.jpg,person,person,"[""person"",""bicycle"",""motorbike""]",0,0.0,0.36556190252304077,0.3717844784259796,0.019758790731430054,0.24280211329460144,1
806,009895,/Users/von/Projects/cci-local-recovery/rerun_workspace/data/voc2007/VOCdevkit/VOC2007/JPEGImages/009895.jpg,car,car,"[""car"",""person""]",7,0.0,0.6491365432739258,0.6581716537475586,-0.9738956689834595,0.10519182682037354,1
807,002511,/Users/von/Projects/cci-local-recovery/rerun_workspace/data/voc2007/VOCdevkit/VOC2007/JPEGImages/002511.jpg,horse,horse,"[""horse"",""person""]",2,0.7272727489471436,0.6563411951065063,0.6639841198921204,1.2245136499404907,2.414062738418579,2
808,001256,/Users/von/Projects/cci-local-recovery/rerun_workspace/data/voc2007/VOCdevkit/VOC2007/JPEGImages/001256.jpg,bicycle,bicycle,"[""bicycle"",""person""]",5,0.2857142984867096,2.600092887878418,2.6386566162109375,-0.6336874961853027,2.5104122161865234,1
809,000536,/Users/von/Projects/cci-local-recovery/rerun_workspace/data/voc2007/VOCdevkit/VOC2007/JPEGImages/000536.jpg,bus,bus,"[""bus"",""person""]",2,0.0,0.763892650604248,0.7763873338699341,-0.19043183326721191,0.13255560398101807,1
810,009674,/Users/von/Projects/cci-local-recovery/rerun_workspace/data/voc2007/VOCdevkit/VOC2007/JPEGImages/009674.jpg,motorbike,motorbike,"[""motorbike"",""person""]",6,0.6000000238418579,0.5156239867210388,0.5232771039009094,0.01672959327697754,0.3206815719604492,1
811,006056,/Users/von/Projects/cci-local-recovery/rerun_workspace/data/voc2007/VOCdevkit/VOC2007/JPEGImages/006056.jpg,diningtable,diningtable,"[""diningtable"",""bottle"",""chair"",""person""]",7,0.8333333134651184,0.9535090923309326,0.9667160511016846,0.5315226316452026,1.0031489133834839,1
812,003670,/Users/von/Projects/cci-local-recovery/rerun_workspace/data/voc2007/VOCdevkit/VOC2007/JPEGImages/003670.jpg,motorbike,motorbike,"[""motorbike"",""person""]",3,0.09090909361839294,0.41613632440567017,0.42231279611587524,-0.49154454469680786,-0.2060016393661499,1
813,005250,/Users/von/Projects/cci-local-recovery/rerun_workspace/data/voc2007/VOCdevkit/VOC2007/JPEGImages/005250.jpg,sofa,sofa,"[""sofa"",""tvmonitor""]",6,0.0,0.3128197193145752,0.31788158416748047,-0.5712382793426514,0.22618800401687622,1
814,005943,/Users/von/Projects/cci-local-recovery/rerun_workspace/data/voc2007/VOCdevkit/VOC2007/JPEGImages/005943.jpg,sofa,sofa,"[""sofa"",""pottedplant""]",0,1.0,3.0035407543182373,3.052142381668091,1.410832166671753,2.491999387741089,1
815,006334,/Users/von/Projects/cci-local-recovery/rerun_workspace/data/voc2007/VOCdevkit/VOC2007/JPEGImages/006334.jpg,bus,bus,"[""bus"",""car"",""person""]",4,0.6666666865348816,3.780076265335083,3.8419055938720703,3.3347792625427246,4.619264125823975,1
816,006407,/Users/von/Projects/cci-local-recovery/rerun_workspace/data/voc2007/VOCdevkit/VOC2007/JPEGImages/006407.jpg,bus,bus,"[""bus"",""person""]",3,1.0,0.29932934045791626,0.304225355386734,-0.6052577495574951,-0.03824484348297119,1
817,004068,/Users/von/Projects/cci-local-recovery/rerun_workspace/data/voc2007/VOCdevkit/VOC2007/JPEGImages/004068.jpg,sofa,sofa,"[""sofa"",""bottle"",""chair"",""person""]",1,0.800000011920929,0.706397533416748,0.7178280353546143,0.4450128972530365,0.7150232195854187,1
818,005140,/Users/von/Projects/cci-local-recovery/rerun_workspace/data/voc2007/VOCdevkit/VOC2007/JPEGImages/005140.jpg,diningtable,diningtable,"[""diningtable"",""person""]",7,0.75,0.7828115820884705,0.7936542630195618,0.02159249782562256,0.37577199935913086,1
819,000942,/Users/von/Projects/cci-local-recovery/rerun_workspace/data/voc2007/VOCdevkit/VOC2007/JPEGImages/000942.jpg,train,train,"[""train"",""person""]",7,0.0,0.3039964437484741,0.3084118068218231,-0.011493116617202759,0.2216629683971405,1
820,009696,/Users/von/Projects/cci-local-recovery/rerun_workspace/data/voc2007/VOCdevkit/VOC2007/JPEGImages/009696.jpg,person,person,"[""person"",""bird""]",2,1.0,0.01985912024974823,0.02019716054201126,-0.6745011806488037,0.11685383319854736,1
821,009660,/Users/von/Projects/cci-local-recovery/rerun_workspace/data/voc2007/VOCdevkit/VOC2007/JPEGImages/009660.jpg,chair,chair,"[""chair"",""dog"",""person""]",7,1.0,1.3154895305633545,1.3348966836929321,-0.7453867197036743,1.4467101097106934,1
822,003643,/Users/von/Projects/cci-local-recovery/rerun_workspace/data/voc2007/VOCdevkit/VOC2007/JPEGImages/003643.jpg,person,person,"[""person"",""bottle"",""chair"",""diningtable""]",3,1.0,0.11580131202936172,0.11777247488498688,-0.8436590433120728,0.348785400390625,1
823,000258,/Users/von/Projects/cci-local-recovery/rerun_workspace/data/voc2007/VOCdevkit/VOC2007/JPEGImages/000258.jpg,person,person,"[""person"",""dog""]",5,0.6000000238418579,0.5335076451301575,0.542589008808136,-0.33075016736984253,0.7631874084472656,1
824,006307,/Users/von/Projects/cci-local-recovery/rerun_workspace/data/voc2007/VOCdevkit/VOC2007/JPEGImages/006307.jpg,sofa,sofa,"[""sofa"",""chair"",""person"",""pottedplant"",""tvmonitor""]",7,1.0,2.3490633964538574,2.3870744705200195,1.560844898223877,2.1850998401641846,1
825,000090,/Users/von/Projects/cci-local-recovery/rerun_workspace/data/voc2007/VOCdevkit/VOC2007/JPEGImages/000090.jpg,person,person,"[""person"",""chair""]",0,1.0,1.842352271080017,1.8737126588821411,0.610998272895813,1.8802945613861084,1
826,008603,/Users/von/Projects/cci-local-recovery/rerun_workspace/data/voc2007/VOCdevkit/VOC2007/JPEGImages/008603.jpg,dog,dog,"[""dog"",""person""]",7,1.0,0.9237610697746277,0.9367390871047974,-1.3095794916152954,1.1075211763381958,1
827,007945,/Users/von/Projects/cci-local-recovery/rerun_workspace/data/voc2007/VOCdevkit/VOC2007/JPEGImages/007945.jpg,train,train,"[""train"",""person""]",0,1.0,-0.1390891820192337,-0.1411093771457672,-0.4874153733253479,0.016392216086387634,1
828,007913,/Users/von/Projects/cci-local-recovery/rerun_workspace/data/voc2007/VOCdevkit/VOC2007/JPEGImages/007913.jpg,pottedplant,pottedplant,"[""pottedplant"",""person""]",7,1.0,0.8801685571670532,0.8922463655471802,0.6370198726654053,1.4976246356964111,2
829,003734,/Users/von/Projects/cci-local-recovery/rerun_workspace/data/voc2007/VOCdevkit/VOC2007/JPEGImages/003734.jpg,horse,horse,"[""horse"",""person""]",2,0.8888888955116272,0.6013097167015076,0.6083118319511414,0.15118426084518433,1.2022416591644287,1
830,004393,/Users/von/Projects/cci-local-recovery/rerun_workspace/data/voc2007/VOCdevkit/VOC2007/JPEGImages/004393.jpg,train,train,"[""train"",""person""]",1,0.699999988079071,1.1259634494781494,1.1423174142837524,-0.2292182445526123,1.1630051136016846,1
831,000456,/Users/von/Projects/cci-local-recovery/rerun_workspace/data/voc2007/VOCdevkit/VOC2007/JPEGImages/000456.jpg,bus,bus,"[""bus"",""person""]",0,0.2857142984867096,0.5830104351043701,0.5925465226173401,0.14596086740493774,0.7365573048591614,1
832,009806,/Users/von/Projects/cci-local-recovery/rerun_workspace/data/voc2007/VOCdevkit/VOC2007/JPEGImages/009806.jpg,bus,bus,"[""bus"",""car"",""person""]",1,1.0,1.4541418552398682,1.4779267311096191,0.5321522355079651,1.7816834449768066,1
833,000181,/Users/von/Projects/cci-local-recovery/rerun_workspace/data/voc2007/VOCdevkit/VOC2007/JPEGImages/000181.jpg,sofa,sofa,"[""sofa"",""chair"",""person""]",4,1.0,0.7117645144462585,0.7232818603515625,0.37107399106025696,0.6207352876663208,1
834,005925,/Users/von/Projects/cci-local-recovery/rerun_workspace/data/voc2007/VOCdevkit/VOC2007/JPEGImages/005925.jpg,bicycle,bicycle,"[""bicycle"",""person""]",3,0.4000000059604645,0.6114873290061951,0.6205567121505737,0.18037617206573486,0.5826395153999329,1
835,005597,/Users/von/Projects/cci-local-recovery/rerun_workspace/data/voc2007/VOCdevkit/VOC2007/JPEGImages/005597.jpg,diningtable,diningtable,"[""diningtable"",""chair""]",7,1.0,0.42435652017593384,0.43023425340652466,0.11455786228179932,0.4381222724914551,2
836,001769,/Users/von/Projects/cci-local-recovery/rerun_workspace/data/voc2007/VOCdevkit/VOC2007/JPEGImages/001769.jpg,horse,horse,"[""horse"",""person""]",2,1.0,0.5053836703300476,0.5112687349319458,-0.7238092422485352,-0.27252817153930664,1
837,009850,/Users/von/Projects/cci-local-recovery/rerun_workspace/data/voc2007/VOCdevkit/VOC2007/JPEGImages/009850.jpg,motorbike,motorbike,"[""motorbike"",""person""]",2,1.0,2.7296204566955566,2.770134687423706,1.8867900371551514,3.1143274307250977,1
838,002756,/Users/von/Projects/cci-local-recovery/rerun_workspace/data/voc2007/VOCdevkit/VOC2007/JPEGImages/002756.jpg,train,train,"[""train"",""person""]",1,1.0,2.1962831020355225,2.228182792663574,1.5102367401123047,2.629146099090576,1
839,003976,/Users/von/Projects/cci-local-recovery/rerun_workspace/data/voc2007/VOCdevkit/VOC2007/JPEGImages/003976.jpg,person,person,"[""person"",""bicycle""]",5,1.0,0.5247109532356262,0.5336425304412842,-0.5184189081192017,-0.01776939630508423,1
840,006081,/Users/von/Projects/cci-local-recovery/rerun_workspace/data/voc2007/VOCdevkit/VOC2007/JPEGImages/006081.jpg,diningtable,diningtable,"[""diningtable"",""chair""]",4,0.1666666716337204,0.8475055694580078,0.8592442870140076,0.46343785524368286,0.9367867112159729,1
841,006826,/Users/von/Projects/cci-local-recovery/rerun_workspace/data/voc2007/VOCdevkit/VOC2007/JPEGImages/006826.jpg,chair,chair,"[""chair"",""diningtable"",""sofa""]",3,0.8571428656578064,0.7800440192222595,0.7915518879890442,0.001301586627960205,0.4261511266231537,1
842,000280,/Users/von/Projects/cci-local-recovery/rerun_workspace/data/voc2007/VOCdevkit/VOC2007/JPEGImages/000280.jpg,diningtable,diningtable,"[""diningtable"",""bottle"",""person""]",5,1.0,2.153327703475952,2.1831531524658203,1.6608126163482666,2.1621530055999756,1
843,003553,/Users/von/Projects/cci-local-recovery/rerun_workspace/data/voc2007/VOCdevkit/VOC2007/JPEGImages/003553.jpg,car,car,"[""car"",""person""]",6,1.0,0.35158324241638184,0.3564767837524414,-0.40632539987564087,0.17078623175621033,1
844,008325,/Users/von/Projects/cci-local-recovery/rerun_workspace/data/voc2007/VOCdevkit/VOC2007/JPEGImages/008325.jpg,sofa,sofa,"[""sofa"",""person""]",2,0.0833333358168602,0.4942876100540161,0.502285897731781,0.43005266785621643,0.8609457612037659,1
845,001534,/Users/von/Projects/cci-local-recovery/rerun_workspace/data/voc2007/VOCdevkit/VOC2007/JPEGImages/001534.jpg,diningtable,diningtable,"[""diningtable"",""chair"",""sofa""]",2,0.25,0.9950422644615173,1.0088244676589966,-0.0025212764739990234,1.086915135383606,1
846,008219,/Users/von/Projects/cci-local-recovery/rerun_workspace/data/voc2007/VOCdevkit/VOC2007/JPEGImages/008219.jpg,person,person,"[""person"",""boat""]",2,0.6666666865348816,1.1290990114212036,1.1483184099197388,0.7978112101554871,1.9300451278686523,1
847,005316,/Users/von/Projects/cci-local-recovery/rerun_workspace/data/voc2007/VOCdevkit/VOC2007/JPEGImages/005316.jpg,car,car,"[""car"",""motorbike"",""person""]",0,0.0,0.2243703156709671,0.22749324142932892,-0.4432740807533264,0.07517006993293762,1
848,004173,/Users/von/Projects/cci-local-recovery/rerun_workspace/data/voc2007/VOCdevkit/VOC2007/JPEGImages/004173.jpg,pottedplant,pottedplant,"[""pottedplant"",""person""]",7,0.75,0.8236334323883057,0.8349354267120361,0.38846054673194885,0.7302441596984863,1
849,009798,/Users/von/Projects/cci-local-recovery/rerun_workspace/data/voc2007/VOCdevkit/VOC2007/JPEGImages/009798.jpg,diningtable,diningtable,"[""diningtable"",""bottle"",""chair"",""person""]",1,0.25,0.2808052599430084,0.2846946716308594,-0.06611794233322144,0.4251493811607361,1
850,002909,/Users/von/Projects/cci-local-recovery/rerun_workspace/data/voc2007/VOCdevkit/VOC2007/JPEGImages/002909.jpg,person,person,"[""person"",""horse""]",4,0.0,0.3845704197883606,0.39111655950546265,-0.02966967225074768,0.3072238862514496,1
851,008314,/Users/von/Projects/cci-local-recovery/rerun_workspace/data/voc2007/VOCdevkit/VOC2007/JPEGImages/008314.jpg,horse,horse,"[""horse"",""person""]",3,1.0,0.7562018036842346,0.7650076150894165,-0.3706319332122803,0.24649280309677124,1
852,001080,/Users/von/Projects/cci-local-recovery/rerun_workspace/data/voc2007/VOCdevkit/VOC2007/JPEGImages/001080.jpg,aeroplane,aeroplane,"[""aeroplane"",""car""]",3,1.0,1.457139492034912,1.4877995252609253,0.7809593081474304,1.9129359722137451,1
853,009901,/Users/von/Projects/cci-local-recovery/rerun_workspace/data/voc2007/VOCdevkit/VOC2007/JPEGImages/009901.jpg,person,person,"[""person"",""chair"",""diningtable""]",4,0.8333333134651184,0.3756277561187744,0.3820216655731201,-0.602518618106842,0.07903397083282471,1
854,007134,/Users/von/Projects/cci-local-recovery/rerun_workspace/data/voc2007/VOCdevkit/VOC2007/JPEGImages/007134.jpg,horse,horse,"[""horse"",""person""]",2,0.800000011920929,0.6599525213241577,0.6676375269889832,-0.6154302954673767,1.493203043937683,1
855,001770,/Users/von/Projects/cci-local-recovery/rerun_workspace/data/voc2007/VOCdevkit/VOC2007/JPEGImages/001770.jpg,boat,boat,"[""boat"",""car""]",5,1.0,2.4888153076171875,2.527939558029175,2.1789257526397705,2.6450939178466797,1
856,002455,/Users/von/Projects/cci-local-recovery/rerun_workspace/data/voc2007/VOCdevkit/VOC2007/JPEGImages/002455.jpg,sofa,sofa,"[""sofa"",""person""]",5,0.3333333432674408,1.0557582378387451,1.0728418827056885,-0.17705833911895752,0.43051791191101074,1
857,009595,/Users/von/Projects/cci-local-recovery/rerun_workspace/data/voc2007/VOCdevkit/VOC2007/JPEGImages/009595.jpg,chair,chair,"[""chair"",""person""]",5,1.0,0.8434198498725891,0.8558626770973206,-0.4063488841056824,1.328810691833496,1
858,004366,/Users/von/Projects/cci-local-recovery/rerun_workspace/data/voc2007/VOCdevkit/VOC2007/JPEGImages/004366.jpg,chair,chair,"[""chair"",""person""]",3,0.0,0.928180992603302,0.9418742656707764,-0.5779049396514893,0.8442469239234924,1
859,005907,/Users/von/Projects/cci-local-recovery/rerun_workspace/data/voc2007/VOCdevkit/VOC2007/JPEGImages/005907.jpg,person,person,"[""person"",""chair""]",7,1.0,0.2933509051799774,0.29834431409835815,-0.4979962110519409,-0.11399969458580017,1
860,009547,/Users/von/Projects/cci-local-recovery/rerun_workspace/data/voc2007/VOCdevkit/VOC2007/JPEGImages/009547.jpg,person,person,"[""person"",""bottle""]",0,1.0,0.4766472578048706,0.48476073145866394,-0.1945417821407318,0.4818013310432434,1
861,008156,/Users/von/Projects/cci-local-recovery/rerun_workspace/data/voc2007/VOCdevkit/VOC2007/JPEGImages/008156.jpg,pottedplant,pottedplant,"[""pottedplant"",""chair""]",4,0.75,2.444899797439575,2.4784491062164307,2.158679723739624,3.4640963077545166,1
862,005362,/Users/von/Projects/cci-local-recovery/rerun_workspace/data/voc2007/VOCdevkit/VOC2007/JPEGImages/005362.jpg,diningtable,diningtable,"[""diningtable"",""chair"",""sofa""]",6,0.800000011920929,0.2397645264863968,0.24308548867702484,-2.2286343574523926,0.8935219049453735,1
863,001357,/Users/von/Projects/cci-local-recovery/rerun_workspace/data/voc2007/VOCdevkit/VOC2007/JPEGImages/001357.jpg,motorbike,motorbike,"[""motorbike"",""person""]",3,0.2222222238779068,0.19461551308631897,0.19750408828258514,-0.327448308467865,-0.05718250572681427,3
864,000584,/Users/von/Projects/cci-local-recovery/rerun_workspace/data/voc2007/VOCdevkit/VOC2007/JPEGImages/000584.jpg,bicycle,bicycle,"[""bicycle"",""sofa""]",3,0.13333334028720856,0.47235673666000366,0.4793625771999359,-0.9175354242324829,0.34953179955482483,1
865,008230,/Users/von/Projects/cci-local-recovery/rerun_workspace/data/voc2007/VOCdevkit/VOC2007/JPEGImages/008230.jpg,motorbike,motorbike,"[""motorbike"",""person""]",3,1.0,0.47940364480018616,0.4865191578865051,-1.1256263256072998,-0.19925212860107422,1
866,006142,/Users/von/Projects/cci-local-recovery/rerun_workspace/data/voc2007/VOCdevkit/VOC2007/JPEGImages/006142.jpg,person,person,"[""person"",""chair"",""diningtable""]",2,1.0,0.5933193564414978,0.6034188270568848,0.19993653893470764,0.517738938331604,1
867,009367,/Users/von/Projects/cci-local-recovery/rerun_workspace/data/voc2007/VOCdevkit/VOC2007/JPEGImages/009367.jpg,sofa,sofa,"[""sofa"",""pottedplant""]",0,0.8999999761581421,2.329735040664673,2.367433547973633,1.7205235958099365,2.422668218612671,1
868,000762,/Users/von/Projects/cci-local-recovery/rerun_workspace/data/voc2007/VOCdevkit/VOC2007/JPEGImages/000762.jpg,diningtable,diningtable,"[""diningtable"",""bottle"",""person""]",3,0.9090909361839294,0.018137997016310692,0.018389225006103516,-1.0103869438171387,-0.40482497215270996,1
869,004523,/Users/von/Projects/cci-local-recovery/rerun_workspace/data/voc2007/VOCdevkit/VOC2007/JPEGImages/004523.jpg,person,person,"[""person"",""bicycle""]",6,1.0,0.5006967186927795,0.5092195272445679,-0.588781476020813,0.07376852631568909,1
870,002705,/Users/von/Projects/cci-local-recovery/rerun_workspace/data/voc2007/VOCdevkit/VOC2007/JPEGImages/002705.jpg,person,person,"[""person"",""bottle"",""chair"",""diningtable""]",3,0.5,0.46481648087501526,0.47272855043411255,-0.4440874457359314,-0.07650679349899292,1
871,008102,/Users/von/Projects/cci-local-recovery/rerun_workspace/data/voc2007/VOCdevkit/VOC2007/JPEGImages/008102.jpg,person,person,"[""person"",""dog""]",4,0.75,-0.11269421875476837,-0.11461248993873596,-0.414331316947937,-0.008203379809856415,1
872,009384,/Users/von/Projects/cci-local-recovery/rerun_workspace/data/voc2007/VOCdevkit/VOC2007/JPEGImages/009384.jpg,car,car,"[""car"",""bus""]",5,1.0,0.8738311529159546,0.8859936594963074,0.2538575530052185,0.7923806309700012,1
873,003538,/Users/von/Projects/cci-local-recovery/rerun_workspace/data/voc2007/VOCdevkit/VOC2007/JPEGImages/003538.jpg,motorbike,motorbike,"[""motorbike"",""person""]",2,1.0,0.43747949600219727,0.44397276639938354,-0.024260014295578003,1.1475722789764404,1
874,009728,/Users/von/Projects/cci-local-recovery/rerun_workspace/data/voc2007/VOCdevkit/VOC2007/JPEGImages/009728.jpg,boat,boat,"[""boat"",""person""]",3,0.0,3.670725107192993,3.728428840637207,1.8676084280014038,4.0383148193359375,1
875,005610,/Users/von/Projects/cci-local-recovery/rerun_workspace/data/voc2007/VOCdevkit/VOC2007/JPEGImages/005610.jpg,horse,horse,"[""horse"",""person""]",1,0.3076923191547394,0.17298759520053864,0.17500199377536774,-0.17765237390995026,0.28111377358436584,1
876,000127,/Users/von/Projects/cci-local-recovery/rerun_workspace/data/voc2007/VOCdevkit/VOC2007/JPEGImages/000127.jpg,person,person,"[""person"",""bird""]",7,1.0,0.38521498441696167,0.3917720913887024,-0.24050360918045044,0.12761157751083374,1
877,006137,/Users/von/Projects/cci-local-recovery/rerun_workspace/data/voc2007/VOCdevkit/VOC2007/JPEGImages/006137.jpg,car,car,"[""car"",""person""]",5,0.0,0.17071054875850677,0.17308659851551056,-0.18248556554317474,-0.06377243995666504,1
878,009534,/Users/von/Projects/cci-local-recovery/rerun_workspace/data/voc2007/VOCdevkit/VOC2007/JPEGImages/009534.jpg,bicycle,bicycle,"[""bicycle"",""person""]",1,0.6666666865348816,0.6060135364532471,0.6150017380714417,0.6801306009292603,1.8460485935211182,1
879,007415,/Users/von/Projects/cci-local-recovery/rerun_workspace/data/voc2007/VOCdevkit/VOC2007/JPEGImages/007415.jpg,boat,boat,"[""boat"",""person""]",0,0.0,0.14587436616420746,0.14816750586032867,-0.39185839891433716,-0.09451048076152802,1
880,005041,/Users/von/Projects/cci-local-recovery/rerun_workspace/data/voc2007/VOCdevkit/VOC2007/JPEGImages/005041.jpg,person,person,"[""person"",""car"",""motorbike""]",6,1.0,0.12556134164333344,0.1276986449956894,-0.16596220433712006,0.002189338207244873,1
881,000453,/Users/von/Projects/cci-local-recovery/rerun_workspace/data/voc2007/VOCdevkit/VOC2007/JPEGImages/000453.jpg,car,car,"[""car"",""person""]",6,0.8333333134651184,0.7426357865333557,0.7529722452163696,-1.038817286491394,0.06999439001083374,1
882,009452,/Users/von/Projects/cci-local-recovery/rerun_workspace/data/voc2007/VOCdevkit/VOC2007/JPEGImages/009452.jpg,person,person,"[""person"",""chair""]",0,0.10000000149011612,1.0719600915908813,1.0902069807052612,0.2316989302635193,0.8364497423171997,1
883,007564,/Users/von/Projects/cci-local-recovery/rerun_workspace/data/voc2007/VOCdevkit/VOC2007/JPEGImages/007564.jpg,chair,chair,"[""chair"",""tvmonitor""]",1,0.1111111119389534,0.3959018588066101,0.40174251794815063,-0.5111750960350037,0.0863385796546936,1
884,005498,/Users/von/Projects/cci-local-recovery/rerun_workspace/data/voc2007/VOCdevkit/VOC2007/JPEGImages/005498.jpg,sofa,sofa,"[""sofa"",""chair""]",4,1.0,1.584079384803772,1.60971200466156,1.434777021408081,2.0363612174987793,1
885,008804,/Users/von/Projects/cci-local-recovery/rerun_workspace/data/voc2007/VOCdevkit/VOC2007/JPEGImages/008804.jpg,horse,horse,"[""horse"",""person""]",2,1.0,0.5914252400398254,0.598312258720398,0.36585885286331177,2.4399986267089844,1
886,005513,/Users/von/Projects/cci-local-recovery/rerun_workspace/data/voc2007/VOCdevkit/VOC2007/JPEGImages/005513.jpg,horse,horse,"[""horse"",""person""]",4,0.8181818127632141,1.1888537406921387,1.2026976346969604,0.1163870096206665,0.7965770959854126,1
887,006126,/Users/von/Projects/cci-local-recovery/rerun_workspace/data/voc2007/VOCdevkit/VOC2007/JPEGImages/006126.jpg,sofa,sofa,"[""sofa"",""chair""]",6,0.6666666865348816,1.7800874710083008,1.808891773223877,0.6504169702529907,1.214512586593628,1
888,007005,/Users/von/Projects/cci-local-recovery/rerun_workspace/data/voc2007/VOCdevkit/VOC2007/JPEGImages/007005.jpg,bicycle,bicycle,"[""bicycle"",""person""]",1,1.0,0.5819257497787476,0.5905566811561584,-0.2777346968650818,0.3850318193435669,1
889,003592,/Users/von/Projects/cci-local-recovery/rerun_workspace/data/voc2007/VOCdevkit/VOC2007/JPEGImages/003592.jpg,person,person,"[""person"",""dog""]",2,0.125,0.516302227973938,0.5250906944274902,-0.3287094831466675,0.11929395794868469,1
890,003742,/Users/von/Projects/cci-local-recovery/rerun_workspace/data/voc2007/VOCdevkit/VOC2007/JPEGImages/003742.jpg,person,person,"[""person"",""diningtable""]",3,1.0,0.8742624521255493,0.8891441226005554,0.11693686246871948,0.6520459651947021,1
891,009075,/Users/von/Projects/cci-local-recovery/rerun_workspace/data/voc2007/VOCdevkit/VOC2007/JPEGImages/009075.jpg,person,person,"[""person"",""bottle"",""chair""]",3,0.0,0.33263665437698364,0.3382987678050995,-0.08968085050582886,0.3271876871585846,1
892,007400,/Users/von/Projects/cci-local-recovery/rerun_workspace/data/voc2007/VOCdevkit/VOC2007/JPEGImages/007400.jpg,boat,boat,"[""boat"",""person""]",2,0.6000000238418579,2.088477849960327,2.1213088035583496,1.2476670742034912,2.298172950744629,1
893,004297,/Users/von/Projects/cci-local-recovery/rerun_workspace/data/voc2007/VOCdevkit/VOC2007/JPEGImages/004297.jpg,person,person,"[""person"",""dog""]",7,0.0,0.12369232624769211,0.1257978081703186,-0.6468410491943359,0.14846554398536682,1
894,004116,/Users/von/Projects/cci-local-recovery/rerun_workspace/data/voc2007/VOCdevkit/VOC2007/JPEGImages/004116.jpg,cat,cat,"[""cat"",""pottedplant""]",2,1.0,0.4475669264793396,0.4544486403465271,0.04768747091293335,1.5696101188659668,2
895,004892,/Users/von/Projects/cci-local-recovery/rerun_workspace/data/voc2007/VOCdevkit/VOC2007/JPEGImages/004892.jpg,diningtable,diningtable,"[""diningtable"",""chair""]",4,0.20000000298023224,1.0646499395370483,1.079396367073059,0.5991533398628235,1.3041952848434448,1
896,008597,/Users/von/Projects/cci-local-recovery/rerun_workspace/data/voc2007/VOCdevkit/VOC2007/JPEGImages/008597.jpg,motorbike,motorbike,"[""motorbike"",""person""]",7,0.0,0.028264900669455528,0.028684420511126518,-0.1822262853384018,-0.05893857777118683,2
897,007591,/Users/von/Projects/cci-local-recovery/rerun_workspace/data/voc2007/VOCdevkit/VOC2007/JPEGImages/007591.jpg,bus,bus,"[""bus"",""car""]",4,1.0,1.4960066080093384,1.520476222038269,1.7520893812179565,2.191591262817383,1
898,000319,/Users/von/Projects/cci-local-recovery/rerun_workspace/data/voc2007/VOCdevkit/VOC2007/JPEGImages/000319.jpg,horse,horse,"[""horse"",""person""]",2,0.800000011920929,1.547418236732483,1.5654375553131104,-0.09481275081634521,0.8771960735321045,1
899,009768,/Users/von/Projects/cci-local-recovery/rerun_workspace/data/voc2007/VOCdevkit/VOC2007/JPEGImages/009768.jpg,horse,horse,"[""horse"",""car"",""cow"",""person""]",0,0.0,0.8692228198051453,0.8793447017669678,-0.2817692756652832,0.11062407493591309,1
900,001407,/Users/von/Projects/cci-local-recovery/rerun_workspace/data/voc2007/VOCdevkit/VOC2007/JPEGImages/001407.jpg,chair,chair,"[""chair"",""bottle""]",2,1.0,0.7559835910797119,0.7671365141868591,0.3602067530155182,1.269777774810791,1
901,002780,/Users/von/Projects/cci-local-recovery/rerun_workspace/data/voc2007/VOCdevkit/VOC2007/JPEGImages/002780.jpg,horse,horse,"[""horse"",""person""]",0,1.0,1.545146107673645,1.5631389617919922,-0.7288916110992432,1.3659075498580933,1
902,005494,/Users/von/Projects/cci-local-recovery/rerun_workspace/data/voc2007/VOCdevkit/VOC2007/JPEGImages/005494.jpg,person,person,"[""person"",""pottedplant""]",5,1.0,0.5017845630645752,0.5103259086608887,0.03374326229095459,0.6604230999946594,1
903,007000,/Users/von/Projects/cci-local-recovery/rerun_workspace/data/voc2007/VOCdevkit/VOC2007/JPEGImages/007000.jpg,person,person,"[""person"",""bird""]",1,1.0,0.29094019532203674,0.2958925664424896,-1.0161240100860596,0.3551928997039795,1
904,005678,/Users/von/Projects/cci-local-recovery/rerun_workspace/data/voc2007/VOCdevkit/VOC2007/JPEGImages/005678.jpg,motorbike,motorbike,"[""motorbike"",""car""]",6,0.3333333432674408,0.8424803614616394,0.8549848198890686,-0.4128578305244446,0.08854985237121582,1
905,007307,/Users/von/Projects/cci-local-recovery/rerun_workspace/data/voc2007/VOCdevkit/VOC2007/JPEGImages/007307.jpg,motorbike,motorbike,"[""motorbike"",""person""]",7,0.0,0.046843186020851135,0.047538451850414276,-0.41253507137298584,-0.1465500295162201,1
906,002229,/Users/von/Projects/cci-local-recovery/rerun_workspace/data/voc2007/VOCdevkit/VOC2007/JPEGImages/002229.jpg,bus,bus,"[""bus"",""person""]",2,0.06666667014360428,0.5053163170814514,0.5135815739631653,-0.323525071144104,0.3531841039657593,1
907,006426,/Users/von/Projects/cci-local-recovery/rerun_workspace/data/voc2007/VOCdevkit/VOC2007/JPEGImages/006426.jpg,person,person,"[""person"",""pottedplant""]",3,0.75,0.8146958351135254,0.8285635113716125,0.21153146028518677,0.7944014072418213,1
908,009012,/Users/von/Projects/cci-local-recovery/rerun_workspace/data/voc2007/VOCdevkit/VOC2007/JPEGImages/009012.jpg,diningtable,diningtable,"[""diningtable"",""bottle"",""person""]",7,1.0,2.0244431495666504,2.052483558654785,1.6522759199142456,2.1919329166412354,1
909,002298,/Users/von/Projects/cci-local-recovery/rerun_workspace/data/voc2007/VOCdevkit/VOC2007/JPEGImages/002298.jpg,chair,chair,"[""chair"",""diningtable"",""person""]",5,1.0,0.7480459809303284,0.7590817809104919,-0.16798663139343262,0.6331074833869934,1
910,004053,/Users/von/Projects/cci-local-recovery/rerun_workspace/data/voc2007/VOCdevkit/VOC2007/JPEGImages/004053.jpg,tvmonitor,tvmonitor,"[""tvmonitor"",""chair"",""sofa""]",7,0.2857142984867096,0.5432245135307312,0.552649736404419,0.34265971183776855,0.6579630374908447,1
911,008574,/Users/von/Projects/cci-local-recovery/rerun_workspace/data/voc2007/VOCdevkit/VOC2007/JPEGImages/008574.jpg,horse,horse,"[""horse"",""person""]",2,1.0,0.642517626285553,0.6499996185302734,1.059097409248352,2.459568500518799,1
912,001489,/Users/von/Projects/cci-local-recovery/rerun_workspace/data/voc2007/VOCdevkit/VOC2007/JPEGImages/001489.jpg,diningtable,diningtable,"[""diningtable"",""bottle"",""chair""]",7,0.0,0.5809085965156555,0.5889546871185303,-0.08504921197891235,0.5687835216522217,1
913,001802,/Users/von/Projects/cci-local-recovery/rerun_workspace/data/voc2007/VOCdevkit/VOC2007/JPEGImages/001802.jpg,train,train,"[""train"",""person""]",5,0.75,-0.09011942893266678,-0.09142836183309555,-0.5979515314102173,-0.11367610841989517,1
914,006195,/Users/von/Projects/cci-local-recovery/rerun_workspace/data/voc2007/VOCdevkit/VOC2007/JPEGImages/006195.jpg,person,person,"[""person"",""bottle""]",2,1.0,0.4616122543811798,0.4694697856903076,0.26546359062194824,1.058527946472168,1
915,000744,/Users/von/Projects/cci-local-recovery/rerun_workspace/data/voc2007/VOCdevkit/VOC2007/JPEGImages/000744.jpg,diningtable,diningtable,"[""diningtable"",""person""]",6,1.0,0.5912541151046753,0.5994434952735901,0.49078845977783203,1.1395421028137207,1
916,003853,/Users/von/Projects/cci-local-recovery/rerun_workspace/data/voc2007/VOCdevkit/VOC2007/JPEGImages/003853.jpg,person,person,"[""person"",""chair""]",2,0.0,0.5930852890014648,0.6031807661056519,-1.1309336423873901,0.016905903816223145,1
917,003022,/Users/von/Projects/cci-local-recovery/rerun_workspace/data/voc2007/VOCdevkit/VOC2007/JPEGImages/003022.jpg,horse,horse,"[""horse"",""person""]",5,1.0,0.5894922018051147,0.5963566899299622,0.16559666395187378,0.5444045066833496,1
918,004703,/Users/von/Projects/cci-local-recovery/rerun_workspace/data/voc2007/VOCdevkit/VOC2007/JPEGImages/004703.jpg,bicycle,bicycle,"[""bicycle"",""person""]",0,0.3333333432674408,0.4341493248939514,0.44058850407600403,-0.03406572341918945,0.4311302900314331,1
919,001988,/Users/von/Projects/cci-local-recovery/rerun_workspace/data/voc2007/VOCdevkit/VOC2007/JPEGImages/001988.jpg,bicycle,bicycle,"[""bicycle"",""person""]",5,0.25,0.13143406808376312,0.13338345289230347,0.08552712202072144,0.21457093954086304,1
920,007320,/Users/von/Projects/cci-local-recovery/rerun_workspace/data/voc2007/VOCdevkit/VOC2007/JPEGImages/007320.jpg,person,person,"[""person"",""bicycle""]",4,0.0,0.22556878626346588,0.229408398270607,0.056647419929504395,0.29375627636909485,1
921,006490,/Users/von/Projects/cci-local-recovery/rerun_workspace/data/voc2007/VOCdevkit/VOC2007/JPEGImages/006490.jpg,boat,boat,"[""boat"",""bird"",""person""]",3,1.0,1.5330735445022583,1.557173490524292,1.1263140439987183,1.8985443115234375,1
922,007354,/Users/von/Projects/cci-local-recovery/rerun_workspace/data/voc2007/VOCdevkit/VOC2007/JPEGImages/007354.jpg,person,person,"[""person"",""chair"",""tvmonitor""]",2,1.0,0.8771584033966064,0.8920893669128418,0.5879270434379578,1.802724838256836,1
923,009044,/Users/von/Projects/cci-local-recovery/rerun_workspace/data/voc2007/VOCdevkit/VOC2007/JPEGImages/009044.jpg,motorbike,motorbike,"[""motorbike"",""person""]",5,0.3333333432674408,0.23674117028713226,0.2402549833059311,-0.8104063272476196,-0.12321238219738007,1
924,000128,/Users/von/Projects/cci-local-recovery/rerun_workspace/data/voc2007/VOCdevkit/VOC2007/JPEGImages/000128.jpg,aeroplane,aeroplane,"[""aeroplane"",""person""]",1,1.0,1.4565212726593018,1.487168312072754,1.0665998458862305,1.8295605182647705,1
925,000393,/Users/von/Projects/cci-local-recovery/rerun_workspace/data/voc2007/VOCdevkit/VOC2007/JPEGImages/000393.jpg,horse,horse,"[""horse"",""person""]",4,0.6666666865348816,0.9254929423332214,0.9362701177597046,0.2659606337547302,0.49592727422714233,2
926,008249,/Users/von/Projects/cci-local-recovery/rerun_workspace/data/voc2007/VOCdevkit/VOC2007/JPEGImages/008249.jpg,boat,boat,"[""boat"",""person""]",4,1.0,1.1532444953918457,1.1713734865188599,-0.195503830909729,0.8127479553222656,1
927,001411,/Users/von/Projects/cci-local-recovery/rerun_workspace/data/voc2007/VOCdevkit/VOC2007/JPEGImages/001411.jpg,person,person,"[""person"",""pottedplant"",""sofa""]",3,1.0,0.148670494556427,0.15120115876197815,0.20225811004638672,0.4616565406322479,1
928,006086,/Users/von/Projects/cci-local-recovery/rerun_workspace/data/voc2007/VOCdevkit/VOC2007/JPEGImages/006086.jpg,diningtable,diningtable,"[""diningtable"",""bottle"",""chair""]",4,0.6666666865348816,0.036777012050151825,0.03728640824556351,-0.8644390106201172,0.36842286586761475,1
929,009890,/Users/von/Projects/cci-local-recovery/rerun_workspace/data/voc2007/VOCdevkit/VOC2007/JPEGImages/009890.jpg,motorbike,motorbike,"[""motorbike"",""person""]",2,0.09090909361839294,0.34692519903182983,0.35207441449165344,-0.1393197476863861,0.06059965491294861,1
930,004381,/Users/von/Projects/cci-local-recovery/rerun_workspace/data/voc2007/VOCdevkit/VOC2007/JPEGImages/004381.jpg,horse,horse,"[""horse"",""person""]",1,1.0,0.6341359615325928,0.6415203213691711,0.14428868889808655,0.4789270758628845,1
931,008711,/Users/von/Projects/cci-local-recovery/rerun_workspace/data/voc2007/VOCdevkit/VOC2007/JPEGImages/008711.jpg,car,car,"[""car"",""person""]",2,0.9166666865348816,0.5005839467048645,0.507551372051239,-0.6615708470344543,0.6668276190757751,1
932,004807,/Users/von/Projects/cci-local-recovery/rerun_workspace/data/voc2007/VOCdevkit/VOC2007/JPEGImages/004807.jpg,horse,horse,"[""horse"",""person""]",3,1.0,0.9350874423980713,0.9459763169288635,1.110053539276123,2.0629384517669678,1
933,008625,/Users/von/Projects/cci-local-recovery/rerun_workspace/data/voc2007/VOCdevkit/VOC2007/JPEGImages/008625.jpg,aeroplane,aeroplane,"[""aeroplane"",""person""]",1,0.0,0.4530571699142456,0.4625900685787201,-0.14767292141914368,0.006651937961578369,3
934,008480,/Users/von/Projects/cci-local-recovery/rerun_workspace/data/voc2007/VOCdevkit/VOC2007/JPEGImages/008480.jpg,person,person,"[""person"",""bird""]",5,0.1666666716337204,0.6063729524612427,0.6166945695877075,-0.2520308494567871,0.5955286622047424,1
935,003341,/Users/von/Projects/cci-local-recovery/rerun_workspace/data/voc2007/VOCdevkit/VOC2007/JPEGImages/003341.jpg,person,person,"[""person"",""chair"",""sofa""]",4,0.8999999761581421,0.39668723940849304,0.40343964099884033,-0.3325706720352173,0.10307684540748596,1
936,000237,/Users/von/Projects/cci-local-recovery/rerun_workspace/data/voc2007/VOCdevkit/VOC2007/JPEGImages/000237.jpg,horse,horse,"[""horse"",""person""]",3,1.0,1.4026353359222412,1.418968677520752,1.170724868774414,2.107624053955078,1
937,001366,/Users/von/Projects/cci-local-recovery/rerun_workspace/data/voc2007/VOCdevkit/VOC2007/JPEGImages/001366.jpg,person,person,"[""person"",""dog""]",6,0.0,0.06330198794603348,0.06437951326370239,-0.6855916976928711,-0.16330373287200928,1
938,007391,/Users/von/Projects/cci-local-recovery/rerun_workspace/data/voc2007/VOCdevkit/VOC2007/JPEGImages/007391.jpg,diningtable,diningtable,"[""diningtable"",""chair""]",4,0.2857142984867096,1.759596347808838,1.7839683294296265,0.5001568794250488,1.3281776905059814,1
939,009715,/Users/von/Projects/cci-local-recovery/rerun_workspace/data/voc2007/VOCdevkit/VOC2007/JPEGImages/009715.jpg,sofa,sofa,"[""sofa"",""person""]",3,1.0,1.186785340309143,1.2059892416000366,0.3800387382507324,1.1691040992736816,1
940,003502,/Users/von/Projects/cci-local-recovery/rerun_workspace/data/voc2007/VOCdevkit/VOC2007/JPEGImages/003502.jpg,diningtable,diningtable,"[""diningtable"",""chair""]",7,1.0,1.080323338508606,1.0952868461608887,0.8696886301040649,1.6325993537902832,1
941,001394,/Users/von/Projects/cci-local-recovery/rerun_workspace/data/voc2007/VOCdevkit/VOC2007/JPEGImages/001394.jpg,car,car,"[""car"",""boat""]",1,0.6000000238418579,-0.011865143664181232,-0.012030290439724922,-0.2163437455892563,0.018225260078907013,1
942,008276,/Users/von/Projects/cci-local-recovery/rerun_workspace/data/voc2007/VOCdevkit/VOC2007/JPEGImages/008276.jpg,person,person,"[""person"",""car""]",5,1.0,0.7182304263114929,0.7304561138153076,0.22786414623260498,1.1290364265441895,1
943,002808,/Users/von/Projects/cci-local-recovery/rerun_workspace/data/voc2007/VOCdevkit/VOC2007/JPEGImages/002808.jpg,motorbike,motorbike,"[""motorbike"",""car""]",6,1.0,0.6379824876785278,0.6474516987800598,-0.2272382378578186,0.17566439509391785,1
944,000485,/Users/von/Projects/cci-local-recovery/rerun_workspace/data/voc2007/VOCdevkit/VOC2007/JPEGImages/000485.jpg,person,person,"[""person"",""motorbike""]",1,1.0,0.02434537187218666,0.024759776890277863,-0.46595773100852966,-0.12117979675531387,1
945,005473,/Users/von/Projects/cci-local-recovery/rerun_workspace/data/voc2007/VOCdevkit/VOC2007/JPEGImages/005473.jpg,sofa,sofa,"[""sofa"",""person""]",4,0.0,1.37842857837677,1.400733470916748,-1.464968204498291,-0.0119858980178833,1
946,008669,/Users/von/Projects/cci-local-recovery/rerun_workspace/data/voc2007/VOCdevkit/VOC2007/JPEGImages/008669.jpg,aeroplane,aeroplane,"[""aeroplane"",""person""]",0,0.09090909361839294,0.5390867590904236,0.5504298210144043,0.1834782361984253,0.6235164403915405,1
947,002314,/Users/von/Projects/cci-local-recovery/rerun_workspace/data/voc2007/VOCdevkit/VOC2007/JPEGImages/002314.jpg,cow,cow,"[""cow"",""person""]",7,0.6666666865348816,0.6594602465629578,0.6676641702651978,0.2738935053348541,0.7884265780448914,1
948,002379,/Users/von/Projects/cci-local-recovery/rerun_workspace/data/voc2007/VOCdevkit/VOC2007/JPEGImages/002379.jpg,motorbike,motorbike,"[""motorbike"",""person""]",0,0.6666666865348816,0.17845258116722107,0.1811012476682663,-0.058199867606163025,0.11078587174415588,1
949,009498,/Users/von/Projects/cci-local-recovery/rerun_workspace/data/voc2007/VOCdevkit/VOC2007/JPEGImages/009498.jpg,bus,bus,"[""bus"",""person""]",1,1.0,0.12222883105278015,0.1242280825972557,-0.2592901587486267,-0.049836330115795135,1
950,008455,/Users/von/Projects/cci-local-recovery/rerun_workspace/data/voc2007/VOCdevkit/VOC2007/JPEGImages/008455.jpg,motorbike,motorbike,"[""motorbike"",""person""]",5,0.1666666716337204,0.09720829129219055,0.09865110367536545,-0.3487926721572876,-0.03658287972211838,1
951,005151,/Users/von/Projects/cci-local-recovery/rerun_workspace/data/voc2007/VOCdevkit/VOC2007/JPEGImages/005151.jpg,diningtable,diningtable,"[""diningtable"",""person""]",4,0.0,0.8622351884841919,0.8741779327392578,-1.0430668592453003,0.4267747402191162,1
952,004744,/Users/von/Projects/cci-local-recovery/rerun_workspace/data/voc2007/VOCdevkit/VOC2007/JPEGImages/004744.jpg,person,person,"[""person"",""chair""]",6,0.0,0.11932450532913208,0.12135563790798187,-0.25445032119750977,-0.13683514297008514,1
953,000201,/Users/von/Projects/cci-local-recovery/rerun_workspace/data/voc2007/VOCdevkit/VOC2007/JPEGImages/000201.jpg,motorbike,motorbike,"[""motorbike"",""person""]",2,0.0,0.49025899171829224,0.4975356459617615,-0.06917059421539307,0.23883631825447083,1
954,008803,/Users/von/Projects/cci-local-recovery/rerun_workspace/data/voc2007/VOCdevkit/VOC2007/JPEGImages/008803.jpg,sofa,sofa,"[""sofa"",""chair""]",1,0.75,2.47003436088562,2.510003089904785,2.8285770416259766,3.9169769287109375,1
955,001412,/Users/von/Projects/cci-local-recovery/rerun_workspace/data/voc2007/VOCdevkit/VOC2007/JPEGImages/001412.jpg,horse,horse,"[""horse"",""person""]",4,1.0,1.0116263628005981,1.0234065055847168,-0.13564229011535645,0.4891588091850281,1
956,003503,/Users/von/Projects/cci-local-recovery/rerun_workspace/data/voc2007/VOCdevkit/VOC2007/JPEGImages/003503.jpg,bus,bus,"[""bus"",""car"",""person""]",4,0.0,-0.2206631898880005,-0.2242724895477295,-1.0150635242462158,-0.31341302394866943,2
957,007896,/Users/von/Projects/cci-local-recovery/rerun_workspace/data/voc2007/VOCdevkit/VOC2007/JPEGImages/007896.jpg,person,person,"[""person"",""chair"",""diningtable""]",4,0.4285714328289032,0.40062758326530457,0.40744704008102417,-1.1412501335144043,-0.24871724843978882,1
958,006169,/Users/von/Projects/cci-local-recovery/rerun_workspace/data/voc2007/VOCdevkit/VOC2007/JPEGImages/006169.jpg,sofa,sofa,"[""sofa"",""chair"",""person""]",4,0.8571428656578064,0.41362902522087097,0.42032212018966675,-0.29118722677230835,0.2836220860481262,1
959,007978,/Users/von/Projects/cci-local-recovery/rerun_workspace/data/voc2007/VOCdevkit/VOC2007/JPEGImages/007978.jpg,person,person,"[""person"",""motorbike""]",4,1.0,0.28236454725265503,0.287170946598053,-3.116468667984009,0.6829265356063843,1
960,009601,/Users/von/Projects/cci-local-recovery/rerun_workspace/data/voc2007/VOCdevkit/VOC2007/JPEGImages/009601.jpg,person,person,"[""person"",""car""]",0,0.0,0.04043170437216759,0.041119929403066635,-0.09005032479763031,0.07606644183397293,1
961,002531,/Users/von/Projects/cci-local-recovery/rerun_workspace/data/voc2007/VOCdevkit/VOC2007/JPEGImages/002531.jpg,car,car,"[""car"",""person""]",1,1.0,-0.050771314650774,-0.051477979868650436,-1.042604684829712,-0.5812978148460388,1
962,009274,/Users/von/Projects/cci-local-recovery/rerun_workspace/data/voc2007/VOCdevkit/VOC2007/JPEGImages/009274.jpg,person,person,"[""person"",""tvmonitor""]",2,1.0,0.3795709013938904,0.3860319256782532,-0.6847148537635803,0.4242846965789795,1
963,007832,/Users/von/Projects/cci-local-recovery/rerun_workspace/data/voc2007/VOCdevkit/VOC2007/JPEGImages/007832.jpg,chair,chair,"[""chair"",""sofa""]",1,0.0,1.198799729347229,1.2164853811264038,-0.37383103370666504,-0.040839433670043945,1
964,009630,/Users/von/Projects/cci-local-recovery/rerun_workspace/data/voc2007/VOCdevkit/VOC2007/JPEGImages/009630.jpg,cat,cat,"[""cat"",""bottle"",""pottedplant""]",3,0.75,7.714393615722656,7.833008766174316,2.627880573272705,5.888367176055908,1
965,007268,/Users/von/Projects/cci-local-recovery/rerun_workspace/data/voc2007/VOCdevkit/VOC2007/JPEGImages/007268.jpg,person,person,"[""person"",""chair""]",4,0.1666666716337204,0.3441665470600128,0.350024938583374,-0.047911375761032104,0.3104083240032196,1
966,004443,/Users/von/Projects/cci-local-recovery/rerun_workspace/data/voc2007/VOCdevkit/VOC2007/JPEGImages/004443.jpg,boat,boat,"[""boat"",""bird""]",6,0.20000000298023224,0.8664596676826477,0.8800804018974304,0.25035035610198975,0.8174512386322021,1
967,002040,/Users/von/Projects/cci-local-recovery/rerun_workspace/data/voc2007/VOCdevkit/VOC2007/JPEGImages/002040.jpg,car,car,"[""car"",""person""]",2,0.3333333432674408,0.05068696290254593,0.05139245465397835,-0.2242801934480667,0.0428151935338974,1
968,006016,/Users/von/Projects/cci-local-recovery/rerun_workspace/data/voc2007/VOCdevkit/VOC2007/JPEGImages/006016.jpg,car,car,"[""car"",""person""]",0,1.0,0.0957440510392189,0.09707667678594589,-0.7834130525588989,-0.22626838088035583,2
969,004844,/Users/von/Projects/cci-local-recovery/rerun_workspace/data/voc2007/VOCdevkit/VOC2007/JPEGImages/004844.jpg,car,car,"[""car"",""person""]",2,0.0,-0.03565624728798866,-0.03615253418684006,-0.19116875529289246,-0.04572804272174835,2
970,006380,/Users/von/Projects/cci-local-recovery/rerun_workspace/data/voc2007/VOCdevkit/VOC2007/JPEGImages/006380.jpg,diningtable,diningtable,"[""diningtable"",""bottle"",""person""]",5,1.0,0.3979645371437073,0.4034767150878906,-0.2527812123298645,0.14171990752220154,1
971,006767,/Users/von/Projects/cci-local-recovery/rerun_workspace/data/voc2007/VOCdevkit/VOC2007/JPEGImages/006767.jpg,person,person,"[""person"",""dog""]",0,0.0,1.0330710411071777,1.0506559610366821,-0.5610853433609009,0.05845421552658081,1
972,004698,/Users/von/Projects/cci-local-recovery/rerun_workspace/data/voc2007/VOCdevkit/VOC2007/JPEGImages/004698.jpg,person,person,"[""person"",""chair""]",0,1.0,0.30470144748687744,0.3098880648612976,-0.24501550197601318,0.05779010057449341,1
973,001459,/Users/von/Projects/cci-local-recovery/rerun_workspace/data/voc2007/VOCdevkit/VOC2007/JPEGImages/001459.jpg,person,person,"[""person"",""tvmonitor""]",4,0.0,0.35410043597221375,0.36012792587280273,-0.2418358325958252,0.013320833444595337,1
974,000421,/Users/von/Projects/cci-local-recovery/rerun_workspace/data/voc2007/VOCdevkit/VOC2007/JPEGImages/000421.jpg,person,person,"[""person"",""tvmonitor""]",1,0.20000000298023224,0.11372989416122437,0.11566580086946487,-1.1868911981582642,-0.2947106957435608,1
975,002463,/Users/von/Projects/cci-local-recovery/rerun_workspace/data/voc2007/VOCdevkit/VOC2007/JPEGImages/002463.jpg,person,person,"[""person"",""chair"",""diningtable""]",2,0.4444444477558136,0.5939565896987915,0.6040669083595276,-1.1699106693267822,0.21056076884269714,1
976,001031,/Users/von/Projects/cci-local-recovery/rerun_workspace/data/voc2007/VOCdevkit/VOC2007/JPEGImages/001031.jpg,motorbike,motorbike,"[""motorbike"",""person""]",0,0.8333333134651184,0.9560258984565735,0.9702156782150269,0.18624168634414673,0.8807690143585205,1
977,006376,/Users/von/Projects/cci-local-recovery/rerun_workspace/data/voc2007/VOCdevkit/VOC2007/JPEGImages/006376.jpg,car,car,"[""car"",""person""]",0,1.0,0.22002853453159332,0.2230910211801529,-0.9136173725128174,-0.20424942672252655,1
978,005804,/Users/von/Projects/cci-local-recovery/rerun_workspace/data/voc2007/VOCdevkit/VOC2007/JPEGImages/005804.jpg,pottedplant,pottedplant,"[""pottedplant"",""person"",""sofa""]",4,0.6363636255264282,0.9779350757598877,0.9913544654846191,0.20762032270431519,1.0158605575561523,1
979,002674,/Users/von/Projects/cci-local-recovery/rerun_workspace/data/voc2007/VOCdevkit/VOC2007/JPEGImages/002674.jpg,diningtable,diningtable,"[""diningtable"",""chair"",""person""]",5,0.2857142984867096,0.737777054309845,0.747995913028717,-0.07979452610015869,0.6646459698677063,1
980,008583,/Users/von/Projects/cci-local-recovery/rerun_workspace/data/voc2007/VOCdevkit/VOC2007/JPEGImages/008583.jpg,person,person,"[""person"",""bottle""]",6,1.0,1.0014212131500244,1.0184673070907593,-0.4971126317977905,0.22462159395217896,1
981,007235,/Users/von/Projects/cci-local-recovery/rerun_workspace/data/voc2007/VOCdevkit/VOC2007/JPEGImages/007235.jpg,bicycle,bicycle,"[""bicycle"",""person""]",6,0.10000000149011612,0.03990628197789192,0.04049815982580185,-0.5974174737930298,-0.04646279662847519,1
982,003309,/Users/von/Projects/cci-local-recovery/rerun_workspace/data/voc2007/VOCdevkit/VOC2007/JPEGImages/003309.jpg,sofa,sofa,"[""sofa"",""bottle"",""person""]",1,0.9285714030265808,0.6286845207214355,0.6388575434684753,0.5532772541046143,1.3554115295410156,1
983,003520,/Users/von/Projects/cci-local-recovery/rerun_workspace/data/voc2007/VOCdevkit/VOC2007/JPEGImages/003520.jpg,person,person,"[""person"",""chair""]",5,1.0,2.274367332458496,2.3130815029144287,1.1909977197647095,2.541954517364502,1
984,005941,/Users/von/Projects/cci-local-recovery/rerun_workspace/data/voc2007/VOCdevkit/VOC2007/JPEGImages/005941.jpg,diningtable,diningtable,"[""diningtable"",""chair"",""pottedplant""]",4,0.25,1.6524677276611328,1.6753559112548828,-0.554145336151123,0.7583301067352295,1
985,006527,/Users/von/Projects/cci-local-recovery/rerun_workspace/data/voc2007/VOCdevkit/VOC2007/JPEGImages/006527.jpg,car,car,"[""car"",""person""]",1,0.0,0.18241477012634277,0.1849537342786789,-1.5657695531845093,0.04904693365097046,1
986,004822,/Users/von/Projects/cci-local-recovery/rerun_workspace/data/voc2007/VOCdevkit/VOC2007/JPEGImages/004822.jpg,motorbike,motorbike,"[""motorbike"",""person""]",2,1.0,0.20073716342449188,0.20371659100055695,-0.05404748022556305,0.5779246687889099,1
987,005612,/Users/von/Projects/cci-local-recovery/rerun_workspace/data/voc2007/VOCdevkit/VOC2007/JPEGImages/005612.jpg,person,person,"[""person"",""diningtable""]",1,1.0,0.726470947265625,0.7388368844985962,-0.08879083395004272,0.658095121383667,1
988,002016,/Users/von/Projects/cci-local-recovery/rerun_workspace/data/voc2007/VOCdevkit/VOC2007/JPEGImages/002016.jpg,person,person,"[""person"",""dog""]",0,0.0,0.31802380084991455,0.3234371840953827,-0.7010498046875,-0.29205015301704407,1
989,009803,/Users/von/Projects/cci-local-recovery/rerun_workspace/data/voc2007/VOCdevkit/VOC2007/JPEGImages/009803.jpg,horse,horse,"[""horse"",""person""]",3,0.6666666865348816,5.5407023429870605,5.605222702026367,3.7036805152893066,4.789438724517822,1
990,000696,/Users/von/Projects/cci-local-recovery/rerun_workspace/data/voc2007/VOCdevkit/VOC2007/JPEGImages/000696.jpg,aeroplane,aeroplane,"[""aeroplane"",""person""]",2,0.800000011920929,1.6992772817611694,1.7350322008132935,0.6940642595291138,1.9716836214065552,1
991,008758,/Users/von/Projects/cci-local-recovery/rerun_workspace/data/voc2007/VOCdevkit/VOC2007/JPEGImages/008758.jpg,person,person,"[""person"",""cow""]",3,0.0,0.5457437038421631,0.5550333261489868,-0.8617678880691528,-0.1282198429107666,1
992,003531,/Users/von/Projects/cci-local-recovery/rerun_workspace/data/voc2007/VOCdevkit/VOC2007/JPEGImages/003531.jpg,horse,horse,"[""horse"",""person""]",1,0.875,0.463432252407074,0.46882882714271545,0.10034236311912537,1.826873779296875,1
993,008158,/Users/von/Projects/cci-local-recovery/rerun_workspace/data/voc2007/VOCdevkit/VOC2007/JPEGImages/008158.jpg,car,car,"[""car"",""bus""]",2,1.0,1.9971238374710083,2.02492094039917,1.7690935134887695,2.382235527038574,1
994,003541,/Users/von/Projects/cci-local-recovery/rerun_workspace/data/voc2007/VOCdevkit/VOC2007/JPEGImages/003541.jpg,person,person,"[""person"",""chair""]",3,0.699999988079071,0.8580267429351807,0.8726320266723633,-0.5585758686065674,0.47496888041496277,1
995,004589,/Users/von/Projects/cci-local-recovery/rerun_workspace/data/voc2007/VOCdevkit/VOC2007/JPEGImages/004589.jpg,horse,horse,"[""horse"",""person""]",6,0.800000011920929,0.7538254261016846,0.7626035213470459,-0.17803943157196045,0.09718149900436401,1
996,006384,/Users/von/Projects/cci-local-recovery/rerun_workspace/data/voc2007/VOCdevkit/VOC2007/JPEGImages/006384.jpg,person,person,"[""person"",""tvmonitor""]",0,0.2222222238779068,0.451999694108963,0.4596936106681824,-0.9819783568382263,0.2039983570575714,1
997,001319,/Users/von/Projects/cci-local-recovery/rerun_workspace/data/voc2007/VOCdevkit/VOC2007/JPEGImages/001319.jpg,person,person,"[""person"",""chair""]",2,0.0,0.3625907003879547,0.36876270174980164,-0.5270122289657593,-0.012195765972137451,1
998,000105,/Users/von/Projects/cci-local-recovery/rerun_workspace/data/voc2007/VOCdevkit/VOC2007/JPEGImages/000105.jpg,boat,boat,"[""boat"",""person""]",2,1.0,0.4838995933532715,0.4915064871311188,0.04076671600341797,0.4180625081062317,1
999,008642,/Users/von/Projects/cci-local-recovery/rerun_workspace/data/voc2007/VOCdevkit/VOC2007/JPEGImages/008642.jpg,bus,bus,"[""bus"",""person""]",0,0.0,0.588415265083313,0.5980397462844849,-0.2434523105621338,0.0981890857219696,1
1000,009514,/Users/von/Projects/cci-local-recovery/rerun_workspace/data/voc2007/VOCdevkit/VOC2007/JPEGImages/009514.jpg,pottedplant,pottedplant,"[""pottedplant"",""chair"",""diningtable"",""person""]",4,0.7142857313156128,0.5975179076194763,0.605717122554779,0.44210314750671387,0.9638994932174683,1
1001,004769,/Users/von/Projects/cci-local-recovery/rerun_workspace/data/voc2007/VOCdevkit/VOC2007/JPEGImages/004769.jpg,bicycle,bicycle,"[""bicycle"",""person""]",2,0.8571428656578064,7.232016086578369,7.3392791748046875,2.95261287689209,7.010390281677246,1
1002,001438,/Users/von/Projects/cci-local-recovery/rerun_workspace/data/voc2007/VOCdevkit/VOC2007/JPEGImages/001438.jpg,diningtable,diningtable,"[""diningtable"",""person""]",3,1.0,0.5807007551193237,0.5887439846992493,0.2511463165283203,0.8980010747909546,1
1003,001037,/Users/von/Projects/cci-local-recovery/rerun_workspace/data/voc2007/VOCdevkit/VOC2007/JPEGImages/001037.jpg,dog,dog,"[""dog"",""person""]",2,1.0,0.5110245943069458,0.5182040333747864,-0.04727160930633545,0.202019602060318,1
1004,003346,/Users/von/Projects/cci-local-recovery/rerun_workspace/data/voc2007/VOCdevkit/VOC2007/JPEGImages/003346.jpg,person,person,"[""person"",""bicycle""]",6,1.0,0.7176496386528015,0.7298654317855835,0.4631618559360504,1.3225709199905396,1
1005,003677,/Users/von/Projects/cci-local-recovery/rerun_workspace/data/voc2007/VOCdevkit/VOC2007/JPEGImages/003677.jpg,motorbike,motorbike,"[""motorbike"",""car"",""person""]",0,0.800000011920929,0.8151086568832397,0.8272068500518799,-0.26236748695373535,0.7689738869667053,1
1006,008047,/Users/von/Projects/cci-local-recovery/rerun_workspace/data/voc2007/VOCdevkit/VOC2007/JPEGImages/008047.jpg,tvmonitor,tvmonitor,"[""tvmonitor"",""car""]",2,0.7272727489471436,8.770088195800781,8.922253608703613,7.69281005859375,8.866048812866211,1
1007,008671,/Users/von/Projects/cci-local-recovery/rerun_workspace/data/voc2007/VOCdevkit/VOC2007/JPEGImages/008671.jpg,sofa,sofa,"[""sofa"",""chair""]",3,0.5,1.4632010459899902,1.486877679824829,0.8561371564865112,1.4120668172836304,1
1008,007342,/Users/von/Projects/cci-local-recovery/rerun_workspace/data/voc2007/VOCdevkit/VOC2007/JPEGImages/007342.jpg,person,person,"[""person"",""bicycle""]",4,0.0,0.25877946615219116,0.26318439841270447,0.06642116606235504,0.17084434628486633,1
1009,004208,/Users/von/Projects/cci-local-recovery/rerun_workspace/data/voc2007/VOCdevkit/VOC2007/JPEGImages/004208.jpg,person,person,"[""person"",""bicycle""]",3,1.0,1.211986780166626,1.2326171398162842,-1.157698154449463,2.6846256256103516,1
1010,004590,/Users/von/Projects/cci-local-recovery/rerun_workspace/data/voc2007/VOCdevkit/VOC2007/JPEGImages/004590.jpg,diningtable,diningtable,"[""diningtable"",""person""]",3,1.0,0.9237710237503052,0.9365661144256592,0.7049306035041809,0.8686834573745728,1
1011,004720,/Users/von/Projects/cci-local-recovery/rerun_workspace/data/voc2007/VOCdevkit/VOC2007/JPEGImages/004720.jpg,cat,cat,"[""cat"",""bottle""]",5,0.6666666865348816,3.4413909912109375,3.49430513381958,2.605869770050049,3.5593490600585938,1
1012,007992,/Users/von/Projects/cci-local-recovery/rerun_workspace/data/voc2007/VOCdevkit/VOC2007/JPEGImages/007992.jpg,car,car,"[""car"",""person""]",3,0.4285714328289032,3.652517318725586,3.703355312347412,3.705975294113159,4.858375072479248,1
1013,002746,/Users/von/Projects/cci-local-recovery/rerun_workspace/data/voc2007/VOCdevkit/VOC2007/JPEGImages/002746.jpg,car,car,"[""car"",""person""]",0,0.25,0.0325702540576458,0.033023588359355927,-0.1790834665298462,0.14269885420799255,1
1014,003619,/Users/von/Projects/cci-local-recovery/rerun_workspace/data/voc2007/VOCdevkit/VOC2007/JPEGImages/003619.jpg,person,person,"[""person"",""bird""]",2,1.0,1.3724082708358765,1.3957693576812744,-0.3160897493362427,0.9636712074279785,1
1015,006873,/Users/von/Projects/cci-local-recovery/rerun_workspace/data/voc2007/VOCdevkit/VOC2007/JPEGImages/006873.jpg,horse,horse,"[""horse"",""person""]",2,0.9090909361839294,2.047593593597412,2.071437358856201,0.8498728275299072,2.6782350540161133,1
1016,008217,/Users/von/Projects/cci-local-recovery/rerun_workspace/data/voc2007/VOCdevkit/VOC2007/JPEGImages/008217.jpg,boat,boat,"[""boat"",""person""]",3,0.20000000298023224,1.2863025665283203,1.3065232038497925,0.29409515857696533,0.7677966356277466,1
1017,008845,/Users/von/Projects/cci-local-recovery/rerun_workspace/data/voc2007/VOCdevkit/VOC2007/JPEGImages/008845.jpg,motorbike,motorbike,"[""motorbike"",""person""]",3,0.8181818127632141,0.6555892825126648,0.6653198599815369,-0.19107550382614136,0.4932800233364105,1
1018,009914,/Users/von/Projects/cci-local-recovery/rerun_workspace/data/voc2007/VOCdevkit/VOC2007/JPEGImages/009914.jpg,chair,chair,"[""chair"",""tvmonitor""]",7,0.0,0.1808912605047226,0.18355992436408997,-0.2783157527446747,0.26477357745170593,1
1019,001183,/Users/von/Projects/cci-local-recovery/rerun_workspace/data/voc2007/VOCdevkit/VOC2007/JPEGImages/001183.jpg,horse,horse,"[""horse"",""person""]",3,0.8571428656578064,0.865755558013916,0.8758370876312256,-0.13414955139160156,0.41097375750541687,1
1020,007085,/Users/von/Projects/cci-local-recovery/rerun_workspace/data/voc2007/VOCdevkit/VOC2007/JPEGImages/007085.jpg,train,train,"[""train"",""car""]",3,0.8571428656578064,5.833028316497803,5.917749881744385,5.448886871337891,6.99268102645874,1
1021,002750,/Users/von/Projects/cci-local-recovery/rerun_workspace/data/voc2007/VOCdevkit/VOC2007/JPEGImages/002750.jpg,person,person,"[""person"",""car""]",5,0.8333333134651184,0.3518654406070709,0.3578548729419708,-0.42042383551597595,-0.07255491614341736,1
1022,000907,/Users/von/Projects/cci-local-recovery/rerun_workspace/data/voc2007/VOCdevkit/VOC2007/JPEGImages/000907.jpg,boat,boat,"[""boat"",""person""]",3,0.0,0.21674439311027527,0.2201516181230545,-0.6009500622749329,-0.14044006168842316,1
1023,002141,/Users/von/Projects/cci-local-recovery/rerun_workspace/data/voc2007/VOCdevkit/VOC2007/JPEGImages/002141.jpg,dog,dog,"[""dog"",""car"",""chair"",""person""]",1,0.9090909361839294,3.9162960052490234,3.971316337585449,0.9274799823760986,4.999486446380615,1
1024,007310,/Users/von/Projects/cci-local-recovery/rerun_workspace/data/voc2007/VOCdevkit/VOC2007/JPEGImages/007310.jpg,horse,horse,"[""horse"",""person""]",0,0.9166666865348816,2.0910568237304688,2.1154067516326904,1.2831443548202515,4.0864691734313965,1
1025,003829,/Users/von/Projects/cci-local-recovery/rerun_workspace/data/voc2007/VOCdevkit/VOC2007/JPEGImages/003829.jpg,train,train,"[""train"",""person""]",3,1.0,-0.004529755562543869,-0.004595547914505005,-0.06527706980705261,0.0609101727604866,2
1026,006257,/Users/von/Projects/cci-local-recovery/rerun_workspace/data/voc2007/VOCdevkit/VOC2007/JPEGImages/006257.jpg,sofa,sofa,"[""sofa"",""person""]",6,0.0,0.7377566695213318,0.7496945858001709,-0.3678319454193115,0.10730797052383423,1
1027,004855,/Users/von/Projects/cci-local-recovery/rerun_workspace/data/voc2007/VOCdevkit/VOC2007/JPEGImages/004855.jpg,sofa,sofa,"[""sofa"",""person""]",1,1.0,1.3703919649124146,1.3925668001174927,0.9237682819366455,1.252246379852295,1
1028,000623,/Users/von/Projects/cci-local-recovery/rerun_workspace/data/voc2007/VOCdevkit/VOC2007/JPEGImages/000623.jpg,horse,horse,"[""horse"",""person""]",3,0.8571428656578064,0.7524369359016418,0.761198878288269,0.11676532030105591,0.551378607749939,1
1029,007944,/Users/von/Projects/cci-local-recovery/rerun_workspace/data/voc2007/VOCdevkit/VOC2007/JPEGImages/007944.jpg,bus,bus,"[""bus"",""person""]",1,0.0,0.18669195473194122,0.18974560499191284,-0.20651307702064514,-0.03305794298648834,1
1030,009847,/Users/von/Projects/cci-local-recovery/rerun_workspace/data/voc2007/VOCdevkit/VOC2007/JPEGImages/009847.jpg,car,car,"[""car"",""person""]",5,1.0,3.017183542251587,3.059178590774536,2.73051381111145,4.8314714431762695,1
1031,002708,/Users/von/Projects/cci-local-recovery/rerun_workspace/data/voc2007/VOCdevkit/VOC2007/JPEGImages/002708.jpg,dog,dog,"[""dog"",""pottedplant""]",0,0.8181818127632141,4.42270040512085,4.484835147857666,2.452583074569702,4.840749740600586,1
1032,005197,/Users/von/Projects/cci-local-recovery/rerun_workspace/data/voc2007/VOCdevkit/VOC2007/JPEGImages/005197.jpg,motorbike,motorbike,"[""motorbike"",""person""]",1,0.4000000059604645,0.04870632663369179,0.04942924901843071,-0.4154475927352905,0.23531296849250793,1
1033,005942,/Users/von/Projects/cci-local-recovery/rerun_workspace/data/voc2007/VOCdevkit/VOC2007/JPEGImages/005942.jpg,person,person,"[""person"",""bottle""]",2,0.25,0.34180042147636414,0.3476185202598572,-0.2857649326324463,-0.04295775294303894,1
1034,007324,/Users/von/Projects/cci-local-recovery/rerun_workspace/data/voc2007/VOCdevkit/VOC2007/JPEGImages/007324.jpg,person,person,"[""person"",""bicycle""]",3,0.8571428656578064,0.80140620470047,0.8150476813316345,-0.48583537340164185,-0.09976297616958618,1
1035,001338,/Users/von/Projects/cci-local-recovery/rerun_workspace/data/voc2007/VOCdevkit/VOC2007/JPEGImages/001338.jpg,sofa,sofa,"[""sofa"",""tvmonitor""]",6,0.20000000298023224,1.3640354871749878,1.3861074447631836,-0.2666119337081909,1.732656478881836,1
1036,007203,/Users/von/Projects/cci-local-recovery/rerun_workspace/data/voc2007/VOCdevkit/VOC2007/JPEGImages/007203.jpg,tvmonitor,tvmonitor,"[""tvmonitor"",""chair"",""person""]",4,1.0,1.3208807706832886,1.3437986373901367,-0.1530599594116211,0.6558072566986084,1
1037,007839,/Users/von/Projects/cci-local-recovery/rerun_workspace/data/voc2007/VOCdevkit/VOC2007/JPEGImages/007839.jpg,car,car,"[""car"",""pottedplant""]",6,1.0,0.3932866156101227,0.3987606167793274,-0.14495384693145752,0.12103790044784546,1
1038,006359,/Users/von/Projects/cci-local-recovery/rerun_workspace/data/voc2007/VOCdevkit/VOC2007/JPEGImages/006359.jpg,chair,chair,"[""chair"",""bottle"",""pottedplant""]",2,0.75,0.6466333270072937,0.6561729907989502,0.15463054180145264,0.5371930599212646,1
1039,008719,/Users/von/Projects/cci-local-recovery/rerun_workspace/data/voc2007/VOCdevkit/VOC2007/JPEGImages/008719.jpg,person,person,"[""person"",""diningtable""]",4,1.0,1.2783989906311035,1.3001598119735718,1.5212520360946655,2.4827818870544434,1
1040,007801,/Users/von/Projects/cci-local-recovery/rerun_workspace/data/voc2007/VOCdevkit/VOC2007/JPEGImages/007801.jpg,diningtable,diningtable,"[""diningtable"",""person""]",4,0.375,0.6331371665000916,0.6419066786766052,0.7310895919799805,1.2526135444641113,2
1041,007317,/Users/von/Projects/cci-local-recovery/rerun_workspace/data/voc2007/VOCdevkit/VOC2007/JPEGImages/007317.jpg,person,person,"[""person"",""bird""]",2,1.0,0.3148242235183716,0.320183128118515,-0.6943222284317017,1.1387698650360107,1
1042,004418,/Users/von/Projects/cci-local-recovery/rerun_workspace/data/voc2007/VOCdevkit/VOC2007/JPEGImages/004418.jpg,person,person,"[""person"",""tvmonitor""]",2,1.0,2.56156587600708,2.605168581008911,1.0339834690093994,2.362205743789673,1
1043,005725,/Users/von/Projects/cci-local-recovery/rerun_workspace/data/voc2007/VOCdevkit/VOC2007/JPEGImages/005725.jpg,person,person,"[""person"",""chair""]",3,1.0,1.0801057815551758,1.0984913110733032,0.03585922718048096,1.312375545501709,1
1044,009564,/Users/von/Projects/cci-local-recovery/rerun_workspace/data/voc2007/VOCdevkit/VOC2007/JPEGImages/009564.jpg,car,car,"[""car"",""bicycle"",""person""]",1,0.7777777910232544,0.9543046951293945,0.9675872921943665,0.02909606695175171,0.5018521547317505,1
1045,009739,/Users/von/Projects/cci-local-recovery/rerun_workspace/data/voc2007/VOCdevkit/VOC2007/JPEGImages/009739.jpg,person,person,"[""person"",""sofa""]",1,0.6428571343421936,0.7929072380065918,0.8064040541648865,-0.4967709183692932,0.25136297941207886,1
1046,003319,/Users/von/Projects/cci-local-recovery/rerun_workspace/data/voc2007/VOCdevkit/VOC2007/JPEGImages/003319.jpg,chair,chair,"[""chair"",""cat""]",1,0.8461538553237915,1.1842401027679443,1.2017109394073486,0.34945422410964966,1.0367376804351807,1
1047,004414,/Users/von/Projects/cci-local-recovery/rerun_workspace/data/voc2007/VOCdevkit/VOC2007/JPEGImages/004414.jpg,train,train,"[""train"",""person""]",1,0.8181818127632141,0.7676845788955688,0.7788347601890564,0.11800253391265869,1.9119610786437988,1
1048,001942,/Users/von/Projects/cci-local-recovery/rerun_workspace/data/voc2007/VOCdevkit/VOC2007/JPEGImages/001942.jpg,car,car,"[""car"",""chair"",""person""]",7,1.0,0.145487442612648,0.14751242101192474,-0.22997663915157318,0.07778757065534592,1
1049,004311,/Users/von/Projects/cci-local-recovery/rerun_workspace/data/voc2007/VOCdevkit/VOC2007/JPEGImages/004311.jpg,person,person,"[""person"",""bottle"",""pottedplant""]",3,0.1111111119389534,0.7179851531982422,0.7302066683769226,-0.13712352514266968,0.4060034453868866,1
1050,001935,/Users/von/Projects/cci-local-recovery/rerun_workspace/data/voc2007/VOCdevkit/VOC2007/JPEGImages/001935.jpg,train,train,"[""train"",""car"",""person""]",2,1.0,3.5442399978637695,3.5957181453704834,2.681340217590332,3.614989757537842,1
1051,000604,/Users/von/Projects/cci-local-recovery/rerun_workspace/data/voc2007/VOCdevkit/VOC2007/JPEGImages/000604.jpg,horse,horse,"[""horse"",""person""]",7,0.0,0.5556890964508057,0.5621599555015564,-0.23764795064926147,0.182224303483963,1
1052,000629,/Users/von/Projects/cci-local-recovery/rerun_workspace/data/voc2007/VOCdevkit/VOC2007/JPEGImages/000629.jpg,train,train,"[""train"",""person""]",2,0.8571428656578064,0.9435940384864807,0.9572992324829102,0.8784002065658569,1.5872623920440674,1
1053,006662,/Users/von/Projects/cci-local-recovery/rerun_workspace/data/voc2007/VOCdevkit/VOC2007/JPEGImages/006662.jpg,person,person,"[""person"",""bottle"",""chair"",""diningtable""]",0,0.375,0.19452103972434998,0.1978321671485901,-0.04338712990283966,0.16643492877483368,1
1054,009705,/Users/von/Projects/cci-local-recovery/rerun_workspace/data/voc2007/VOCdevkit/VOC2007/JPEGImages/009705.jpg,motorbike,motorbike,"[""motorbike"",""car""]",1,0.06666667014360428,0.31598758697509766,0.32067760825157166,-0.48411473631858826,0.09486348927021027,1
1055,009092,/Users/von/Projects/cci-local-recovery/rerun_workspace/data/voc2007/VOCdevkit/VOC2007/JPEGImages/009092.jpg,bus,bus,"[""bus"",""car"",""person""]",5,0.800000011920929,2.1351773738861084,2.1701016426086426,2.0048537254333496,3.137467384338379,1
1056,000239,/Users/von/Projects/cci-local-recovery/rerun_workspace/data/voc2007/VOCdevkit/VOC2007/JPEGImages/000239.jpg,bus,bus,"[""bus"",""person""]",2,0.0,0.4498048424720764,0.45716211199760437,-0.7498922348022461,0.20331692695617676,1
1057,002620,/Users/von/Projects/cci-local-recovery/rerun_workspace/data/voc2007/VOCdevkit/VOC2007/JPEGImages/002620.jpg,person,person,"[""person"",""cat""]",4,0.1428571492433548,1.3921537399291992,1.4158508777618408,0.00843203067779541,0.5931759476661682,1
1058,002920,/Users/von/Projects/cci-local-recovery/rerun_workspace/data/voc2007/VOCdevkit/VOC2007/JPEGImages/002920.jpg,bus,bus,"[""bus"",""bicycle"",""car"",""person""]",4,0.75,4.685973167419434,4.762619972229004,3.4417898654937744,5.124063014984131,1
1059,008820,/Users/von/Projects/cci-local-recovery/rerun_workspace/data/voc2007/VOCdevkit/VOC2007/JPEGImages/008820.jpg,boat,boat,"[""boat"",""person""]",4,0.7142857313156128,7.750278472900391,7.87211275100708,5.52717924118042,7.504820346832275,1
1060,007972,/Users/von/Projects/cci-local-recovery/rerun_workspace/data/voc2007/VOCdevkit/VOC2007/JPEGImages/007972.jpg,horse,horse,"[""horse"",""person""]",1,0.20000000298023224,0.5540325045585632,0.5604841113090515,-0.08224326372146606,0.4336470067501068,1
1061,005482,/Users/von/Projects/cci-local-recovery/rerun_workspace/data/voc2007/VOCdevkit/VOC2007/JPEGImages/005482.jpg,dog,dog,"[""dog"",""person""]",4,1.0,1.3709497451782227,1.3902103900909424,1.0604209899902344,1.9554297924041748,1
1062,009067,/Users/von/Projects/cci-local-recovery/rerun_workspace/data/voc2007/VOCdevkit/VOC2007/JPEGImages/009067.jpg,horse,horse,"[""horse"",""person""]",1,0.800000011920929,1.082177996635437,1.0947797298431396,0.6180721521377563,2.1181435585021973,1
1063,007780,/Users/von/Projects/cci-local-recovery/rerun_workspace/data/voc2007/VOCdevkit/VOC2007/JPEGImages/007780.jpg,sofa,sofa,"[""sofa"",""person""]",3,0.699999988079071,0.5532315969467163,0.562183678150177,-0.029291749000549316,1.1791529655456543,1
1064,005842,/Users/von/Projects/cci-local-recovery/rerun_workspace/data/voc2007/VOCdevkit/VOC2007/JPEGImages/005842.jpg,car,car,"[""car"",""person""]",4,0.8571428656578064,0.6691540479660034,0.6784677505493164,-1.473348617553711,0.72659832239151,1
1065,007406,/Users/von/Projects/cci-local-recovery/rerun_workspace/data/voc2007/VOCdevkit/VOC2007/JPEGImages/007406.jpg,chair,chair,"[""chair"",""pottedplant""]",7,0.0,0.12059830874204636,0.12237747758626938,-0.4430904686450958,0.21939387917518616,1
1066,001076,/Users/von/Projects/cci-local-recovery/rerun_workspace/data/voc2007/VOCdevkit/VOC2007/JPEGImages/001076.jpg,person,person,"[""person"",""boat""]",3,1.0,0.8502947688102722,0.8647684454917908,0.22836875915527344,1.3686623573303223,1
1067,000979,/Users/von/Projects/cci-local-recovery/rerun_workspace/data/voc2007/VOCdevkit/VOC2007/JPEGImages/000979.jpg,person,person,"[""person"",""motorbike""]",4,0.1428571492433548,0.44330665469169617,0.4508526027202606,-2.2631351947784424,-0.7007414102554321,1
1068,006743,/Users/von/Projects/cci-local-recovery/rerun_workspace/data/voc2007/VOCdevkit/VOC2007/JPEGImages/006743.jpg,tvmonitor,tvmonitor,"[""tvmonitor"",""cat"",""chair""]",1,0.5714285969734192,4.257126331329346,4.330989360809326,2.8475570678710938,4.396383762359619,1
1069,005261,/Users/von/Projects/cci-local-recovery/rerun_workspace/data/voc2007/VOCdevkit/VOC2007/JPEGImages/005261.jpg,sofa,sofa,"[""sofa"",""person""]",0,0.800000011920929,0.46137380599975586,0.46883949637413025,0.3048365116119385,0.503195583820343,1
1070,006721,/Users/von/Projects/cci-local-recovery/rerun_workspace/data/voc2007/VOCdevkit/VOC2007/JPEGImages/006721.jpg,diningtable,diningtable,"[""diningtable"",""chair""]",3,0.8999999761581421,0.6860838532447815,0.6955867409706116,0.5782422423362732,1.3003997802734375,1
1071,009583,/Users/von/Projects/cci-local-recovery/rerun_workspace/data/voc2007/VOCdevkit/VOC2007/JPEGImages/009583.jpg,person,person,"[""person"",""dog""]",6,1.0,0.12085548043251038,0.12291267514228821,-0.7157235145568848,0.11821858584880829,1
1072,007281,/Users/von/Projects/cci-local-recovery/rerun_workspace/data/voc2007/VOCdevkit/VOC2007/JPEGImages/007281.jpg,car,car,"[""car"",""person""]",1,1.0,0.7645031809806824,0.7751439809799194,0.1808544397354126,1.281566858291626,1
1073,007447,/Users/von/Projects/cci-local-recovery/rerun_workspace/data/voc2007/VOCdevkit/VOC2007/JPEGImages/007447.jpg,person,person,"[""person"",""bicycle"",""car""]",5,0.0,0.7449817061424255,0.7576627135276794,-0.3528875708580017,-0.057992637157440186,1
1074,002026,/Users/von/Projects/cci-local-recovery/rerun_workspace/data/voc2007/VOCdevkit/VOC2007/JPEGImages/002026.jpg,sofa,sofa,"[""sofa"",""bottle"",""person"",""pottedplant""]",2,1.0,0.3646712303161621,0.37057211995124817,-0.043057769536972046,0.5214108824729919,1
1075,001276,/Users/von/Projects/cci-local-recovery/rerun_workspace/data/voc2007/VOCdevkit/VOC2007/JPEGImages/001276.jpg,chair,chair,"[""chair"",""diningtable"",""pottedplant""]",0,0.0,0.07779764384031296,0.07894537597894669,-0.02291227877140045,0.2032002955675125,1
1076,002819,/Users/von/Projects/cci-local-recovery/rerun_workspace/data/voc2007/VOCdevkit/VOC2007/JPEGImages/002819.jpg,horse,horse,"[""horse"",""person""]",1,1.0,0.7928383946418762,0.8020707964897156,0.0682755708694458,0.6925088763237,1
1077,003050,/Users/von/Projects/cci-local-recovery/rerun_workspace/data/voc2007/VOCdevkit/VOC2007/JPEGImages/003050.jpg,sheep,sheep,"[""sheep"",""bird""]",6,1.0,2.1569747924804688,2.1883206367492676,1.2450904846191406,2.7443437576293945,1
1078,008201,/Users/von/Projects/cci-local-recovery/rerun_workspace/data/voc2007/VOCdevkit/VOC2007/JPEGImages/008201.jpg,dog,dog,"[""dog"",""person""]",5,1.0,0.760261058807373,0.7709420323371887,-0.19065040349960327,0.6623008251190186,1
1079,001839,/Users/von/Projects/cci-local-recovery/rerun_workspace/data/voc2007/VOCdevkit/VOC2007/JPEGImages/001839.jpg,person,person,"[""person"",""dog""]",6,1.0,-0.12867522239685059,-0.13086552917957306,-0.22448179125785828,0.34399932622909546,1
1080,008257,/Users/von/Projects/cci-local-recovery/rerun_workspace/data/voc2007/VOCdevkit/VOC2007/JPEGImages/008257.jpg,diningtable,diningtable,"[""diningtable"",""chair""]",1,0.8235294222831726,0.921294093132019,0.9340548515319824,0.8523204922676086,1.5717179775238037,1
1081,002656,/Users/von/Projects/cci-local-recovery/rerun_workspace/data/voc2007/VOCdevkit/VOC2007/JPEGImages/002656.jpg,person,person,"[""person"",""bottle"",""tvmonitor""]",3,0.0,0.01566821150481701,0.015934914350509644,-0.1893170028924942,-0.02557455748319626,1
1082,004276,/Users/von/Projects/cci-local-recovery/rerun_workspace/data/voc2007/VOCdevkit/VOC2007/JPEGImages/004276.jpg,sofa,sofa,"[""sofa"",""person"",""pottedplant""]",1,0.625,0.6266463398933411,0.6367863416671753,0.012445569038391113,0.5371304750442505,1
1083,009355,/Users/von/Projects/cci-local-recovery/rerun_workspace/data/voc2007/VOCdevkit/VOC2007/JPEGImages/009355.jpg,bicycle,bicycle,"[""bicycle"",""chair"",""diningtable""]",4,1.0,0.4998154938220978,0.5072286128997803,-0.14033830165863037,0.678349494934082,1
1084,003737,/Users/von/Projects/cci-local-recovery/rerun_workspace/data/voc2007/VOCdevkit/VOC2007/JPEGImages/003737.jpg,person,person,"[""person"",""dog""]",2,1.0,0.14311420917510986,0.14555029571056366,-0.4516998529434204,0.2809426486492157,1
1085,001705,/Users/von/Projects/cci-local-recovery/rerun_workspace/data/voc2007/VOCdevkit/VOC2007/JPEGImages/001705.jpg,boat,boat,"[""boat"",""person""]",3,0.0,0.7159802317619324,0.7272354364395142,-0.2859901189804077,0.5598929524421692,1
1086,002035,/Users/von/Projects/cci-local-recovery/rerun_workspace/data/voc2007/VOCdevkit/VOC2007/JPEGImages/002035.jpg,sofa,sofa,"[""sofa"",""pottedplant""]",1,1.0,2.0370569229125977,2.070019483566284,1.3538682460784912,2.0450336933135986,1
1087,004819,/Users/von/Projects/cci-local-recovery/rerun_workspace/data/voc2007/VOCdevkit/VOC2007/JPEGImages/004819.jpg,diningtable,diningtable,"[""diningtable"",""bottle"",""person""]",4,1.0,0.6407909393310547,0.6496664881706238,-0.4221389889717102,0.3844812214374542,1
1088,006624,/Users/von/Projects/cci-local-recovery/rerun_workspace/data/voc2007/VOCdevkit/VOC2007/JPEGImages/006624.jpg,diningtable,diningtable,"[""diningtable"",""chair"",""person"",""tvmonitor""]",1,0.1875,2.2070231437683105,2.2375924587249756,1.2340383529663086,1.7870862483978271,1
1089,000452,/Users/von/Projects/cci-local-recovery/rerun_workspace/data/voc2007/VOCdevkit/VOC2007/JPEGImages/000452.jpg,sofa,sofa,"[""sofa"",""chair""]",7,1.0,0.8563430905342102,0.8701999187469482,-0.12458544969558716,0.691388726234436,1
1090,005847,/Users/von/Projects/cci-local-recovery/rerun_workspace/data/voc2007/VOCdevkit/VOC2007/JPEGImages/005847.jpg,train,train,"[""train"",""person""]",4,0.20000000298023224,0.21326349675655365,0.21636103093624115,-0.16558633744716644,0.16353614628314972,1
1091,008520,/Users/von/Projects/cci-local-recovery/rerun_workspace/data/voc2007/VOCdevkit/VOC2007/JPEGImages/008520.jpg,diningtable,diningtable,"[""diningtable"",""bottle"",""person""]",7,0.20000000298023224,1.9687411785125732,1.9960100650787354,0.9985496997833252,1.565472960472107,1
1092,008000,/Users/von/Projects/cci-local-recovery/rerun_workspace/data/voc2007/VOCdevkit/VOC2007/JPEGImages/008000.jpg,cow,cow,"[""cow"",""bird""]",0,1.0,3.089876651763916,3.1283159255981445,1.460004448890686,3.300123691558838,1
1093,007660,/Users/von/Projects/cci-local-recovery/rerun_workspace/data/voc2007/VOCdevkit/VOC2007/JPEGImages/007660.jpg,boat,boat,"[""boat"",""person""]",2,0.125,0.5996576547622681,0.6090842485427856,-0.5413227081298828,0.15471193194389343,1
1094,001358,/Users/von/Projects/cci-local-recovery/rerun_workspace/data/voc2007/VOCdevkit/VOC2007/JPEGImages/001358.jpg,person,person,"[""person"",""car""]",7,0.0,0.23136799037456512,0.23530632257461548,-0.3452373743057251,-0.025590866804122925,1
1095,009937,/Users/von/Projects/cci-local-recovery/rerun_workspace/data/voc2007/VOCdevkit/VOC2007/JPEGImages/009937.jpg,horse,horse,"[""horse"",""person""]",5,1.0,3.814828395843506,3.8592512607574463,2.5794615745544434,4.1258721351623535,1
1096,005712,/Users/von/Projects/cci-local-recovery/rerun_workspace/data/voc2007/VOCdevkit/VOC2007/JPEGImages/005712.jpg,dog,dog,"[""dog"",""person""]",2,1.0,1.58482825756073,1.6070936918258667,0.22643959522247314,2.759809732437134,1
1097,002297,/Users/von/Projects/cci-local-recovery/rerun_workspace/data/voc2007/VOCdevkit/VOC2007/JPEGImages/002297.jpg,chair,chair,"[""chair"",""pottedplant"",""sofa""]",6,0.0,0.3007853329181671,0.3052227795124054,-0.4208885729312897,0.07846038043498993,1
1098,004923,/Users/von/Projects/cci-local-recovery/rerun_workspace/data/voc2007/VOCdevkit/VOC2007/JPEGImages/004923.jpg,sofa,sofa,"[""sofa"",""chair"",""person""]",6,0.75,0.35403531789779663,0.35976409912109375,-0.39034634828567505,0.06753408908843994,1
1099,009052,/Users/von/Projects/cci-local-recovery/rerun_workspace/data/voc2007/VOCdevkit/VOC2007/JPEGImages/009052.jpg,car,car,"[""car"",""person""]",4,0.0,0.1380782127380371,0.14000007510185242,-0.42529842257499695,-0.041955143213272095,1
1100,006964,/Users/von/Projects/cci-local-recovery/rerun_workspace/data/voc2007/VOCdevkit/VOC2007/JPEGImages/006964.jpg,person,person,"[""person"",""pottedplant""]",2,0.3076923191547394,0.2574869990348816,0.2618699371814728,-0.17701050639152527,0.30916014313697815,1
1101,003305,/Users/von/Projects/cci-local-recovery/rerun_workspace/data/voc2007/VOCdevkit/VOC2007/JPEGImages/003305.jpg,motorbike,motorbike,"[""motorbike"",""person""]",4,0.2857142984867096,5.171414375305176,5.248170852661133,1.3845984935760498,5.667591571807861,1
1102,009304,/Users/von/Projects/cci-local-recovery/rerun_workspace/data/voc2007/VOCdevkit/VOC2007/JPEGImages/009304.jpg,bus,bus,"[""bus"",""car"",""person""]",7,1.0,0.23735998570919037,0.2412423938512802,0.011111840605735779,0.14229102432727814,2
1103,007806,/Users/von/Projects/cci-local-recovery/rerun_workspace/data/voc2007/VOCdevkit/VOC2007/JPEGImages/007806.jpg,aeroplane,aeroplane,"[""aeroplane"",""car""]",0,0.4000000059604645,0.27046504616737366,0.2761559784412384,-0.29573771357536316,-0.047540754079818726,1
1104,007476,/Users/von/Projects/cci-local-recovery/rerun_workspace/data/voc2007/VOCdevkit/VOC2007/JPEGImages/007476.jpg,person,person,"[""person"",""bird""]",5,0.0,0.570308268070221,0.580016016960144,-0.3728522062301636,0.6226781010627747,1
1105,001709,/Users/von/Projects/cci-local-recovery/rerun_workspace/data/voc2007/VOCdevkit/VOC2007/JPEGImages/001709.jpg,motorbike,motorbike,"[""motorbike"",""person""]",3,1.0,0.34203124046325684,0.34710782766342163,-1.1704323291778564,0.5769215226173401,1
1106,002790,/Users/von/Projects/cci-local-recovery/rerun_workspace/data/voc2007/VOCdevkit/VOC2007/JPEGImages/002790.jpg,horse,horse,"[""horse"",""car"",""person""]",6,1.0,0.16619601845741272,0.16813133656978607,-0.558408260345459,0.09397484362125397,1
1107,002398,/Users/von/Projects/cci-local-recovery/rerun_workspace/data/voc2007/VOCdevkit/VOC2007/JPEGImages/002398.jpg,horse,horse,"[""horse"",""person""]",1,1.0,3.6536741256713867,3.6962203979492188,1.5727415084838867,3.6288535594940186,1
1108,008605,/Users/von/Projects/cci-local-recovery/rerun_workspace/data/voc2007/VOCdevkit/VOC2007/JPEGImages/008605.jpg,cow,cow,"[""cow"",""horse"",""person""]",0,0.0,1.3699626922607422,1.3870055675506592,-0.7647795677185059,-0.35019350051879883,1
1109,002149,/Users/von/Projects/cci-local-recovery/rerun_workspace/data/voc2007/VOCdevkit/VOC2007/JPEGImages/002149.jpg,car,car,"[""car"",""person""]",0,0.0,0.2357349693775177,0.2390160709619522,-0.046117499470710754,0.11759255081415176,2
1110,001222,/Users/von/Projects/cci-local-recovery/rerun_workspace/data/voc2007/VOCdevkit/VOC2007/JPEGImages/001222.jpg,car,car,"[""car"",""chair"",""person""]",2,0.6666666865348816,0.4050934910774231,0.41073182225227356,-0.09017124772071838,0.19670115411281586,1
1111,006297,/Users/von/Projects/cci-local-recovery/rerun_workspace/data/voc2007/VOCdevkit/VOC2007/JPEGImages/006297.jpg,sofa,sofa,"[""sofa"",""chair"",""pottedplant""]",2,0.75,2.9078502655029297,2.9549033641815186,2.857246160507202,3.45164155960083,1
1112,007750,/Users/von/Projects/cci-local-recovery/rerun_workspace/data/voc2007/VOCdevkit/VOC2007/JPEGImages/007750.jpg,horse,horse,"[""horse"",""person""]",1,0.875,0.4133373200893402,0.41815054416656494,0.0936238169670105,1.450859785079956,3
1113,001748,/Users/von/Projects/cci-local-recovery/rerun_workspace/data/voc2007/VOCdevkit/VOC2007/JPEGImages/001748.jpg,bicycle,bicycle,"[""bicycle"",""person""]",0,0.8333333134651184,1.688754916191101,1.7138019800186157,1.5147321224212646,2.1016364097595215,1
1114,000594,/Users/von/Projects/cci-local-recovery/rerun_workspace/data/voc2007/VOCdevkit/VOC2007/JPEGImages/000594.jpg,bicycle,bicycle,"[""bicycle"",""person""]",0,1.0,0.6662211418151855,0.676102340221405,1.1009976863861084,1.6476894617080688,1
1115,009535,/Users/von/Projects/cci-local-recovery/rerun_workspace/data/voc2007/VOCdevkit/VOC2007/JPEGImages/009535.jpg,horse,horse,"[""horse"",""person""]",4,1.0,-0.023245131596922874,-0.023515814915299416,0.21910759806632996,0.7866378426551819,2
1116,007110,/Users/von/Projects/cci-local-recovery/rerun_workspace/data/voc2007/VOCdevkit/VOC2007/JPEGImages/007110.jpg,diningtable,diningtable,"[""diningtable"",""chair"",""person"",""tvmonitor""]",5,1.0,0.5639364123344421,0.5717474222183228,0.29796746373176575,1.06219482421875,2
1117,001868,/Users/von/Projects/cci-local-recovery/rerun_workspace/data/voc2007/VOCdevkit/VOC2007/JPEGImages/001868.jpg,sofa,sofa,"[""sofa"",""chair""]",2,0.8571428656578064,1.8636006116867065,1.8937562704086304,2.160996198654175,2.714165449142456,1
1118,002189,/Users/von/Projects/cci-local-recovery/rerun_workspace/data/voc2007/VOCdevkit/VOC2007/JPEGImages/002189.jpg,diningtable,diningtable,"[""diningtable"",""chair"",""person""]",3,0.6666666865348816,0.789712131023407,0.8006503582000732,-0.6998988389968872,0.7502056360244751,1
1119,006292,/Users/von/Projects/cci-local-recovery/rerun_workspace/data/voc2007/VOCdevkit/VOC2007/JPEGImages/006292.jpg,bicycle,bicycle,"[""bicycle"",""person""]",3,1.0,0.9090986847877502,0.9225821495056152,-0.0789327621459961,0.5305144786834717,1
1120,006894,/Users/von/Projects/cci-local-recovery/rerun_workspace/data/voc2007/VOCdevkit/VOC2007/JPEGImages/006894.jpg,cat,cat,"[""cat"",""person""]",2,0.5833333134651184,0.5177669525146484,0.5257280468940735,-0.4715889096260071,-0.09827494621276855,1
1121,001961,/Users/von/Projects/cci-local-recovery/rerun_workspace/data/voc2007/VOCdevkit/VOC2007/JPEGImages/001961.jpg,chair,chair,"[""chair"",""tvmonitor""]",3,0.4285714328289032,1.48586106300354,1.507781744003296,0.1895836591720581,1.0809471607208252,1
1122,005442,/Users/von/Projects/cci-local-recovery/rerun_workspace/data/voc2007/VOCdevkit/VOC2007/JPEGImages/005442.jpg,person,person,"[""person"",""bottle""]",7,1.0,0.6284427642822266,0.6391400694847107,-0.35901403427124023,-0.035542070865631104,1
1123,001245,/Users/von/Projects/cci-local-recovery/rerun_workspace/data/voc2007/VOCdevkit/VOC2007/JPEGImages/001245.jpg,horse,horse,"[""horse"",""person""]",3,1.0,0.9324418306350708,0.9432998895645142,0.6251741051673889,3.3225536346435547,1
1124,001347,/Users/von/Projects/cci-local-recovery/rerun_workspace/data/voc2007/VOCdevkit/VOC2007/JPEGImages/001347.jpg,person,person,"[""person"",""sofa""]",3,1.0,0.608165979385376,0.6185181736946106,-0.05333220958709717,0.3920680582523346,1
1125,009513,/Users/von/Projects/cci-local-recovery/rerun_workspace/data/voc2007/VOCdevkit/VOC2007/JPEGImages/009513.jpg,chair,chair,"[""chair"",""dog""]",1,0.0,0.8373981714248657,0.8497521877288818,-0.3464928865432739,0.8874552845954895,1
1126,007567,/Users/von/Projects/cci-local-recovery/rerun_workspace/data/voc2007/VOCdevkit/VOC2007/JPEGImages/007567.jpg,person,person,"[""person"",""chair"",""sofa""]",1,0.0,0.5743204355239868,0.5840964913368225,-0.23118609189987183,0.19708922505378723,1
1127,004780,/Users/von/Projects/cci-local-recovery/rerun_workspace/data/voc2007/VOCdevkit/VOC2007/JPEGImages/004780.jpg,car,car,"[""car"",""chair"",""motorbike"",""pottedplant""]",0,1.0,0.8786976337432861,0.8909279108047485,0.18430787324905396,0.7172877192497253,1
1128,000975,/Users/von/Projects/cci-local-recovery/rerun_workspace/data/voc2007/VOCdevkit/VOC2007/JPEGImages/000975.jpg,dog,dog,"[""dog"",""person""]",1,0.8571428656578064,0.3101392686367035,0.3144964277744293,-0.30261245369911194,0.05903750658035278,1
1129,005746,/Users/von/Projects/cci-local-recovery/rerun_workspace/data/voc2007/VOCdevkit/VOC2007/JPEGImages/005746.jpg,bus,bus,"[""bus"",""car"",""person""]",4,0.8333333134651184,1.6158671379089355,1.6422972679138184,0.7419774532318115,1.5571379661560059,1
1130,006644,/Users/von/Projects/cci-local-recovery/rerun_workspace/data/voc2007/VOCdevkit/VOC2007/JPEGImages/006644.jpg,person,person,"[""person"",""bottle""]",5,0.0,0.9488615989685059,0.9650130867958069,-1.719080924987793,0.3510649800300598,1
1131,004941,/Users/von/Projects/cci-local-recovery/rerun_workspace/data/voc2007/VOCdevkit/VOC2007/JPEGImages/004941.jpg,pottedplant,pottedplant,"[""pottedplant"",""person""]",2,0.8333333134651184,1.1081026792526245,1.1233081817626953,0.25004255771636963,0.9700835347175598,1
1132,005670,/Users/von/Projects/cci-local-recovery/rerun_workspace/data/voc2007/VOCdevkit/VOC2007/JPEGImages/005670.jpg,bus,bus,"[""bus"",""boat"",""person""]",1,0.875,5.9289398193359375,6.025917053222656,4.070868492126465,6.499691486358643,1
1133,002850,/Users/von/Projects/cci-local-recovery/rerun_workspace/data/voc2007/VOCdevkit/VOC2007/JPEGImages/002850.jpg,chair,chair,"[""chair"",""tvmonitor""]",3,1.0,0.6237624883651733,0.6329647302627563,0.4222277104854584,0.6655948758125305,1
1134,007808,/Users/von/Projects/cci-local-recovery/rerun_workspace/data/voc2007/VOCdevkit/VOC2007/JPEGImages/007808.jpg,person,person,"[""person"",""sofa"",""tvmonitor""]",5,0.8571428656578064,1.1798183917999268,1.1999012231826782,0.24438542127609253,2.0208539962768555,1
1135,005976,/Users/von/Projects/cci-local-recovery/rerun_workspace/data/voc2007/VOCdevkit/VOC2007/JPEGImages/005976.jpg,chair,chair,"[""chair"",""pottedplant""]",2,1.0,0.4921357035636902,0.49939608573913574,0.014471083879470825,1.1280066967010498,1
1136,002426,/Users/von/Projects/cci-local-recovery/rerun_workspace/data/voc2007/VOCdevkit/VOC2007/JPEGImages/002426.jpg,person,person,"[""person"",""sofa""]",2,1.0,0.8951402902603149,0.9103773236274719,-0.03856062889099121,1.6425870656967163,1
1137,008474,/Users/von/Projects/cci-local-recovery/rerun_workspace/data/voc2007/VOCdevkit/VOC2007/JPEGImages/008474.jpg,chair,chair,"[""chair"",""person""]",3,1.0,1.6233805418014526,1.6473300457000732,0.21723628044128418,1.7139179706573486,1
1138,000624,/Users/von/Projects/cci-local-recovery/rerun_workspace/data/voc2007/VOCdevkit/VOC2007/JPEGImages/000624.jpg,car,car,"[""car"",""person""]",3,1.0,0.5353771448135376,0.5428288578987122,-0.3615908622741699,0.5170857310295105,1
1139,006775,/Users/von/Projects/cci-local-recovery/rerun_workspace/data/voc2007/VOCdevkit/VOC2007/JPEGImages/006775.jpg,person,person,"[""person"",""bicycle""]",7,0.0,0.2793225646018982,0.28407716751098633,-0.2763177752494812,-0.019060760736465454,1
1140,001731,/Users/von/Projects/cci-local-recovery/rerun_workspace/data/voc2007/VOCdevkit/VOC2007/JPEGImages/001731.jpg,dog,dog,"[""dog"",""cat"",""person"",""sofa""]",0,0.0,0.4469461739063263,0.45322534441947937,-0.7914315462112427,-0.0686623752117157,1
1141,009730,/Users/von/Projects/cci-local-recovery/rerun_workspace/data/voc2007/VOCdevkit/VOC2007/JPEGImages/009730.jpg,bicycle,bicycle,"[""bicycle"",""person""]",7,1.0,0.4176270067691803,0.4238211214542389,0.20955361425876617,0.5533121824264526,1
1142,005661,/Users/von/Projects/cci-local-recovery/rerun_workspace/data/voc2007/VOCdevkit/VOC2007/JPEGImages/005661.jpg,diningtable,diningtable,"[""diningtable"",""chair"",""pottedplant""]",4,1.0,0.942521870136261,0.9555766582489014,0.6329317092895508,1.3752763271331787,1
1143,008991,/Users/von/Projects/cci-local-recovery/rerun_workspace/data/voc2007/VOCdevkit/VOC2007/JPEGImages/008991.jpg,chair,chair,"[""chair"",""tvmonitor""]",2,1.0,2.1853225231170654,2.217562198638916,1.9061713218688965,2.5480666160583496,1
1144,000392,/Users/von/Projects/cci-local-recovery/rerun_workspace/data/voc2007/VOCdevkit/VOC2007/JPEGImages/000392.jpg,horse,horse,"[""horse"",""person""]",2,1.0,2.500149726867676,2.529263496398926,-0.19496774673461914,3.0726165771484375,1
1145,006737,/Users/von/Projects/cci-local-recovery/rerun_workspace/data/voc2007/VOCdevkit/VOC2007/JPEGImages/006737.jpg,person,person,"[""person"",""bicycle""]",2,0.1111111119389534,0.15625625848770142,0.15891604125499725,-0.06538431346416473,0.23022085428237915,1
1146,004065,/Users/von/Projects/cci-local-recovery/rerun_workspace/data/voc2007/VOCdevkit/VOC2007/JPEGImages/004065.jpg,bus,bus,"[""bus"",""person""]",1,0.7777777910232544,0.9608474373817444,0.9765636324882507,0.6994630098342896,1.271077036857605,1
1147,006923,/Users/von/Projects/cci-local-recovery/rerun_workspace/data/voc2007/VOCdevkit/VOC2007/JPEGImages/006923.jpg,diningtable,diningtable,"[""diningtable"",""chair""]",4,0.5,1.6123785972595215,1.634711503982544,0.8153509497642517,1.9256702661514282,1
1148,002503,/Users/von/Projects/cci-local-recovery/rerun_workspace/data/voc2007/VOCdevkit/VOC2007/JPEGImages/002503.jpg,person,person,"[""person"",""chair"",""tvmonitor""]",0,0.75,-0.27729859948158264,-0.2820187509059906,-3.417804479598999,-0.4303317666053772,1
1149,006521,/Users/von/Projects/cci-local-recovery/rerun_workspace/data/voc2007/VOCdevkit/VOC2007/JPEGImages/006521.jpg,person,person,"[""person"",""horse""]",7,0.0,0.09473495185375214,0.09634752571582794,-0.49529314041137695,-0.0696510523557663,1
1150,008110,/Users/von/Projects/cci-local-recovery/rerun_workspace/data/voc2007/VOCdevkit/VOC2007/JPEGImages/008110.jpg,chair,chair,"[""chair"",""cat"",""person""]",4,1.0,1.1909486055374146,1.2085185050964355,-0.11539149284362793,1.2183023691177368,1
1151,003235,/Users/von/Projects/cci-local-recovery/rerun_workspace/data/voc2007/VOCdevkit/VOC2007/JPEGImages/003235.jpg,horse,horse,"[""horse"",""person""]",4,0.0,0.10156557708978653,0.10274828225374222,-0.0700153037905693,0.1537162959575653,1
1152,004874,/Users/von/Projects/cci-local-recovery/rerun_workspace/data/voc2007/VOCdevkit/VOC2007/JPEGImages/004874.jpg,horse,horse,"[""horse"",""person""]",4,0.6666666865348816,0.8578453660011292,0.8678348064422607,-0.3526254892349243,0.3565574288368225,1
1153,006815,/Users/von/Projects/cci-local-recovery/rerun_workspace/data/voc2007/VOCdevkit/VOC2007/JPEGImages/006815.jpg,dog,dog,"[""dog"",""sheep""]",4,0.1666666716337204,0.6685094833374023,0.6779014468193054,-1.498896837234497,0.7510474324226379,1
1154,009302,/Users/von/Projects/cci-local-recovery/rerun_workspace/data/voc2007/VOCdevkit/VOC2007/JPEGImages/009302.jpg,car,car,"[""car"",""motorbike""]",3,0.0,0.700431227684021,0.7101802825927734,-0.008272945880889893,0.14917832612991333,1
1155,004545,/Users/von/Projects/cci-local-recovery/rerun_workspace/data/voc2007/VOCdevkit/VOC2007/JPEGImages/004545.jpg,horse,horse,"[""horse"",""car"",""dog"",""person""]",7,1.0,0.5744513869285583,0.5811407566070557,0.3143968880176544,0.629630982875824,1
1156,004501,/Users/von/Projects/cci-local-recovery/rerun_workspace/data/voc2007/VOCdevkit/VOC2007/JPEGImages/004501.jpg,sofa,sofa,"[""sofa"",""dog""]",5,1.0,0.6713916063308716,0.6822556853294373,-0.052060723304748535,0.8070008158683777,1
1157,003151,/Users/von/Projects/cci-local-recovery/rerun_workspace/data/voc2007/VOCdevkit/VOC2007/JPEGImages/003151.jpg,person,person,"[""person"",""bicycle""]",5,1.0,0.2274875044822693,0.23135977983474731,-0.13454297184944153,0.5084666013717651,1
1158,000994,/Users/von/Projects/cci-local-recovery/rerun_workspace/data/voc2007/VOCdevkit/VOC2007/JPEGImages/000994.jpg,sofa,sofa,"[""sofa"",""chair"",""tvmonitor""]",6,0.0,0.653693437576294,0.6642711162567139,-2.1893978118896484,0.2728911340236664,1
1159,005088,/Users/von/Projects/cci-local-recovery/rerun_workspace/data/voc2007/VOCdevkit/VOC2007/JPEGImages/005088.jpg,person,person,"[""person"",""pottedplant"",""sofa""]",5,1.0,0.521761953830719,0.5306433439254761,-0.05684477090835571,0.28734254837036133,1
1160,003352,/Users/von/Projects/cci-local-recovery/rerun_workspace/data/voc2007/VOCdevkit/VOC2007/JPEGImages/003352.jpg,person,person,"[""person"",""cat"",""dog""]",2,0.7142857313156128,0.16916680335998535,0.17204634845256805,-0.5283710956573486,0.11099675297737122,1
1161,003665,/Users/von/Projects/cci-local-recovery/rerun_workspace/data/voc2007/VOCdevkit/VOC2007/JPEGImages/003665.jpg,person,person,"[""person"",""bottle"",""pottedplant""]",1,1.0,0.08678966015577316,0.08826699107885361,-0.14825201034545898,0.17011797428131104,1
1162,001456,/Users/von/Projects/cci-local-recovery/rerun_workspace/data/voc2007/VOCdevkit/VOC2007/JPEGImages/001456.jpg,person,person,"[""person"",""bottle""]",5,1.0,0.08950413763523102,0.09102766960859299,-0.4993281364440918,-0.05779673904180527,1
1163,005556,/Users/von/Projects/cci-local-recovery/rerun_workspace/data/voc2007/VOCdevkit/VOC2007/JPEGImages/005556.jpg,person,person,"[""person"",""chair"",""pottedplant"",""sofa""]",2,0.07692307978868484,0.6020833253860474,0.6123319268226624,-0.655230700969696,-0.22424638271331787,1
1164,009370,/Users/von/Projects/cci-local-recovery/rerun_workspace/data/voc2007/VOCdevkit/VOC2007/JPEGImages/009370.jpg,bicycle,bicycle,"[""bicycle"",""person""]",1,0.800000011920929,1.0180156230926514,1.0331145524978638,0.7110400199890137,1.1382648944854736,1
1165,001296,/Users/von/Projects/cci-local-recovery/rerun_workspace/data/voc2007/VOCdevkit/VOC2007/JPEGImages/001296.jpg,motorbike,motorbike,"[""motorbike"",""person""]",5,0.875,0.3082887828350067,0.3128645420074463,-0.47961336374282837,0.0772683322429657,1
1166,002394,/Users/von/Projects/cci-local-recovery/rerun_workspace/data/voc2007/VOCdevkit/VOC2007/JPEGImages/002394.jpg,tvmonitor,tvmonitor,"[""tvmonitor"",""cat"",""person""]",0,0.2857142984867096,1.6825196743011475,1.711712121963501,1.083856225013733,1.562071442604065,1
1167,004564,/Users/von/Projects/cci-local-recovery/rerun_workspace/data/voc2007/VOCdevkit/VOC2007/JPEGImages/004564.jpg,person,person,"[""person"",""horse""]",6,1.0,0.5040268301963806,0.5126063227653503,-0.2556491494178772,1.2732014656066895,1
1168,001993,/Users/von/Projects/cci-local-recovery/rerun_workspace/data/voc2007/VOCdevkit/VOC2007/JPEGImages/001993.jpg,sofa,sofa,"[""sofa"",""person""]",1,0.0,0.247066468000412,0.25106436014175415,-0.3567294478416443,-0.0637754499912262,1
1169,004620,/Users/von/Projects/cci-local-recovery/rerun_workspace/data/voc2007/VOCdevkit/VOC2007/JPEGImages/004620.jpg,dog,dog,"[""dog"",""chair""]",4,0.25,0.11987851560115814,0.12156269699335098,-0.22434687614440918,0.20600354671478271,1
1170,004677,/Users/von/Projects/cci-local-recovery/rerun_workspace/data/voc2007/VOCdevkit/VOC2007/JPEGImages/004677.jpg,chair,chair,"[""chair"",""cat""]",7,0.0,0.8161231279373169,0.8281632661819458,-0.5026159286499023,0.3209034204483032,1
1171,002510,/Users/von/Projects/cci-local-recovery/rerun_workspace/data/voc2007/VOCdevkit/VOC2007/JPEGImages/002510.jpg,sofa,sofa,"[""sofa"",""chair"",""diningtable"",""pottedplant""]",2,0.6000000238418579,2.4112722873687744,2.4502899646759033,1.8781476020812988,3.3489675521850586,1
1172,007492,/Users/von/Projects/cci-local-recovery/rerun_workspace/data/voc2007/VOCdevkit/VOC2007/JPEGImages/007492.jpg,sofa,sofa,"[""sofa"",""chair""]",1,1.0,0.8509736061096191,0.8647435307502747,0.415865421295166,0.7785284519195557,1
1173,008952,/Users/von/Projects/cci-local-recovery/rerun_workspace/data/voc2007/VOCdevkit/VOC2007/JPEGImages/008952.jpg,motorbike,motorbike,"[""motorbike"",""person""]",3,0.800000011920929,1.7629714012145996,1.7891381978988647,1.188905954360962,3.755904197692871,1
1174,002421,/Users/von/Projects/cci-local-recovery/rerun_workspace/data/voc2007/VOCdevkit/VOC2007/JPEGImages/002421.jpg,horse,horse,"[""horse"",""person""]",6,1.0,1.1788288354873657,1.1925560235977173,0.04820573329925537,1.0812275409698486,1
1175,007874,/Users/von/Projects/cci-local-recovery/rerun_workspace/data/voc2007/VOCdevkit/VOC2007/JPEGImages/007874.jpg,horse,horse,"[""horse"",""person""]",0,0.6666666865348816,0.496244341135025,0.5020229816436768,-0.5900914669036865,0.18578419089317322,1
1176,009297,/Users/von/Projects/cci-local-recovery/rerun_workspace/data/voc2007/VOCdevkit/VOC2007/JPEGImages/009297.jpg,diningtable,diningtable,"[""diningtable"",""bottle"",""person""]",3,0.0,0.7374367713928223,0.7476509213447571,-0.23640429973602295,0.1443668007850647,2
1177,008362,/Users/von/Projects/cci-local-recovery/rerun_workspace/data/voc2007/VOCdevkit/VOC2007/JPEGImages/008362.jpg,person,person,"[""person"",""bicycle""]",3,0.8333333134651184,0.5881859660148621,0.5981980562210083,0.13873916864395142,0.8129801750183105,1
1178,000575,/Users/von/Projects/cci-local-recovery/rerun_workspace/data/voc2007/VOCdevkit/VOC2007/JPEGImages/000575.jpg,sofa,sofa,"[""sofa"",""pottedplant""]",0,1.0,1.4622559547424316,1.485917329788208,0.9846571087837219,2.135880470275879,1
1179,008246,/Users/von/Projects/cci-local-recovery/rerun_workspace/data/voc2007/VOCdevkit/VOC2007/JPEGImages/008246.jpg,bus,bus,"[""bus"",""car""]",2,0.9090909361839294,1.5943692922592163,1.6204477548599243,-0.8645542860031128,0.39043259620666504,1
1180,007593,/Users/von/Projects/cci-local-recovery/rerun_workspace/data/voc2007/VOCdevkit/VOC2007/JPEGImages/007593.jpg,motorbike,motorbike,"[""motorbike"",""person""]",0,0.10000000149011612,0.677849531173706,0.6879104971885681,-0.3249155879020691,0.35916978120803833,1
1181,000788,/Users/von/Projects/cci-local-recovery/rerun_workspace/data/voc2007/VOCdevkit/VOC2007/JPEGImages/000788.jpg,pottedplant,pottedplant,"[""pottedplant"",""car""]",5,1.0,0.6234044432640076,0.6319589018821716,0.22926661372184753,1.007302165031433,1
1182,005233,/Users/von/Projects/cci-local-recovery/rerun_workspace/data/voc2007/VOCdevkit/VOC2007/JPEGImages/005233.jpg,diningtable,diningtable,"[""diningtable"",""bottle"",""chair"",""person""]",5,0.10000000149011612,0.9611198306083679,0.9744322299957275,0.1712803840637207,0.5938769578933716,1
1183,007392,/Users/von/Projects/cci-local-recovery/rerun_workspace/data/voc2007/VOCdevkit/VOC2007/JPEGImages/007392.jpg,person,person,"[""person"",""horse""]",0,0.0,0.33536601066589355,0.3410745859146118,-0.20665842294692993,0.103367879986763,1
1184,006200,/Users/von/Projects/cci-local-recovery/rerun_workspace/data/voc2007/VOCdevkit/VOC2007/JPEGImages/006200.jpg,person,person,"[""person"",""motorbike""]",1,1.0,0.4926469922065735,0.501032829284668,-0.4745158553123474,0.8303177356719971,1
1185,006413,/Users/von/Projects/cci-local-recovery/rerun_workspace/data/voc2007/VOCdevkit/VOC2007/JPEGImages/006413.jpg,bicycle,bicycle,"[""bicycle"",""person""]",0,1.0,4.174112319946289,4.236021518707275,2.150414228439331,3.6700243949890137,1
1186,000238,/Users/von/Projects/cci-local-recovery/rerun_workspace/data/voc2007/VOCdevkit/VOC2007/JPEGImages/000238.jpg,train,train,"[""train"",""person""]",3,1.0,0.47002220153808594,0.4768490195274353,-0.04484814405441284,0.45922887325286865,1
1187,008382,/Users/von/Projects/cci-local-recovery/rerun_workspace/data/voc2007/VOCdevkit/VOC2007/JPEGImages/008382.jpg,diningtable,diningtable,"[""diningtable"",""bottle"",""chair"",""person"",""pottedplant""]",7,0.9090909361839294,0.7119889259338379,0.7218506336212158,-0.9215487241744995,1.1064743995666504,1
1188,006902,/Users/von/Projects/cci-local-recovery/rerun_workspace/data/voc2007/VOCdevkit/VOC2007/JPEGImages/006902.jpg,diningtable,diningtable,"[""diningtable"",""dog"",""pottedplant""]",3,0.20000000298023224,1.1542662382125854,1.170253872871399,-0.30734729766845703,0.390009343624115,2
1189,007927,/Users/von/Projects/cci-local-recovery/rerun_workspace/data/voc2007/VOCdevkit/VOC2007/JPEGImages/007927.jpg,car,car,"[""car"",""person""]",0,0.3333333432674408,0.6596631407737732,0.6688447594642639,-0.4460301995277405,0.10863429307937622,1
1190,003896,/Users/von/Projects/cci-local-recovery/rerun_workspace/data/voc2007/VOCdevkit/VOC2007/JPEGImages/003896.jpg,person,person,"[""person"",""bird""]",6,0.1428571492433548,0.13090644776821136,0.13313472270965576,-0.7506234645843506,-0.05716778337955475,1
1191,005479,/Users/von/Projects/cci-local-recovery/rerun_workspace/data/voc2007/VOCdevkit/VOC2007/JPEGImages/005479.jpg,person,person,"[""person"",""motorbike""]",3,1.0,0.34737223386764526,0.35328519344329834,-0.025440096855163574,0.27354341745376587,1
1192,004695,/Users/von/Projects/cci-local-recovery/rerun_workspace/data/voc2007/VOCdevkit/VOC2007/JPEGImages/004695.jpg,sofa,sofa,"[""sofa"",""chair""]",4,0.5,1.403011441230774,1.425714135169983,1.3317140340805054,1.8244379758834839,1
1193,005596,/Users/von/Projects/cci-local-recovery/rerun_workspace/data/voc2007/VOCdevkit/VOC2007/JPEGImages/005596.jpg,person,person,"[""person"",""chair""]",7,1.0,0.7427172660827637,0.7553597688674927,-0.5769624710083008,0.34941479563713074,1
1194,003173,/Users/von/Projects/cci-local-recovery/rerun_workspace/data/voc2007/VOCdevkit/VOC2007/JPEGImages/003173.jpg,horse,horse,"[""horse"",""person""]",2,0.3333333432674408,0.16829745471477509,0.17025724053382874,0.0012513995170593262,0.16900025308132172,1
1195,004641,/Users/von/Projects/cci-local-recovery/rerun_workspace/data/voc2007/VOCdevkit/VOC2007/JPEGImages/004641.jpg,motorbike,motorbike,"[""motorbike"",""person""]",4,1.0,0.3899151086807251,0.39570239186286926,-0.018354058265686035,0.25668415427207947,1
1196,001572,/Users/von/Projects/cci-local-recovery/rerun_workspace/data/voc2007/VOCdevkit/VOC2007/JPEGImages/001572.jpg,car,car,"[""car"",""person"",""tvmonitor""]",1,0.0,0.1080578863620758,0.10956190526485443,0.10009172558784485,0.339743971824646,2
1197,004908,/Users/von/Projects/cci-local-recovery/rerun_workspace/data/voc2007/VOCdevkit/VOC2007/JPEGImages/004908.jpg,sofa,sofa,"[""sofa"",""person""]",2,1.0,1.2477753162384033,1.2679660320281982,0.04078328609466553,0.8241119980812073,1
1198,006540,/Users/von/Projects/cci-local-recovery/rerun_workspace/data/voc2007/VOCdevkit/VOC2007/JPEGImages/006540.jpg,horse,horse,"[""horse"",""person""]",3,0.8333333134651184,6.2088236808776855,6.281124114990234,4.4699530601501465,6.262413501739502,1
1199,007301,/Users/von/Projects/cci-local-recovery/rerun_workspace/data/voc2007/VOCdevkit/VOC2007/JPEGImages/007301.jpg,person,person,"[""person"",""chair"",""sofa""]",1,1.0,0.2850017845630646,0.2898530662059784,-0.9766585826873779,0.3009384274482727,1
1200,007744,/Users/von/Projects/cci-local-recovery/rerun_workspace/data/voc2007/VOCdevkit/VOC2007/JPEGImages/007744.jpg,bottle,bottle,"[""bottle"",""person""]",4,0.3333333432674408,0.7324982285499573,0.7445992827415466,0.14448398351669312,0.4288997948169708,1
1201,009788,/Users/von/Projects/cci-local-recovery/rerun_workspace/data/voc2007/VOCdevkit/VOC2007/JPEGImages/009788.jpg,bicycle,bicycle,"[""bicycle"",""tvmonitor""]",3,0.20000000298023224,0.302864670753479,0.30735665559768677,-1.0952997207641602,0.2289160192012787,1
1202,006414,/Users/von/Projects/cci-local-recovery/rerun_workspace/data/voc2007/VOCdevkit/VOC2007/JPEGImages/006414.jpg,cow,cow,"[""cow"",""person""]",1,1.0,1.336853265762329,1.3534841537475586,1.7311824560165405,2.2556068897247314,1
1203,008694,/Users/von/Projects/cci-local-recovery/rerun_workspace/data/voc2007/VOCdevkit/VOC2007/JPEGImages/008694.jpg,car,car,"[""car"",""motorbike"",""person""]",3,0.125,1.0725101232528687,1.0874379873275757,-0.23596501350402832,1.3218024969100952,1
1204,007267,/Users/von/Projects/cci-local-recovery/rerun_workspace/data/voc2007/VOCdevkit/VOC2007/JPEGImages/007267.jpg,aeroplane,aeroplane,"[""aeroplane"",""car"",""person""]",3,0.800000011920929,2.2745440006256104,2.3224031925201416,0.05480480194091797,1.255246639251709,1
1205,009284,/Users/von/Projects/cci-local-recovery/rerun_workspace/data/voc2007/VOCdevkit/VOC2007/JPEGImages/009284.jpg,car,car,"[""car"",""person""]",0,0.0,1.5738123655319214,1.5957176685333252,-1.0677385330200195,0.8613483905792236,1
1206,006693,/Users/von/Projects/cci-local-recovery/rerun_workspace/data/voc2007/VOCdevkit/VOC2007/JPEGImages/006693.jpg,car,car,"[""car"",""person""]",0,0.1666666716337204,0.5430256724357605,0.5505838394165039,-0.320290207862854,0.0454326868057251,1
1207,005060,/Users/von/Projects/cci-local-recovery/rerun_workspace/data/voc2007/VOCdevkit/VOC2007/JPEGImages/005060.jpg,person,person,"[""person"",""chair""]",4,0.0,0.1301940232515335,0.1324101835489273,-0.5007322430610657,-0.0915321409702301,1
1208,006541,/Users/von/Projects/cci-local-recovery/rerun_workspace/data/voc2007/VOCdevkit/VOC2007/JPEGImages/006541.jpg,diningtable,diningtable,"[""diningtable"",""chair""]",1,1.0,1.550011396408081,1.5714805126190186,1.2418581247329712,2.1823108196258545,1
1209,002809,/Users/von/Projects/cci-local-recovery/rerun_workspace/data/voc2007/VOCdevkit/VOC2007/JPEGImages/002809.jpg,diningtable,diningtable,"[""diningtable"",""chair"",""sofa"",""tvmonitor""]",2,0.4444444477558136,0.8097347617149353,0.8209503293037415,-0.18170040845870972,0.9390147924423218,1
1210,009352,/Users/von/Projects/cci-local-recovery/rerun_workspace/data/voc2007/VOCdevkit/VOC2007/JPEGImages/009352.jpg,cat,cat,"[""cat"",""person""]",4,1.0,5.052553653717041,5.1302409172058105,4.419544219970703,5.865288734436035,1
1211,003182,/Users/von/Projects/cci-local-recovery/rerun_workspace/data/voc2007/VOCdevkit/VOC2007/JPEGImages/003182.jpg,horse,horse,"[""horse"",""person""]",0,0.9375,1.647436499595642,1.6666204929351807,0.5200258493423462,1.466288685798645,1
1212,004803,/Users/von/Projects/cci-local-recovery/rerun_workspace/data/voc2007/VOCdevkit/VOC2007/JPEGImages/004803.jpg,person,person,"[""person"",""horse""]",1,0.3333333432674408,0.06071240454912186,0.06174584850668907,-0.4994039833545685,-0.16133242845535278,1
1213,007948,/Users/von/Projects/cci-local-recovery/rerun_workspace/data/voc2007/VOCdevkit/VOC2007/JPEGImages/007948.jpg,car,car,"[""car"",""person""]",3,0.0,0.013741611503064632,0.013932875357568264,-0.22046783566474915,-0.028452537953853607,1
1214,002488,/Users/von/Projects/cci-local-recovery/rerun_workspace/data/voc2007/VOCdevkit/VOC2007/JPEGImages/002488.jpg,motorbike,motorbike,"[""motorbike"",""person""]",0,0.20000000298023224,1.1265584230422974,1.1432793140411377,-0.5618797540664673,-0.0726923942565918,1
1215,008089,/Users/von/Projects/cci-local-recovery/rerun_workspace/data/voc2007/VOCdevkit/VOC2007/JPEGImages/008089.jpg,cat,cat,"[""cat"",""bottle""]",3,1.0,1.0474377870559692,1.0635429620742798,2.269528388977051,3.187084197998047,1
1216,009536,/Users/von/Projects/cci-local-recovery/rerun_workspace/data/voc2007/VOCdevkit/VOC2007/JPEGImages/009536.jpg,car,car,"[""car"",""person""]",5,1.0,0.2756357491016388,0.2794722020626068,-0.2133243978023529,0.4755289554595947,1
1217,004444,/Users/von/Projects/cci-local-recovery/rerun_workspace/data/voc2007/VOCdevkit/VOC2007/JPEGImages/004444.jpg,cat,cat,"[""cat"",""person""]",2,1.0,-0.009088226594030857,-0.009227965027093887,-1.2260069847106934,0.6472586989402771,1
1218,007627,/Users/von/Projects/cci-local-recovery/rerun_workspace/data/voc2007/VOCdevkit/VOC2007/JPEGImages/007627.jpg,person,person,"[""person"",""bicycle""]",3,0.0,0.25791648030281067,0.26230672001838684,-0.13987800478935242,0.1268051564693451,1
1219,005192,/Users/von/Projects/cci-local-recovery/rerun_workspace/data/voc2007/VOCdevkit/VOC2007/JPEGImages/005192.jpg,car,car,"[""car"",""person""]",3,1.0,0.07564011961221695,0.07669292390346527,-0.5390756726264954,-0.02860255539417267,2
1220,008754,/Users/von/Projects/cci-local-recovery/rerun_workspace/data/voc2007/VOCdevkit/VOC2007/JPEGImages/008754.jpg,pottedplant,pottedplant,"[""pottedplant"",""chair"",""diningtable""]",7,0.0,0.5064524412155151,0.5134020447731018,0.4852820038795471,0.6899418234825134,1
1221,000330,/Users/von/Projects/cci-local-recovery/rerun_workspace/data/voc2007/VOCdevkit/VOC2007/JPEGImages/000330.jpg,horse,horse,"[""horse"",""person""]",3,1.0,2.1071455478668213,2.131682872772217,1.0305989980697632,2.350496292114258,1
1222,009444,/Users/von/Projects/cci-local-recovery/rerun_workspace/data/voc2007/VOCdevkit/VOC2007/JPEGImages/009444.jpg,diningtable,diningtable,"[""diningtable"",""chair""]",2,0.5555555820465088,0.8688894510269165,0.8809243440628052,0.1020045280456543,0.9107420444488525,1
1223,008035,/Users/von/Projects/cci-local-recovery/rerun_workspace/data/voc2007/VOCdevkit/VOC2007/JPEGImages/008035.jpg,car,car,"[""car"",""person""]",4,0.0,0.8128756284713745,0.8241897225379944,-2.4795784950256348,-0.23927515745162964,1
1224,008111,/Users/von/Projects/cci-local-recovery/rerun_workspace/data/voc2007/VOCdevkit/VOC2007/JPEGImages/008111.jpg,cow,cow,"[""cow"",""person""]",1,0.8999999761581421,3.6439812183380127,3.6893136501312256,2.5371294021606445,3.9245238304138184,1
1225,009313,/Users/von/Projects/cci-local-recovery/rerun_workspace/data/voc2007/VOCdevkit/VOC2007/JPEGImages/009313.jpg,chair,chair,"[""chair"",""pottedplant""]",0,1.0,0.7352516651153564,0.7460986971855164,0.5126991271972656,1.0202343463897705,1
1226,007207,/Users/von/Projects/cci-local-recovery/rerun_workspace/data/voc2007/VOCdevkit/VOC2007/JPEGImages/007207.jpg,person,person,"[""person"",""chair"",""diningtable""]",4,1.0,0.25835949182510376,0.262757271528244,-0.0525108277797699,0.17807313799858093,1
1227,009853,/Users/von/Projects/cci-local-recovery/rerun_workspace/data/voc2007/VOCdevkit/VOC2007/JPEGImages/009853.jpg,person,person,"[""person"",""chair"",""diningtable""]",1,0.1818181872367859,0.4358595013618469,0.4432786703109741,-0.2218267321586609,0.18448221683502197,1
1228,005835,/Users/von/Projects/cci-local-recovery/rerun_workspace/data/voc2007/VOCdevkit/VOC2007/JPEGImages/005835.jpg,car,car,"[""car"",""dog"",""person""]",1,1.0,0.8353021740913391,0.8469284176826477,0.6289628148078918,1.4332659244537354,1
1229,008593,/Users/von/Projects/cci-local-recovery/rerun_workspace/data/voc2007/VOCdevkit/VOC2007/JPEGImages/008593.jpg,horse,horse,"[""horse"",""car"",""person""]",4,0.0,0.6961632966995239,0.7042699456214905,-0.44789403676986694,0.05869770050048828,1
1230,009505,/Users/von/Projects/cci-local-recovery/rerun_workspace/data/voc2007/VOCdevkit/VOC2007/JPEGImages/009505.jpg,horse,horse,"[""horse"",""person""]",1,0.9090909361839294,1.7912331819534302,1.8120917081832886,1.3706550598144531,3.0941450595855713,1
1231,003414,/Users/von/Projects/cci-local-recovery/rerun_workspace/data/voc2007/VOCdevkit/VOC2007/JPEGImages/003414.jpg,car,car,"[""car"",""person""]",0,1.0,0.2694328725337982,0.27318301796913147,-0.2930994927883148,0.056653544306755066,1
1232,008937,/Users/von/Projects/cci-local-recovery/rerun_workspace/data/voc2007/VOCdevkit/VOC2007/JPEGImages/008937.jpg,pottedplant,pottedplant,"[""pottedplant"",""bird""]",1,0.4545454680919647,0.8737947344779968,0.8857850432395935,0.38941359519958496,0.6530138254165649,1
1233,001424,/Users/von/Projects/cci-local-recovery/rerun_workspace/data/voc2007/VOCdevkit/VOC2007/JPEGImages/001424.jpg,bus,bus,"[""bus"",""person""]",4,0.1428571492433548,3.662055730819702,3.721954584121704,2.973283290863037,4.029143333435059,1
1234,001431,/Users/von/Projects/cci-local-recovery/rerun_workspace/data/voc2007/VOCdevkit/VOC2007/JPEGImages/001431.jpg,diningtable,diningtable,"[""diningtable"",""bottle"",""person"",""sofa""]",0,0.0,0.5017569065093994,0.5087066888809204,-0.27038711309432983,0.7973800301551819,1
1235,001613,/Users/von/Projects/cci-local-recovery/rerun_workspace/data/voc2007/VOCdevkit/VOC2007/JPEGImages/001613.jpg,bicycle,bicycle,"[""bicycle"",""car""]",5,1.0,0.8109354972839355,0.8229630589485168,-0.20124298334121704,0.44048890471458435,1
1236,009742,/Users/von/Projects/cci-local-recovery/rerun_workspace/data/voc2007/VOCdevkit/VOC2007/JPEGImages/009742.jpg,diningtable,diningtable,"[""diningtable"",""chair""]",3,0.8461538553237915,1.5062992572784424,1.5271629095077515,1.107607126235962,2.0064644813537598,1
1237,008256,/Users/von/Projects/cci-local-recovery/rerun_workspace/data/voc2007/VOCdevkit/VOC2007/JPEGImages/008256.jpg,horse,horse,"[""horse"",""person""]",1,0.8999999761581421,2.6523940563201904,2.6832804679870605,1.8624556064605713,3.179744005203247,1
1238,008678,/Users/von/Projects/cci-local-recovery/rerun_workspace/data/voc2007/VOCdevkit/VOC2007/JPEGImages/008678.jpg,person,person,"[""person"",""chair"",""sofa""]",7,1.0,0.8227079510688782,0.8367120623588562,0.27438604831695557,0.7473061084747314,1
1239,000737,/Users/von/Projects/cci-local-recovery/rerun_workspace/data/voc2007/VOCdevkit/VOC2007/JPEGImages/000737.jpg,horse,horse,"[""horse"",""bird"",""bottle"",""pottedplant""]",6,0.4000000059604645,2.497368335723877,2.526449680328369,-1.1148247718811035,1.754178762435913,1
1240,007817,/Users/von/Projects/cci-local-recovery/rerun_workspace/data/voc2007/VOCdevkit/VOC2007/JPEGImages/007817.jpg,person,person,"[""person"",""chair""]",7,0.8888888955116272,0.49819907546043396,0.5066794157028198,-0.005244016647338867,0.2965906858444214,1
1241,009478,/Users/von/Projects/cci-local-recovery/rerun_workspace/data/voc2007/VOCdevkit/VOC2007/JPEGImages/009478.jpg,chair,chair,"[""chair"",""person"",""tvmonitor""]",7,0.4285714328289032,0.9091604351997375,0.9225731492042542,-0.4239369034767151,0.8207873702049255,1
1242,007169,/Users/von/Projects/cci-local-recovery/rerun_workspace/data/voc2007/VOCdevkit/VOC2007/JPEGImages/007169.jpg,aeroplane,aeroplane,"[""aeroplane"",""person""]",6,1.0,0.6626622080802917,0.6766054630279541,-0.3697042465209961,0.9531854391098022,1
1243,003490,/Users/von/Projects/cci-local-recovery/rerun_workspace/data/voc2007/VOCdevkit/VOC2007/JPEGImages/003490.jpg,dog,dog,"[""dog"",""chair""]",3,1.0,1.4401694536209106,1.460402488708496,1.4662286043167114,1.8977303504943848,1
1244,002414,/Users/von/Projects/cci-local-recovery/rerun_workspace/data/voc2007/VOCdevkit/VOC2007/JPEGImages/002414.jpg,sofa,sofa,"[""sofa"",""chair"",""pottedplant""]",1,0.4000000059604645,2.104271411895752,2.1383213996887207,2.062403440475464,2.881301164627075,1
1245,000886,/Users/von/Projects/cci-local-recovery/rerun_workspace/data/voc2007/VOCdevkit/VOC2007/JPEGImages/000886.jpg,person,person,"[""person"",""chair""]",6,1.0,0.6618274450302124,0.6730930209159851,-0.47258204221725464,0.77177894115448,1
1246,005545,/Users/von/Projects/cci-local-recovery/rerun_workspace/data/voc2007/VOCdevkit/VOC2007/JPEGImages/005545.jpg,chair,chair,"[""chair"",""sofa"",""tvmonitor""]",4,0.5,1.1503031253814697,1.1672734022140503,0.22431176900863647,0.6791095733642578,1
1247,003770,/Users/von/Projects/cci-local-recovery/rerun_workspace/data/voc2007/VOCdevkit/VOC2007/JPEGImages/003770.jpg,diningtable,diningtable,"[""diningtable"",""chair""]",4,1.0,0.8211655020713806,0.8325393795967102,0.2125396728515625,0.8587157726287842,1
1248,006167,/Users/von/Projects/cci-local-recovery/rerun_workspace/data/voc2007/VOCdevkit/VOC2007/JPEGImages/006167.jpg,person,person,"[""person"",""dog""]",6,1.0,0.4064452350139618,0.4133637249469757,-0.5740694999694824,0.226131409406662,1
1249,008357,/Users/von/Projects/cci-local-recovery/rerun_workspace/data/voc2007/VOCdevkit/VOC2007/JPEGImages/008357.jpg,bus,bus,"[""bus"",""car""]",5,0.0,0.1609429270029068,0.1635754108428955,-0.19178059697151184,-0.023432567715644836,2
1250,004697,/Users/von/Projects/cci-local-recovery/rerun_workspace/data/voc2007/VOCdevkit/VOC2007/JPEGImages/004697.jpg,car,car,"[""car"",""person""]",2,1.0,0.10001180320978165,0.10140383243560791,-0.2381753921508789,0.5471047759056091,1
1251,008488,/Users/von/Projects/cci-local-recovery/rerun_workspace/data/voc2007/VOCdevkit/VOC2007/JPEGImages/008488.jpg,bus,bus,"[""bus"",""car""]",3,1.0,3.5882296562194824,3.646920919418335,2.5368576049804688,4.283842086791992,1
1252,004511,/Users/von/Projects/cci-local-recovery/rerun_workspace/data/voc2007/VOCdevkit/VOC2007/JPEGImages/004511.jpg,cat,cat,"[""cat"",""person""]",2,1.0,2.0023117065429688,2.0330989360809326,1.595859169960022,3.409656524658203,1
1253,004716,/Users/von/Projects/cci-local-recovery/rerun_workspace/data/voc2007/VOCdevkit/VOC2007/JPEGImages/004716.jpg,person,person,"[""person"",""chair"",""tvmonitor""]",5,1.0,0.04234156012535095,0.04306229576468468,-0.6793866157531738,0.11174598336219788,1
1254,007849,/Users/von/Projects/cci-local-recovery/rerun_workspace/data/voc2007/VOCdevkit/VOC2007/JPEGImages/007849.jpg,person,person,"[""person"",""tvmonitor""]",7,0.0,0.15086457133293152,0.15343257784843445,-0.15552136301994324,0.2327103167772293,1
1255,002752,/Users/von/Projects/cci-local-recovery/rerun_workspace/data/voc2007/VOCdevkit/VOC2007/JPEGImages/002752.jpg,sofa,sofa,"[""sofa"",""car"",""tvmonitor""]",7,0.800000011920929,0.9418663382530212,0.9571070671081543,1.061174750328064,1.509512186050415,1
1256,005415,/Users/von/Projects/cci-local-recovery/rerun_workspace/data/voc2007/VOCdevkit/VOC2007/JPEGImages/005415.jpg,person,person,"[""person"",""cat""]",2,0.0,0.9050585031509399,0.9204643368721008,-0.6244561076164246,-0.08271187543869019,1
1257,002317,/Users/von/Projects/cci-local-recovery/rerun_workspace/data/voc2007/VOCdevkit/VOC2007/JPEGImages/002317.jpg,bus,bus,"[""bus"",""person""]",7,0.25,0.6491425633430481,0.6597603559494019,-1.5258713960647583,-0.16401898860931396,1
1258,005299,/Users/von/Projects/cci-local-recovery/rerun_workspace/data/voc2007/VOCdevkit/VOC2007/JPEGImages/005299.jpg,horse,horse,"[""horse"",""person""]",2,1.0,0.20219677686691284,0.2045513093471527,-0.28638675808906555,0.46354198455810547,1
1259,004640,/Users/von/Projects/cci-local-recovery/rerun_workspace/data/voc2007/VOCdevkit/VOC2007/JPEGImages/004640.jpg,diningtable,diningtable,"[""diningtable"",""bottle"",""chair"",""person""]",0,0.4166666567325592,0.4619193971157074,0.4683173894882202,-0.7811466455459595,-0.0757250189781189,1
1260,009223,/Users/von/Projects/cci-local-recovery/rerun_workspace/data/voc2007/VOCdevkit/VOC2007/JPEGImages/009223.jpg,cow,cow,"[""cow"",""person""]",2,0.75,6.029616832733154,6.10462760925293,3.356600522994995,5.6388044357299805,1
1261,001403,/Users/von/Projects/cci-local-recovery/rerun_workspace/data/voc2007/VOCdevkit/VOC2007/JPEGImages/001403.jpg,bicycle,bicycle,"[""bicycle"",""car"",""person""]",4,1.0,6.0608720779418945,6.1507649421691895,2.33536696434021,5.838267803192139,1
1262,002652,/Users/von/Projects/cci-local-recovery/rerun_workspace/data/voc2007/VOCdevkit/VOC2007/JPEGImages/002652.jpg,dog,dog,"[""dog"",""person""]",7,1.0,0.6025784015655518,0.6110440492630005,-0.1672595739364624,0.13106518983840942,1
1263,009125,/Users/von/Projects/cci-local-recovery/rerun_workspace/data/voc2007/VOCdevkit/VOC2007/JPEGImages/009125.jpg,person,person,"[""person"",""car""]",1,0.5714285969734192,0.31051793694496155,0.31580355763435364,-0.13003835082054138,0.2578252851963043,1
1264,004402,/Users/von/Projects/cci-local-recovery/rerun_workspace/data/voc2007/VOCdevkit/VOC2007/JPEGImages/004402.jpg,bus,bus,"[""bus"",""person""]",3,0.875,1.131333351135254,1.1498380899429321,0.023057103157043457,1.1237984895706177,1
1265,003442,/Users/von/Projects/cci-local-recovery/rerun_workspace/data/voc2007/VOCdevkit/VOC2007/JPEGImages/003442.jpg,sofa,sofa,"[""sofa"",""pottedplant""]",3,0.625,0.7023579478263855,0.7137230634689331,0.08776640892028809,0.4037296175956726,1
1266,001033,/Users/von/Projects/cci-local-recovery/rerun_workspace/data/voc2007/VOCdevkit/VOC2007/JPEGImages/001033.jpg,person,person,"[""person"",""bicycle""]",4,0.800000011920929,0.8906086683273315,0.9057685732841492,1.9005448818206787,2.718013286590576,1
1267,005226,/Users/von/Projects/cci-local-recovery/rerun_workspace/data/voc2007/VOCdevkit/VOC2007/JPEGImages/005226.jpg,person,person,"[""person"",""bottle"",""diningtable""]",7,0.2222222238779068,1.4649109840393066,1.4898465871810913,-0.7233752012252808,0.051674485206604004,1
1268,003725,/Users/von/Projects/cci-local-recovery/rerun_workspace/data/voc2007/VOCdevkit/VOC2007/JPEGImages/003725.jpg,sofa,sofa,"[""sofa"",""bottle"",""person""]",0,1.0,0.9659373164176941,0.9815675616264343,-0.5859330296516418,0.38723069429397583,1
1269,007644,/Users/von/Projects/cci-local-recovery/rerun_workspace/data/voc2007/VOCdevkit/VOC2007/JPEGImages/007644.jpg,pottedplant,pottedplant,"[""pottedplant"",""chair"",""diningtable""]",2,0.1428571492433548,1.2594465017318726,1.2767287492752075,-0.3909754753112793,0.12888360023498535,1
1270,002167,/Users/von/Projects/cci-local-recovery/rerun_workspace/data/voc2007/VOCdevkit/VOC2007/JPEGImages/002167.jpg,diningtable,diningtable,"[""diningtable"",""cat"",""chair""]",0,1.0,1.7952048778533936,1.8200701475143433,1.0431714057922363,1.7975951433181763,1
1271,000341,/Users/von/Projects/cci-local-recovery/rerun_workspace/data/voc2007/VOCdevkit/VOC2007/JPEGImages/000341.jpg,car,car,"[""car"",""bus"",""person""]",4,0.0,1.0340726375579834,1.0484654903411865,0.0631403923034668,0.3844265341758728,1
1272,009529,/Users/von/Projects/cci-local-recovery/rerun_workspace/data/voc2007/VOCdevkit/VOC2007/JPEGImages/009529.jpg,person,person,"[""person"",""chair"",""diningtable""]",4,1.0,0.8637146949768066,0.8784167766571045,-1.4867122173309326,-0.6136548519134521,1
1273,004043,/Users/von/Projects/cci-local-recovery/rerun_workspace/data/voc2007/VOCdevkit/VOC2007/JPEGImages/004043.jpg,car,car,"[""car"",""person""]",3,1.0,0.2053336203098297,0.20819157361984253,-0.276551216840744,0.1813821941614151,2
1274,001609,/Users/von/Projects/cci-local-recovery/rerun_workspace/data/voc2007/VOCdevkit/VOC2007/JPEGImages/001609.jpg,diningtable,diningtable,"[""diningtable"",""chair""]",7,1.0,0.28334829211235046,0.28727293014526367,0.11381857097148895,0.27078527212142944,1
1275,000611,/Users/von/Projects/cci-local-recovery/rerun_workspace/data/voc2007/VOCdevkit/VOC2007/JPEGImages/000611.jpg,dog,dog,"[""dog"",""bottle""]",6,0.1111111119389534,0.3207997977733612,0.3253067433834076,-0.1468827724456787,0.1404949575662613,1
1276,004127,/Users/von/Projects/cci-local-recovery/rerun_workspace/data/voc2007/VOCdevkit/VOC2007/JPEGImages/004127.jpg,person,person,"[""person"",""bottle""]",3,0.0,1.0610692501068115,1.0791306495666504,-0.5243070125579834,0.0902051329612732,1
1277,005010,/Users/von/Projects/cci-local-recovery/rerun_workspace/data/voc2007/VOCdevkit/VOC2007/JPEGImages/005010.jpg,sofa,sofa,"[""sofa"",""dog""]",2,1.0,0.9377137422561646,0.9528872966766357,0.4526780843734741,1.0538734197616577,1
1278,004330,/Users/von/Projects/cci-local-recovery/rerun_workspace/data/voc2007/VOCdevkit/VOC2007/JPEGImages/004330.jpg,bicycle,bicycle,"[""bicycle"",""person""]",1,0.0,0.46959760785102844,0.4765625298023224,-0.2917383015155792,-0.05434444546699524,1
1279,001657,/Users/von/Projects/cci-local-recovery/rerun_workspace/data/voc2007/VOCdevkit/VOC2007/JPEGImages/001657.jpg,person,person,"[""person"",""chair"",""dog""]",7,1.0,1.3836740255355835,1.407226800918579,-0.11579620838165283,1.604735016822815,1
1280,006659,/Users/von/Projects/cci-local-recovery/rerun_workspace/data/voc2007/VOCdevkit/VOC2007/JPEGImages/006659.jpg,person,person,"[""person"",""boat""]",0,0.0,-0.10308697074651718,-0.10484170913696289,-0.36651402711868286,-0.01155272126197815,1
1281,004188,/Users/von/Projects/cci-local-recovery/rerun_workspace/data/voc2007/VOCdevkit/VOC2007/JPEGImages/004188.jpg,cat,cat,"[""cat"",""car""]",3,0.875,0.23452454805374146,0.23813055455684662,-0.7070415019989014,-0.23064498603343964,1
1282,005589,/Users/von/Projects/cci-local-recovery/rerun_workspace/data/voc2007/VOCdevkit/VOC2007/JPEGImages/005589.jpg,sofa,sofa,"[""sofa"",""chair"",""tvmonitor""]",7,0.2222222238779068,1.066588282585144,1.083847165107727,-0.41530466079711914,0.9314248561859131,1
1283,005132,/Users/von/Projects/cci-local-recovery/rerun_workspace/data/voc2007/VOCdevkit/VOC2007/JPEGImages/005132.jpg,horse,horse,"[""horse"",""person""]",2,1.0,2.9541046619415283,2.988504648208618,1.7596336603164673,2.958408832550049,1
1284,001318,/Users/von/Projects/cci-local-recovery/rerun_workspace/data/voc2007/VOCdevkit/VOC2007/JPEGImages/001318.jpg,bus,bus,"[""bus"",""car""]",4,0.6666666865348816,6.218953609466553,6.320674419403076,5.167941570281982,7.7674665451049805,1
1285,002331,/Users/von/Projects/cci-local-recovery/rerun_workspace/data/voc2007/VOCdevkit/VOC2007/JPEGImages/002331.jpg,person,person,"[""person"",""car"",""horse""]",5,0.75,0.5540902018547058,0.5635219216346741,-0.1806209683418274,0.09301355481147766,1
1286,005745,/Users/von/Projects/cci-local-recovery/rerun_workspace/data/voc2007/VOCdevkit/VOC2007/JPEGImages/005745.jpg,person,person,"[""person"",""chair""]",3,1.0,0.5658750534057617,0.5755073428153992,-0.547851026058197,0.0050307512283325195,1
1287,009593,/Users/von/Projects/cci-local-recovery/rerun_workspace/data/voc2007/VOCdevkit/VOC2007/JPEGImages/009593.jpg,car,car,"[""car"",""person""]",0,0.0,-0.2980412542819977,-0.30218958854675293,-1.9769834280014038,-0.4746605157852173,1
1288,005174,/Users/von/Projects/cci-local-recovery/rerun_workspace/data/voc2007/VOCdevkit/VOC2007/JPEGImages/005174.jpg,diningtable,diningtable,"[""diningtable"",""chair"",""pottedplant""]",1,0.5,0.8197439312934875,0.8310981392860413,-0.03672057390213013,0.7807474732398987,1
1289,004800,/Users/von/Projects/cci-local-recovery/rerun_workspace/data/voc2007/VOCdevkit/VOC2007/JPEGImages/004800.jpg,motorbike,motorbike,"[""motorbike"",""car"",""person""]",4,1.0,1.7964651584625244,1.8231290578842163,0.7696739435195923,2.073021650314331,1
1290,008481,/Users/von/Projects/cci-local-recovery/rerun_workspace/data/voc2007/VOCdevkit/VOC2007/JPEGImages/008481.jpg,chair,chair,"[""chair"",""car""]",1,1.0,1.866837501525879,1.894378662109375,0.7207459211349487,2.0328800678253174,1
1291,003562,/Users/von/Projects/cci-local-recovery/rerun_workspace/data/voc2007/VOCdevkit/VOC2007/JPEGImages/003562.jpg,person,person,"[""person"",""horse""]",2,0.8888888955116272,0.1521320641040802,0.15472164750099182,-0.38568201661109924,0.13772869110107422,1
1292,000836,/Users/von/Projects/cci-local-recovery/rerun_workspace/data/voc2007/VOCdevkit/VOC2007/JPEGImages/000836.jpg,horse,horse,"[""horse"",""person""]",0,0.8461538553237915,2.342341899871826,2.3696179389953613,0.9479043483734131,2.90342116355896,1
1293,000615,/Users/von/Projects/cci-local-recovery/rerun_workspace/data/voc2007/VOCdevkit/VOC2007/JPEGImages/000615.jpg,sofa,sofa,"[""sofa"",""person""]",1,0.75,1.289939284324646,1.3108123540878296,0.6306697130203247,0.9335304498672485,1
1294,000539,/Users/von/Projects/cci-local-recovery/rerun_workspace/data/voc2007/VOCdevkit/VOC2007/JPEGImages/000539.jpg,person,person,"[""person"",""dog""]",4,0.0,0.48878899216651917,0.4971091151237488,-0.3254932165145874,0.04185718297958374,1
1295,003475,/Users/von/Projects/cci-local-recovery/rerun_workspace/data/voc2007/VOCdevkit/VOC2007/JPEGImages/003475.jpg,bus,bus,"[""bus"",""person""]",1,1.0,1.903655767440796,1.9347931146621704,1.8980586528778076,2.944052219390869,1
1296,001428,/Users/von/Projects/cci-local-recovery/rerun_workspace/data/voc2007/VOCdevkit/VOC2007/JPEGImages/001428.jpg,cat,cat,"[""cat"",""car""]",0,0.5,0.369025856256485,0.3746999204158783,-0.2679770886898041,0.18354147672653198,1
1297,001063,/Users/von/Projects/cci-local-recovery/rerun_workspace/data/voc2007/VOCdevkit/VOC2007/JPEGImages/001063.jpg,horse,horse,"[""horse"",""car"",""person""]",4,0.0,0.374181866645813,0.378539115190506,-0.037409186363220215,0.22985772788524628,1
1298,006365,/Users/von/Projects/cci-local-recovery/rerun_workspace/data/voc2007/VOCdevkit/VOC2007/JPEGImages/006365.jpg,horse,horse,"[""horse"",""person""]",6,1.0,0.11316388845443726,0.11448165774345398,-1.2185845375061035,-0.08031211793422699,2
1299,003006,/Users/von/Projects/cci-local-recovery/rerun_workspace/data/voc2007/VOCdevkit/VOC2007/JPEGImages/003006.jpg,bus,bus,"[""bus"",""car""]",2,0.8333333134651184,2.218130111694336,2.254411220550537,1.481741189956665,2.1207220554351807,1
1300,004567,/Users/von/Projects/cci-local-recovery/rerun_workspace/data/voc2007/VOCdevkit/VOC2007/JPEGImages/004567.jpg,sofa,sofa,"[""sofa"",""chair""]",2,0.5833333134651184,2.219297409057617,2.255208730697632,2.132105827331543,3.242483139038086,1
1301,009561,/Users/von/Projects/cci-local-recovery/rerun_workspace/data/voc2007/VOCdevkit/VOC2007/JPEGImages/009561.jpg,person,person,"[""person"",""tvmonitor""]",3,1.0,1.0586485862731934,1.0766688585281372,-0.04201686382293701,1.2906272411346436,1
1302,009119,/Users/von/Projects/cci-local-recovery/rerun_workspace/data/voc2007/VOCdevkit/VOC2007/JPEGImages/009119.jpg,car,car,"[""car"",""person""]",1,0.0714285746216774,0.3512103259563446,0.3560986816883087,-0.10724043846130371,0.12415313720703125,1
1303,008414,/Users/von/Projects/cci-local-recovery/rerun_workspace/data/voc2007/VOCdevkit/VOC2007/JPEGImages/008414.jpg,car,car,"[""car"",""bottle""]",1,0.2857142984867096,0.2403603345155716,0.24370582401752472,-0.27419495582580566,-0.060885950922966,1
1304,001624,/Users/von/Projects/cci-local-recovery/rerun_workspace/data/voc2007/VOCdevkit/VOC2007/JPEGImages/001624.jpg,horse,horse,"[""horse"",""person""]",4,0.875,2.9647715091705322,2.999295473098755,1.5355498790740967,2.811854362487793,1
1305,002071,/Users/von/Projects/cci-local-recovery/rerun_workspace/data/voc2007/VOCdevkit/VOC2007/JPEGImages/002071.jpg,horse,horse,"[""horse"",""person""]",6,1.0,0.7417753338813782,0.7504131197929382,-0.26127737760543823,0.7480971217155457,1
1306,005120,/Users/von/Projects/cci-local-recovery/rerun_workspace/data/voc2007/VOCdevkit/VOC2007/JPEGImages/005120.jpg,bicycle,bicycle,"[""bicycle"",""dog"",""person""]",5,0.0,0.7209320664405823,0.7316247224807739,-0.6189099550247192,-0.04951333999633789,1
1307,008010,/Users/von/Projects/cci-local-recovery/rerun_workspace/data/voc2007/VOCdevkit/VOC2007/JPEGImages/008010.jpg,horse,horse,"[""horse"",""person"",""pottedplant""]",1,0.5,0.8958727121353149,0.9063049554824829,0.8646621704101562,2.9291110038757324,1
1308,003881,/Users/von/Projects/cci-local-recovery/rerun_workspace/data/voc2007/VOCdevkit/VOC2007/JPEGImages/003881.jpg,dog,dog,"[""dog"",""chair""]",4,0.0,0.4711427092552185,0.477761834859848,-0.09989246726036072,0.1877109408378601,1
1309,007404,/Users/von/Projects/cci-local-recovery/rerun_workspace/data/voc2007/VOCdevkit/VOC2007/JPEGImages/007404.jpg,person,person,"[""person"",""bottle"",""sofa""]",6,1.0,0.002847332740202546,0.002895799931138754,-0.7765149474143982,0.722247302532196,1
1310,000856,/Users/von/Projects/cci-local-recovery/rerun_workspace/data/voc2007/VOCdevkit/VOC2007/JPEGImages/000856.jpg,diningtable,diningtable,"[""diningtable"",""chair"",""person""]",5,0.8571428656578064,0.6906853914260864,0.7002519965171814,-0.0874376893043518,0.5345306992530823,1
1311,006378,/Users/von/Projects/cci-local-recovery/rerun_workspace/data/voc2007/VOCdevkit/VOC2007/JPEGImages/006378.jpg,cow,cow,"[""cow"",""person""]",3,0.6666666865348816,2.479243516921997,2.5100862979888916,1.981679916381836,3.2517905235290527,1
1312,000058,/Users/von/Projects/cci-local-recovery/rerun_workspace/data/voc2007/VOCdevkit/VOC2007/JPEGImages/000058.jpg,motorbike,motorbike,"[""motorbike"",""person""]",0,1.0,6.610863208770752,6.708984375,4.616971015930176,7.047604560852051,1
1313,001047,/Users/von/Projects/cci-local-recovery/rerun_workspace/data/voc2007/VOCdevkit/VOC2007/JPEGImages/001047.jpg,sofa,sofa,"[""sofa"",""bottle"",""person""]",7,1.0,0.8291441798210144,0.842560887336731,0.5380573272705078,0.768199622631073,1
1314,000377,/Users/von/Projects/cci-local-recovery/rerun_workspace/data/voc2007/VOCdevkit/VOC2007/JPEGImages/000377.jpg,diningtable,diningtable,"[""diningtable"",""chair"",""person""]",7,0.5,1.1153907775878906,1.1308399438858032,0.5946484804153442,1.139105200767517,1
1315,005105,/Users/von/Projects/cci-local-recovery/rerun_workspace/data/voc2007/VOCdevkit/VOC2007/JPEGImages/005105.jpg,car,car,"[""car"",""person""]",2,0.5555555820465088,0.2904813289642334,0.2945244312286377,-0.2766570448875427,0.22966822981834412,1
1316,005797,/Users/von/Projects/cci-local-recovery/rerun_workspace/data/voc2007/VOCdevkit/VOC2007/JPEGImages/005797.jpg,cow,cow,"[""cow"",""person""]",1,1.0,5.046360492706299,5.1091389656066895,1.432856559753418,5.013062000274658,1
1317,007969,/Users/von/Projects/cci-local-recovery/rerun_workspace/data/voc2007/VOCdevkit/VOC2007/JPEGImages/007969.jpg,person,person,"[""person"",""car"",""dog""]",2,0.8888888955116272,0.7402076125144958,0.7528073787689209,-0.5408638715744019,0.19807463884353638,1
1318,002018,/Users/von/Projects/cci-local-recovery/rerun_workspace/data/voc2007/VOCdevkit/VOC2007/JPEGImages/002018.jpg,sofa,sofa,"[""sofa"",""person"",""pottedplant""]",4,1.0,0.8767243027687073,0.8909109234809875,0.5635854601860046,1.0716058015823364,1
1319,004428,/Users/von/Projects/cci-local-recovery/rerun_workspace/data/voc2007/VOCdevkit/VOC2007/JPEGImages/004428.jpg,person,person,"[""person"",""dog""]",3,1.0,0.09966985881328583,0.10136643052101135,0.09287958592176437,0.8201711177825928,2
1320,004762,/Users/von/Projects/cci-local-recovery/rerun_workspace/data/voc2007/VOCdevkit/VOC2007/JPEGImages/004762.jpg,bus,bus,"[""bus"",""car"",""person""]",5,0.7142857313156128,0.31256386637687683,0.3176763355731964,-0.039219409227371216,0.17201684415340424,1
1321,002254,/Users/von/Projects/cci-local-recovery/rerun_workspace/data/voc2007/VOCdevkit/VOC2007/JPEGImages/002254.jpg,dog,dog,"[""dog"",""cat"",""person"",""sofa""]",1,1.0,1.5005996227264404,1.5216816663742065,1.1462905406951904,2.1398136615753174,1
1322,008073,/Users/von/Projects/cci-local-recovery/rerun_workspace/data/voc2007/VOCdevkit/VOC2007/JPEGImages/008073.jpg,diningtable,diningtable,"[""diningtable"",""chair"",""person""]",2,0.7272727489471436,1.43108069896698,1.4509024620056152,0.7323297262191772,1.5290770530700684,1
1323,000339,/Users/von/Projects/cci-local-recovery/rerun_workspace/data/voc2007/VOCdevkit/VOC2007/JPEGImages/000339.jpg,person,person,"[""person"",""chair""]",7,1.0,0.47511565685272217,0.48320305347442627,-0.2731574773788452,-0.04462975263595581,1
1324,009661,/Users/von/Projects/cci-local-recovery/rerun_workspace/data/voc2007/VOCdevkit/VOC2007/JPEGImages/009661.jpg,horse,horse,"[""horse"",""person""]",2,1.0,0.9671228528022766,0.978384792804718,-0.4734181761741638,0.43949490785598755,1
1325,000126,/Users/von/Projects/cci-local-recovery/rerun_workspace/data/voc2007/VOCdevkit/VOC2007/JPEGImages/000126.jpg,diningtable,diningtable,"[""diningtable"",""chair"",""person""]",5,0.0,0.16931259632110596,0.1716577261686325,-0.143437460064888,0.04323713481426239,1
1326,009154,/Users/von/Projects/cci-local-recovery/rerun_workspace/data/voc2007/VOCdevkit/VOC2007/JPEGImages/009154.jpg,diningtable,diningtable,"[""diningtable"",""chair""]",7,0.8333333134651184,0.4660288691520691,0.4724837839603424,0.7070006728172302,1.029987096786499,1
1327,006630,/Users/von/Projects/cci-local-recovery/rerun_workspace/data/voc2007/VOCdevkit/VOC2007/JPEGImages/006630.jpg,chair,chair,"[""chair"",""tvmonitor""]",3,0.6000000238418579,0.648766040802002,0.6583371758460999,0.16202542185783386,0.8202977180480957,1
1328,006577,/Users/von/Projects/cci-local-recovery/rerun_workspace/data/voc2007/VOCdevkit/VOC2007/JPEGImages/006577.jpg,aeroplane,aeroplane,"[""aeroplane"",""person""]",0,0.7272727489471436,1.138965129852295,1.1629303693771362,-1.0841368436813354,1.3357774019241333,1
1329,003314,/Users/von/Projects/cci-local-recovery/rerun_workspace/data/voc2007/VOCdevkit/VOC2007/JPEGImages/003314.jpg,person,person,"[""person"",""chair"",""tvmonitor""]",6,0.5,0.34426701068878174,0.35012710094451904,-0.46518415212631226,-0.06679707765579224,1
1330,007676,/Users/von/Projects/cci-local-recovery/rerun_workspace/data/voc2007/VOCdevkit/VOC2007/JPEGImages/007676.jpg,aeroplane,aeroplane,"[""aeroplane"",""car"",""person""]",5,1.0,0.23569779098033905,0.24065716564655304,-0.4792422652244568,0.052478864789009094,1
1331,005759,/Users/von/Projects/cci-local-recovery/rerun_workspace/data/voc2007/VOCdevkit/VOC2007/JPEGImages/005759.jpg,motorbike,motorbike,"[""motorbike"",""person""]",6,0.0,0.16450075805187225,0.16694235801696777,0.0007070004940032959,0.09510518610477448,1
1332,003649,/Users/von/Projects/cci-local-recovery/rerun_workspace/data/voc2007/VOCdevkit/VOC2007/JPEGImages/003649.jpg,diningtable,diningtable,"[""diningtable"",""bottle"",""person"",""pottedplant""]",4,0.0,0.9624935388565063,0.9758249521255493,0.15878772735595703,0.5824562907218933,1
1333,009095,/Users/von/Projects/cci-local-recovery/rerun_workspace/data/voc2007/VOCdevkit/VOC2007/JPEGImages/009095.jpg,diningtable,diningtable,"[""diningtable"",""chair"",""sofa""]",4,0.0,0.258102685213089,0.26167765259742737,0.000928729772567749,0.36417749524116516,1
1334,009345,/Users/von/Projects/cci-local-recovery/rerun_workspace/data/voc2007/VOCdevkit/VOC2007/JPEGImages/009345.jpg,sofa,sofa,"[""sofa"",""person""]",3,1.0,0.7463241815567017,0.7584007382392883,-0.11997568607330322,0.7855465412139893,1
1335,003578,/Users/von/Projects/cci-local-recovery/rerun_workspace/data/voc2007/VOCdevkit/VOC2007/JPEGImages/003578.jpg,motorbike,motorbike,"[""motorbike"",""car"",""person""]",3,1.0,2.193119764328003,2.2256710529327393,0.66668701171875,1.6411638259887695,1
1336,001712,/Users/von/Projects/cci-local-recovery/rerun_workspace/data/voc2007/VOCdevkit/VOC2007/JPEGImages/001712.jpg,person,person,"[""person"",""chair"",""pottedplant""]",2,0.8888888955116272,0.30929505825042725,0.31455984711647034,-0.03058794140815735,0.25859323143959045,1
1337,002971,/Users/von/Projects/cci-local-recovery/rerun_workspace/data/voc2007/VOCdevkit/VOC2007/JPEGImages/002971.jpg,aeroplane,aeroplane,"[""aeroplane"",""person""]",1,0.46666666865348816,2.5155420303344727,2.568472146987915,-0.7408750057220459,0.4272921085357666,1
1338,009041,/Users/von/Projects/cci-local-recovery/rerun_workspace/data/voc2007/VOCdevkit/VOC2007/JPEGImages/009041.jpg,motorbike,motorbike,"[""motorbike"",""person""]",2,0.0,0.0025239347014576197,0.002561395987868309,-0.5907313227653503,-0.24905890226364136,1
1339,000961,/Users/von/Projects/cci-local-recovery/rerun_workspace/data/voc2007/VOCdevkit/VOC2007/JPEGImages/000961.jpg,tvmonitor,tvmonitor,"[""tvmonitor"",""car""]",3,0.5714285969734192,9.130880355834961,9.289305686950684,5.987927436828613,8.32861328125,1
1340,009559,/Users/von/Projects/cci-local-recovery/rerun_workspace/data/voc2007/VOCdevkit/VOC2007/JPEGImages/009559.jpg,bicycle,bicycle,"[""bicycle"",""person""]",4,0.0,0.4533064365386963,0.4600297510623932,-0.04219493269920349,0.17131784558296204,1
1341,002204,/Users/von/Projects/cci-local-recovery/rerun_workspace/data/voc2007/VOCdevkit/VOC2007/JPEGImages/002204.jpg,horse,horse,"[""horse"",""person""]",6,1.0,1.3476011753082275,1.3632936477661133,0.26820647716522217,1.2545151710510254,1
1342,009122,/Users/von/Projects/cci-local-recovery/rerun_workspace/data/voc2007/VOCdevkit/VOC2007/JPEGImages/009122.jpg,bus,bus,"[""bus"",""car"",""person""]",4,1.0,3.3149960041046143,3.369218111038208,1.665168046951294,3.2130446434020996,1
1343,003764,/Users/von/Projects/cci-local-recovery/rerun_workspace/data/voc2007/VOCdevkit/VOC2007/JPEGImages/003764.jpg,horse,horse,"[""horse"",""person""]",2,0.0,0.09098318964242935,0.09204266965389252,-0.1036127507686615,0.04711460322141647,1
1344,009276,/Users/von/Projects/cci-local-recovery/rerun_workspace/data/voc2007/VOCdevkit/VOC2007/JPEGImages/009276.jpg,sofa,sofa,"[""sofa"",""dog""]",0,1.0,1.4306881427764893,1.4538387060165405,0.4974721074104309,1.0801613330841064,1
1345,005196,/Users/von/Projects/cci-local-recovery/rerun_workspace/data/voc2007/VOCdevkit/VOC2007/JPEGImages/005196.jpg,sofa,sofa,"[""sofa"",""cat"",""chair"",""person"",""pottedplant""]",1,1.0,1.2365458011627197,1.2565548419952393,-0.16775774955749512,1.2033743858337402,1
1346,002846,/Users/von/Projects/cci-local-recovery/rerun_workspace/data/voc2007/VOCdevkit/VOC2007/JPEGImages/002846.jpg,person,person,"[""person"",""chair""]",2,1.0,0.8138483166694641,0.8277015686035156,-0.10258013010025024,0.7923900485038757,1
1347,006882,/Users/von/Projects/cci-local-recovery/rerun_workspace/data/voc2007/VOCdevkit/VOC2007/JPEGImages/006882.jpg,car,car,"[""car"",""person""]",4,1.0,0.5471619963645935,0.5547777414321899,-0.008235335350036621,1.3657252788543701,1
1348,000069,/Users/von/Projects/cci-local-recovery/rerun_workspace/data/voc2007/VOCdevkit/VOC2007/JPEGImages/000069.jpg,boat,boat,"[""boat"",""person""]",1,1.0,1.5655839443206787,1.5901949405670166,0.2568991184234619,1.0910027027130127,1
1349,006165,/Users/von/Projects/cci-local-recovery/rerun_workspace/data/voc2007/VOCdevkit/VOC2007/JPEGImages/006165.jpg,bicycle,bicycle,"[""bicycle"",""person""]",1,0.9166666865348816,1.5677433013916016,1.5909955501556396,0.13463258743286133,1.5672441720962524,1
1350,004635,/Users/von/Projects/cci-local-recovery/rerun_workspace/data/voc2007/VOCdevkit/VOC2007/JPEGImages/004635.jpg,cow,cow,"[""cow"",""bird""]",6,0.75,2.1614279747009277,2.188316822052002,1.2426557540893555,3.531141757965088,1
1351,003579,/Users/von/Projects/cci-local-recovery/rerun_workspace/data/voc2007/VOCdevkit/VOC2007/JPEGImages/003579.jpg,person,person,"[""person"",""horse""]",3,0.2857142984867096,0.44926944375038147,0.456916868686676,-0.1979801058769226,-0.0009999573230743408,1
1352,000429,/Users/von/Projects/cci-local-recovery/rerun_workspace/data/voc2007/VOCdevkit/VOC2007/JPEGImages/000429.jpg,person,person,"[""person"",""pottedplant""]",4,0.0,0.14880257844924927,0.15133549273014069,-0.232387974858284,-0.05823415517807007,1
1353,001446,/Users/von/Projects/cci-local-recovery/rerun_workspace/data/voc2007/VOCdevkit/VOC2007/JPEGImages/001446.jpg,motorbike,motorbike,"[""motorbike"",""person""]",2,0.0,0.566928505897522,0.575343132019043,-0.44699132442474365,0.1579861044883728,1
1354,000226,/Users/von/Projects/cci-local-recovery/rerun_workspace/data/voc2007/VOCdevkit/VOC2007/JPEGImages/000226.jpg,diningtable,diningtable,"[""diningtable"",""chair"",""person""]",7,0.5714285969734192,0.49793314933776855,0.504830002784729,0.3452932834625244,0.8063199520111084,1
1355,002322,/Users/von/Projects/cci-local-recovery/rerun_workspace/data/voc2007/VOCdevkit/VOC2007/JPEGImages/002322.jpg,diningtable,diningtable,"[""diningtable"",""chair""]",3,0.5,2.1713521480560303,2.201427459716797,2.160853862762451,2.791064739227295,1
1356,007510,/Users/von/Projects/cci-local-recovery/rerun_workspace/data/voc2007/VOCdevkit/VOC2007/JPEGImages/007510.jpg,bus,bus,"[""bus"",""car""]",4,0.8999999761581421,1.1975163221359253,1.2171036005020142,-0.5249508619308472,0.1944671869277954,1
1357,003485,/Users/von/Projects/cci-local-recovery/rerun_workspace/data/voc2007/VOCdevkit/VOC2007/JPEGImages/003485.jpg,person,person,"[""person"",""diningtable""]",2,1.0,0.43762362003326416,0.44507282972335815,-0.24557340145111084,0.03735271096229553,1
1358,004030,/Users/von/Projects/cci-local-recovery/rerun_workspace/data/voc2007/VOCdevkit/VOC2007/JPEGImages/004030.jpg,bus,bus,"[""bus"",""car"",""person""]",1,1.0,3.053891897201538,3.1038432121276855,2.430074691772461,3.707719564437866,1
1359,002583,/Users/von/Projects/cci-local-recovery/rerun_workspace/data/voc2007/VOCdevkit/VOC2007/JPEGImages/002583.jpg,aeroplane,aeroplane,"[""aeroplane"",""car""]",5,1.0,0.09978540986776352,0.10188502073287964,-0.04400864243507385,0.3434135317802429,2
1360,006293,/Users/von/Projects/cci-local-recovery/rerun_workspace/data/voc2007/VOCdevkit/VOC2007/JPEGImages/006293.jpg,chair,chair,"[""chair"",""tvmonitor""]",2,0.0833333358168602,0.9818428754806519,0.996327817440033,-0.7794434428215027,0.5442912578582764,1
1361,006327,/Users/von/Projects/cci-local-recovery/rerun_workspace/data/voc2007/VOCdevkit/VOC2007/JPEGImages/006327.jpg,bus,bus,"[""bus"",""car"",""person""]",2,0.25,0.24355407059192657,0.2475377917289734,-0.2112518846988678,0.05620196461677551,1
1362,008569,/Users/von/Projects/cci-local-recovery/rerun_workspace/data/voc2007/VOCdevkit/VOC2007/JPEGImages/008569.jpg,sofa,sofa,"[""sofa"",""person""]",0,0.800000011920929,0.9878745079040527,1.0038597583770752,0.11279141902923584,0.9119026064872742,1
1363,001658,/Users/von/Projects/cci-local-recovery/rerun_workspace/data/voc2007/VOCdevkit/VOC2007/JPEGImages/001658.jpg,car,car,"[""car"",""motorbike""]",5,0.6000000238418579,0.4135662019252777,0.4193224608898163,-1.2203412055969238,-0.1991104781627655,1
1364,004944,/Users/von/Projects/cci-local-recovery/rerun_workspace/data/voc2007/VOCdevkit/VOC2007/JPEGImages/004944.jpg,bus,bus,"[""bus"",""person""]",3,1.0,1.9701868295669556,2.0024123191833496,0.46770036220550537,2.028965473175049,1
1365,006477,/Users/von/Projects/cci-local-recovery/rerun_workspace/data/voc2007/VOCdevkit/VOC2007/JPEGImages/006477.jpg,person,person,"[""person"",""chair""]",2,0.0,0.21268688142299652,0.21630722284317017,-3.828171730041504,-0.1038113534450531,1
1366,005634,/Users/von/Projects/cci-local-recovery/rerun_workspace/data/voc2007/VOCdevkit/VOC2007/JPEGImages/005634.jpg,person,person,"[""person"",""bird""]",0,0.20000000298023224,0.4398522675037384,0.44733941555023193,-0.24287527799606323,0.5617759823799133,1
1367,006059,/Users/von/Projects/cci-local-recovery/rerun_workspace/data/voc2007/VOCdevkit/VOC2007/JPEGImages/006059.jpg,motorbike,motorbike,"[""motorbike"",""person""]",3,0.8571428656578064,2.2706375122070312,2.3043394088745117,1.551627516746521,2.1036508083343506,1
1368,005266,/Users/von/Projects/cci-local-recovery/rerun_workspace/data/voc2007/VOCdevkit/VOC2007/JPEGImages/005266.jpg,sofa,sofa,"[""sofa"",""chair"",""pottedplant""]",1,1.0,1.6689480543136597,1.6959539651870728,1.0101003646850586,1.5875797271728516,1
1369,002430,/Users/von/Projects/cci-local-recovery/rerun_workspace/data/voc2007/VOCdevkit/VOC2007/JPEGImages/002430.jpg,cat,cat,"[""cat"",""tvmonitor""]",2,0.4285714328289032,0.15430764853954315,0.15668025612831116,-0.19402757287025452,-0.0013670623302459717,1
1370,008762,/Users/von/Projects/cci-local-recovery/rerun_workspace/data/voc2007/VOCdevkit/VOC2007/JPEGImages/008762.jpg,person,person,"[""person"",""dog"",""sofa""]",5,0.6666666865348816,0.4684303402900696,0.4764039218425751,-0.16494151949882507,0.6764779090881348,1
1371,006226,/Users/von/Projects/cci-local-recovery/rerun_workspace/data/voc2007/VOCdevkit/VOC2007/JPEGImages/006226.jpg,diningtable,diningtable,"[""diningtable"",""chair"",""person""]",2,1.0,2.2531635761260986,2.284371852874756,2.3854990005493164,2.844229221343994,1
1372,009277,/Users/von/Projects/cci-local-recovery/rerun_workspace/data/voc2007/VOCdevkit/VOC2007/JPEGImages/009277.jpg,motorbike,motorbike,"[""motorbike"",""person""]",6,1.0,1.6153178215026855,1.6392930746078491,0.11391186714172363,1.0451242923736572,1
1373,003052,/Users/von/Projects/cci-local-recovery/rerun_workspace/data/voc2007/VOCdevkit/VOC2007/JPEGImages/003052.jpg,person,person,"[""person"",""car""]",7,0.8333333134651184,0.3940957486629486,0.4008040130138397,-0.20452305674552917,0.2951110899448395,1
1374,007444,/Users/von/Projects/cci-local-recovery/rerun_workspace/data/voc2007/VOCdevkit/VOC2007/JPEGImages/007444.jpg,person,person,"[""person"",""sheep""]",5,0.75,0.02424020878970623,0.02465282380580902,-0.20928747951984406,0.18025550246238708,1
1375,005973,/Users/von/Projects/cci-local-recovery/rerun_workspace/data/voc2007/VOCdevkit/VOC2007/JPEGImages/005973.jpg,horse,horse,"[""horse"",""person""]",0,0.0,0.4763803482055664,0.48192769289016724,0.06688600778579712,0.23403018712997437,1
1376,005650,/Users/von/Projects/cci-local-recovery/rerun_workspace/data/voc2007/VOCdevkit/VOC2007/JPEGImages/005650.jpg,person,person,"[""person"",""pottedplant""]",5,1.0,0.3367821276187897,0.3425148129463196,-0.027834534645080566,0.2610549330711365,1
1377,008277,/Users/von/Projects/cci-local-recovery/rerun_workspace/data/voc2007/VOCdevkit/VOC2007/JPEGImages/008277.jpg,person,person,"[""person"",""tvmonitor""]",4,0.8999999761581421,0.9457533955574036,0.961851954460144,0.6564687490463257,1.4745891094207764,1
1378,002325,/Users/von/Projects/cci-local-recovery/rerun_workspace/data/voc2007/VOCdevkit/VOC2007/JPEGImages/002325.jpg,person,person,"[""person"",""bicycle""]",4,0.0,0.6001816987991333,0.6103979349136353,-0.32417333126068115,0.19887757301330566,1
1379,003139,/Users/von/Projects/cci-local-recovery/rerun_workspace/data/voc2007/VOCdevkit/VOC2007/JPEGImages/003139.jpg,person,person,"[""person"",""chair"",""diningtable""]",1,1.0,0.07900717109441757,0.08035202324390411,-0.3205782175064087,0.05495476722717285,1
1380,001452,/Users/von/Projects/cci-local-recovery/rerun_workspace/data/voc2007/VOCdevkit/VOC2007/JPEGImages/001452.jpg,person,person,"[""person"",""horse""]",0,0.0,0.5690634250640869,0.5787500143051147,-0.39749377965927124,0.09473419189453125,1
1381,002269,/Users/von/Projects/cci-local-recovery/rerun_workspace/data/voc2007/VOCdevkit/VOC2007/JPEGImages/002269.jpg,person,person,"[""person"",""horse""]",7,0.3333333432674408,0.4625650942325592,0.4704388380050659,-0.12559491395950317,0.11708086729049683,1
1382,008947,/Users/von/Projects/cci-local-recovery/rerun_workspace/data/voc2007/VOCdevkit/VOC2007/JPEGImages/008947.jpg,sofa,sofa,"[""sofa"",""chair"",""pottedplant"",""tvmonitor""]",3,0.2222222238779068,0.8385317325592041,0.8521003723144531,1.076812982559204,1.9848133325576782,1
1383,007861,/Users/von/Projects/cci-local-recovery/rerun_workspace/data/voc2007/VOCdevkit/VOC2007/JPEGImages/007861.jpg,car,car,"[""car"",""person""]",3,1.0,0.22026322782039642,0.22332899272441864,-0.28201669454574585,0.4355792701244354,1
1384,006986,/Users/von/Projects/cci-local-recovery/rerun_workspace/data/voc2007/VOCdevkit/VOC2007/JPEGImages/006986.jpg,person,person,"[""person"",""bus""]",3,1.0,0.48035046458244324,0.48852697014808655,-0.14214858412742615,0.6414699554443359,1
1385,005560,/Users/von/Projects/cci-local-recovery/rerun_workspace/data/voc2007/VOCdevkit/VOC2007/JPEGImages/005560.jpg,bicycle,bicycle,"[""bicycle"",""person""]",1,0.4285714328289032,0.5457798838615417,0.5538747310638428,-0.43559467792510986,0.24895790219306946,1
1386,003768,/Users/von/Projects/cci-local-recovery/rerun_workspace/data/voc2007/VOCdevkit/VOC2007/JPEGImages/003768.jpg,bicycle,bicycle,"[""bicycle"",""person""]",7,1.0,0.7674849033355713,0.7788680195808411,-0.06090819835662842,0.4531368315219879,1
1387,005967,/Users/von/Projects/cci-local-recovery/rerun_workspace/data/voc2007/VOCdevkit/VOC2007/JPEGImages/005967.jpg,horse,horse,"[""horse"",""person""]",5,1.0,0.8443832397460938,0.8542158603668213,-0.14590346813201904,0.5800413489341736,1
1388,008839,/Users/von/Projects/cci-local-recovery/rerun_workspace/data/voc2007/VOCdevkit/VOC2007/JPEGImages/008839.jpg,person,person,"[""person"",""bicycle""]",4,1.0,0.009075614623725414,0.009230099618434906,-0.4598517119884491,0.16901203989982605,1
1389,004745,/Users/von/Projects/cci-local-recovery/rerun_workspace/data/voc2007/VOCdevkit/VOC2007/JPEGImages/004745.jpg,car,car,"[""car"",""person""]",6,0.2222222238779068,0.039801228791475296,0.04035520553588867,-0.7026956081390381,0.11792928725481033,1
1390,003583,/Users/von/Projects/cci-local-recovery/rerun_workspace/data/voc2007/VOCdevkit/VOC2007/JPEGImages/003583.jpg,horse,horse,"[""horse"",""person""]",7,0.7777777910232544,0.4342537820339203,0.43931058049201965,-0.24736085534095764,0.030815482139587402,2
1391,007017,/Users/von/Projects/cci-local-recovery/rerun_workspace/data/voc2007/VOCdevkit/VOC2007/JPEGImages/007017.jpg,person,person,"[""person"",""dog""]",4,1.0,0.8603249192237854,0.8749693036079407,-0.3369569182395935,0.24658596515655518,1
1392,000840,/Users/von/Projects/cci-local-recovery/rerun_workspace/data/voc2007/VOCdevkit/VOC2007/JPEGImages/000840.jpg,sofa,sofa,"[""sofa"",""pottedplant""]",5,1.0,2.381927967071533,2.420470952987671,1.6365933418273926,2.2890825271606445,1
1393,007975,/Users/von/Projects/cci-local-recovery/rerun_workspace/data/voc2007/VOCdevkit/VOC2007/JPEGImages/007975.jpg,horse,horse,"[""horse"",""person""]",0,1.0,0.6942130923271179,0.702297031879425,-0.03387761116027832,0.706206202507019,1
1394,003388,/Users/von/Projects/cci-local-recovery/rerun_workspace/data/voc2007/VOCdevkit/VOC2007/JPEGImages/003388.jpg,person,person,"[""person"",""bicycle""]",7,0.0,0.306863009929657,0.31208640336990356,0.052705854177474976,0.30156388878822327,1
1395,008537,/Users/von/Projects/cci-local-recovery/rerun_workspace/data/voc2007/VOCdevkit/VOC2007/JPEGImages/008537.jpg,aeroplane,aeroplane,"[""aeroplane"",""person""]",2,0.30000001192092896,0.3499200940132141,0.3572828471660614,-0.0819413959980011,0.45376503467559814,2
1396,003641,/Users/von/Projects/cci-local-recovery/rerun_workspace/data/voc2007/VOCdevkit/VOC2007/JPEGImages/003641.jpg,sofa,sofa,"[""sofa"",""person""]",0,1.0,1.8580049276351929,1.8880701065063477,1.2484691143035889,2.1112546920776367,1
1397,002925,/Users/von/Projects/cci-local-recovery/rerun_workspace/data/voc2007/VOCdevkit/VOC2007/JPEGImages/002925.jpg,person,person,"[""person"",""pottedplant""]",7,1.0,0.3947794735431671,0.4014993906021118,-0.46541714668273926,0.3340018689632416,2
1398,004927,/Users/von/Projects/cci-local-recovery/rerun_workspace/data/voc2007/VOCdevkit/VOC2007/JPEGImages/004927.jpg,car,car,"[""car"",""person""]",4,1.0,0.4395296573638916,0.44564729928970337,0.06911361217498779,0.7955310940742493,1
1399,006546,/Users/von/Projects/cci-local-recovery/rerun_workspace/data/voc2007/VOCdevkit/VOC2007/JPEGImages/006546.jpg,diningtable,diningtable,"[""diningtable"",""chair"",""person""]",2,0.8571428656578064,0.9054601192474365,0.9180015921592712,0.3303781747817993,0.9369959235191345,1
1400,007912,/Users/von/Projects/cci-local-recovery/rerun_workspace/data/voc2007/VOCdevkit/VOC2007/JPEGImages/007912.jpg,bus,bus,"[""bus"",""person""]",4,0.0,0.8801345229148865,0.8945305347442627,0.3039311170578003,0.5089620351791382,1
1401,008802,/Users/von/Projects/cci-local-recovery/rerun_workspace/data/voc2007/VOCdevkit/VOC2007/JPEGImages/008802.jpg,horse,horse,"[""horse"",""person""]",2,1.0,1.1797685623168945,1.1935067176818848,0.70086669921875,1.8152906894683838,1
1402,007384,/Users/von/Projects/cci-local-recovery/rerun_workspace/data/voc2007/VOCdevkit/VOC2007/JPEGImages/007384.jpg,dog,dog,"[""dog"",""chair""]",2,1.0,0.37135398387908936,0.3765711784362793,0.19542139768600464,0.7025341987609863,1
1403,005870,/Users/von/Projects/cci-local-recovery/rerun_workspace/data/voc2007/VOCdevkit/VOC2007/JPEGImages/005870.jpg,bus,bus,"[""bus"",""car"",""person""]",5,1.0,0.6491013169288635,0.65971839427948,-0.34667086601257324,0.7100988030433655,1
1404,008405,/Users/von/Projects/cci-local-recovery/rerun_workspace/data/voc2007/VOCdevkit/VOC2007/JPEGImages/008405.jpg,tvmonitor,tvmonitor,"[""tvmonitor"",""bottle""]",1,0.8571428656578064,1.2571656703948975,1.2789781093597412,0.6338268518447876,1.4933643341064453,1
1405,006861,/Users/von/Projects/cci-local-recovery/rerun_workspace/data/voc2007/VOCdevkit/VOC2007/JPEGImages/006861.jpg,person,person,"[""person"",""bicycle"",""pottedplant""]",3,1.0,2.435908794403076,2.477372646331787,1.5455468893051147,2.3533542156219482,1
1406,008686,/Users/von/Projects/cci-local-recovery/rerun_workspace/data/voc2007/VOCdevkit/VOC2007/JPEGImages/008686.jpg,person,person,"[""person"",""bottle"",""tvmonitor""]",3,0.0,0.14232952892780304,0.14475224912166595,-1.029532790184021,-0.03927189111709595,2
1407,005827,/Users/von/Projects/cci-local-recovery/rerun_workspace/data/voc2007/VOCdevkit/VOC2007/JPEGImages/005827.jpg,chair,chair,"[""chair"",""tvmonitor""]",2,0.8571428656578064,1.747636079788208,1.773418664932251,1.1835557222366333,1.691552758216858,1
1408,000444,/Users/von/Projects/cci-local-recovery/rerun_workspace/data/voc2007/VOCdevkit/VOC2007/JPEGImages/000444.jpg,boat,boat,"[""boat"",""person""]",1,0.125,0.7793660163879395,0.7916176319122314,0.03523629903793335,0.7209444642066956,1
1409,006207,/Users/von/Projects/cci-local-recovery/rerun_workspace/data/voc2007/VOCdevkit/VOC2007/JPEGImages/006207.jpg,horse,horse,"[""horse"",""person""]",1,1.0,1.3743796348571777,1.3903839588165283,0.31366539001464844,1.2585639953613281,1
1410,004877,/Users/von/Projects/cci-local-recovery/rerun_workspace/data/voc2007/VOCdevkit/VOC2007/JPEGImages/004877.jpg,bird,bird,"[""bird"",""person""]",2,0.20000000298023224,0.5376266837120056,0.5452491044998169,-0.08639460802078247,0.2769462764263153,1
1411,004299,/Users/von/Projects/cci-local-recovery/rerun_workspace/data/voc2007/VOCdevkit/VOC2007/JPEGImages/004299.jpg,boat,boat,"[""boat"",""person""]",6,0.25,-0.028383003547787666,-0.0288291834294796,-0.11031751334667206,0.19931660592556,1
1412,002638,/Users/von/Projects/cci-local-recovery/rerun_workspace/data/voc2007/VOCdevkit/VOC2007/JPEGImages/002638.jpg,chair,chair,"[""chair"",""tvmonitor""]",4,0.1428571492433548,0.5460651516914368,0.5541211366653442,-0.9471206665039062,-0.28102177381515503,1
1413,001165,/Users/von/Projects/cci-local-recovery/rerun_workspace/data/voc2007/VOCdevkit/VOC2007/JPEGImages/001165.jpg,person,person,"[""person"",""bicycle""]",7,0.0,0.06848497688770294,0.06965072453022003,-0.10546667873859406,0.11594147980213165,1
1414,002246,/Users/von/Projects/cci-local-recovery/rerun_workspace/data/voc2007/VOCdevkit/VOC2007/JPEGImages/002246.jpg,aeroplane,aeroplane,"[""aeroplane"",""person""]",6,1.0,0.16373221576213837,0.16717734932899475,-0.5002458095550537,-0.04569229483604431,1
1415,008510,/Users/von/Projects/cci-local-recovery/rerun_workspace/data/voc2007/VOCdevkit/VOC2007/JPEGImages/008510.jpg,sofa,sofa,"[""sofa"",""person""]",7,1.0,0.6727791428565979,0.6836656332015991,0.7724546194076538,1.0373435020446777,1
1416,006333,/Users/von/Projects/cci-local-recovery/rerun_workspace/data/voc2007/VOCdevkit/VOC2007/JPEGImages/006333.jpg,car,car,"[""car"",""person""]",1,0.3636363744735718,0.2642538249492645,0.26793187856674194,-0.13713288307189941,0.42550307512283325,1
1417,006253,/Users/von/Projects/cci-local-recovery/rerun_workspace/data/voc2007/VOCdevkit/VOC2007/JPEGImages/006253.jpg,dog,dog,"[""dog"",""cat""]",6,0.875,0.2823537290096283,0.2863205373287201,-0.47341814637184143,0.6242973804473877,2
1418,008505,/Users/von/Projects/cci-local-recovery/rerun_workspace/data/voc2007/VOCdevkit/VOC2007/JPEGImages/008505.jpg,person,person,"[""person"",""diningtable""]",1,1.0,0.9342589974403381,0.950161874294281,-0.8279353976249695,0.024706482887268066,1
1419,009363,/Users/von/Projects/cci-local-recovery/rerun_workspace/data/voc2007/VOCdevkit/VOC2007/JPEGImages/009363.jpg,sofa,sofa,"[""sofa"",""person""]",0,0.5714285969734192,1.3653526306152344,1.3874459266662598,-1.4250590801239014,-0.6431930065155029,1
1420,008155,/Users/von/Projects/cci-local-recovery/rerun_workspace/data/voc2007/VOCdevkit/VOC2007/JPEGImages/008155.jpg,sofa,sofa,"[""sofa"",""pottedplant""]",0,1.0,3.7564926147460938,3.8172779083251953,3.254554271697998,3.878129243850708,1
1421,000346,/Users/von/Projects/cci-local-recovery/rerun_workspace/data/voc2007/VOCdevkit/VOC2007/JPEGImages/000346.jpg,person,person,"[""person"",""bottle""]",6,1.0,0.2570113241672516,0.2613861560821533,0.019856035709381104,0.5554585456848145,1
1422,004045,/Users/von/Projects/cci-local-recovery/rerun_workspace/data/voc2007/VOCdevkit/VOC2007/JPEGImages/004045.jpg,sofa,sofa,"[""sofa"",""chair"",""pottedplant""]",0,0.6666666865348816,0.5604725480079651,0.5695418119430542,-0.536916971206665,0.6277453303337097,1
1423,000643,/Users/von/Projects/cci-local-recovery/rerun_workspace/data/voc2007/VOCdevkit/VOC2007/JPEGImages/000643.jpg,person,person,"[""person"",""motorbike""]",5,0.0,0.09287736564874649,0.09445831924676895,-0.5362334847450256,-0.07131931930780411,1
1424,001244,/Users/von/Projects/cci-local-recovery/rerun_workspace/data/voc2007/VOCdevkit/VOC2007/JPEGImages/001244.jpg,person,person,"[""person"",""bottle"",""chair""]",5,1.0,0.7040290236473083,0.7160129547119141,-0.27505916357040405,0.43283942341804504,1
1425,001812,/Users/von/Projects/cci-local-recovery/rerun_workspace/data/voc2007/VOCdevkit/VOC2007/JPEGImages/001812.jpg,person,person,"[""person"",""bottle"",""pottedplant""]",2,0.6666666865348816,1.1655861139297485,1.1854265928268433,1.8224048614501953,2.7500901222229004,1
1426,002655,/Users/von/Projects/cci-local-recovery/rerun_workspace/data/voc2007/VOCdevkit/VOC2007/JPEGImages/002655.jpg,horse,horse,"[""horse"",""person""]",3,1.0,2.0083558559417725,2.031742811203003,1.5828821659088135,2.7331485748291016,1
1427,007319,/Users/von/Projects/cci-local-recovery/rerun_workspace/data/voc2007/VOCdevkit/VOC2007/JPEGImages/007319.jpg,pottedplant,pottedplant,"[""pottedplant"",""chair"",""person"",""sofa""]",6,1.0,3.121772527694702,3.164609909057617,2.8777334690093994,4.006016254425049,1
1428,004637,/Users/von/Projects/cci-local-recovery/rerun_workspace/data/voc2007/VOCdevkit/VOC2007/JPEGImages/004637.jpg,person,person,"[""person"",""bicycle""]",2,0.0,1.0701534748077393,1.088369607925415,-0.47177088260650635,0.14719867706298828,1
1429,005357,/Users/von/Projects/cci-local-recovery/rerun_workspace/data/voc2007/VOCdevkit/VOC2007/JPEGImages/005357.jpg,car,car,"[""car"",""person""]",1,1.0,0.664592444896698,0.6738426685333252,0.007568717002868652,0.7382404804229736,1
1430,008451,/Users/von/Projects/cci-local-recovery/rerun_workspace/data/voc2007/VOCdevkit/VOC2007/JPEGImages/008451.jpg,person,person,"[""person"",""car"",""tvmonitor""]",6,1.0,0.30588260293006897,0.31108930706977844,-0.008513122797012329,0.2505708932876587,1
1431,003029,/Users/von/Projects/cci-local-recovery/rerun_workspace/data/voc2007/VOCdevkit/VOC2007/JPEGImages/003029.jpg,sofa,sofa,"[""sofa"",""person"",""pottedplant""]",6,1.0,1.3159157037734985,1.3372091054916382,0.7410126328468323,1.2948249578475952,1
1432,007368,/Users/von/Projects/cci-local-recovery/rerun_workspace/data/voc2007/VOCdevkit/VOC2007/JPEGImages/007368.jpg,motorbike,motorbike,"[""motorbike"",""car"",""person""]",3,0.0,-0.21119213104248047,-0.21432673931121826,-0.6498121023178101,-0.13918191194534302,1
1433,002469,/Users/von/Projects/cci-local-recovery/rerun_workspace/data/voc2007/VOCdevkit/VOC2007/JPEGImages/002469.jpg,person,person,"[""person"",""tvmonitor""]",1,1.0,1.3911266326904297,1.4148063659667969,-0.880164623260498,0.5345306396484375,1
1434,008491,/Users/von/Projects/cci-local-recovery/rerun_workspace/data/voc2007/VOCdevkit/VOC2007/JPEGImages/008491.jpg,person,person,"[""person"",""dog""]",4,0.75,1.077562689781189,1.0959049463272095,0.6940231323242188,1.7116196155548096,1
1435,003989,/Users/von/Projects/cci-local-recovery/rerun_workspace/data/voc2007/VOCdevkit/VOC2007/JPEGImages/003989.jpg,person,person,"[""person"",""motorbike""]",2,1.0,0.11724667251110077,0.11924243718385696,-0.36710062623023987,0.12997154891490936,1
1436,009766,/Users/von/Projects/cci-local-recovery/rerun_workspace/data/voc2007/VOCdevkit/VOC2007/JPEGImages/009766.jpg,sofa,sofa,"[""sofa"",""person""]",3,0.5,0.8409605026245117,0.8545684218406677,-0.5336524844169617,0.4311462640762329,1
1437,005464,/Users/von/Projects/cci-local-recovery/rerun_workspace/data/voc2007/VOCdevkit/VOC2007/JPEGImages/005464.jpg,diningtable,diningtable,"[""diningtable"",""chair"",""person""]",7,1.0,0.7620723843574524,0.7726277709007263,-0.14091086387634277,0.5866723656654358,1
1438,005627,/Users/von/Projects/cci-local-recovery/rerun_workspace/data/voc2007/VOCdevkit/VOC2007/JPEGImages/005627.jpg,car,car,"[""car"",""chair""]",4,0.800000011920929,0.22286373376846313,0.2259656935930252,0.2706228196620941,1.2018109560012817,2
1439,005997,/Users/von/Projects/cci-local-recovery/rerun_workspace/data/voc2007/VOCdevkit/VOC2007/JPEGImages/005997.jpg,dog,dog,"[""dog"",""tvmonitor""]",0,1.0,5.420079231262207,5.4962263107299805,4.500175476074219,6.325113773345947,1
1440,003113,/Users/von/Projects/cci-local-recovery/rerun_workspace/data/voc2007/VOCdevkit/VOC2007/JPEGImages/003113.jpg,pottedplant,pottedplant,"[""pottedplant"",""tvmonitor""]",3,1.0,1.9327117204666138,1.9592326879501343,0.912830114364624,1.4280927181243896,1
1441,006118,/Users/von/Projects/cci-local-recovery/rerun_workspace/data/voc2007/VOCdevkit/VOC2007/JPEGImages/006118.jpg,person,person,"[""person"",""bicycle""]",5,0.75,0.36430302262306213,0.3705041706562042,-0.08111247420310974,0.19705156981945038,1
1442,004475,/Users/von/Projects/cci-local-recovery/rerun_workspace/data/voc2007/VOCdevkit/VOC2007/JPEGImages/004475.jpg,motorbike,motorbike,"[""motorbike"",""person""]",3,1.0,0.6099648475646973,0.6190181970596313,-0.5567173957824707,1.1540496349334717,1
1443,001085,/Users/von/Projects/cci-local-recovery/rerun_workspace/data/voc2007/VOCdevkit/VOC2007/JPEGImages/001085.jpg,car,car,"[""car"",""person""]",5,1.0,0.47014737129211426,0.4766911566257477,-0.3444463312625885,0.264728307723999,1
1444,001674,/Users/von/Projects/cci-local-recovery/rerun_workspace/data/voc2007/VOCdevkit/VOC2007/JPEGImages/001674.jpg,diningtable,diningtable,"[""diningtable"",""chair""]",4,0.4285714328289032,1.618737816810608,1.6411588191986084,1.3312143087387085,1.877895474433899,1
1445,003778,/Users/von/Projects/cci-local-recovery/rerun_workspace/data/voc2007/VOCdevkit/VOC2007/JPEGImages/003778.jpg,cat,cat,"[""cat"",""pottedplant""]",3,1.0,1.6815305948257446,1.707385540008545,-0.058408141136169434,0.9226417541503906,1
1446,004250,/Users/von/Projects/cci-local-recovery/rerun_workspace/data/voc2007/VOCdevkit/VOC2007/JPEGImages/004250.jpg,diningtable,diningtable,"[""diningtable"",""chair""]",6,1.0,0.19933226704597473,0.2020931988954544,-0.10903562605381012,0.24806827306747437,1
1447,008271,/Users/von/Projects/cci-local-recovery/rerun_workspace/data/voc2007/VOCdevkit/VOC2007/JPEGImages/008271.jpg,pottedplant,pottedplant,"[""pottedplant"",""car"",""person""]",7,1.0,1.7114670276641846,1.7349519729614258,1.8979692459106445,2.43475079536438,1
1448,001163,/Users/von/Projects/cci-local-recovery/rerun_workspace/data/voc2007/VOCdevkit/VOC2007/JPEGImages/001163.jpg,sofa,sofa,"[""sofa"",""chair"",""diningtable""]",7,0.75,1.305006504058838,1.3261233568191528,1.8776655197143555,2.3768820762634277,1
1449,003237,/Users/von/Projects/cci-local-recovery/rerun_workspace/data/voc2007/VOCdevkit/VOC2007/JPEGImages/003237.jpg,horse,horse,"[""horse"",""person""]",2,0.0,0.08865893632173538,0.08969134837388992,-0.11397577077150345,0.25020942091941833,1
1450,007645,/Users/von/Projects/cci-local-recovery/rerun_workspace/data/voc2007/VOCdevkit/VOC2007/JPEGImages/007645.jpg,motorbike,motorbike,"[""motorbike"",""person""]",1,0.5555555820465088,1.0677939653396606,1.083642601966858,-0.27562570571899414,0.362987756729126,1
1451,005922,/Users/von/Projects/cci-local-recovery/rerun_workspace/data/voc2007/VOCdevkit/VOC2007/JPEGImages/005922.jpg,person,person,"[""person"",""pottedplant""]",1,0.75,1.0471948385238647,1.0650200843811035,1.8359997272491455,3.2648580074310303,1
1452,004289,/Users/von/Projects/cci-local-recovery/rerun_workspace/data/voc2007/VOCdevkit/VOC2007/JPEGImages/004289.jpg,person,person,"[""person"",""tvmonitor""]",1,1.0,0.4260741174221039,0.43332672119140625,-0.3238356113433838,0.24825792014598846,1
1453,001351,/Users/von/Projects/cci-local-recovery/rerun_workspace/data/voc2007/VOCdevkit/VOC2007/JPEGImages/001351.jpg,person,person,"[""person"",""chair""]",5,0.0,0.5054833292961121,0.5140876173973083,-0.14148908853530884,0.046097248792648315,1
1454,008786,/Users/von/Projects/cci-local-recovery/rerun_workspace/data/voc2007/VOCdevkit/VOC2007/JPEGImages/008786.jpg,horse,horse,"[""horse"",""person""]",6,1.0,2.0983896255493164,2.1228249073028564,2.0111796855926514,2.777294635772705,1
1455,000986,/Users/von/Projects/cci-local-recovery/rerun_workspace/data/voc2007/VOCdevkit/VOC2007/JPEGImages/000986.jpg,horse,horse,"[""horse"",""cow"",""person""]",0,1.0,0.900352418422699,0.9108368158340454,0.3382413983345032,0.7818573713302612,1
1456,000784,/Users/von/Projects/cci-local-recovery/rerun_workspace/data/voc2007/VOCdevkit/VOC2007/JPEGImages/000784.jpg,person,person,"[""person"",""pottedplant""]",0,1.0,-0.05394628643989563,-0.0548645555973053,-0.7206991910934448,0.4112301170825958,1
1457,008458,/Users/von/Projects/cci-local-recovery/rerun_workspace/data/voc2007/VOCdevkit/VOC2007/JPEGImages/008458.jpg,person,person,"[""person"",""bottle"",""pottedplant""]",2,0.8333333134651184,0.5747572183609009,0.5845407247543335,0.046642005443573,0.48841914534568787,1
1458,004118,/Users/von/Projects/cci-local-recovery/rerun_workspace/data/voc2007/VOCdevkit/VOC2007/JPEGImages/004118.jpg,person,person,"[""person"",""bottle""]",4,1.0,0.650470495223999,0.6615427732467651,0.34884247183799744,0.8882626891136169,1
1459,002475,/Users/von/Projects/cci-local-recovery/rerun_workspace/data/voc2007/VOCdevkit/VOC2007/JPEGImages/002475.jpg,person,person,"[""person"",""bicycle""]",4,0.0,0.18315117061138153,0.18626876175403595,-0.23115192353725433,-0.028289437294006348,1
1460,001629,/Users/von/Projects/cci-local-recovery/rerun_workspace/data/voc2007/VOCdevkit/VOC2007/JPEGImages/001629.jpg,person,person,"[""person"",""chair"",""sofa""]",3,1.0,-0.17104429006576538,-0.1739557981491089,-0.6597422957420349,0.6791874170303345,1
1461,006340,/Users/von/Projects/cci-local-recovery/rerun_workspace/data/voc2007/VOCdevkit/VOC2007/JPEGImages/006340.jpg,car,car,"[""car"",""person""]",2,0.5625,0.257074773311615,0.26065289974212646,-0.2715345025062561,0.47800618410110474,1
1462,002860,/Users/von/Projects/cci-local-recovery/rerun_workspace/data/voc2007/VOCdevkit/VOC2007/JPEGImages/002860.jpg,bicycle,bicycle,"[""bicycle"",""dog"",""person""]",0,0.8571428656578064,1.450998067855835,1.472518801689148,0.8574371933937073,1.2759417295455933,1
1463,002694,/Users/von/Projects/cci-local-recovery/rerun_workspace/data/voc2007/VOCdevkit/VOC2007/JPEGImages/002694.jpg,person,person,"[""person"",""cat""]",1,0.9166666865348816,0.6190382242202759,0.6295754313468933,-0.3783281445503235,0.23848891258239746,1
1464,004465,/Users/von/Projects/cci-local-recovery/rerun_workspace/data/voc2007/VOCdevkit/VOC2007/JPEGImages/004465.jpg,sofa,sofa,"[""sofa"",""dog"",""person""]",4,1.0,0.6861914396286011,0.6972950100898743,-4.532169342041016,0.30531540513038635,1
1465,000196,/Users/von/Projects/cci-local-recovery/rerun_workspace/data/voc2007/VOCdevkit/VOC2007/JPEGImages/000196.jpg,chair,chair,"[""chair"",""pottedplant""]",2,0.8571428656578064,1.5080684423446655,1.530316710472107,1.2209458351135254,2.5003280639648438,1
1466,009294,/Users/von/Projects/cci-local-recovery/rerun_workspace/data/voc2007/VOCdevkit/VOC2007/JPEGImages/009294.jpg,chair,chair,"[""chair"",""person""]",7,1.0,0.48554837703704834,0.49271160364151,-0.2593214511871338,0.20132461190223694,1
1467,000749,/Users/von/Projects/cci-local-recovery/rerun_workspace/data/voc2007/VOCdevkit/VOC2007/JPEGImages/000749.jpg,diningtable,diningtable,"[""diningtable"",""chair""]",4,0.0,0.8772829174995422,0.8894340991973877,0.5038336515426636,0.8186208009719849,1
1468,003482,/Users/von/Projects/cci-local-recovery/rerun_workspace/data/voc2007/VOCdevkit/VOC2007/JPEGImages/003482.jpg,person,person,"[""person"",""bicycle""]",0,0.875,0.4135332405567169,0.4205723702907562,-1.072317361831665,0.10390254855155945,1
1469,002409,/Users/von/Projects/cci-local-recovery/rerun_workspace/data/voc2007/VOCdevkit/VOC2007/JPEGImages/002409.jpg,horse,horse,"[""horse"",""person""]",1,0.5384615659713745,0.35645413398742676,0.3606049716472626,0.0419139564037323,0.3052172362804413,1
1470,000327,/Users/von/Projects/cci-local-recovery/rerun_workspace/data/voc2007/VOCdevkit/VOC2007/JPEGImages/000327.jpg,diningtable,diningtable,"[""diningtable"",""bottle"",""chair""]",7,0.0,1.377947449684143,1.3970333337783813,-0.3063995838165283,1.3143501281738281,1
1471,000666,/Users/von/Projects/cci-local-recovery/rerun_workspace/data/voc2007/VOCdevkit/VOC2007/JPEGImages/000666.jpg,horse,horse,"[""horse"",""person""]",5,1.0,0.44740715622901917,0.4526171088218689,-0.12355989217758179,1.1677156686782837,1
1472,009084,/Users/von/Projects/cci-local-recovery/rerun_workspace/data/voc2007/VOCdevkit/VOC2007/JPEGImages/009084.jpg,motorbike,motorbike,"[""motorbike"",""chair"",""dog"",""person""]",3,1.0,2.0422470569610596,2.072559118270874,-0.7226290702819824,0.9265902042388916,1
1473,005295,/Users/von/Projects/cci-local-recovery/rerun_workspace/data/voc2007/VOCdevkit/VOC2007/JPEGImages/005295.jpg,person,person,"[""person"",""chair""]",1,0.0833333358168602,0.13874408602714539,0.1411057859659195,-0.3307695984840393,0.17983199656009674,1
1474,003153,/Users/von/Projects/cci-local-recovery/rerun_workspace/data/voc2007/VOCdevkit/VOC2007/JPEGImages/003153.jpg,diningtable,diningtable,"[""diningtable"",""person""]",2,1.0,0.5617093443870544,0.5694895386695862,0.22293749451637268,0.5838621854782104,1
1475,003981,/Users/von/Projects/cci-local-recovery/rerun_workspace/data/voc2007/VOCdevkit/VOC2007/JPEGImages/003981.jpg,person,person,"[""person"",""tvmonitor""]",1,1.0,0.7388022541999817,0.7513781189918518,0.42411765456199646,1.0137540102005005,1
1476,000139,/Users/von/Projects/cci-local-recovery/rerun_workspace/data/voc2007/VOCdevkit/VOC2007/JPEGImages/000139.jpg,bicycle,bicycle,"[""bicycle"",""person""]",2,0.875,2.426784038543701,2.4627773761749268,2.739905595779419,3.6950161457061768,1
1477,007232,/Users/von/Projects/cci-local-recovery/rerun_workspace/data/voc2007/VOCdevkit/VOC2007/JPEGImages/007232.jpg,person,person,"[""person"",""bicycle""]",5,0.0,0.10396765917539597,0.10573738813400269,-0.198318213224411,0.058094754815101624,1
1478,008963,/Users/von/Projects/cci-local-recovery/rerun_workspace/data/voc2007/VOCdevkit/VOC2007/JPEGImages/008963.jpg,person,person,"[""person"",""chair"",""diningtable""]",2,1.0,-0.017468182370066643,-0.017765523865818977,-0.2609331011772156,-0.02984745055437088,1
1479,000866,/Users/von/Projects/cci-local-recovery/rerun_workspace/data/voc2007/VOCdevkit/VOC2007/JPEGImages/000866.jpg,horse,horse,"[""horse"",""person""]",6,0.4000000059604645,0.4871526062488556,0.49282538890838623,-1.1308504343032837,-0.10801470279693604,1
1480,006563,/Users/von/Projects/cci-local-recovery/rerun_workspace/data/voc2007/VOCdevkit/VOC2007/JPEGImages/006563.jpg,person,person,"[""person"",""sofa""]",7,0.0,0.18631888926029205,0.1894903928041458,-0.13099656999111176,0.22782298922538757,1
1481,007364,/Users/von/Projects/cci-local-recovery/rerun_workspace/data/voc2007/VOCdevkit/VOC2007/JPEGImages/007364.jpg,sofa,sofa,"[""sofa"",""chair"",""pottedplant""]",0,0.9090909361839294,1.033791184425354,1.050519347190857,0.2872350215911865,1.1718124151229858,1
1482,001511,/Users/von/Projects/cci-local-recovery/rerun_workspace/data/voc2007/VOCdevkit/VOC2007/JPEGImages/001511.jpg,car,car,"[""car"",""person""]",7,1.0,0.6600387692451477,0.6692255735397339,-0.6193221807479858,-0.0011538863182067871,1
1483,008996,/Users/von/Projects/cci-local-recovery/rerun_workspace/data/voc2007/VOCdevkit/VOC2007/JPEGImages/008996.jpg,person,person,"[""person"",""car"",""cat""]",6,0.3333333432674408,0.6710315346717834,0.6824538111686707,-0.4124569296836853,0.3163047730922699,1
1484,003591,/Users/von/Projects/cci-local-recovery/rerun_workspace/data/voc2007/VOCdevkit/VOC2007/JPEGImages/003591.jpg,pottedplant,pottedplant,"[""pottedplant"",""cat""]",0,0.0,0.21972769498825073,0.22274282574653625,-0.035527974367141724,0.13734954595565796,1
1485,005808,/Users/von/Projects/cci-local-recovery/rerun_workspace/data/voc2007/VOCdevkit/VOC2007/JPEGImages/005808.jpg,person,person,"[""person"",""sofa"",""tvmonitor""]",6,1.0,0.2930586338043213,0.2980470657348633,-0.15771737694740295,0.13291025161743164,1
1486,006403,/Users/von/Projects/cci-local-recovery/rerun_workspace/data/voc2007/VOCdevkit/VOC2007/JPEGImages/006403.jpg,dog,dog,"[""dog"",""person""]",7,1.0,0.5309224128723145,0.5383813977241516,-0.2468886375427246,0.514958381652832,1
1487,005152,/Users/von/Projects/cci-local-recovery/rerun_workspace/data/voc2007/VOCdevkit/VOC2007/JPEGImages/005152.jpg,dog,dog,"[""dog"",""person""]",6,1.0,0.534256100654602,0.5417619347572327,-0.36287134885787964,-0.03734856843948364,1
1488,002596,/Users/von/Projects/cci-local-recovery/rerun_workspace/data/voc2007/VOCdevkit/VOC2007/JPEGImages/002596.jpg,horse,horse,"[""horse"",""person""]",5,1.0,1.3553739786148071,1.3711570501327515,-0.06586813926696777,0.5311406254768372,1
1489,008941,/Users/von/Projects/cci-local-recovery/rerun_workspace/data/voc2007/VOCdevkit/VOC2007/JPEGImages/008941.jpg,diningtable,diningtable,"[""diningtable"",""chair"",""person""]",1,0.0,0.6800095438957214,0.6894282698631287,-0.8125095963478088,0.2722627520561218,1
1490,004559,/Users/von/Projects/cci-local-recovery/rerun_workspace/data/voc2007/VOCdevkit/VOC2007/JPEGImages/004559.jpg,diningtable,diningtable,"[""diningtable"",""chair""]",0,0.0,0.3659729063510895,0.3710419535636902,-0.7271448969841003,-0.22076141834259033,1
1491,009951,/Users/von/Projects/cci-local-recovery/rerun_workspace/data/voc2007/VOCdevkit/VOC2007/JPEGImages/009951.jpg,train,train,"[""train"",""person""]",5,0.0,0.1497115194797516,0.1518860012292862,-0.09128771722316742,0.03434324264526367,1
1492,009222,/Users/von/Projects/cci-local-recovery/rerun_workspace/data/voc2007/VOCdevkit/VOC2007/JPEGImages/009222.jpg,chair,chair,"[""chair"",""sofa""]",1,0.8571428656578064,0.9453730583190918,0.9593200087547302,0.10628664493560791,0.7306346893310547,1
1493,007253,/Users/von/Projects/cci-local-recovery/rerun_workspace/data/voc2007/VOCdevkit/VOC2007/JPEGImages/007253.jpg,horse,horse,"[""horse"",""person""]",3,0.800000011920929,3.3541297912597656,3.3931877613067627,2.9910085201263428,4.808150768280029,1
1494,009229,/Users/von/Projects/cci-local-recovery/rerun_workspace/data/voc2007/VOCdevkit/VOC2007/JPEGImages/009229.jpg,motorbike,motorbike,"[""motorbike"",""person""]",2,1.0,6.281868934631348,6.375107288360596,3.053178548812866,5.610745906829834,1
1495,000059,/Users/von/Projects/cci-local-recovery/rerun_workspace/data/voc2007/VOCdevkit/VOC2007/JPEGImages/000059.jpg,person,person,"[""person"",""chair"",""tvmonitor""]",0,0.1111111119389534,0.08319274336099625,0.08460884541273117,-0.9306417107582092,-0.4822661280632019,1
1496,003070,/Users/von/Projects/cci-local-recovery/rerun_workspace/data/voc2007/VOCdevkit/VOC2007/JPEGImages/003070.jpg,car,car,"[""car"",""person""]",4,0.8571428656578064,0.3216218650341034,0.32609838247299194,-0.8045478463172913,-0.12542179226875305,1
1497,002397,/Users/von/Projects/cci-local-recovery/rerun_workspace/data/voc2007/VOCdevkit/VOC2007/JPEGImages/002397.jpg,person,person,"[""person"",""bicycle""]",6,0.6666666865348816,1.1343284845352173,1.1536369323730469,-0.014619946479797363,1.2654579877853394,1
1498,002821,/Users/von/Projects/cci-local-recovery/rerun_workspace/data/voc2007/VOCdevkit/VOC2007/JPEGImages/002821.jpg,boat,boat,"[""boat"",""person""]",2,1.0,1.9094083309173584,1.9394242763519287,1.3872491121292114,2.372051954269409,1
1499,001474,/Users/von/Projects/cci-local-recovery/rerun_workspace/data/voc2007/VOCdevkit/VOC2007/JPEGImages/001474.jpg,boat,boat,"[""boat"",""person""]",2,0.25,3.182582378387451,3.2326126098632812,0.47287678718566895,2.0731639862060547,1
1500,005708,/Users/von/Projects/cci-local-recovery/rerun_workspace/data/voc2007/VOCdevkit/VOC2007/JPEGImages/005708.jpg,person,person,"[""person"",""car"",""motorbike""]",7,1.0,0.1826796531677246,0.18578921258449554,-5.222587585449219,-0.5238675475120544,2
1501,008303,/Users/von/Projects/cci-local-recovery/rerun_workspace/data/voc2007/VOCdevkit/VOC2007/JPEGImages/008303.jpg,horse,horse,"[""horse"",""person""]",3,1.0,2.8948185443878174,2.928528070449829,2.2651355266571045,3.722409725189209,1
1502,005184,/Users/von/Projects/cci-local-recovery/rerun_workspace/data/voc2007/VOCdevkit/VOC2007/JPEGImages/005184.jpg,person,person,"[""person"",""chair"",""pottedplant""]",1,0.9166666865348816,1.9217479228973389,1.9544597864151,0.4100832939147949,2.222587823867798,1
1503,002686,/Users/von/Projects/cci-local-recovery/rerun_workspace/data/voc2007/VOCdevkit/VOC2007/JPEGImages/002686.jpg,motorbike,motorbike,"[""motorbike"",""person""]",5,0.0,0.05517401546239853,0.05599293112754822,0.006596248596906662,0.09708033502101898,1
1504,008551,/Users/von/Projects/cci-local-recovery/rerun_workspace/data/voc2007/VOCdevkit/VOC2007/JPEGImages/008551.jpg,bicycle,bicycle,"[""bicycle"",""person""]",1,0.0,1.39323890209198,1.413902997970581,-0.49430298805236816,-0.1457611322402954,1
1505,000527,/Users/von/Projects/cci-local-recovery/rerun_workspace/data/voc2007/VOCdevkit/VOC2007/JPEGImages/000527.jpg,bicycle,bicycle,"[""bicycle"",""person""]",6,0.0,0.26772359013557434,0.2716943919658661,-0.38688626885414124,-0.049225032329559326,1
1506,002008,/Users/von/Projects/cci-local-recovery/rerun_workspace/data/voc2007/VOCdevkit/VOC2007/JPEGImages/002008.jpg,person,person,"[""person"",""bicycle""]",0,0.0,0.27441850304603577,0.27908962965011597,-0.08195099234580994,0.06394496560096741,1
1507,004870,/Users/von/Projects/cci-local-recovery/rerun_workspace/data/voc2007/VOCdevkit/VOC2007/JPEGImages/004870.jpg,motorbike,motorbike,"[""motorbike"",""car"",""person""]",4,0.3333333432674408,0.8993816375732422,0.9127306342124939,-0.014962434768676758,0.22671788930892944,1
1508,004642,/Users/von/Projects/cci-local-recovery/rerun_workspace/data/voc2007/VOCdevkit/VOC2007/JPEGImages/004642.jpg,person,person,"[""person"",""sheep""]",5,0.0,0.17426657676696777,0.17723293602466583,-0.6995633244514465,-0.21076424419879913,1
1509,008812,/Users/von/Projects/cci-local-recovery/rerun_workspace/data/voc2007/VOCdevkit/VOC2007/JPEGImages/008812.jpg,horse,horse,"[""horse"",""person""]",7,1.0,1.9774245023727417,2.00045108795166,1.7827037572860718,2.50649356842041,1
1510,004835,/Users/von/Projects/cci-local-recovery/rerun_workspace/data/voc2007/VOCdevkit/VOC2007/JPEGImages/004835.jpg,person,person,"[""person"",""bicycle""]",2,1.0,0.6846767663955688,0.6963313221931458,-0.12346208095550537,0.2244204878807068,1
1511,004213,/Users/von/Projects/cci-local-recovery/rerun_workspace/data/voc2007/VOCdevkit/VOC2007/JPEGImages/004213.jpg,motorbike,motorbike,"[""motorbike"",""person""]",6,1.0,3.1706323623657227,3.2176923751831055,0.8531556129455566,3.3267180919647217,1
1512,006823,/Users/von/Projects/cci-local-recovery/rerun_workspace/data/voc2007/VOCdevkit/VOC2007/JPEGImages/006823.jpg,motorbike,motorbike,"[""motorbike"",""person""]",6,1.0,0.27280813455581665,0.27685728669166565,-0.26654931902885437,0.21970707178115845,1
1513,002950,/Users/von/Projects/cci-local-recovery/rerun_workspace/data/voc2007/VOCdevkit/VOC2007/JPEGImages/002950.jpg,person,person,"[""person"",""bottle""]",6,1.0,0.3058158755302429,0.31102144718170166,-0.13994571566581726,0.20983004570007324,1
1514,005323,/Users/von/Projects/cci-local-recovery/rerun_workspace/data/voc2007/VOCdevkit/VOC2007/JPEGImages/005323.jpg,chair,chair,"[""chair"",""person""]",0,0.4545454680919647,0.6526036858558655,0.6622314453125,-0.39940202236175537,0.3857068121433258,1
1515,006663,/Users/von/Projects/cci-local-recovery/rerun_workspace/data/voc2007/VOCdevkit/VOC2007/JPEGImages/006663.jpg,diningtable,diningtable,"[""diningtable"",""chair"",""person""]",0,0.8999999761581421,2.1730093955993652,2.2031075954437256,0.7016810178756714,1.8118821382522583,1
1516,001866,/Users/von/Projects/cci-local-recovery/rerun_workspace/data/voc2007/VOCdevkit/VOC2007/JPEGImages/001866.jpg,dog,dog,"[""dog"",""person""]",6,1.0,0.9051061272621155,0.9178220629692078,-0.626079261302948,0.33328717947006226,1
1517,001035,/Users/von/Projects/cci-local-recovery/rerun_workspace/data/voc2007/VOCdevkit/VOC2007/JPEGImages/001035.jpg,diningtable,diningtable,"[""diningtable"",""bottle"",""person"",""pottedplant""]",2,0.5,2.4413647651672363,2.47517991065979,1.7283899784088135,2.4514079093933105,1
1518,006493,/Users/von/Projects/cci-local-recovery/rerun_workspace/data/voc2007/VOCdevkit/VOC2007/JPEGImages/006493.jpg,car,car,"[""car"",""person""]",4,1.0,0.09941175580024719,0.1007954329252243,-0.7044528722763062,0.08597083389759064,1
1519,000458,/Users/von/Projects/cci-local-recovery/rerun_workspace/data/voc2007/VOCdevkit/VOC2007/JPEGImages/000458.jpg,person,person,"[""person"",""sheep""]",0,0.3333333432674408,0.6341828107833862,0.6449778079986572,-0.7617733478546143,0.21603146195411682,1
1520,009149,/Users/von/Projects/cci-local-recovery/rerun_workspace/data/voc2007/VOCdevkit/VOC2007/JPEGImages/009149.jpg,car,car,"[""car"",""person""]",1,0.0,-0.10488703846931458,-0.10634692013263702,-0.14920726418495178,0.004321083426475525,1
1521,006368,/Users/von/Projects/cci-local-recovery/rerun_workspace/data/voc2007/VOCdevkit/VOC2007/JPEGImages/006368.jpg,horse,horse,"[""horse"",""person""]",1,1.0,1.4656742811203003,1.4827417135238647,-0.03452634811401367,0.40322601795196533,1
1522,006373,/Users/von/Projects/cci-local-recovery/rerun_workspace/data/voc2007/VOCdevkit/VOC2007/JPEGImages/006373.jpg,sofa,sofa,"[""sofa"",""person""]",0,0.6666666865348816,2.3337514400482178,2.3715147972106934,1.6061619520187378,2.2121095657348633,1
1523,009111,/Users/von/Projects/cci-local-recovery/rerun_workspace/data/voc2007/VOCdevkit/VOC2007/JPEGImages/009111.jpg,bus,bus,"[""bus"",""car"",""motorbike""]",0,0.0,0.40178605914115906,0.4083579182624817,-0.07870781421661377,0.09204915165901184,1
1524,001392,/Users/von/Projects/cci-local-recovery/rerun_workspace/data/voc2007/VOCdevkit/VOC2007/JPEGImages/001392.jpg,cat,cat,"[""cat"",""person"",""tvmonitor""]",6,1.0,0.11037927865982056,0.11207644641399384,-0.3791072368621826,0.0016248375177383423,1
1525,000930,/Users/von/Projects/cci-local-recovery/rerun_workspace/data/voc2007/VOCdevkit/VOC2007/JPEGImages/000930.jpg,person,person,"[""person"",""bicycle""]",6,1.0,0.4068334400653839,0.4137585461139679,0.637178897857666,2.399277687072754,1
1526,007616,/Users/von/Projects/cci-local-recovery/rerun_workspace/data/voc2007/VOCdevkit/VOC2007/JPEGImages/007616.jpg,horse,horse,"[""horse"",""person""]",2,1.0,0.6376363635063171,0.6450614929199219,-0.19023340940475464,0.6666176319122314,1
1527,009846,/Users/von/Projects/cci-local-recovery/rerun_workspace/data/voc2007/VOCdevkit/VOC2007/JPEGImages/009846.jpg,sofa,sofa,"[""sofa"",""chair""]",1,1.0,1.697556972503662,1.7250258922576904,1.0460834503173828,1.728888750076294,1
1528,009665,/Users/von/Projects/cci-local-recovery/rerun_workspace/data/voc2007/VOCdevkit/VOC2007/JPEGImages/009665.jpg,horse,horse,"[""horse"",""person""]",0,0.6666666865348816,0.3940069079399109,0.39859503507614136,0.6592499017715454,2.1298789978027344,1
1529,003787,/Users/von/Projects/cci-local-recovery/rerun_workspace/data/voc2007/VOCdevkit/VOC2007/JPEGImages/003787.jpg,pottedplant,pottedplant,"[""pottedplant"",""bird""]",2,1.0,0.8748797178268433,0.8868849277496338,0.8519406318664551,1.2578139305114746,1
1530,006780,/Users/von/Projects/cci-local-recovery/rerun_workspace/data/voc2007/VOCdevkit/VOC2007/JPEGImages/006780.jpg,person,person,"[""person"",""chair""]",3,0.5384615659713745,0.5156407952308655,0.5244179964065552,-0.42337697744369507,0.04552903771400452,1
1531,007355,/Users/von/Projects/cci-local-recovery/rerun_workspace/data/voc2007/VOCdevkit/VOC2007/JPEGImages/007355.jpg,motorbike,motorbike,"[""motorbike"",""person""]",7,0.2857142984867096,0.35377687215805054,0.35902777314186096,-0.5566112995147705,-0.058205604553222656,1
1532,008182,/Users/von/Projects/cci-local-recovery/rerun_workspace/data/voc2007/VOCdevkit/VOC2007/JPEGImages/008182.jpg,cat,cat,"[""cat"",""bottle""]",2,1.0,0.45120203495025635,0.4581396281719208,0.22814805805683136,0.9879345893859863,1
1533,001329,/Users/von/Projects/cci-local-recovery/rerun_workspace/data/voc2007/VOCdevkit/VOC2007/JPEGImages/001329.jpg,bicycle,bicycle,"[""bicycle"",""person""]",7,1.0,5.737013339996338,5.822103023529053,2.080317974090576,5.498918056488037,1
1534,006592,/Users/von/Projects/cci-local-recovery/rerun_workspace/data/voc2007/VOCdevkit/VOC2007/JPEGImages/006592.jpg,aeroplane,aeroplane,"[""aeroplane"",""person""]",1,1.0,0.9514832496643066,0.9715036749839783,0.6352619528770447,1.2586002349853516,1
1535,008210,/Users/von/Projects/cci-local-recovery/rerun_workspace/data/voc2007/VOCdevkit/VOC2007/JPEGImages/008210.jpg,diningtable,diningtable,"[""diningtable"",""chair""]",2,0.20000000298023224,2.7454357147216797,2.7834625244140625,2.3090755939483643,3.2480275630950928,1
1536,000265,/Users/von/Projects/cci-local-recovery/rerun_workspace/data/voc2007/VOCdevkit/VOC2007/JPEGImages/000265.jpg,tvmonitor,tvmonitor,"[""tvmonitor"",""motorbike"",""person""]",1,0.1538461595773697,2.7985424995422363,2.8470985889434814,1.4674304723739624,2.0143918991088867,1
1537,009633,/Users/von/Projects/cci-local-recovery/rerun_workspace/data/voc2007/VOCdevkit/VOC2007/JPEGImages/009633.jpg,person,person,"[""person"",""bottle""]",2,0.8333333134651184,2.5784151554107666,2.622304677963257,0.7921137809753418,1.9575393199920654,1
1538,006544,/Users/von/Projects/cci-local-recovery/rerun_workspace/data/voc2007/VOCdevkit/VOC2007/JPEGImages/006544.jpg,person,person,"[""person"",""bicycle""]",7,1.0,0.20635075867176056,0.20986324548721313,-0.8256480097770691,-0.1267699897289276,1
1539,009145,/Users/von/Projects/cci-local-recovery/rerun_workspace/data/voc2007/VOCdevkit/VOC2007/JPEGImages/009145.jpg,motorbike,motorbike,"[""motorbike"",""person""]",1,0.75,0.5619005560874939,0.5702405571937561,-0.4230509400367737,0.1437259316444397,1
1540,007306,/Users/von/Projects/cci-local-recovery/rerun_workspace/data/voc2007/VOCdevkit/VOC2007/JPEGImages/007306.jpg,diningtable,diningtable,"[""diningtable"",""person""]",5,0.0,0.6044313907623291,0.6128033399581909,-1.254623293876648,-0.16636043787002563,1
1541,003680,/Users/von/Projects/cci-local-recovery/rerun_workspace/data/voc2007/VOCdevkit/VOC2007/JPEGImages/003680.jpg,horse,horse,"[""horse"",""person""]",6,0.1428571492433548,0.8729079365730286,0.8830727338790894,0.034140706062316895,0.4798356592655182,1
1542,001023,/Users/von/Projects/cci-local-recovery/rerun_workspace/data/voc2007/VOCdevkit/VOC2007/JPEGImages/001023.jpg,diningtable,diningtable,"[""diningtable"",""bottle"",""chair"",""pottedplant""]",1,0.0,0.642516553401947,0.651416003704071,-0.6334660649299622,0.11596792936325073,1
1543,007345,/Users/von/Projects/cci-local-recovery/rerun_workspace/data/voc2007/VOCdevkit/VOC2007/JPEGImages/007345.jpg,person,person,"[""person"",""bicycle""]",6,0.0,0.12708266079425812,0.1292458474636078,-0.31072548031806946,0.010397620499134064,1
1544,006646,/Users/von/Projects/cci-local-recovery/rerun_workspace/data/voc2007/VOCdevkit/VOC2007/JPEGImages/006646.jpg,person,person,"[""person"",""chair"",""pottedplant"",""tvmonitor""]",5,0.0,0.3093978464603424,0.31466439366340637,-0.3615069091320038,-0.006537973880767822,1
1545,002711,/Users/von/Projects/cci-local-recovery/rerun_workspace/data/voc2007/VOCdevkit/VOC2007/JPEGImages/002711.jpg,person,person,"[""person"",""bottle""]",4,1.0,1.433906078338623,1.4583139419555664,0.9419981837272644,1.6282706260681152,1
1546,009750,/Users/von/Projects/cci-local-recovery/rerun_workspace/data/voc2007/VOCdevkit/VOC2007/JPEGImages/009750.jpg,pottedplant,pottedplant,"[""pottedplant"",""person""]",3,1.0,0.6708114743232727,0.6800164580345154,0.18800339102745056,0.4059467613697052,1
1547,003929,/Users/von/Projects/cci-local-recovery/rerun_workspace/data/voc2007/VOCdevkit/VOC2007/JPEGImages/003929.jpg,person,person,"[""person"",""boat""]",6,0.8333333134651184,1.2412950992584229,1.262424349784851,-0.00773465633392334,1.2966011762619019,1
1548,008354,/Users/von/Projects/cci-local-recovery/rerun_workspace/data/voc2007/VOCdevkit/VOC2007/JPEGImages/008354.jpg,horse,horse,"[""horse"",""person""]",4,0.8571428656578064,0.6813849210739136,0.6893194913864136,-0.27536720037460327,0.39291179180145264,1
1549,000348,/Users/von/Projects/cci-local-recovery/rerun_workspace/data/voc2007/VOCdevkit/VOC2007/JPEGImages/000348.jpg,motorbike,motorbike,"[""motorbike"",""person""]",7,0.25,0.3326474130153656,0.3375847041606903,-0.6817649602890015,0.16111192107200623,1
1550,005166,/Users/von/Projects/cci-local-recovery/rerun_workspace/data/voc2007/VOCdevkit/VOC2007/JPEGImages/005166.jpg,car,car,"[""car"",""motorbike""]",2,1.0,0.6983048319816589,0.708024263381958,-0.8931757211685181,0.239557147026062,1
1551,008829,/Users/von/Projects/cci-local-recovery/rerun_workspace/data/voc2007/VOCdevkit/VOC2007/JPEGImages/008829.jpg,car,car,"[""car"",""person""]",6,0.5,0.6594498753547668,0.6686285138130188,-0.2473699450492859,0.11671990156173706,1
1552,006122,/Users/von/Projects/cci-local-recovery/rerun_workspace/data/voc2007/VOCdevkit/VOC2007/JPEGImages/006122.jpg,horse,horse,"[""horse"",""person""]",3,1.0,1.8459298610687256,1.8674253225326538,0.44451212882995605,1.0308301448822021,1
1553,006076,/Users/von/Projects/cci-local-recovery/rerun_workspace/data/voc2007/VOCdevkit/VOC2007/JPEGImages/006076.jpg,person,person,"[""person"",""bird""]",1,1.0,0.6755842566490173,0.6870840191841125,-0.4983982443809509,0.3249528408050537,1
1554,003486,/Users/von/Projects/cci-local-recovery/rerun_workspace/data/voc2007/VOCdevkit/VOC2007/JPEGImages/003486.jpg,car,car,"[""car"",""person""]",7,1.0,0.36741703748703003,0.3725309669971466,-0.32014796137809753,0.16229717433452606,1
1555,008899,/Users/von/Projects/cci-local-recovery/rerun_workspace/data/voc2007/VOCdevkit/VOC2007/JPEGImages/008899.jpg,horse,horse,"[""horse"",""person""]",3,1.0,0.6568285226821899,0.6644771099090576,0.9528660774230957,1.9476131200790405,1
1556,004198,/Users/von/Projects/cci-local-recovery/rerun_workspace/data/voc2007/VOCdevkit/VOC2007/JPEGImages/004198.jpg,motorbike,motorbike,"[""motorbike"",""person""]",2,1.0,0.6706960797309875,0.6806508302688599,-0.3486267328262329,-0.05082738399505615,1
1557,008018,/Users/von/Projects/cci-local-recovery/rerun_workspace/data/voc2007/VOCdevkit/VOC2007/JPEGImages/008018.jpg,sofa,sofa,"[""sofa"",""person""]",2,0.800000011920929,1.0179691314697266,1.034441351890564,-0.5028048753738403,1.4489245414733887,1
1558,008821,/Users/von/Projects/cci-local-recovery/rerun_workspace/data/voc2007/VOCdevkit/VOC2007/JPEGImages/008821.jpg,sofa,sofa,"[""sofa"",""chair"",""pottedplant""]",7,0.5,2.5889129638671875,2.630805253982544,1.3532956838607788,2.35929799079895,1
1559,005935,/Users/von/Projects/cci-local-recovery/rerun_workspace/data/voc2007/VOCdevkit/VOC2007/JPEGImages/005935.jpg,sofa,sofa,"[""sofa"",""tvmonitor""]",4,0.800000011920929,0.5282152891159058,0.536762535572052,0.6085805296897888,1.0753679275512695,1
1560,004064,/Users/von/Projects/cci-local-recovery/rerun_workspace/data/voc2007/VOCdevkit/VOC2007/JPEGImages/004064.jpg,person,person,"[""person"",""chair"",""tvmonitor""]",1,0.8181818127632141,1.2800043821334839,1.3017925024032593,1.8769245147705078,3.0173747539520264,1
1561,006024,/Users/von/Projects/cci-local-recovery/rerun_workspace/data/voc2007/VOCdevkit/VOC2007/JPEGImages/006024.jpg,aeroplane,aeroplane,"[""aeroplane"",""car""]",4,0.0,0.6736588478088379,0.6878334879875183,-0.05906766653060913,0.1307637095451355,1
1562,003115,/Users/von/Projects/cci-local-recovery/rerun_workspace/data/voc2007/VOCdevkit/VOC2007/JPEGImages/003115.jpg,person,person,"[""person"",""chair"",""sofa""]",6,0.2857142984867096,0.24976976215839386,0.2540213167667389,0.020987659692764282,0.20030872523784637,1
1563,002832,/Users/von/Projects/cci-local-recovery/rerun_workspace/data/voc2007/VOCdevkit/VOC2007/JPEGImages/002832.jpg,train,train,"[""train"",""person""]",4,0.75,0.5188965797424316,0.5264332890510559,-0.5504124760627747,0.13226178288459778,1
1564,007860,/Users/von/Projects/cci-local-recovery/rerun_workspace/data/voc2007/VOCdevkit/VOC2007/JPEGImages/007860.jpg,bicycle,bicycle,"[""bicycle"",""person""]",2,0.0,0.5102132558822632,0.517780601978302,0.06681081652641296,0.6355302333831787,1
1565,005252,/Users/von/Projects/cci-local-recovery/rerun_workspace/data/voc2007/VOCdevkit/VOC2007/JPEGImages/005252.jpg,diningtable,diningtable,"[""diningtable"",""person""]",2,1.0,0.5901641845703125,0.5983384847640991,0.4326256215572357,1.4003715515136719,1
1566,006598,/Users/von/Projects/cci-local-recovery/rerun_workspace/data/voc2007/VOCdevkit/VOC2007/JPEGImages/006598.jpg,person,person,"[""person"",""dog""]",5,1.0,0.058912117034196854,0.05991491675376892,-0.07342834770679474,0.10399520397186279,1
1567,003595,/Users/von/Projects/cci-local-recovery/rerun_workspace/data/voc2007/VOCdevkit/VOC2007/JPEGImages/003595.jpg,person,person,"[""person"",""sheep""]",3,1.0,0.41675832867622375,0.4238523542881012,-1.666155457496643,-0.22207137942314148,1
1568,006792,/Users/von/Projects/cci-local-recovery/rerun_workspace/data/voc2007/VOCdevkit/VOC2007/JPEGImages/006792.jpg,person,person,"[""person"",""chair"",""pottedplant""]",5,1.0,0.3801034986972809,0.3865736126899719,-0.8354019522666931,0.7096399068832397,1
1569,003020,/Users/von/Projects/cci-local-recovery/rerun_workspace/data/voc2007/VOCdevkit/VOC2007/JPEGImages/003020.jpg,person,person,"[""person"",""pottedplant""]",0,0.5714285969734192,0.18412889540195465,0.1872631311416626,-0.5289190411567688,-0.03467606008052826,1
1570,000455,/Users/von/Projects/cci-local-recovery/rerun_workspace/data/voc2007/VOCdevkit/VOC2007/JPEGImages/000455.jpg,horse,horse,"[""horse"",""person""]",3,1.0,0.9802427887916565,0.9916574954986572,-1.7422559261322021,-0.3666943311691284,1
1571,002700,/Users/von/Projects/cci-local-recovery/rerun_workspace/data/voc2007/VOCdevkit/VOC2007/JPEGImages/002700.jpg,person,person,"[""person"",""bus""]",1,0.8888888955116272,0.9805116653442383,0.9972018599510193,0.07593536376953125,0.727562665939331,1
1572,001923,/Users/von/Projects/cci-local-recovery/rerun_workspace/data/voc2007/VOCdevkit/VOC2007/JPEGImages/001923.jpg,car,car,"[""car"",""person""]",2,1.0,-0.08393333107233047,-0.08510156720876694,-0.2519053518772125,-0.009677544236183167,1
1573,004004,/Users/von/Projects/cci-local-recovery/rerun_workspace/data/voc2007/VOCdevkit/VOC2007/JPEGImages/004004.jpg,sofa,sofa,"[""sofa"",""dog""]",1,1.0,1.3782625198364258,1.4005647897720337,1.1350857019424438,1.7307919263839722,1
1574,000602,/Users/von/Projects/cci-local-recovery/rerun_workspace/data/voc2007/VOCdevkit/VOC2007/JPEGImages/000602.jpg,person,person,"[""person"",""car""]",3,1.0,1.0182147026062012,1.0355466604232788,-0.550408124923706,0.7751652002334595,1
1575,000293,/Users/von/Projects/cci-local-recovery/rerun_workspace/data/voc2007/VOCdevkit/VOC2007/JPEGImages/000293.jpg,car,car,"[""car"",""person""]",6,0.8333333134651184,0.5412249565124512,0.5487580299377441,-0.3660467863082886,0.1420324742794037,1
1576,006048,/Users/von/Projects/cci-local-recovery/rerun_workspace/data/voc2007/VOCdevkit/VOC2007/JPEGImages/006048.jpg,boat,boat,"[""boat"",""person""]",1,0.3636363744735718,0.2856227457523346,0.2901127338409424,-0.09282305836677551,0.3134247660636902,1
1577,001652,/Users/von/Projects/cci-local-recovery/rerun_workspace/data/voc2007/VOCdevkit/VOC2007/JPEGImages/001652.jpg,person,person,"[""person"",""bottle"",""car"",""pottedplant""]",2,0.875,2.222998857498169,2.260838508605957,2.3698413372039795,3.353879690170288,1
1578,006764,/Users/von/Projects/cci-local-recovery/rerun_workspace/data/voc2007/VOCdevkit/VOC2007/JPEGImages/006764.jpg,sofa,sofa,"[""sofa"",""person""]",2,0.8999999761581421,3.062403917312622,3.1119580268859863,1.145641803741455,2.710386276245117,1
1579,001006,/Users/von/Projects/cci-local-recovery/rerun_workspace/data/voc2007/VOCdevkit/VOC2007/JPEGImages/001006.jpg,bird,bird,"[""bird"",""person""]",4,0.6000000238418579,2.4645817279815674,2.4995243549346924,-0.8789210319519043,2.583702564239502,1
1580,001391,/Users/von/Projects/cci-local-recovery/rerun_workspace/data/voc2007/VOCdevkit/VOC2007/JPEGImages/001391.jpg,sofa,sofa,"[""sofa"",""pottedplant""]",6,1.0,1.3543953895568848,1.3763114213943481,0.559237003326416,1.122889518737793,1
1581,006676,/Users/von/Projects/cci-local-recovery/rerun_workspace/data/voc2007/VOCdevkit/VOC2007/JPEGImages/006676.jpg,sofa,sofa,"[""sofa"",""chair""]",1,0.6000000238418579,1.5855273008346558,1.6111834049224854,0.6063740253448486,1.4210546016693115,1
1582,001336,/Users/von/Projects/cci-local-recovery/rerun_workspace/data/voc2007/VOCdevkit/VOC2007/JPEGImages/001336.jpg,bicycle,bicycle,"[""bicycle"",""person""]",1,1.0,0.676261842250824,0.6862919330596924,-0.007349848747253418,0.68285071849823,1
1583,003631,/Users/von/Projects/cci-local-recovery/rerun_workspace/data/voc2007/VOCdevkit/VOC2007/JPEGImages/003631.jpg,car,car,"[""car"",""person""]",1,1.0,0.48458001017570496,0.49132469296455383,-0.10174968838691711,0.5237222909927368,2
1584,003880,/Users/von/Projects/cci-local-recovery/rerun_workspace/data/voc2007/VOCdevkit/VOC2007/JPEGImages/003880.jpg,cat,cat,"[""cat"",""person""]",2,0.8181818127632141,2.1634724140167236,2.19673752784729,0.9974759817123413,2.0236802101135254,1
1585,007695,/Users/von/Projects/cci-local-recovery/rerun_workspace/data/voc2007/VOCdevkit/VOC2007/JPEGImages/007695.jpg,person,person,"[""person"",""dog""]",5,0.0,0.1392483413219452,0.14161862432956696,-0.6523966193199158,-0.1590021699666977,1
1586,005044,/Users/von/Projects/cci-local-recovery/rerun_workspace/data/voc2007/VOCdevkit/VOC2007/JPEGImages/005044.jpg,chair,chair,"[""chair"",""diningtable""]",0,1.0,0.9525123834609985,0.9665646553039551,0.4100157618522644,1.4715712070465088,1
1587,003448,/Users/von/Projects/cci-local-recovery/rerun_workspace/data/voc2007/VOCdevkit/VOC2007/JPEGImages/003448.jpg,chair,chair,"[""chair"",""pottedplant""]",2,0.75,0.640963077545166,0.6504191160202026,-0.9660327434539795,1.7816517353057861,1
1588,005411,/Users/von/Projects/cci-local-recovery/rerun_workspace/data/voc2007/VOCdevkit/VOC2007/JPEGImages/005411.jpg,person,person,"[""person"",""tvmonitor""]",6,0.6666666865348816,0.13185927271842957,0.13410377502441406,-3.0874197483062744,-0.39215904474258423,1
1589,000356,/Users/von/Projects/cci-local-recovery/rerun_workspace/data/voc2007/VOCdevkit/VOC2007/JPEGImages/000356.jpg,person,person,"[""person"",""horse""]",5,0.25,0.47667667269706726,0.4847906231880188,-0.651123583316803,-0.14035290479660034,1
1590,008406,/Users/von/Projects/cci-local-recovery/rerun_workspace/data/voc2007/VOCdevkit/VOC2007/JPEGImages/008406.jpg,bus,bus,"[""bus"",""bicycle"",""person""]",3,0.6666666865348816,7.0995330810546875,7.2156572341918945,5.743838310241699,7.844127178192139,1
1591,008233,/Users/von/Projects/cci-local-recovery/rerun_workspace/data/voc2007/VOCdevkit/VOC2007/JPEGImages/008233.jpg,person,person,"[""person"",""chair""]",0,0.625,0.1544882357120514,0.15711791813373566,-0.2932194471359253,0.20692351460456848,1
1592,007293,/Users/von/Projects/cci-local-recovery/rerun_workspace/data/voc2007/VOCdevkit/VOC2007/JPEGImages/007293.jpg,horse,horse,"[""horse"",""person""]",1,1.0,0.8932098746299744,0.9036111235618591,0.1685429811477661,0.5338122844696045,1
1593,008071,/Users/von/Projects/cci-local-recovery/rerun_workspace/data/voc2007/VOCdevkit/VOC2007/JPEGImages/008071.jpg,pottedplant,pottedplant,"[""pottedplant"",""dog""]",1,1.0,2.059483766555786,2.0877442359924316,1.7862775325775146,2.6589255332946777,1
1594,004989,/Users/von/Projects/cci-local-recovery/rerun_workspace/data/voc2007/VOCdevkit/VOC2007/JPEGImages/004989.jpg,bus,bus,"[""bus"",""car""]",4,1.0,0.8868913650512695,0.9013978838920593,-2.3642351627349854,-0.02586466073989868,1
1595,004040,/Users/von/Projects/cci-local-recovery/rerun_workspace/data/voc2007/VOCdevkit/VOC2007/JPEGImages/004040.jpg,tvmonitor,tvmonitor,"[""tvmonitor"",""chair""]",6,0.0,1.206292748451233,1.2272224426269531,0.1297065019607544,0.48764610290527344,1
1596,005823,/Users/von/Projects/cci-local-recovery/rerun_workspace/data/voc2007/VOCdevkit/VOC2007/JPEGImages/005823.jpg,person,person,"[""person"",""tvmonitor""]",7,0.8333333134651184,0.45880943536758423,0.46661925315856934,-0.04958140850067139,0.289838969707489,1
1597,003943,/Users/von/Projects/cci-local-recovery/rerun_workspace/data/voc2007/VOCdevkit/VOC2007/JPEGImages/003943.jpg,person,person,"[""person"",""bottle"",""pottedplant""]",7,0.0,0.22221344709396362,0.2259959578514099,-0.15753236413002014,-0.007652372121810913,1
1598,005778,/Users/von/Projects/cci-local-recovery/rerun_workspace/data/voc2007/VOCdevkit/VOC2007/JPEGImages/005778.jpg,sofa,sofa,"[""sofa"",""person""]",2,1.0,0.5334835648536682,0.542116105556488,-0.15041887760162354,0.4598580002784729,1
1599,007349,/Users/von/Projects/cci-local-recovery/rerun_workspace/data/voc2007/VOCdevkit/VOC2007/JPEGImages/007349.jpg,train,train,"[""train"",""person""]",2,1.0,0.4973517656326294,0.5045754909515381,-0.0015262365341186523,0.5166347026824951,1
1600,005342,/Users/von/Projects/cci-local-recovery/rerun_workspace/data/voc2007/VOCdevkit/VOC2007/JPEGImages/005342.jpg,horse,horse,"[""horse"",""person""]",0,0.9166666865348816,0.9615899920463562,0.9727874994277954,0.38742393255233765,0.90285724401474,1
1601,003297,/Users/von/Projects/cci-local-recovery/rerun_workspace/data/voc2007/VOCdevkit/VOC2007/JPEGImages/003297.jpg,diningtable,diningtable,"[""diningtable"",""chair"",""pottedplant""]",4,0.5,0.5643407106399536,0.5721573233604431,0.48791030049324036,0.9233223795890808,1
1602,008594,/Users/von/Projects/cci-local-recovery/rerun_workspace/data/voc2007/VOCdevkit/VOC2007/JPEGImages/008594.jpg,dog,dog,"[""dog"",""cat""]",7,1.0,2.2964956760406494,2.3287594318389893,1.9042859077453613,2.935668468475342,1
1603,006360,/Users/von/Projects/cci-local-recovery/rerun_workspace/data/voc2007/VOCdevkit/VOC2007/JPEGImages/006360.jpg,person,person,"[""person"",""bottle""]",0,0.4000000059604645,0.21541666984558105,0.21908347308635712,-0.5460783839225769,0.031550318002700806,1
1604,007577,/Users/von/Projects/cci-local-recovery/rerun_workspace/data/voc2007/VOCdevkit/VOC2007/JPEGImages/007577.jpg,diningtable,diningtable,"[""diningtable"",""person""]",1,1.0,1.4164721965789795,1.436091661453247,0.1573415994644165,1.5731905698776245,1
1605,007636,/Users/von/Projects/cci-local-recovery/rerun_workspace/data/voc2007/VOCdevkit/VOC2007/JPEGImages/007636.jpg,horse,horse,"[""horse"",""person""]",1,1.0,1.9274204969406128,1.9498648643493652,0.3668915033340454,2.3085968494415283,1
1606,001957,/Users/von/Projects/cci-local-recovery/rerun_workspace/data/voc2007/VOCdevkit/VOC2007/JPEGImages/001957.jpg,chair,chair,"[""chair"",""bottle""]",6,1.0,0.8497491478919983,0.8622853755950928,-0.11787724494934082,0.5738965272903442,1
1607,007053,/Users/von/Projects/cci-local-recovery/rerun_workspace/data/voc2007/VOCdevkit/VOC2007/JPEGImages/007053.jpg,sofa,sofa,"[""sofa"",""person""]",0,0.25,0.9548578262329102,0.970308780670166,0.3005664348602295,0.7634924650192261,1
1608,007858,/Users/von/Projects/cci-local-recovery/rerun_workspace/data/voc2007/VOCdevkit/VOC2007/JPEGImages/007858.jpg,bus,bus,"[""bus"",""person""]",7,0.0,0.08547017723321915,0.08686818182468414,-0.38959062099456787,0.04712695628404617,1
1609,001884,/Users/von/Projects/cci-local-recovery/rerun_workspace/data/voc2007/VOCdevkit/VOC2007/JPEGImages/001884.jpg,aeroplane,aeroplane,"[""aeroplane"",""bus""]",2,1.0,2.4804391860961914,2.532630681991577,1.0743998289108276,2.8378851413726807,1
1610,009261,/Users/von/Projects/cci-local-recovery/rerun_workspace/data/voc2007/VOCdevkit/VOC2007/JPEGImages/009261.jpg,pottedplant,pottedplant,"[""pottedplant"",""bus"",""car""]",6,0.800000011920929,0.27549275755882263,0.279273122549057,0.19615858793258667,0.46621066331863403,1
1611,006364,/Users/von/Projects/cci-local-recovery/rerun_workspace/data/voc2007/VOCdevkit/VOC2007/JPEGImages/006364.jpg,horse,horse,"[""horse"",""person""]",0,1.0,1.127289056777954,1.1404160261154175,0.4927228093147278,1.307547926902771,1
1612,007797,/Users/von/Projects/cci-local-recovery/rerun_workspace/data/voc2007/VOCdevkit/VOC2007/JPEGImages/007797.jpg,car,car,"[""car"",""person""]",4,0.1666666716337204,0.15650668740272522,0.15868504345417023,-0.0949355810880661,0.4173433780670166,1
1613,002921,/Users/von/Projects/cci-local-recovery/rerun_workspace/data/voc2007/VOCdevkit/VOC2007/JPEGImages/002921.jpg,horse,horse,"[""horse"",""person""]",2,1.0,1.7342942953109741,1.754489779472351,1.43983793258667,2.6176252365112305,1
1614,006863,/Users/von/Projects/cci-local-recovery/rerun_workspace/data/voc2007/VOCdevkit/VOC2007/JPEGImages/006863.jpg,horse,horse,"[""horse"",""person""]",2,1.0,0.910951554775238,0.9215593934059143,0.479416161775589,1.3171569108963013,1
1615,008195,/Users/von/Projects/cci-local-recovery/rerun_workspace/data/voc2007/VOCdevkit/VOC2007/JPEGImages/008195.jpg,motorbike,motorbike,"[""motorbike"",""person""]",1,1.0,0.5197491645812988,0.5274634957313538,-0.3355485200881958,0.2044525444507599,1
1616,006757,/Users/von/Projects/cci-local-recovery/rerun_workspace/data/voc2007/VOCdevkit/VOC2007/JPEGImages/006757.jpg,car,car,"[""car"",""person""]",3,0.6666666865348816,0.43057554960250854,0.43656855821609497,-0.7047658562660217,-0.10656726360321045,1
1617,009130,/Users/von/Projects/cci-local-recovery/rerun_workspace/data/voc2007/VOCdevkit/VOC2007/JPEGImages/009130.jpg,horse,horse,"[""horse"",""person""]",2,1.0,0.8789346218109131,0.8891696333885193,-0.3822099566459656,0.3254724144935608,1
1618,001889,/Users/von/Projects/cci-local-recovery/rerun_workspace/data/voc2007/VOCdevkit/VOC2007/JPEGImages/001889.jpg,motorbike,motorbike,"[""motorbike"",""person""]",1,0.0,0.6733362078666687,0.6833301782608032,-0.646668553352356,0.3613438308238983,1
1619,000297,/Users/von/Projects/cci-local-recovery/rerun_workspace/data/voc2007/VOCdevkit/VOC2007/JPEGImages/000297.jpg,cow,cow,"[""cow"",""person""]",3,1.0,5.631901264190674,5.701963901519775,5.863922595977783,7.780035018920898,1
1620,003340,/Users/von/Projects/cci-local-recovery/rerun_workspace/data/voc2007/VOCdevkit/VOC2007/JPEGImages/003340.jpg,bus,bus,"[""bus"",""motorbike"",""person""]",2,0.800000011920929,2.025547981262207,2.0586791038513184,0.5902931690216064,2.152195453643799,1
1621,003197,/Users/von/Projects/cci-local-recovery/rerun_workspace/data/voc2007/VOCdevkit/VOC2007/JPEGImages/003197.jpg,person,person,"[""person"",""sofa""]",5,0.8888888955116272,0.7964280843734741,0.8099848628044128,-0.057237207889556885,0.562523603439331,1
1622,002360,/Users/von/Projects/cci-local-recovery/rerun_workspace/data/voc2007/VOCdevkit/VOC2007/JPEGImages/002360.jpg,horse,horse,"[""horse"",""person""]",0,1.0,1.6630829572677612,1.682449221611023,0.5926092863082886,2.0251364707946777,1
1623,002724,/Users/von/Projects/cci-local-recovery/rerun_workspace/data/voc2007/VOCdevkit/VOC2007/JPEGImages/002724.jpg,diningtable,diningtable,"[""diningtable"",""chair""]",0,0.25,0.6795323491096497,0.6889445185661316,0.17310315370559692,0.8065618276596069,2
1624,009436,/Users/von/Projects/cci-local-recovery/rerun_workspace/data/voc2007/VOCdevkit/VOC2007/JPEGImages/009436.jpg,train,train,"[""train"",""person""]",3,0.8571428656578064,1.845853328704834,1.8726632595062256,0.02571237087249756,1.2378380298614502,1
1625,009931,/Users/von/Projects/cci-local-recovery/rerun_workspace/data/voc2007/VOCdevkit/VOC2007/JPEGImages/009931.jpg,horse,horse,"[""horse"",""person""]",0,0.800000011920929,1.1458910703659058,1.1592347621917725,0.7222920656204224,2.131650686264038,1
1626,005347,/Users/von/Projects/cci-local-recovery/rerun_workspace/data/voc2007/VOCdevkit/VOC2007/JPEGImages/005347.jpg,person,person,"[""person"",""motorbike""]",2,1.0,0.9363757371902466,0.9523146748542786,0.26089906692504883,0.9337152242660522,1
1627,003858,/Users/von/Projects/cci-local-recovery/rerun_workspace/data/voc2007/VOCdevkit/VOC2007/JPEGImages/003858.jpg,train,train,"[""train"",""person""]",3,0.0,1.2345675230026245,1.2524988651275635,0.7025337815284729,1.17466402053833,1
1628,009090,/Users/von/Projects/cci-local-recovery/rerun_workspace/data/voc2007/VOCdevkit/VOC2007/JPEGImages/009090.jpg,diningtable,diningtable,"[""diningtable"",""cat""]",1,0.0,0.6044472455978394,0.6128193736076355,0.4287821054458618,1.0985668897628784,1
1629,004126,/Users/von/Projects/cci-local-recovery/rerun_workspace/data/voc2007/VOCdevkit/VOC2007/JPEGImages/004126.jpg,horse,horse,"[""horse"",""person""]",2,0.699999988079071,1.2403647899627686,1.2548085451126099,0.5747119784355164,1.8239059448242188,1
1630,009680,/Users/von/Projects/cci-local-recovery/rerun_workspace/data/voc2007/VOCdevkit/VOC2007/JPEGImages/009680.jpg,car,car,"[""car"",""person""]",0,0.6666666865348816,0.5852429270744324,0.5933886766433716,-0.5069032907485962,0.11467921733856201,1
1631,002041,/Users/von/Projects/cci-local-recovery/rerun_workspace/data/voc2007/VOCdevkit/VOC2007/JPEGImages/002041.jpg,car,car,"[""car"",""person""]",1,0.800000011920929,1.0174378156661987,1.0315991640090942,0.6007681488990784,1.2988379001617432,1
1632,009812,/Users/von/Projects/cci-local-recovery/rerun_workspace/data/voc2007/VOCdevkit/VOC2007/JPEGImages/009812.jpg,person,person,"[""person"",""diningtable"",""sofa""]",6,0.0,0.310201495885849,0.3154817223548889,-0.46800482273101807,0.07183299958705902,1
1633,003776,/Users/von/Projects/cci-local-recovery/rerun_workspace/data/voc2007/VOCdevkit/VOC2007/JPEGImages/003776.jpg,tvmonitor,tvmonitor,"[""tvmonitor"",""bottle""]",3,1.0,3.014824151992798,3.0671327114105225,1.783401370048523,2.5661089420318604,1
1634,003906,/Users/von/Projects/cci-local-recovery/rerun_workspace/data/voc2007/VOCdevkit/VOC2007/JPEGImages/003906.jpg,cat,cat,"[""cat"",""bottle""]",0,0.0,0.1621216982603073,0.1646144539117813,-0.05048121511936188,0.022611409425735474,2
1635,001762,/Users/von/Projects/cci-local-recovery/rerun_workspace/data/voc2007/VOCdevkit/VOC2007/JPEGImages/001762.jpg,chair,chair,"[""chair"",""cat""]",4,0.9230769276618958,1.5582019090652466,1.581189751625061,0.2633868455886841,1.101541519165039,1
1636,007690,/Users/von/Projects/cci-local-recovery/rerun_workspace/data/voc2007/VOCdevkit/VOC2007/JPEGImages/007690.jpg,bus,bus,"[""bus"",""car"",""person""]",2,1.0,1.6104451417922974,1.6367865800857544,0.290848970413208,1.1976146697998047,1
1637,002887,/Users/von/Projects/cci-local-recovery/rerun_workspace/data/voc2007/VOCdevkit/VOC2007/JPEGImages/002887.jpg,sofa,sofa,"[""sofa"",""pottedplant""]",2,0.6000000238418579,1.93656587600708,1.9679021835327148,1.887987732887268,2.4943065643310547,1
1638,005381,/Users/von/Projects/cci-local-recovery/rerun_workspace/data/voc2007/VOCdevkit/VOC2007/JPEGImages/005381.jpg,bus,bus,"[""bus"",""car""]",1,1.0,4.659863471984863,4.736083030700684,2.0172007083892822,5.851274013519287,1
1639,000124,/Users/von/Projects/cci-local-recovery/rerun_workspace/data/voc2007/VOCdevkit/VOC2007/JPEGImages/000124.jpg,person,person,"[""person"",""chair"",""pottedplant""]",2,1.0,1.7619550228118896,1.7919468879699707,0.040659427642822266,0.824876070022583,1
1640,005187,/Users/von/Projects/cci-local-recovery/rerun_workspace/data/voc2007/VOCdevkit/VOC2007/JPEGImages/005187.jpg,sofa,sofa,"[""sofa"",""person"",""tvmonitor""]",0,1.0,0.7109642028808594,0.7224686145782471,0.0391964316368103,0.394702285528183,1
1641,006580,/Users/von/Projects/cci-local-recovery/rerun_workspace/data/voc2007/VOCdevkit/VOC2007/JPEGImages/006580.jpg,person,person,"[""person"",""dog""]",0,0.6666666865348816,0.4388017952442169,0.44627106189727783,-1.512359619140625,0.0744321346282959,1
1642,003534,/Users/von/Projects/cci-local-recovery/rerun_workspace/data/voc2007/VOCdevkit/VOC2007/JPEGImages/003534.jpg,person,person,"[""person"",""bicycle""]",4,1.0,0.5686773657798767,0.5783573389053345,-0.3959841728210449,-0.035617291927337646,1
1643,008131,/Users/von/Projects/cci-local-recovery/rerun_workspace/data/voc2007/VOCdevkit/VOC2007/JPEGImages/008131.jpg,person,person,"[""person"",""chair""]",2,0.75,0.43537437915802,0.4427852928638458,-0.3850596249103546,0.305441677570343,1
1644,004363,/Users/von/Projects/cci-local-recovery/rerun_workspace/data/voc2007/VOCdevkit/VOC2007/JPEGImages/004363.jpg,person,person,"[""person"",""chair"",""sofa""]",1,0.3333333432674408,0.2471626251935959,0.25136980414390564,-0.49020513892173767,-0.01623883843421936,2
1645,004547,/Users/von/Projects/cci-local-recovery/rerun_workspace/data/voc2007/VOCdevkit/VOC2007/JPEGImages/004547.jpg,person,person,"[""person"",""bicycle""]",1,1.0,0.9277588725090027,0.9435511231422424,0.8082623481750488,1.6612217426300049,1
1646,008094,/Users/von/Projects/cci-local-recovery/rerun_workspace/data/voc2007/VOCdevkit/VOC2007/JPEGImages/008094.jpg,person,person,"[""person"",""bottle""]",0,1.0,0.36089086532592773,0.3670339286327362,-0.5496180057525635,0.17343203723430634,1
1647,007726,/Users/von/Projects/cci-local-recovery/rerun_workspace/data/voc2007/VOCdevkit/VOC2007/JPEGImages/007726.jpg,train,train,"[""train"",""person""]",3,1.0,0.584564745426178,0.593055248260498,-0.008670151233673096,0.47421878576278687,1
1648,003245,/Users/von/Projects/cci-local-recovery/rerun_workspace/data/voc2007/VOCdevkit/VOC2007/JPEGImages/003245.jpg,person,person,"[""person"",""chair""]",5,0.0,0.39785075187683105,0.4046229422092438,-0.8137195110321045,-0.19002673029899597,1
1649,007648,/Users/von/Projects/cci-local-recovery/rerun_workspace/data/voc2007/VOCdevkit/VOC2007/JPEGImages/007648.jpg,person,person,"[""person"",""chair"",""diningtable""]",5,1.0,0.8288593888282776,0.8429681658744812,-0.5722730755805969,0.1522921919822693,1
1650,005163,/Users/von/Projects/cci-local-recovery/rerun_workspace/data/voc2007/VOCdevkit/VOC2007/JPEGImages/005163.jpg,car,car,"[""car"",""motorbike"",""person""]",5,0.0,0.4756186902523041,0.48223865032196045,-0.8006857633590698,0.13686510920524597,1
1651,007057,/Users/von/Projects/cci-local-recovery/rerun_workspace/data/voc2007/VOCdevkit/VOC2007/JPEGImages/007057.jpg,sofa,sofa,"[""sofa"",""chair"",""diningtable"",""pottedplant""]",7,1.0,0.4872361421585083,0.4951203167438507,0.5395523905754089,0.8990157246589661,1
1652,003951,/Users/von/Projects/cci-local-recovery/rerun_workspace/data/voc2007/VOCdevkit/VOC2007/JPEGImages/003951.jpg,horse,horse,"[""horse"",""person""]",1,0.8181818127632141,2.819707155227661,2.852541923522949,1.3409897089004517,3.5940873622894287,1
1653,007708,/Users/von/Projects/cci-local-recovery/rerun_workspace/data/voc2007/VOCdevkit/VOC2007/JPEGImages/007708.jpg,chair,chair,"[""chair"",""diningtable""]",0,1.0,0.4397147297859192,0.44620177149772644,-0.27625009417533875,0.7166703939437866,1
1654,002536,/Users/von/Projects/cci-local-recovery/rerun_workspace/data/voc2007/VOCdevkit/VOC2007/JPEGImages/002536.jpg,diningtable,diningtable,"[""diningtable"",""bottle""]",2,1.0,0.5516905784606934,0.559332013130188,0.45523616671562195,0.8532782793045044,1
1655,007658,/Users/von/Projects/cci-local-recovery/rerun_workspace/data/voc2007/VOCdevkit/VOC2007/JPEGImages/007658.jpg,person,person,"[""person"",""bicycle""]",0,0.800000011920929,0.2155725061893463,0.21924196183681488,-0.283505916595459,0.08582797646522522,1
1656,001447,/Users/von/Projects/cci-local-recovery/rerun_workspace/data/voc2007/VOCdevkit/VOC2007/JPEGImages/001447.jpg,motorbike,motorbike,"[""motorbike"",""person""]",7,1.0,0.3485058844089508,0.35367855429649353,-0.6465023756027222,0.2423953264951706,1
1657,000006,/Users/von/Projects/cci-local-recovery/rerun_workspace/data/voc2007/VOCdevkit/VOC2007/JPEGImages/000006.jpg,diningtable,diningtable,"[""diningtable"",""chair"",""pottedplant""]",1,0.4285714328289032,2.266594409942627,2.2979888916015625,2.3145084381103516,3.3459675312042236,1
1658,006793,/Users/von/Projects/cci-local-recovery/rerun_workspace/data/voc2007/VOCdevkit/VOC2007/JPEGImages/006793.jpg,horse,horse,"[""horse"",""car"",""person""]",0,1.0,0.36976590752601624,0.37407174706459045,0.8970972299575806,1.90805983543396,1
1659,000084,/Users/von/Projects/cci-local-recovery/rerun_workspace/data/voc2007/VOCdevkit/VOC2007/JPEGImages/000084.jpg,diningtable,diningtable,"[""diningtable"",""chair"",""sofa""]",4,0.5,1.8243474960327148,1.8496164083480835,1.0544331073760986,1.7803454399108887,1
1660,007583,/Users/von/Projects/cci-local-recovery/rerun_workspace/data/voc2007/VOCdevkit/VOC2007/JPEGImages/007583.jpg,dog,dog,"[""dog"",""person"",""tvmonitor""]",0,0.9166666865348816,1.8556824922561646,1.8817530870437622,1.6574904918670654,3.2987613677978516,1
1661,008887,/Users/von/Projects/cci-local-recovery/rerun_workspace/data/voc2007/VOCdevkit/VOC2007/JPEGImages/008887.jpg,chair,chair,"[""chair"",""tvmonitor""]",7,1.0,1.5031204223632812,1.5252957344055176,-1.364394187927246,0.7607049942016602,1
1662,007942,/Users/von/Projects/cci-local-recovery/rerun_workspace/data/voc2007/VOCdevkit/VOC2007/JPEGImages/007942.jpg,horse,horse,"[""horse"",""person""]",0,0.7272727489471436,5.58698034286499,5.652039527893066,4.226474285125732,6.5224175453186035,1
1663,001320,/Users/von/Projects/cci-local-recovery/rerun_workspace/data/voc2007/VOCdevkit/VOC2007/JPEGImages/001320.jpg,horse,horse,"[""horse"",""person""]",0,0.06666667014360428,0.7562028169631958,0.7650086283683777,-0.24375098943710327,0.07956784963607788,1
1664,009482,/Users/von/Projects/cci-local-recovery/rerun_workspace/data/voc2007/VOCdevkit/VOC2007/JPEGImages/009482.jpg,diningtable,diningtable,"[""diningtable"",""bottle"",""chair"",""person""]",7,0.0,0.18715985119342804,0.18975219130516052,-0.4676179587841034,-0.10902133584022522,1
1665,001081,/Users/von/Projects/cci-local-recovery/rerun_workspace/data/voc2007/VOCdevkit/VOC2007/JPEGImages/001081.jpg,chair,chair,"[""chair"",""tvmonitor""]",2,0.5714285969734192,2.590224266052246,2.6284375190734863,1.1737098693847656,1.987330436706543,1
1666,005447,/Users/von/Projects/cci-local-recovery/rerun_workspace/data/voc2007/VOCdevkit/VOC2007/JPEGImages/005447.jpg,sofa,sofa,"[""sofa"",""car"",""person""]",5,0.6000000238418579,1.2489469051361084,1.269156575202942,0.1459590196609497,1.3612241744995117,1
1667,003707,/Users/von/Projects/cci-local-recovery/rerun_workspace/data/voc2007/VOCdevkit/VOC2007/JPEGImages/003707.jpg,person,person,"[""person"",""bottle""]",2,1.0,0.1986142098903656,0.20199501514434814,-2.110426425933838,0.3684207797050476,1
1668,004813,/Users/von/Projects/cci-local-recovery/rerun_workspace/data/voc2007/VOCdevkit/VOC2007/JPEGImages/004813.jpg,sofa,sofa,"[""sofa"",""chair""]",4,0.699999988079071,2.3924083709716797,2.4311208724975586,0.8976650238037109,2.1497457027435303,1
1669,009554,/Users/von/Projects/cci-local-recovery/rerun_workspace/data/voc2007/VOCdevkit/VOC2007/JPEGImages/009554.jpg,person,person,"[""person"",""sofa"",""tvmonitor""]",6,0.09090909361839294,0.4175042510032654,0.42461097240448,-0.3851151466369629,0.39378562569618225,1
1670,002185,/Users/von/Projects/cci-local-recovery/rerun_workspace/data/voc2007/VOCdevkit/VOC2007/JPEGImages/002185.jpg,motorbike,motorbike,"[""motorbike"",""car"",""person""]",4,1.0,0.09925893694162369,0.10073218494653702,-0.6362282633781433,0.07231667637825012,1
1671,000240,/Users/von/Projects/cci-local-recovery/rerun_workspace/data/voc2007/VOCdevkit/VOC2007/JPEGImages/000240.jpg,car,car,"[""car"",""boat"",""person""]",3,0.0,0.15766264498233795,0.15985709428787231,-0.15550455451011658,-0.018149852752685547,1
1672,007701,/Users/von/Projects/cci-local-recovery/rerun_workspace/data/voc2007/VOCdevkit/VOC2007/JPEGImages/007701.jpg,car,car,"[""car"",""person""]",7,0.0,1.3803783655166626,1.399591326713562,-0.15090680122375488,0.13747859001159668,1
1673,002230,/Users/von/Projects/cci-local-recovery/rerun_workspace/data/voc2007/VOCdevkit/VOC2007/JPEGImages/002230.jpg,sofa,sofa,"[""sofa"",""person""]",1,1.0,0.6876741647720337,0.6988016963005066,0.13126534223556519,0.6110789775848389,1
1674,004128,/Users/von/Projects/cci-local-recovery/rerun_workspace/data/voc2007/VOCdevkit/VOC2007/JPEGImages/004128.jpg,person,person,"[""person"",""chair""]",0,0.8333333134651184,0.48797884583473206,0.49628520011901855,-0.22507280111312866,0.21051040291786194,1
1675,001519,/Users/von/Projects/cci-local-recovery/rerun_workspace/data/voc2007/VOCdevkit/VOC2007/JPEGImages/001519.jpg,sofa,sofa,"[""sofa"",""chair""]",3,1.0,1.0863996744155884,1.1039791107177734,0.7354871034622192,1.0635285377502441,1
1676,004001,/Users/von/Projects/cci-local-recovery/rerun_workspace/data/voc2007/VOCdevkit/VOC2007/JPEGImages/004001.jpg,bus,bus,"[""bus"",""car"",""person""]",2,0.0,0.8871124982833862,0.9016226530075073,0.09656351804733276,0.4405081570148468,1
1677,009493,/Users/von/Projects/cci-local-recovery/rerun_workspace/data/voc2007/VOCdevkit/VOC2007/JPEGImages/009493.jpg,bicycle,bicycle,"[""bicycle"",""person""]",1,1.0,1.0092530250549316,1.0242220163345337,0.5312730669975281,2.746656656265259,1
1678,006115,/Users/von/Projects/cci-local-recovery/rerun_workspace/data/voc2007/VOCdevkit/VOC2007/JPEGImages/006115.jpg,sofa,sofa,"[""sofa"",""person"",""pottedplant""]",3,1.0,0.9989240169525146,1.0150879621505737,0.5472856760025024,1.0185638666152954,1
1679,005666,/Users/von/Projects/cci-local-recovery/rerun_workspace/data/voc2007/VOCdevkit/VOC2007/JPEGImages/005666.jpg,person,person,"[""person"",""bus"",""car""]",1,0.0,0.26160451769828796,0.2660575211048126,-0.5244702100753784,0.11745151877403259,1
1680,005409,/Users/von/Projects/cci-local-recovery/rerun_workspace/data/voc2007/VOCdevkit/VOC2007/JPEGImages/005409.jpg,horse,horse,"[""horse"",""person""]",1,1.0,1.590786099433899,1.6093103885650635,2.0611820220947266,4.142341613769531,1
1681,001776,/Users/von/Projects/cci-local-recovery/rerun_workspace/data/voc2007/VOCdevkit/VOC2007/JPEGImages/001776.jpg,person,person,"[""person"",""car""]",3,1.0,0.21485882997512817,0.21851614117622375,-0.2690494656562805,0.7734667062759399,1
1682,007609,/Users/von/Projects/cci-local-recovery/rerun_workspace/data/voc2007/VOCdevkit/VOC2007/JPEGImages/007609.jpg,horse,horse,"[""horse"",""person""]",7,1.0,1.3258253335952759,1.341264247894287,-0.24288594722747803,1.0287277698516846,1
1683,007496,/Users/von/Projects/cci-local-recovery/rerun_workspace/data/voc2007/VOCdevkit/VOC2007/JPEGImages/007496.jpg,person,person,"[""person"",""car""]",5,1.0,0.06590586155653,0.06702771037817001,-0.1286451816558838,-0.012484930455684662,2
1684,000230,/Users/von/Projects/cci-local-recovery/rerun_workspace/data/voc2007/VOCdevkit/VOC2007/JPEGImages/000230.jpg,bicycle,bicycle,"[""bicycle"",""person""]",1,0.8181818127632141,1.4453169107437134,1.4667534828186035,0.4286860227584839,1.6145209074020386,1
1685,000617,/Users/von/Projects/cci-local-recovery/rerun_workspace/data/voc2007/VOCdevkit/VOC2007/JPEGImages/000617.jpg,diningtable,diningtable,"[""diningtable"",""person""]",2,0.800000011920929,1.1032087802886963,1.1184892654418945,0.7228233814239502,1.2519108057022095,1
1686,006975,/Users/von/Projects/cci-local-recovery/rerun_workspace/data/voc2007/VOCdevkit/VOC2007/JPEGImages/006975.jpg,person,person,"[""person"",""bicycle""]",0,0.8571428656578064,0.5704319477081299,0.5801417827606201,-0.43733060359954834,0.2660975158214569,1
1687,005133,/Users/von/Projects/cci-local-recovery/rerun_workspace/data/voc2007/VOCdevkit/VOC2007/JPEGImages/005133.jpg,motorbike,motorbike,"[""motorbike"",""person""]",7,0.8571428656578064,0.3677821159362793,0.3732408881187439,-0.3889812231063843,0.6997539401054382,1
1688,007157,/Users/von/Projects/cci-local-recovery/rerun_workspace/data/voc2007/VOCdevkit/VOC2007/JPEGImages/007157.jpg,aeroplane,aeroplane,"[""aeroplane"",""person""]",3,0.0,0.39023739099502563,0.39844846725463867,0.00675654411315918,0.1797814667224884,1
1689,005098,/Users/von/Projects/cci-local-recovery/rerun_workspace/data/voc2007/VOCdevkit/VOC2007/JPEGImages/005098.jpg,bicycle,bicycle,"[""bicycle"",""boat""]",2,0.5555555820465088,0.2645900547504425,0.26851436495780945,-0.849421501159668,-0.13861483335494995,1
1690,004560,/Users/von/Projects/cci-local-recovery/rerun_workspace/data/voc2007/VOCdevkit/VOC2007/JPEGImages/004560.jpg,car,car,"[""car"",""motorbike""]",7,0.1818181872367859,0.2827504575252533,0.2866859436035156,-0.5380377173423767,0.05446361005306244,1
1691,005069,/Users/von/Projects/cci-local-recovery/rerun_workspace/data/voc2007/VOCdevkit/VOC2007/JPEGImages/005069.jpg,train,train,"[""train"",""person""]",6,0.0,0.10342669486999512,0.10492891073226929,-0.24386093020439148,-0.10490790009498596,1
1692,007714,/Users/von/Projects/cci-local-recovery/rerun_workspace/data/voc2007/VOCdevkit/VOC2007/JPEGImages/007714.jpg,car,car,"[""car"",""person""]",2,1.0,4.635282516479492,4.699799060821533,2.305020809173584,4.808497428894043,1
1693,001692,/Users/von/Projects/cci-local-recovery/rerun_workspace/data/voc2007/VOCdevkit/VOC2007/JPEGImages/001692.jpg,horse,horse,"[""horse"",""person""]",4,0.125,1.2789604663848877,1.2938536405563354,0.251204252243042,1.0263140201568604,1
1694,000891,/Users/von/Projects/cci-local-recovery/rerun_workspace/data/voc2007/VOCdevkit/VOC2007/JPEGImages/000891.jpg,person,person,"[""person"",""bicycle""]",0,1.0,0.5726962089538574,0.5824446082115173,-0.6530249714851379,0.16927161812782288,1
1695,002177,/Users/von/Projects/cci-local-recovery/rerun_workspace/data/voc2007/VOCdevkit/VOC2007/JPEGImages/002177.jpg,car,car,"[""car"",""bus""]",7,1.0,0.4478106200695038,0.45404353737831116,-0.09062114357948303,0.3593337833881378,1
1696,001220,/Users/von/Projects/cci-local-recovery/rerun_workspace/data/voc2007/VOCdevkit/VOC2007/JPEGImages/001220.jpg,person,person,"[""person"",""dog"",""sofa""]",5,1.0,0.5977441072463989,0.6079188585281372,0.051035284996032715,0.7661047577857971,1
1697,002865,/Users/von/Projects/cci-local-recovery/rerun_workspace/data/voc2007/VOCdevkit/VOC2007/JPEGImages/002865.jpg,bus,bus,"[""bus"",""person""]",2,1.0,0.8670061826705933,0.8811874389648438,0.43360355496406555,1.3706011772155762,1
1698,003600,/Users/von/Projects/cci-local-recovery/rerun_workspace/data/voc2007/VOCdevkit/VOC2007/JPEGImages/003600.jpg,person,person,"[""person"",""chair""]",2,0.875,0.7151068449020386,0.7272793650627136,0.49825090169906616,2.1713666915893555,1
1699,009423,/Users/von/Projects/cci-local-recovery/rerun_workspace/data/voc2007/VOCdevkit/VOC2007/JPEGImages/009423.jpg,boat,boat,"[""boat"",""person""]",5,0.10000000149011612,0.5242234468460083,0.5324642658233643,0.06347742676734924,0.27996525168418884,1
1700,003196,/Users/von/Projects/cci-local-recovery/rerun_workspace/data/voc2007/VOCdevkit/VOC2007/JPEGImages/003196.jpg,sofa,sofa,"[""sofa"",""person""]",2,1.0,1.1472238302230835,1.1657875776290894,0.7068021297454834,1.1410024166107178,1
1701,007985,/Users/von/Projects/cci-local-recovery/rerun_workspace/data/voc2007/VOCdevkit/VOC2007/JPEGImages/007985.jpg,aeroplane,aeroplane,"[""aeroplane"",""person""]",4,1.0,0.8767017126083374,0.8951486349105835,0.09720861911773682,0.3994995951652527,1
1702,009786,/Users/von/Projects/cci-local-recovery/rerun_workspace/data/voc2007/VOCdevkit/VOC2007/JPEGImages/009786.jpg,dog,dog,"[""dog"",""cat""]",2,1.0,1.8717808723449707,1.8980777263641357,1.6326452493667603,2.555889844894409,1
1703,004505,/Users/von/Projects/cci-local-recovery/rerun_workspace/data/voc2007/VOCdevkit/VOC2007/JPEGImages/004505.jpg,train,train,"[""train"",""person""]",2,0.46666666865348816,0.6226370334625244,0.6316804885864258,-0.735037088394165,0.12461042404174805,1
1704,008623,/Users/von/Projects/cci-local-recovery/rerun_workspace/data/voc2007/VOCdevkit/VOC2007/JPEGImages/008623.jpg,motorbike,motorbike,"[""motorbike"",""person""]",4,0.5,0.751936137676239,0.7630966901779175,0.5052297115325928,0.7959547638893127,1
1705,008120,/Users/von/Projects/cci-local-recovery/rerun_workspace/data/voc2007/VOCdevkit/VOC2007/JPEGImages/008120.jpg,person,person,"[""person"",""car""]",4,1.0,0.5647304654121399,0.5743432641029358,-0.42976802587509155,0.6607673168182373,1
1706,003505,/Users/von/Projects/cci-local-recovery/rerun_workspace/data/voc2007/VOCdevkit/VOC2007/JPEGImages/003505.jpg,person,person,"[""person"",""motorbike""]",4,0.0,0.5159227848052979,0.5247048139572144,-0.3005867004394531,0.015983939170837402,1
1707,004099,/Users/von/Projects/cci-local-recovery/rerun_workspace/data/voc2007/VOCdevkit/VOC2007/JPEGImages/004099.jpg,bus,bus,"[""bus"",""person""]",1,1.0,1.1178052425384521,1.1360887289047241,0.2712312936782837,0.9473476409912109,1
1708,009322,/Users/von/Projects/cci-local-recovery/rerun_workspace/data/voc2007/VOCdevkit/VOC2007/JPEGImages/009322.jpg,motorbike,motorbike,"[""motorbike"",""bus"",""car"",""person""]",3,0.4000000059604645,3.352849006652832,3.402613401412964,0.8135364055633545,4.229779243469238,1
1709,000231,/Users/von/Projects/cci-local-recovery/rerun_workspace/data/voc2007/VOCdevkit/VOC2007/JPEGImages/000231.jpg,bus,bus,"[""bus"",""person""]",4,1.0,4.443009376525879,4.515681743621826,3.0147042274475098,6.180197715759277,1
1710,008050,/Users/von/Projects/cci-local-recovery/rerun_workspace/data/voc2007/VOCdevkit/VOC2007/JPEGImages/008050.jpg,tvmonitor,tvmonitor,"[""tvmonitor"",""chair"",""person""]",0,0.0833333358168602,2.256223678588867,2.295370101928711,1.1042009592056274,1.6966207027435303,1
1711,008309,/Users/von/Projects/cci-local-recovery/rerun_workspace/data/voc2007/VOCdevkit/VOC2007/JPEGImages/008309.jpg,sofa,sofa,"[""sofa"",""person""]",7,1.0,0.3007282614707947,0.30559447407722473,0.09504492580890656,0.33972403407096863,1
1712,006143,/Users/von/Projects/cci-local-recovery/rerun_workspace/data/voc2007/VOCdevkit/VOC2007/JPEGImages/006143.jpg,horse,horse,"[""horse"",""person""]",1,1.0,1.3250986337661743,1.3405290842056274,1.4420723915100098,2.879040479660034,1
1713,008599,/Users/von/Projects/cci-local-recovery/rerun_workspace/data/voc2007/VOCdevkit/VOC2007/JPEGImages/008599.jpg,dog,dog,"[""dog"",""pottedplant""]",3,0.0,0.49396753311157227,0.500907301902771,-0.030430138111114502,0.20990678668022156,2
1714,009582,/Users/von/Projects/cci-local-recovery/rerun_workspace/data/voc2007/VOCdevkit/VOC2007/JPEGImages/009582.jpg,diningtable,diningtable,"[""diningtable"",""chair""]",0,1.0,0.726490318775177,0.736552894115448,-0.2605229616165161,1.008160948753357,1
1715,008902,/Users/von/Projects/cci-local-recovery/rerun_workspace/data/voc2007/VOCdevkit/VOC2007/JPEGImages/008902.jpg,person,person,"[""person"",""bottle""]",4,1.0,0.5244898200035095,0.5334176421165466,-0.38039523363113403,-0.01412200927734375,1
1716,009548,/Users/von/Projects/cci-local-recovery/rerun_workspace/data/voc2007/VOCdevkit/VOC2007/JPEGImages/009548.jpg,train,train,"[""train"",""person""]",0,1.0,0.5093501806259155,0.5167481899261475,-0.2189399003982544,0.1959201693534851,1
1717,006040,/Users/von/Projects/cci-local-recovery/rerun_workspace/data/voc2007/VOCdevkit/VOC2007/JPEGImages/006040.jpg,person,person,"[""person"",""tvmonitor""]",0,1.0,0.3648598790168762,0.3710705041885376,-1.2166619300842285,0.5562469363212585,1
1718,006623,/Users/von/Projects/cci-local-recovery/rerun_workspace/data/voc2007/VOCdevkit/VOC2007/JPEGImages/006623.jpg,person,person,"[""person"",""horse""]",0,0.8333333134651184,0.5396294593811035,0.5488150119781494,-1.6512539386749268,-0.2527172565460205,1
1719,008705,/Users/von/Projects/cci-local-recovery/rerun_workspace/data/voc2007/VOCdevkit/VOC2007/JPEGImages/008705.jpg,chair,chair,"[""chair"",""dog""]",2,0.75,2.217907667160034,2.2506279945373535,1.2138962745666504,2.160254955291748,1
1720,007112,/Users/von/Projects/cci-local-recovery/rerun_workspace/data/voc2007/VOCdevkit/VOC2007/JPEGImages/007112.jpg,car,car,"[""car"",""person""]",3,0.6666666865348816,0.5823274850845337,0.5904327034950256,-0.2598249316215515,0.5155157446861267,1
1721,009074,/Users/von/Projects/cci-local-recovery/rerun_workspace/data/voc2007/VOCdevkit/VOC2007/JPEGImages/009074.jpg,horse,horse,"[""horse"",""person""]",5,0.5,4.379758834838867,4.430759906768799,2.315727949142456,5.036531925201416,1
1722,009441,/Users/von/Projects/cci-local-recovery/rerun_workspace/data/voc2007/VOCdevkit/VOC2007/JPEGImages/009441.jpg,person,person,"[""person"",""motorbike""]",3,1.0,0.34241974353790283,0.3482483923435211,-0.008469551801681519,0.1981559842824936,1
1723,000938,/Users/von/Projects/cci-local-recovery/rerun_workspace/data/voc2007/VOCdevkit/VOC2007/JPEGImages/000938.jpg,chair,chair,"[""chair"",""sofa""]",0,0.1666666716337204,1.0475178956985474,1.0629717111587524,0.36051589250564575,0.6034152507781982,1
1724,001173,/Users/von/Projects/cci-local-recovery/rerun_workspace/data/voc2007/VOCdevkit/VOC2007/JPEGImages/001173.jpg,person,person,"[""person"",""cat""]",0,1.0,0.7809311747550964,0.7942241430282593,0.703061580657959,1.7637938261032104,1
1725,008778,/Users/von/Projects/cci-local-recovery/rerun_workspace/data/voc2007/VOCdevkit/VOC2007/JPEGImages/008778.jpg,person,person,"[""person"",""bottle""]",4,0.8333333134651184,0.9744153022766113,0.9910017251968384,0.5751783847808838,1.326155185699463,1
1726,004214,/Users/von/Projects/cci-local-recovery/rerun_workspace/data/voc2007/VOCdevkit/VOC2007/JPEGImages/004214.jpg,motorbike,motorbike,"[""motorbike"",""person""]",0,0.0,0.16660486161708832,0.16907767951488495,-0.5140187740325928,-0.03078952431678772,1
1727,009258,/Users/von/Projects/cci-local-recovery/rerun_workspace/data/voc2007/VOCdevkit/VOC2007/JPEGImages/009258.jpg,person,person,"[""person"",""bicycle""]",4,1.0,0.80662602186203,0.8203563690185547,-0.413429856300354,0.51381915807724,1
1728,002862,/Users/von/Projects/cci-local-recovery/rerun_workspace/data/voc2007/VOCdevkit/VOC2007/JPEGImages/002862.jpg,diningtable,diningtable,"[""diningtable"",""chair""]",3,1.0,2.028376579284668,2.056471347808838,1.4828689098358154,2.028869152069092,1
1729,003543,/Users/von/Projects/cci-local-recovery/rerun_workspace/data/voc2007/VOCdevkit/VOC2007/JPEGImages/003543.jpg,boat,boat,"[""boat"",""person""]",2,1.0,1.0715596675872803,1.0884045362472534,-0.013741135597229004,0.8217183351516724,1
1730,003101,/Users/von/Projects/cci-local-recovery/rerun_workspace/data/voc2007/VOCdevkit/VOC2007/JPEGImages/003101.jpg,bus,bus,"[""bus"",""car""]",5,1.0,0.16644906997680664,0.16917161643505096,-0.2591981887817383,0.055222779512405396,2
1731,007485,/Users/von/Projects/cci-local-recovery/rerun_workspace/data/voc2007/VOCdevkit/VOC2007/JPEGImages/007485.jpg,sofa,sofa,"[""sofa"",""dog""]",7,1.0,0.5868794322013855,0.5963759422302246,0.24550417065620422,0.5999433398246765,1
1732,003483,/Users/von/Projects/cci-local-recovery/rerun_workspace/data/voc2007/VOCdevkit/VOC2007/JPEGImages/003483.jpg,car,car,"[""car"",""person""]",3,0.6000000238418579,0.2644217610359192,0.26810213923454285,-0.012407362461090088,0.4406285285949707,1
1733,000248,/Users/von/Projects/cci-local-recovery/rerun_workspace/data/voc2007/VOCdevkit/VOC2007/JPEGImages/000248.jpg,horse,horse,"[""horse"",""person""]",5,1.0,0.8849335312843323,0.8952383995056152,0.4504958987236023,3.5199806690216064,1
1734,001138,/Users/von/Projects/cci-local-recovery/rerun_workspace/data/voc2007/VOCdevkit/VOC2007/JPEGImages/001138.jpg,chair,chair,"[""chair"",""tvmonitor""]",0,0.0,0.08865700662136078,0.08996494859457016,-0.16840332746505737,0.06339019536972046,1
1735,002341,/Users/von/Projects/cci-local-recovery/rerun_workspace/data/voc2007/VOCdevkit/VOC2007/JPEGImages/002341.jpg,person,person,"[""person"",""dog""]",2,1.0,0.5434325933456421,0.5526828765869141,-6.2723469734191895,-0.4015018343925476,1
1736,003345,/Users/von/Projects/cci-local-recovery/rerun_workspace/data/voc2007/VOCdevkit/VOC2007/JPEGImages/003345.jpg,diningtable,diningtable,"[""diningtable"",""chair""]",1,0.5454545617103577,0.9121478199958801,0.9247819185256958,0.44750887155532837,1.1478698253631592,1
1737,000022,/Users/von/Projects/cci-local-recovery/rerun_workspace/data/voc2007/VOCdevkit/VOC2007/JPEGImages/000022.jpg,horse,horse,"[""horse"",""person""]",6,1.0,1.15201735496521,1.165432333946228,0.31324708461761475,0.9012279510498047,1
1738,001819,/Users/von/Projects/cci-local-recovery/rerun_workspace/data/voc2007/VOCdevkit/VOC2007/JPEGImages/001819.jpg,horse,horse,"[""horse"",""person""]",1,1.0,1.4434916973114014,1.4603008031845093,0.2858729362487793,1.7636730670928955,1
1739,004893,/Users/von/Projects/cci-local-recovery/rerun_workspace/data/voc2007/VOCdevkit/VOC2007/JPEGImages/004893.jpg,person,person,"[""person"",""pottedplant""]",2,0.0,0.7868401408195496,0.8002336621284485,-0.34148281812667847,0.007861435413360596,1
1740,000410,/Users/von/Projects/cci-local-recovery/rerun_workspace/data/voc2007/VOCdevkit/VOC2007/JPEGImages/000410.jpg,horse,horse,"[""horse"",""dog"",""person""]",4,0.0,0.6947619915008545,0.7028523087501526,0.03995859622955322,0.3543185889720917,1
1741,007237,/Users/von/Projects/cci-local-recovery/rerun_workspace/data/voc2007/VOCdevkit/VOC2007/JPEGImages/007237.jpg,person,person,"[""person"",""bottle"",""chair"",""diningtable"",""pottedplant"",""sofa""]",1,1.0,0.47723808884620667,0.48536160588264465,-0.7118346691131592,0.07667869329452515,1
1742,009077,/Users/von/Projects/cci-local-recovery/rerun_workspace/data/voc2007/VOCdevkit/VOC2007/JPEGImages/009077.jpg,person,person,"[""person"",""car""]",4,1.0,1.1961277723312378,1.216488242149353,0.6579076647758484,1.9765994548797607,1
1743,005040,/Users/von/Projects/cci-local-recovery/rerun_workspace/data/voc2007/VOCdevkit/VOC2007/JPEGImages/005040.jpg,person,person,"[""person"",""chair""]",2,0.875,0.10651342570781708,0.1083264872431755,-0.5275999903678894,0.09695952385663986,1
1744,005049,/Users/von/Projects/cci-local-recovery/rerun_workspace/data/voc2007/VOCdevkit/VOC2007/JPEGImages/005049.jpg,person,person,"[""person"",""diningtable""]",7,1.0,0.34192711114883423,0.3477473855018616,-0.5611523985862732,0.12791112065315247,1
1745,008490,/Users/von/Projects/cci-local-recovery/rerun_workspace/data/voc2007/VOCdevkit/VOC2007/JPEGImages/008490.jpg,diningtable,diningtable,"[""diningtable"",""chair""]",7,0.800000011920929,0.8816734552383423,0.8938854336738586,-0.1561632752418518,0.6654009222984314,1
1746,004810,/Users/von/Projects/cci-local-recovery/rerun_workspace/data/voc2007/VOCdevkit/VOC2007/JPEGImages/004810.jpg,car,car,"[""car"",""person""]",5,0.6000000238418579,0.8634818196296692,0.8755002617835999,0.556145429611206,1.1229479312896729,1
1747,009109,/Users/von/Projects/cci-local-recovery/rerun_workspace/data/voc2007/VOCdevkit/VOC2007/JPEGImages/009109.jpg,diningtable,diningtable,"[""diningtable"",""chair""]",4,1.0,0.652695894241333,0.6617363095283508,-0.4915085434913635,0.7780567407608032,1
1748,001382,/Users/von/Projects/cci-local-recovery/rerun_workspace/data/voc2007/VOCdevkit/VOC2007/JPEGImages/001382.jpg,car,car,"[""car"",""person""]",3,1.0,2.2260756492614746,2.2570595741271973,-0.18047118186950684,2.144895553588867,1
1749,006213,/Users/von/Projects/cci-local-recovery/rerun_workspace/data/voc2007/VOCdevkit/VOC2007/JPEGImages/006213.jpg,car,car,"[""car"",""person""]",2,0.5,0.29513269662857056,0.2992405295372009,-0.06032022833824158,0.17929746210575104,1
1750,006586,/Users/von/Projects/cci-local-recovery/rerun_workspace/data/voc2007/VOCdevkit/VOC2007/JPEGImages/006586.jpg,horse,horse,"[""horse"",""person""]",7,1.0,0.274836927652359,0.27803733944892883,-0.20180454850196838,0.13229411840438843,1
1751,001141,/Users/von/Projects/cci-local-recovery/rerun_workspace/data/voc2007/VOCdevkit/VOC2007/JPEGImages/001141.jpg,boat,boat,"[""boat"",""person"",""pottedplant""]",0,0.699999988079071,1.7770345211029053,1.8049695491790771,0.6179219484329224,1.3130496740341187,1
1752,005753,/Users/von/Projects/cci-local-recovery/rerun_workspace/data/voc2007/VOCdevkit/VOC2007/JPEGImages/005753.jpg,person,person,"[""person"",""tvmonitor""]",4,0.0,0.06446201354265213,0.0655592828989029,-0.1576841175556183,0.004131589084863663,1
1753,006920,/Users/von/Projects/cci-local-recovery/rerun_workspace/data/voc2007/VOCdevkit/VOC2007/JPEGImages/006920.jpg,motorbike,motorbike,"[""motorbike"",""person""]",5,1.0,0.5338786840438843,0.5418027639389038,-0.12763285636901855,0.27700936794281006,1
1754,005012,/Users/von/Projects/cci-local-recovery/rerun_workspace/data/voc2007/VOCdevkit/VOC2007/JPEGImages/005012.jpg,person,person,"[""person"",""cat"",""dog""]",7,1.0,0.7286808490753174,0.7410843968391418,-0.41798895597457886,0.371254563331604,1
1755,005798,/Users/von/Projects/cci-local-recovery/rerun_workspace/data/voc2007/VOCdevkit/VOC2007/JPEGImages/005798.jpg,person,person,"[""person"",""motorbike""]",4,1.0,0.7610726356506348,0.7740275859832764,0.23211216926574707,0.6311955451965332,1
1756,002663,/Users/von/Projects/cci-local-recovery/rerun_workspace/data/voc2007/VOCdevkit/VOC2007/JPEGImages/002663.jpg,dog,dog,"[""dog"",""chair""]",1,0.8888888955116272,0.4669789671897888,0.4735395908355713,-0.232111394405365,0.592557966709137,1
1757,002105,/Users/von/Projects/cci-local-recovery/rerun_workspace/data/voc2007/VOCdevkit/VOC2007/JPEGImages/002105.jpg,motorbike,motorbike,"[""motorbike"",""person""]",4,0.0,0.09071624279022217,0.09206269681453705,-0.1449110358953476,0.021211832761764526,1
1758,002610,/Users/von/Projects/cci-local-recovery/rerun_workspace/data/voc2007/VOCdevkit/VOC2007/JPEGImages/002610.jpg,car,car,"[""car"",""chair""]",4,0.25,0.4664674401283264,0.4729600250720978,-0.49017956852912903,0.3889603018760681,1
1759,001742,/Users/von/Projects/cci-local-recovery/rerun_workspace/data/voc2007/VOCdevkit/VOC2007/JPEGImages/001742.jpg,chair,chair,"[""chair"",""tvmonitor""]",7,0.0,0.2238606959581375,0.22716327011585236,-0.32772296667099,0.18028995394706726,1
1760,006332,/Users/von/Projects/cci-local-recovery/rerun_workspace/data/voc2007/VOCdevkit/VOC2007/JPEGImages/006332.jpg,boat,boat,"[""boat"",""person""]",1,0.0833333358168602,0.989993155002594,1.0055558681488037,-0.03224813938140869,0.4516673684120178,1
1761,006303,/Users/von/Projects/cci-local-recovery/rerun_workspace/data/voc2007/VOCdevkit/VOC2007/JPEGImages/006303.jpg,pottedplant,pottedplant,"[""pottedplant"",""cat""]",2,0.0,0.8740652799606323,0.8860593438148499,0.15279167890548706,0.8014155626296997,1
1762,006613,/Users/von/Projects/cci-local-recovery/rerun_workspace/data/voc2007/VOCdevkit/VOC2007/JPEGImages/006613.jpg,motorbike,motorbike,"[""motorbike"",""person""]",2,0.800000011920929,6.434669017791748,6.53017520904541,2.9596879482269287,6.238051414489746,1
1763,007983,/Users/von/Projects/cci-local-recovery/rerun_workspace/data/voc2007/VOCdevkit/VOC2007/JPEGImages/007983.jpg,motorbike,motorbike,"[""motorbike"",""person""]",2,0.875,0.45322147011756897,0.4599483907222748,-0.4395201504230499,0.6224367022514343,1
1764,007186,/Users/von/Projects/cci-local-recovery/rerun_workspace/data/voc2007/VOCdevkit/VOC2007/JPEGImages/007186.jpg,person,person,"[""person"",""bicycle""]",6,0.0,0.28195473551750183,0.28675416111946106,-0.2441195547580719,0.20743708312511444,1
1765,006266,/Users/von/Projects/cci-local-recovery/rerun_workspace/data/voc2007/VOCdevkit/VOC2007/JPEGImages/006266.jpg,person,person,"[""person"",""dog""]",3,0.7142857313156128,0.600109875202179,0.6103249192237854,0.9061774015426636,1.947936773300171,1
1766,007452,/Users/von/Projects/cci-local-recovery/rerun_workspace/data/voc2007/VOCdevkit/VOC2007/JPEGImages/007452.jpg,cow,cow,"[""cow"",""car""]",0,1.0,1.8520574569702148,1.8750977516174316,1.7107856273651123,2.7242989540100098,1
1767,008828,/Users/von/Projects/cci-local-recovery/rerun_workspace/data/voc2007/VOCdevkit/VOC2007/JPEGImages/008828.jpg,motorbike,motorbike,"[""motorbike"",""car"",""person""]",0,0.6666666865348816,5.415738105773926,5.496120929718018,2.725431442260742,5.273238658905029,1
1768,002227,/Users/von/Projects/cci-local-recovery/rerun_workspace/data/voc2007/VOCdevkit/VOC2007/JPEGImages/002227.jpg,bicycle,bicycle,"[""bicycle"",""tvmonitor""]",4,1.0,0.06792210787534714,0.0689295083284378,0.014088507741689682,0.10222503542900085,2
1769,006937,/Users/von/Projects/cci-local-recovery/rerun_workspace/data/voc2007/VOCdevkit/VOC2007/JPEGImages/006937.jpg,sofa,sofa,"[""sofa"",""pottedplant""]",7,1.0,2.739349126815796,2.7836756706237793,0.8026310205459595,2.8366990089416504,1
1770,009569,/Users/von/Projects/cci-local-recovery/rerun_workspace/data/voc2007/VOCdevkit/VOC2007/JPEGImages/009569.jpg,horse,horse,"[""horse"",""sheep""]",4,0.09090909361839294,1.0267165899276733,1.0386724472045898,-0.9626889228820801,0.2743067741394043,1
1771,005484,/Users/von/Projects/cci-local-recovery/rerun_workspace/data/voc2007/VOCdevkit/VOC2007/JPEGImages/005484.jpg,bus,bus,"[""bus"",""car""]",2,0.800000011920929,3.5409393310546875,3.5988571643829346,3.1504440307617188,4.287945747375488,1
1772,004395,/Users/von/Projects/cci-local-recovery/rerun_workspace/data/voc2007/VOCdevkit/VOC2007/JPEGImages/004395.jpg,bicycle,bicycle,"[""bicycle"",""person""]",2,1.0,0.6608096957206726,0.6706106066703796,-0.6282842755317688,0.6701409220695496,1
1773,005474,/Users/von/Projects/cci-local-recovery/rerun_workspace/data/voc2007/VOCdevkit/VOC2007/JPEGImages/005474.jpg,cat,cat,"[""cat"",""chair""]",0,0.9230769276618958,0.9939433932304382,1.0092260837554932,0.8474165201187134,2.483712673187256,1
1774,000188,/Users/von/Projects/cci-local-recovery/rerun_workspace/data/voc2007/VOCdevkit/VOC2007/JPEGImages/000188.jpg,bus,bus,"[""bus"",""car"",""person""]",1,0.7857142686843872,2.1085710525512695,2.1430602073669434,1.3069654703140259,2.365494728088379,1
1775,000595,/Users/von/Projects/cci-local-recovery/rerun_workspace/data/voc2007/VOCdevkit/VOC2007/JPEGImages/000595.jpg,diningtable,diningtable,"[""diningtable"",""chair""]",2,0.7142857313156128,2.6978232860565186,2.7351906299591064,1.67061448097229,2.833590507507324,1
1776,003558,/Users/von/Projects/cci-local-recovery/rerun_workspace/data/voc2007/VOCdevkit/VOC2007/JPEGImages/003558.jpg,tvmonitor,tvmonitor,"[""tvmonitor"",""person""]",7,1.0,1.9160058498382568,1.9492493867874146,1.0004239082336426,1.87579345703125,1
1777,004917,/Users/von/Projects/cci-local-recovery/rerun_workspace/data/voc2007/VOCdevkit/VOC2007/JPEGImages/004917.jpg,motorbike,motorbike,"[""motorbike"",""person""]",2,0.7142857313156128,0.16643625497817993,0.168906569480896,0.11350632458925247,0.8861985206604004,1
1778,003473,/Users/von/Projects/cci-local-recovery/rerun_workspace/data/voc2007/VOCdevkit/VOC2007/JPEGImages/003473.jpg,horse,horse,"[""horse"",""person""]",1,1.0,1.2950721979141235,1.3101530075073242,0.08254694938659668,1.4848822355270386,1
1779,009165,/Users/von/Projects/cci-local-recovery/rerun_workspace/data/voc2007/VOCdevkit/VOC2007/JPEGImages/009165.jpg,tvmonitor,tvmonitor,"[""tvmonitor"",""person""]",4,0.5,1.3644194602966309,1.3880927562713623,0.9756124019622803,1.501181960105896,1
1780,009815,/Users/von/Projects/cci-local-recovery/rerun_workspace/data/voc2007/VOCdevkit/VOC2007/JPEGImages/009815.jpg,diningtable,diningtable,"[""diningtable"",""chair""]",0,0.800000011920929,0.25525766611099243,0.2587932050228119,-0.19509416818618774,0.508591890335083,1
1781,008383,/Users/von/Projects/cci-local-recovery/rerun_workspace/data/voc2007/VOCdevkit/VOC2007/JPEGImages/008383.jpg,car,car,"[""car"",""person""]",4,1.0,0.010126317851245403,0.01026726234704256,-0.24623695015907288,0.28494811058044434,1
1782,003187,/Users/von/Projects/cci-local-recovery/rerun_workspace/data/voc2007/VOCdevkit/VOC2007/JPEGImages/003187.jpg,horse,horse,"[""horse"",""person""]",2,1.0,0.8860646486282349,0.8963826894760132,-0.0967910885810852,0.28048646450042725,1
1783,003081,/Users/von/Projects/cci-local-recovery/rerun_workspace/data/voc2007/VOCdevkit/VOC2007/JPEGImages/003081.jpg,person,person,"[""person"",""bicycle""]",6,1.0,0.8981836438179016,0.9134724736213684,-0.9315577149391174,2.251793146133423,1
1784,008626,/Users/von/Projects/cci-local-recovery/rerun_workspace/data/voc2007/VOCdevkit/VOC2007/JPEGImages/008626.jpg,pottedplant,pottedplant,"[""pottedplant"",""chair""]",6,0.0,0.431365042924881,0.43728429079055786,-0.28133296966552734,0.1989307552576065,1
1785,004301,/Users/von/Projects/cci-local-recovery/rerun_workspace/data/voc2007/VOCdevkit/VOC2007/JPEGImages/004301.jpg,horse,horse,"[""horse"",""person""]",6,1.0,0.49534913897514343,0.5011173486709595,-0.08206826448440552,0.09926620125770569,1
1786,001261,/Users/von/Projects/cci-local-recovery/rerun_workspace/data/voc2007/VOCdevkit/VOC2007/JPEGImages/001261.jpg,chair,chair,"[""chair"",""person""]",6,1.0,0.21956713497638702,0.22280636429786682,0.01563158631324768,0.24628496170043945,1
1787,009779,/Users/von/Projects/cci-local-recovery/rerun_workspace/data/voc2007/VOCdevkit/VOC2007/JPEGImages/009779.jpg,car,car,"[""car"",""person""]",6,1.0,0.006850684992969036,0.00694603705778718,-0.30481621623039246,0.3284146189689636,1
1788,001831,/Users/von/Projects/cci-local-recovery/rerun_workspace/data/voc2007/VOCdevkit/VOC2007/JPEGImages/001831.jpg,sofa,sofa,"[""sofa"",""person""]",0,1.0,0.5885693430900574,0.5980932116508484,0.22737592458724976,0.4774114489555359,1
1789,000342,/Users/von/Projects/cci-local-recovery/rerun_workspace/data/voc2007/VOCdevkit/VOC2007/JPEGImages/000342.jpg,tvmonitor,tvmonitor,"[""tvmonitor"",""person""]",7,1.0,0.689020574092865,0.7009754180908203,-0.7806845903396606,-0.27688509225845337,1
1790,001496,/Users/von/Projects/cci-local-recovery/rerun_workspace/data/voc2007/VOCdevkit/VOC2007/JPEGImages/001496.jpg,person,person,"[""person"",""bicycle""]",4,1.0,0.25675418972969055,0.2611246407032013,0.04559260606765747,0.15814733505249023,1
1791,000894,/Users/von/Projects/cci-local-recovery/rerun_workspace/data/voc2007/VOCdevkit/VOC2007/JPEGImages/000894.jpg,motorbike,motorbike,"[""motorbike"",""car""]",6,0.0,0.498332679271698,0.5057291388511658,-0.040278732776641846,0.35741478204727173,1
1792,009317,/Users/von/Projects/cci-local-recovery/rerun_workspace/data/voc2007/VOCdevkit/VOC2007/JPEGImages/009317.jpg,motorbike,motorbike,"[""motorbike"",""person""]",7,0.6666666865348816,1.7201699018478394,1.7457014322280884,0.9774254560470581,2.011599540710449,1
1793,002753,/Users/von/Projects/cci-local-recovery/rerun_workspace/data/voc2007/VOCdevkit/VOC2007/JPEGImages/002753.jpg,chair,chair,"[""chair"",""pottedplant""]",3,0.6666666865348816,1.0109567642211914,1.0258712768554688,-0.4175628423690796,1.6359821557998657,1
1794,002050,/Users/von/Projects/cci-local-recovery/rerun_workspace/data/voc2007/VOCdevkit/VOC2007/JPEGImages/002050.jpg,horse,horse,"[""horse"",""person""]",3,1.0,0.3707019090652466,0.3750186562538147,0.8761051297187805,2.503678798675537,1
1795,001301,/Users/von/Projects/cci-local-recovery/rerun_workspace/data/voc2007/VOCdevkit/VOC2007/JPEGImages/001301.jpg,motorbike,motorbike,"[""motorbike"",""person""]",1,1.0,0.4789149761199951,0.4860232472419739,-0.21449005603790283,0.40268415212631226,1
1796,001040,/Users/von/Projects/cci-local-recovery/rerun_workspace/data/voc2007/VOCdevkit/VOC2007/JPEGImages/001040.jpg,person,person,"[""person"",""sofa""]",5,1.0,0.1718180775642395,0.17474275827407837,-0.45148277282714844,0.2910657525062561,1
1797,005103,/Users/von/Projects/cci-local-recovery/rerun_workspace/data/voc2007/VOCdevkit/VOC2007/JPEGImages/005103.jpg,person,person,"[""person"",""chair""]",2,1.0,0.5844764113426208,0.5944253206253052,-0.6559344530105591,0.38179945945739746,1
1798,000490,/Users/von/Projects/cci-local-recovery/rerun_workspace/data/voc2007/VOCdevkit/VOC2007/JPEGImages/000490.jpg,person,person,"[""person"",""dog"",""sofa""]",4,0.5,0.2373281568288803,0.24136793613433838,-0.10128602385520935,0.42074358463287354,1
1799,008288,/Users/von/Projects/cci-local-recovery/rerun_workspace/data/voc2007/VOCdevkit/VOC2007/JPEGImages/008288.jpg,person,person,"[""person"",""tvmonitor""]",0,1.0,0.2253689020872116,0.22920511662960052,-0.26654499769210815,0.586074948310852,1
1800,004252,/Users/von/Projects/cci-local-recovery/rerun_workspace/data/voc2007/VOCdevkit/VOC2007/JPEGImages/004252.jpg,cat,cat,"[""cat"",""sofa"",""tvmonitor""]",3,1.0,5.297203540802002,5.378652572631836,4.229803085327148,5.985683441162109,1
1801,005622,/Users/von/Projects/cci-local-recovery/rerun_workspace/data/voc2007/VOCdevkit/VOC2007/JPEGImages/005622.jpg,diningtable,diningtable,"[""diningtable"",""bottle"",""person""]",7,1.0,0.23585627973079681,0.23912310600280762,0.03157322108745575,0.24243763089179993,1
1802,000055,/Users/von/Projects/cci-local-recovery/rerun_workspace/data/voc2007/VOCdevkit/VOC2007/JPEGImages/000055.jpg,motorbike,motorbike,"[""motorbike"",""person""]",2,0.0,1.4003794193267822,1.4211645126342773,-0.17149853706359863,0.36753523349761963,1
1803,004599,/Users/von/Projects/cci-local-recovery/rerun_workspace/data/voc2007/VOCdevkit/VOC2007/JPEGImages/004599.jpg,bottle,bottle,"[""bottle"",""person""]",1,0.8333333134651184,0.956252932548523,0.9720504283905029,0.5299890041351318,1.1225718259811401,1
1804,009704,/Users/von/Projects/cci-local-recovery/rerun_workspace/data/voc2007/VOCdevkit/VOC2007/JPEGImages/009704.jpg,bus,bus,"[""bus"",""car"",""person""]",2,0.5555555820465088,5.830551624298096,5.925919532775879,4.5604095458984375,5.693874359130859,1
1805,003198,/Users/von/Projects/cci-local-recovery/rerun_workspace/data/voc2007/VOCdevkit/VOC2007/JPEGImages/003198.jpg,person,person,"[""person"",""cat""]",7,0.6666666865348816,0.2761015295982361,0.28080132603645325,-0.15154939889907837,0.24345003068447113,1
1806,004538,/Users/von/Projects/cci-local-recovery/rerun_workspace/data/voc2007/VOCdevkit/VOC2007/JPEGImages/004538.jpg,horse,horse,"[""horse"",""person""]",0,1.0,1.1838202476501465,1.1976056098937988,0.13316845893859863,1.5475112199783325,1
1807,006248,/Users/von/Projects/cci-local-recovery/rerun_workspace/data/voc2007/VOCdevkit/VOC2007/JPEGImages/006248.jpg,person,person,"[""person"",""bottle""]",6,1.0,0.09859587252140045,0.10027416795492172,-0.08076871186494827,0.14455869793891907,2
1808,005890,/Users/von/Projects/cci-local-recovery/rerun_workspace/data/voc2007/VOCdevkit/VOC2007/JPEGImages/005890.jpg,person,person,"[""person"",""horse""]",3,0.3333333432674408,0.009811867959797382,0.0099788848310709,-0.4563213288784027,-0.08280239999294281,1
1809,002074,/Users/von/Projects/cci-local-recovery/rerun_workspace/data/voc2007/VOCdevkit/VOC2007/JPEGImages/002074.jpg,pottedplant,pottedplant,"[""pottedplant"",""person"",""tvmonitor""]",3,0.7142857313156128,1.1379327774047852,1.1535476446151733,0.6971734166145325,0.9547406435012817,1
1810,007405,/Users/von/Projects/cci-local-recovery/rerun_workspace/data/voc2007/VOCdevkit/VOC2007/JPEGImages/007405.jpg,bus,bus,"[""bus"",""car"",""person""]",5,1.0,0.7792563438415527,0.7920023202896118,0.32791391015052795,1.2263667583465576,1
1811,001253,/Users/von/Projects/cci-local-recovery/rerun_workspace/data/voc2007/VOCdevkit/VOC2007/JPEGImages/001253.jpg,person,person,"[""person"",""motorbike""]",4,1.0,-0.22983168065547943,-0.23374386131763458,-0.3695582151412964,-0.02329614758491516,1
1812,008471,/Users/von/Projects/cci-local-recovery/rerun_workspace/data/voc2007/VOCdevkit/VOC2007/JPEGImages/008471.jpg,tvmonitor,tvmonitor,"[""tvmonitor"",""pottedplant""]",3,0.5,1.3404256105422974,1.3636826276779175,0.5163640975952148,1.043781042098999,1
1813,002999,/Users/von/Projects/cci-local-recovery/rerun_workspace/data/voc2007/VOCdevkit/VOC2007/JPEGImages/002999.jpg,motorbike,motorbike,"[""motorbike"",""person""]",5,0.0,0.19639964401721954,0.19931469857692719,-0.3209286332130432,-0.14471487700939178,1
1814,007811,/Users/von/Projects/cci-local-recovery/rerun_workspace/data/voc2007/VOCdevkit/VOC2007/JPEGImages/007811.jpg,person,person,"[""person"",""cat"",""sofa""]",1,0.6666666865348816,0.3246522843837738,0.33017849922180176,0.18927906453609467,0.9392755031585693,1
1815,001282,/Users/von/Projects/cci-local-recovery/rerun_workspace/data/voc2007/VOCdevkit/VOC2007/JPEGImages/001282.jpg,person,person,"[""person"",""dog""]",7,1.0,0.5294933915138245,0.5385063886642456,-0.08923250436782837,0.44440996646881104,1
1816,003833,/Users/von/Projects/cci-local-recovery/rerun_workspace/data/voc2007/VOCdevkit/VOC2007/JPEGImages/003833.jpg,motorbike,motorbike,"[""motorbike"",""car"",""person""]",2,0.0,0.2427261769771576,0.24632883071899414,-0.34170442819595337,-0.06547504663467407,1
1817,005139,/Users/von/Projects/cci-local-recovery/rerun_workspace/data/voc2007/VOCdevkit/VOC2007/JPEGImages/005139.jpg,horse,horse,"[""horse"",""person""]",4,0.5714285969734192,0.3763418197631836,0.3807242214679718,0.2672646641731262,1.3190479278564453,1
1818,003761,/Users/von/Projects/cci-local-recovery/rerun_workspace/data/voc2007/VOCdevkit/VOC2007/JPEGImages/003761.jpg,diningtable,diningtable,"[""diningtable"",""chair"",""pottedplant""]",7,0.5,0.13242681324481964,0.13426104187965393,-0.35547083616256714,0.19869378209114075,1
1819,008153,/Users/von/Projects/cci-local-recovery/rerun_workspace/data/voc2007/VOCdevkit/VOC2007/JPEGImages/008153.jpg,diningtable,diningtable,"[""diningtable"",""chair""]",0,0.0,0.2922324538230896,0.2962801456451416,-0.029965221881866455,0.23883560299873352,1
1820,001179,/Users/von/Projects/cci-local-recovery/rerun_workspace/data/voc2007/VOCdevkit/VOC2007/JPEGImages/001179.jpg,diningtable,diningtable,"[""diningtable"",""chair""]",3,0.7777777910232544,2.0372776985168457,2.065495729446411,1.2661035060882568,2.014679193496704,1
1821,006705,/Users/von/Projects/cci-local-recovery/rerun_workspace/data/voc2007/VOCdevkit/VOC2007/JPEGImages/006705.jpg,sofa,sofa,"[""sofa"",""chair"",""person""]",0,0.8999999761581421,5.627747535705566,5.718812465667725,1.5445432662963867,5.418997287750244,1
1822,000366,/Users/von/Projects/cci-local-recovery/rerun_workspace/data/voc2007/VOCdevkit/VOC2007/JPEGImages/000366.jpg,diningtable,diningtable,"[""diningtable"",""chair""]",7,1.0,1.0735551118850708,1.088424801826477,0.9948887228965759,1.5281552076339722,1
1823,004266,/Users/von/Projects/cci-local-recovery/rerun_workspace/data/voc2007/VOCdevkit/VOC2007/JPEGImages/004266.jpg,horse,horse,"[""horse"",""person""]",4,0.75,0.07219531387090683,0.07303601503372192,-0.1284082680940628,0.0953955203294754,1
1824,002087,/Users/von/Projects/cci-local-recovery/rerun_workspace/data/voc2007/VOCdevkit/VOC2007/JPEGImages/002087.jpg,person,person,"[""person"",""chair""]",6,0.0,0.28376904129981995,0.2885993421077728,-0.2674376666545868,0.02114972472190857,1
1825,005141,/Users/von/Projects/cci-local-recovery/rerun_workspace/data/voc2007/VOCdevkit/VOC2007/JPEGImages/005141.jpg,cow,cow,"[""cow"",""person""]",2,1.0,6.626298904418945,6.708732604980469,1.5000901222229004,5.8989787101745605,1
1826,007220,/Users/von/Projects/cci-local-recovery/rerun_workspace/data/voc2007/VOCdevkit/VOC2007/JPEGImages/007220.jpg,chair,chair,"[""chair"",""person"",""sofa""]",4,0.1666666716337204,0.0049597276374697685,0.005032897461205721,-0.11373493820428848,0.2339455783367157,1
1827,008363,/Users/von/Projects/cci-local-recovery/rerun_workspace/data/voc2007/VOCdevkit/VOC2007/JPEGImages/008363.jpg,car,car,"[""car"",""chair"",""person""]",7,0.0,0.3305303454399109,0.33513087034225464,-1.0621356964111328,0.6943615674972534,1
1828,001021,/Users/von/Projects/cci-local-recovery/rerun_workspace/data/voc2007/VOCdevkit/VOC2007/JPEGImages/001021.jpg,chair,chair,"[""chair"",""bottle"",""person""]",2,1.0,0.7686471939086914,0.7799869179725647,-0.3335803151130676,0.31034213304519653,1
1829,007508,/Users/von/Projects/cci-local-recovery/rerun_workspace/data/voc2007/VOCdevkit/VOC2007/JPEGImages/007508.jpg,person,person,"[""person"",""chair""]",6,1.0,0.2677129805088043,0.27226996421813965,-0.22836363315582275,0.1593095064163208,1
1830,004132,/Users/von/Projects/cci-local-recovery/rerun_workspace/data/voc2007/VOCdevkit/VOC2007/JPEGImages/004132.jpg,sofa,sofa,"[""sofa"",""person""]",2,1.0,0.2553175091743469,0.25944891571998596,-0.22471562027931213,-0.012607574462890625,1
1831,005308,/Users/von/Projects/cci-local-recovery/rerun_workspace/data/voc2007/VOCdevkit/VOC2007/JPEGImages/005308.jpg,person,person,"[""person"",""dog""]",4,0.800000011920929,0.29420557618141174,0.2992135286331177,-0.099799245595932,0.7502070069313049,2
1832,008237,/Users/von/Projects/cci-local-recovery/rerun_workspace/data/voc2007/VOCdevkit/VOC2007/JPEGImages/008237.jpg,train,train,"[""train"",""person""]",0,0.800000011920929,1.214420199394226,1.2320590019226074,0.3533961772918701,1.2723820209503174,1
1833,000157,/Users/von/Projects/cci-local-recovery/rerun_workspace/data/voc2007/VOCdevkit/VOC2007/JPEGImages/000157.jpg,chair,chair,"[""chair"",""cat""]",1,1.0,0.6316090822219849,0.6409270763397217,0.4256247282028198,0.8048464059829712,1
1834,006594,/Users/von/Projects/cci-local-recovery/rerun_workspace/data/voc2007/VOCdevkit/VOC2007/JPEGImages/006594.jpg,person,person,"[""person"",""bicycle""]",1,0.125,0.04860028997063637,0.04942756146192551,-0.4703438878059387,0.0404045432806015,2
1835,007124,/Users/von/Projects/cci-local-recovery/rerun_workspace/data/voc2007/VOCdevkit/VOC2007/JPEGImages/007124.jpg,person,person,"[""person"",""bicycle""]",1,1.0,0.05272214487195015,0.05361957848072052,0.27415886521339417,0.6127634048461914,1
1836,007895,/Users/von/Projects/cci-local-recovery/rerun_workspace/data/voc2007/VOCdevkit/VOC2007/JPEGImages/007895.jpg,person,person,"[""person"",""dog""]",3,1.0,0.7538043260574341,0.766635537147522,0.7956152558326721,2.138927936553955,1
1837,000547,/Users/von/Projects/cci-local-recovery/rerun_workspace/data/voc2007/VOCdevkit/VOC2007/JPEGImages/000547.jpg,diningtable,diningtable,"[""diningtable"",""chair"",""person""]",6,0.0,0.9920166730880737,1.0057569742202759,0.051879703998565674,0.7118421196937561,1
1838,008052,/Users/von/Projects/cci-local-recovery/rerun_workspace/data/voc2007/VOCdevkit/VOC2007/JPEGImages/008052.jpg,car,car,"[""car"",""person""]",0,1.0,1.8444592952728271,1.8701316118240356,1.3633060455322266,2.154484748840332,1
1839,007494,/Users/von/Projects/cci-local-recovery/rerun_workspace/data/voc2007/VOCdevkit/VOC2007/JPEGImages/007494.jpg,diningtable,diningtable,"[""diningtable"",""bottle"",""chair""]",2,0.23076923191547394,1.139477014541626,1.1552598476409912,-0.44683587551116943,0.8441051840782166,1
1840,000097,/Users/von/Projects/cci-local-recovery/rerun_workspace/data/voc2007/VOCdevkit/VOC2007/JPEGImages/000097.jpg,chair,chair,"[""chair"",""person"",""sofa""]",0,0.0,1.553275465965271,1.576190710067749,-1.076948642730713,0.5651049613952637,1
1841,005313,/Users/von/Projects/cci-local-recovery/rerun_workspace/data/voc2007/VOCdevkit/VOC2007/JPEGImages/005313.jpg,chair,chair,"[""chair"",""tvmonitor""]",1,0.0,1.4471030235290527,1.4684518575668335,0.29741549491882324,1.0628929138183594,1
1842,002110,/Users/von/Projects/cci-local-recovery/rerun_workspace/data/voc2007/VOCdevkit/VOC2007/JPEGImages/002110.jpg,aeroplane,aeroplane,"[""aeroplane"",""person""]",6,1.0,0.15254256129264832,0.1557522565126419,-0.18460266292095184,0.2544727027416229,1
1843,004308,/Users/von/Projects/cci-local-recovery/rerun_workspace/data/voc2007/VOCdevkit/VOC2007/JPEGImages/004308.jpg,tvmonitor,tvmonitor,"[""tvmonitor"",""cat""]",4,0.0,0.3983580768108368,0.4052697718143463,0.20665666460990906,0.4428582787513733,1
1844,003206,/Users/von/Projects/cci-local-recovery/rerun_workspace/data/voc2007/VOCdevkit/VOC2007/JPEGImages/003206.jpg,chair,chair,"[""chair"",""person""]",2,0.25,0.6558713316917419,0.6655473113059998,0.02193516492843628,0.875950038433075,1
1845,001067,/Users/von/Projects/cci-local-recovery/rerun_workspace/data/voc2007/VOCdevkit/VOC2007/JPEGImages/001067.jpg,sofa,sofa,"[""sofa"",""person""]",2,1.0,0.65887051820755,0.6695319414138794,-0.06358319520950317,0.5176514387130737,1
1846,007118,/Users/von/Projects/cci-local-recovery/rerun_workspace/data/voc2007/VOCdevkit/VOC2007/JPEGImages/007118.jpg,cow,cow,"[""cow"",""car""]",3,1.0,3.5108864307403564,3.554563045501709,2.4344868659973145,3.6055679321289062,1
1847,007554,/Users/von/Projects/cci-local-recovery/rerun_workspace/data/voc2007/VOCdevkit/VOC2007/JPEGImages/007554.jpg,person,person,"[""person"",""cow""]",6,0.0,0.40087437629699707,0.40769803524017334,-0.6474881172180176,-0.10229313373565674,1
1848,000358,/Users/von/Projects/cci-local-recovery/rerun_workspace/data/voc2007/VOCdevkit/VOC2007/JPEGImages/000358.jpg,car,car,"[""car"",""person""]",1,0.0,0.2505054175853729,0.25399211049079895,-0.006560325622558594,0.2410111427307129,1
1849,000783,/Users/von/Projects/cci-local-recovery/rerun_workspace/data/voc2007/VOCdevkit/VOC2007/JPEGImages/000783.jpg,horse,horse,"[""horse"",""person""]",3,0.09090909361839294,0.6188526749610901,0.6260590553283691,0.06070291996002197,0.20776152610778809,1
1850,003650,/Users/von/Projects/cci-local-recovery/rerun_workspace/data/voc2007/VOCdevkit/VOC2007/JPEGImages/003650.jpg,person,person,"[""person"",""chair"",""sofa""]",5,1.0,3.306126356124878,3.362403154373169,1.4023666381835938,3.054640293121338,1
1851,008918,/Users/von/Projects/cci-local-recovery/rerun_workspace/data/voc2007/VOCdevkit/VOC2007/JPEGImages/008918.jpg,sofa,sofa,"[""sofa"",""person""]",3,0.25,1.1312745809555054,1.1495802402496338,0.8869522213935852,1.1776098012924194,1
1852,000506,/Users/von/Projects/cci-local-recovery/rerun_workspace/data/voc2007/VOCdevkit/VOC2007/JPEGImages/000506.jpg,person,person,"[""person"",""dog"",""sofa""]",4,1.0,0.9258225560188293,0.9415818452835083,-0.15676522254943848,0.5754875540733337,1
1853,001026,/Users/von/Projects/cci-local-recovery/rerun_workspace/data/voc2007/VOCdevkit/VOC2007/JPEGImages/001026.jpg,person,person,"[""person"",""dog""]",0,1.0,0.7625566720962524,0.7755368947982788,-0.47765958309173584,0.7565373778343201,1
1854,009164,/Users/von/Projects/cci-local-recovery/rerun_workspace/data/voc2007/VOCdevkit/VOC2007/JPEGImages/009164.jpg,person,person,"[""person"",""bottle"",""diningtable""]",1,0.3529411852359772,0.375126451253891,0.3815118372440338,-1.6919344663619995,-0.060548335313797,1
1855,000586,/Users/von/Projects/cci-local-recovery/rerun_workspace/data/voc2007/VOCdevkit/VOC2007/JPEGImages/000586.jpg,car,car,"[""car"",""person""]",3,0.6666666865348816,4.147032260894775,4.204753398895264,3.3519225120544434,4.435765743255615,1
1856,003676,/Users/von/Projects/cci-local-recovery/rerun_workspace/data/voc2007/VOCdevkit/VOC2007/JPEGImages/003676.jpg,chair,chair,"[""chair"",""pottedplant""]",5,0.5,1.3524004220962524,1.372352123260498,-0.34675300121307373,1.6214044094085693,1
1857,000916,/Users/von/Projects/cci-local-recovery/rerun_workspace/data/voc2007/VOCdevkit/VOC2007/JPEGImages/000916.jpg,bus,bus,"[""bus"",""person""]",2,1.0,0.3695327043533325,0.37557700276374817,-0.1605556309223175,0.9429713487625122,1
1858,009628,/Users/von/Projects/cci-local-recovery/rerun_workspace/data/voc2007/VOCdevkit/VOC2007/JPEGImages/009628.jpg,sofa,sofa,"[""sofa"",""person""]",6,1.0,0.8330506682395935,0.8465306162834167,-0.21393126249313354,0.5792529582977295,1
1859,006013,/Users/von/Projects/cci-local-recovery/rerun_workspace/data/voc2007/VOCdevkit/VOC2007/JPEGImages/006013.jpg,bus,bus,"[""bus"",""train""]",4,1.0,2.359259843826294,2.3978493213653564,-0.8048207759857178,1.968009114265442,1
1860,009225,/Users/von/Projects/cci-local-recovery/rerun_workspace/data/voc2007/VOCdevkit/VOC2007/JPEGImages/009225.jpg,chair,chair,"[""chair"",""diningtable""]",2,0.7777777910232544,1.6066592931747437,1.6303620338439941,0.11544227600097656,2.2076568603515625,1
1861,004899,/Users/von/Projects/cci-local-recovery/rerun_workspace/data/voc2007/VOCdevkit/VOC2007/JPEGImages/004899.jpg,boat,boat,"[""boat"",""person""]",4,1.0,0.3048641085624695,0.30965656042099,-0.049330681562423706,0.16606129705905914,1
1862,006508,/Users/von/Projects/cci-local-recovery/rerun_workspace/data/voc2007/VOCdevkit/VOC2007/JPEGImages/006508.jpg,person,person,"[""person"",""bird""]",6,1.0,0.40503403544425964,0.4119285047054291,-0.25625231862068176,0.006343722343444824,1
1863,002701,/Users/von/Projects/cci-local-recovery/rerun_workspace/data/voc2007/VOCdevkit/VOC2007/JPEGImages/002701.jpg,car,car,"[""car"",""person""]",7,1.0,0.7765176892280579,0.7873257398605347,0.4334177076816559,0.8256003260612488,1
1864,009903,/Users/von/Projects/cci-local-recovery/rerun_workspace/data/voc2007/VOCdevkit/VOC2007/JPEGImages/009903.jpg,horse,horse,"[""horse"",""car"",""person""]",1,1.0,0.5706247687339783,0.5772695541381836,0.14988654851913452,0.3678116500377655,2
1865,009047,/Users/von/Projects/cci-local-recovery/rerun_workspace/data/voc2007/VOCdevkit/VOC2007/JPEGImages/009047.jpg,motorbike,motorbike,"[""motorbike"",""person""]",1,1.0,1.5154430866241455,1.5379359722137451,0.4662564992904663,1.7792465686798096,1
1866,001569,/Users/von/Projects/cci-local-recovery/rerun_workspace/data/voc2007/VOCdevkit/VOC2007/JPEGImages/001569.jpg,diningtable,diningtable,"[""diningtable"",""bottle"",""car"",""person""]",2,0.692307710647583,0.8730515837669373,0.8851441144943237,-0.6056128740310669,1.405319094657898,1
1867,008540,/Users/von/Projects/cci-local-recovery/rerun_workspace/data/voc2007/VOCdevkit/VOC2007/JPEGImages/008540.jpg,bicycle,bicycle,"[""bicycle"",""person""]",6,0.3333333432674408,0.2632075846195221,0.2671113908290863,-0.8240549564361572,0.08483891189098358,1
1868,002383,/Users/von/Projects/cci-local-recovery/rerun_workspace/data/voc2007/VOCdevkit/VOC2007/JPEGImages/002383.jpg,bus,bus,"[""bus"",""car""]",1,0.1666666716337204,0.44085606932640076,0.44806697964668274,-0.26148727536201477,-0.00043079257011413574,1
1869,007761,/Users/von/Projects/cci-local-recovery/rerun_workspace/data/voc2007/VOCdevkit/VOC2007/JPEGImages/007761.jpg,car,car,"[""car"",""person""]",5,1.0,0.12263504415750504,0.12434195727109909,-0.45909208059310913,0.0521259605884552,1
1870,000984,/Users/von/Projects/cci-local-recovery/rerun_workspace/data/voc2007/VOCdevkit/VOC2007/JPEGImages/000984.jpg,person,person,"[""person"",""car""]",6,1.0,0.7264236807823181,0.7387888431549072,0.2255527377128601,0.563662588596344,1
1871,000638,/Users/von/Projects/cci-local-recovery/rerun_workspace/data/voc2007/VOCdevkit/VOC2007/JPEGImages/000638.jpg,cat,cat,"[""cat"",""person""]",4,0.0,0.24501416087150574,0.2487814575433731,-0.7068557143211365,-0.28720998764038086,1
1872,001189,/Users/von/Projects/cci-local-recovery/rerun_workspace/data/voc2007/VOCdevkit/VOC2007/JPEGImages/001189.jpg,diningtable,diningtable,"[""diningtable"",""chair""]",6,1.0,0.11685942858457565,0.11847803741693497,0.13725194334983826,0.3937774896621704,1
1873,008324,/Users/von/Projects/cci-local-recovery/rerun_workspace/data/voc2007/VOCdevkit/VOC2007/JPEGImages/008324.jpg,car,car,"[""car"",""motorbike""]",0,0.800000011920929,2.3891258239746094,2.4223792552948,1.9546973705291748,2.8312480449676514,1
1874,000449,/Users/von/Projects/cci-local-recovery/rerun_workspace/data/voc2007/VOCdevkit/VOC2007/JPEGImages/000449.jpg,boat,boat,"[""boat"",""person""]",3,0.800000011920929,0.14509326219558716,0.14737412333488464,-0.1628841757774353,0.24225866794586182,2
1875,007240,/Users/von/Projects/cci-local-recovery/rerun_workspace/data/voc2007/VOCdevkit/VOC2007/JPEGImages/007240.jpg,diningtable,diningtable,"[""diningtable"",""chair""]",5,0.25,0.4407983720302582,0.4469038248062134,-0.3946725130081177,0.19822190701961517,1
1876,008259,/Users/von/Projects/cci-local-recovery/rerun_workspace/data/voc2007/VOCdevkit/VOC2007/JPEGImages/008259.jpg,horse,horse,"[""horse"",""car"",""dog"",""person""]",0,1.0,2.0889945030212402,2.1133203506469727,1.966737151145935,3.1219232082366943,1
1877,008003,/Users/von/Projects/cci-local-recovery/rerun_workspace/data/voc2007/VOCdevkit/VOC2007/JPEGImages/008003.jpg,motorbike,motorbike,"[""motorbike"",""person""]",2,0.30000001192092896,0.5032327175140381,0.5107018947601318,-0.7653700113296509,-0.14145910739898682,1
1878,008081,/Users/von/Projects/cci-local-recovery/rerun_workspace/data/voc2007/VOCdevkit/VOC2007/JPEGImages/008081.jpg,cow,cow,"[""cow"",""person""]",5,1.0,4.63356876373291,4.691212177276611,1.3742406368255615,3.3519277572631836,1
1879,008901,/Users/von/Projects/cci-local-recovery/rerun_workspace/data/voc2007/VOCdevkit/VOC2007/JPEGImages/008901.jpg,person,person,"[""person"",""motorbike""]",6,0.6666666865348816,0.36298325657844543,0.3691619336605072,-0.8037862777709961,-0.04325017333030701,2
1880,001417,/Users/von/Projects/cci-local-recovery/rerun_workspace/data/voc2007/VOCdevkit/VOC2007/JPEGImages/001417.jpg,horse,horse,"[""horse"",""person""]",0,1.0,1.528399109840393,1.5461969375610352,1.6129029989242554,2.822906494140625,1
1881,007951,/Users/von/Projects/cci-local-recovery/rerun_workspace/data/voc2007/VOCdevkit/VOC2007/JPEGImages/007951.jpg,bus,bus,"[""bus"",""person""]",1,1.0,0.6359566450119019,0.6463587284088135,-0.24602937698364258,0.6116847991943359,1
1882,007173,/Users/von/Projects/cci-local-recovery/rerun_workspace/data/voc2007/VOCdevkit/VOC2007/JPEGImages/007173.jpg,boat,boat,"[""boat"",""car"",""person""]",2,1.0,4.04640531539917,4.110014915466309,3.1787123680114746,5.191122055053711,1
1883,001177,/Users/von/Projects/cci-local-recovery/rerun_workspace/data/voc2007/VOCdevkit/VOC2007/JPEGImages/001177.jpg,person,person,"[""person"",""bottle"",""diningtable"",""sofa""]",1,1.0,0.19813276827335358,0.2015053778886795,-0.15487174689769745,0.11806442588567734,1
1884,002446,/Users/von/Projects/cci-local-recovery/rerun_workspace/data/voc2007/VOCdevkit/VOC2007/JPEGImages/002446.jpg,car,car,"[""car"",""person""]",0,0.0,0.14854279160499573,0.1506102979183197,-0.09031717479228973,-0.0043893903493881226,1
1885,002060,/Users/von/Projects/cci-local-recovery/rerun_workspace/data/voc2007/VOCdevkit/VOC2007/JPEGImages/002060.jpg,person,person,"[""person"",""bicycle""]",3,0.0,0.17455388605594635,0.177525132894516,-0.6192268133163452,0.045024558901786804,1
1886,003769,/Users/von/Projects/cci-local-recovery/rerun_workspace/data/voc2007/VOCdevkit/VOC2007/JPEGImages/003769.jpg,car,car,"[""car"",""person""]",3,1.0,0.7530509829521179,0.7635324001312256,-0.6563266515731812,-0.004803359508514404,1
1887,002739,/Users/von/Projects/cci-local-recovery/rerun_workspace/data/voc2007/VOCdevkit/VOC2007/JPEGImages/002739.jpg,person,person,"[""person"",""motorbike""]",2,0.0,0.1953146755695343,0.19863930344581604,-0.6387157440185547,0.01644998788833618,1
1888,003385,/Users/von/Projects/cci-local-recovery/rerun_workspace/data/voc2007/VOCdevkit/VOC2007/JPEGImages/003385.jpg,person,person,"[""person"",""car""]",3,1.0,0.40635743737220764,0.4132744371891022,-0.3288433253765106,0.2420068085193634,1
1889,009626,/Users/von/Projects/cci-local-recovery/rerun_workspace/data/voc2007/VOCdevkit/VOC2007/JPEGImages/009626.jpg,sofa,sofa,"[""sofa"",""bottle"",""person""]",1,1.0,2.2154250144958496,2.2512736320495605,1.5373049974441528,2.2206737995147705,1
1890,007401,/Users/von/Projects/cci-local-recovery/rerun_workspace/data/voc2007/VOCdevkit/VOC2007/JPEGImages/007401.jpg,sofa,sofa,"[""sofa"",""chair"",""tvmonitor""]",4,0.875,2.054847240447998,2.08809757232666,1.2905418872833252,1.986557960510254,1
1891,000715,/Users/von/Projects/cci-local-recovery/rerun_workspace/data/voc2007/VOCdevkit/VOC2007/JPEGImages/000715.jpg,car,car,"[""car"",""person""]",6,0.3333333432674408,0.4779406189918518,0.48459288477897644,-1.1484637260437012,-0.008114516735076904,1
1892,005775,/Users/von/Projects/cci-local-recovery/rerun_workspace/data/voc2007/VOCdevkit/VOC2007/JPEGImages/005775.jpg,car,car,"[""car"",""person""]",6,0.7142857313156128,0.7228753566741943,0.7329367995262146,-0.5172155499458313,0.32448455691337585,2
1893,006192,/Users/von/Projects/cci-local-recovery/rerun_workspace/data/voc2007/VOCdevkit/VOC2007/JPEGImages/006192.jpg,person,person,"[""person"",""bicycle""]",6,0.25,0.6344509124755859,0.6452504992485046,-0.7631434798240662,-0.18296116590499878,1
1894,000413,/Users/von/Projects/cci-local-recovery/rerun_workspace/data/voc2007/VOCdevkit/VOC2007/JPEGImages/000413.jpg,horse,horse,"[""horse"",""person""]",0,1.0,4.981769561767578,5.039781093597412,3.425351858139038,5.902309417724609,1
1895,001096,/Users/von/Projects/cci-local-recovery/rerun_workspace/data/voc2007/VOCdevkit/VOC2007/JPEGImages/001096.jpg,bicycle,bicycle,"[""bicycle"",""person""]",0,0.8181818127632141,0.7793548703193665,0.7909140586853027,-0.28037893772125244,0.38004979491233826,1
1896,000369,/Users/von/Projects/cci-local-recovery/rerun_workspace/data/voc2007/VOCdevkit/VOC2007/JPEGImages/000369.jpg,person,person,"[""person"",""bottle"",""diningtable""]",5,0.75,0.002678584773093462,0.002724179532378912,-1.3396849632263184,-0.45005786418914795,1
1897,008367,/Users/von/Projects/cci-local-recovery/rerun_workspace/data/voc2007/VOCdevkit/VOC2007/JPEGImages/008367.jpg,person,person,"[""person"",""bicycle"",""chair""]",4,1.0,2.7136874198913574,2.7598795890808105,1.175691843032837,2.3033714294433594,1
1898,005237,/Users/von/Projects/cci-local-recovery/rerun_workspace/data/voc2007/VOCdevkit/VOC2007/JPEGImages/005237.jpg,sofa,sofa,"[""sofa"",""person""]",2,1.0,0.5813755989074707,0.5907830595970154,-0.1661231517791748,0.1966860294342041,1
1899,005082,/Users/von/Projects/cci-local-recovery/rerun_workspace/data/voc2007/VOCdevkit/VOC2007/JPEGImages/005082.jpg,sofa,sofa,"[""sofa"",""dog""]",2,0.7777777910232544,2.2303805351257324,2.2664711475372314,2.374664068222046,3.578320026397705,1
1900,008560,/Users/von/Projects/cci-local-recovery/rerun_workspace/data/voc2007/VOCdevkit/VOC2007/JPEGImages/008560.jpg,person,person,"[""person"",""bicycle"",""car""]",3,0.125,0.21166574954986572,0.21526871621608734,-0.5693446397781372,0.1577024608850479,1
1901,005717,/Users/von/Projects/cci-local-recovery/rerun_workspace/data/voc2007/VOCdevkit/VOC2007/JPEGImages/005717.jpg,person,person,"[""person"",""car"",""diningtable""]",6,1.0,0.0682804062962532,0.06944267451763153,-0.12925587594509125,0.24886034429073334,1
1902,005031,/Users/von/Projects/cci-local-recovery/rerun_workspace/data/voc2007/VOCdevkit/VOC2007/JPEGImages/005031.jpg,person,person,"[""person"",""bicycle""]",0,0.0,0.3729686737060547,0.3793173134326935,0.18386931717395782,0.42328572273254395,1
1903,003557,/Users/von/Projects/cci-local-recovery/rerun_workspace/data/voc2007/VOCdevkit/VOC2007/JPEGImages/003557.jpg,horse,horse,"[""horse"",""person""]",1,0.0,0.22532254457473755,0.22794637084007263,0.01313413679599762,0.22214442491531372,1
1904,006688,/Users/von/Projects/cci-local-recovery/rerun_workspace/data/voc2007/VOCdevkit/VOC2007/JPEGImages/006688.jpg,cat,cat,"[""cat"",""tvmonitor""]",3,0.0,1.1204776763916016,1.13770592212677,-2.245974063873291,0.14324939250946045,1
1905,008287,/Users/von/Projects/cci-local-recovery/rerun_workspace/data/voc2007/VOCdevkit/VOC2007/JPEGImages/008287.jpg,person,person,"[""person"",""bottle"",""chair"",""diningtable""]",5,0.3333333432674408,0.68117755651474,0.6927725076675415,-0.46304643154144287,-0.11367589235305786,1
1906,006921,/Users/von/Projects/cci-local-recovery/rerun_workspace/data/voc2007/VOCdevkit/VOC2007/JPEGImages/006921.jpg,motorbike,motorbike,"[""motorbike"",""person""]",6,0.0,0.29238808155059814,0.29672783613204956,-0.18191173672676086,0.02225688099861145,1
1907,008964,/Users/von/Projects/cci-local-recovery/rerun_workspace/data/voc2007/VOCdevkit/VOC2007/JPEGImages/008964.jpg,dog,dog,"[""dog"",""person""]",4,1.0,1.01526939868927,1.0295330286026,-0.11231207847595215,2.1145970821380615,1
1908,004864,/Users/von/Projects/cci-local-recovery/rerun_workspace/data/voc2007/VOCdevkit/VOC2007/JPEGImages/004864.jpg,motorbike,motorbike,"[""motorbike"",""person""]",5,0.4000000059604645,0.0682649239897728,0.06927814334630966,-0.49774375557899475,-0.22272807359695435,1
1909,008765,/Users/von/Projects/cci-local-recovery/rerun_workspace/data/voc2007/VOCdevkit/VOC2007/JPEGImages/008765.jpg,bicycle,bicycle,"[""bicycle"",""person""]",1,0.75,0.686019778251648,0.6961946487426758,0.7791951894760132,1.4048662185668945,1
1910,006830,/Users/von/Projects/cci-local-recovery/rerun_workspace/data/voc2007/VOCdevkit/VOC2007/JPEGImages/006830.jpg,person,person,"[""person"",""chair"",""diningtable""]",0,0.3333333432674408,-0.05188818275928497,-0.052771419286727905,-0.3707524836063385,-0.03351959213614464,1
1911,004918,/Users/von/Projects/cci-local-recovery/rerun_workspace/data/voc2007/VOCdevkit/VOC2007/JPEGImages/004918.jpg,chair,chair,"[""chair"",""person""]",0,0.6000000238418579,1.5140578746795654,1.536394476890564,-0.7665387392044067,0.8572559952735901,1
1912,007428,/Users/von/Projects/cci-local-recovery/rerun_workspace/data/voc2007/VOCdevkit/VOC2007/JPEGImages/007428.jpg,boat,boat,"[""boat"",""person""]",2,1.0,1.1569963693618774,1.1751843690872192,1.588865041732788,2.734532356262207,1
1913,003179,/Users/von/Projects/cci-local-recovery/rerun_workspace/data/voc2007/VOCdevkit/VOC2007/JPEGImages/003179.jpg,car,car,"[""car"",""person""]",3,1.0,0.6083906292915344,0.6168586015701294,0.05188941955566406,0.49771183729171753,1
1914,009139,/Users/von/Projects/cci-local-recovery/rerun_workspace/data/voc2007/VOCdevkit/VOC2007/JPEGImages/009139.jpg,motorbike,motorbike,"[""motorbike"",""person""]",7,0.6666666865348816,0.06275559961795807,0.0636870488524437,-1.0595605373382568,-0.23981764912605286,1
1915,003302,/Users/von/Projects/cci-local-recovery/rerun_workspace/data/voc2007/VOCdevkit/VOC2007/JPEGImages/003302.jpg,bus,bus,"[""bus"",""car""]",6,1.0,3.7890827655792236,3.8510591983795166,2.06953763961792,4.88081693649292,1
1916,002428,/Users/von/Projects/cci-local-recovery/rerun_workspace/data/voc2007/VOCdevkit/VOC2007/JPEGImages/002428.jpg,person,person,"[""person"",""dog""]",7,0.0,0.18540695309638977,0.18856294453144073,-1.0014407634735107,0.021734580397605896,1
1917,004469,/Users/von/Projects/cci-local-recovery/rerun_workspace/data/voc2007/VOCdevkit/VOC2007/JPEGImages/004469.jpg,person,person,"[""person"",""bottle"",""diningtable""]",5,1.0,0.10573889315128326,0.10753877460956573,-0.23162494599819183,-0.02431333065032959,1
1918,005750,/Users/von/Projects/cci-local-recovery/rerun_workspace/data/voc2007/VOCdevkit/VOC2007/JPEGImages/005750.jpg,person,person,"[""person"",""bicycle""]",3,0.0,0.05886673182249069,0.05986875668168068,-0.07354862987995148,0.25013676285743713,1
1919,006157,/Users/von/Projects/cci-local-recovery/rerun_workspace/data/voc2007/VOCdevkit/VOC2007/JPEGImages/006157.jpg,person,person,"[""person"",""bird""]",0,0.6000000238418579,0.11995182931423187,0.12199363857507706,-0.7895926237106323,-0.09797360748052597,1
1920,002993,/Users/von/Projects/cci-local-recovery/rerun_workspace/data/voc2007/VOCdevkit/VOC2007/JPEGImages/002993.jpg,car,car,"[""car"",""person""]",7,0.5,0.8468232750892639,0.8586098551750183,-0.5345924496650696,0.4497620463371277,1
1921,006446,/Users/von/Projects/cci-local-recovery/rerun_workspace/data/voc2007/VOCdevkit/VOC2007/JPEGImages/006446.jpg,person,person,"[""person"",""tvmonitor""]",0,0.5714285969734192,0.2837492525577545,0.28857922554016113,-0.534416675567627,0.059928879141807556,1
1922,003515,/Users/von/Projects/cci-local-recovery/rerun_workspace/data/voc2007/VOCdevkit/VOC2007/JPEGImages/003515.jpg,car,car,"[""car"",""person""]",5,1.0,0.12166858464479446,0.12336204200983047,-1.0428907871246338,0.014062084257602692,1
1923,004668,/Users/von/Projects/cci-local-recovery/rerun_workspace/data/voc2007/VOCdevkit/VOC2007/JPEGImages/004668.jpg,chair,chair,"[""chair"",""person""]",4,1.0,0.5276162028312683,0.5354000329971313,0.11340436339378357,0.5089737772941589,1
1924,004486,/Users/von/Projects/cci-local-recovery/rerun_workspace/data/voc2007/VOCdevkit/VOC2007/JPEGImages/004486.jpg,chair,chair,"[""chair"",""pottedplant""]",2,1.0,0.8261303901672363,0.8383181691169739,-0.0818130373954773,0.8553506731987,1
1925,004344,/Users/von/Projects/cci-local-recovery/rerun_workspace/data/voc2007/VOCdevkit/VOC2007/JPEGImages/004344.jpg,bicycle,bicycle,"[""bicycle"",""person""]",2,0.8571428656578064,5.158594131469727,5.235105037689209,3.3885908126831055,5.928006172180176,1
1926,008721,/Users/von/Projects/cci-local-recovery/rerun_workspace/data/voc2007/VOCdevkit/VOC2007/JPEGImages/008721.jpg,sofa,sofa,"[""sofa"",""person""]",0,1.0,0.5296034812927246,0.5381731986999512,-0.18162614107131958,0.5359467267990112,1
1927,005766,/Users/von/Projects/cci-local-recovery/rerun_workspace/data/voc2007/VOCdevkit/VOC2007/JPEGImages/005766.jpg,person,person,"[""person"",""chair""]",6,0.25,0.9209537506103516,0.9366301894187927,-0.023518145084381104,0.9889369606971741,1
1928,005182,/Users/von/Projects/cci-local-recovery/rerun_workspace/data/voc2007/VOCdevkit/VOC2007/JPEGImages/005182.jpg,horse,horse,"[""horse"",""person""]",1,1.0,0.7310582399368286,0.7395712733268738,0.34074467420578003,1.2184760570526123,1
1929,000644,/Users/von/Projects/cci-local-recovery/rerun_workspace/data/voc2007/VOCdevkit/VOC2007/JPEGImages/000644.jpg,tvmonitor,tvmonitor,"[""tvmonitor"",""person""]",6,0.0,0.3384474813938141,0.3443197011947632,0.047276824712753296,0.42620810866355896,1
1930,003459,/Users/von/Projects/cci-local-recovery/rerun_workspace/data/voc2007/VOCdevkit/VOC2007/JPEGImages/003459.jpg,diningtable,diningtable,"[""diningtable"",""bottle"",""chair"",""person""]",7,0.1111111119389534,0.35367128252983093,0.3585699498653412,-0.594748854637146,-0.005226045846939087,1
1931,006199,/Users/von/Projects/cci-local-recovery/rerun_workspace/data/voc2007/VOCdevkit/VOC2007/JPEGImages/006199.jpg,person,person,"[""person"",""bicycle""]",1,0.4444444477558136,0.2284332513809204,0.232321634888649,-0.9399081468582153,0.39418265223503113,1
1932,007770,/Users/von/Projects/cci-local-recovery/rerun_workspace/data/voc2007/VOCdevkit/VOC2007/JPEGImages/007770.jpg,person,person,"[""person"",""dog""]",4,1.0,0.3167184889316559,0.3221096396446228,-0.6090528964996338,0.23088103532791138,1
1933,000386,/Users/von/Projects/cci-local-recovery/rerun_workspace/data/voc2007/VOCdevkit/VOC2007/JPEGImages/000386.jpg,person,person,"[""person"",""cow""]",2,1.0,0.289163202047348,0.2940853238105774,1.0510333776474,2.03135347366333,1
1934,008906,/Users/von/Projects/cci-local-recovery/rerun_workspace/data/voc2007/VOCdevkit/VOC2007/JPEGImages/008906.jpg,car,car,"[""car"",""cat""]",3,0.8571428656578064,0.7158626914024353,0.7258265018463135,1.0462321043014526,1.7821944952011108,2
1935,008278,/Users/von/Projects/cci-local-recovery/rerun_workspace/data/voc2007/VOCdevkit/VOC2007/JPEGImages/008278.jpg,boat,boat,"[""boat"",""person""]",2,0.0,0.40705978870391846,0.41345876455307007,-0.130382239818573,0.35164403915405273,1
1936,005301,/Users/von/Projects/cci-local-recovery/rerun_workspace/data/voc2007/VOCdevkit/VOC2007/JPEGImages/005301.jpg,person,person,"[""person"",""bicycle""]",2,1.0,0.8438393473625183,0.858203113079071,-0.07328653335571289,0.49283620715141296,1
1937,009369,/Users/von/Projects/cci-local-recovery/rerun_workspace/data/voc2007/VOCdevkit/VOC2007/JPEGImages/009369.jpg,horse,horse,"[""horse"",""person""]",2,1.0,2.310173511505127,2.3370749950408936,1.9371123313903809,3.475074291229248,1
1938,000655,/Users/von/Projects/cci-local-recovery/rerun_workspace/data/voc2007/VOCdevkit/VOC2007/JPEGImages/000655.jpg,motorbike,motorbike,"[""motorbike"",""person""]",0,1.0,0.6260358095169067,0.6353276968002319,0.4579908549785614,1.3698320388793945,1
1939,000910,/Users/von/Projects/cci-local-recovery/rerun_workspace/data/voc2007/VOCdevkit/VOC2007/JPEGImages/000910.jpg,person,person,"[""person"",""chair""]",6,1.0,1.0093882083892822,1.0265699625015259,-0.416390061378479,0.15254449844360352,1
1940,008124,/Users/von/Projects/cci-local-recovery/rerun_workspace/data/voc2007/VOCdevkit/VOC2007/JPEGImages/008124.jpg,horse,horse,"[""horse"",""person""]",5,0.0,0.4442770481109619,0.4494505524635315,-0.3148091435432434,-0.046330153942108154,1
1941,008682,/Users/von/Projects/cci-local-recovery/rerun_workspace/data/voc2007/VOCdevkit/VOC2007/JPEGImages/008682.jpg,car,car,"[""car"",""person""]",6,1.0,-0.056856293231248856,-0.05764765292406082,-0.9919090867042542,-0.17835110425949097,1
1942,000953,/Users/von/Projects/cci-local-recovery/rerun_workspace/data/voc2007/VOCdevkit/VOC2007/JPEGImages/000953.jpg,chair,chair,"[""chair"",""pottedplant""]",6,0.75,0.6058095097541809,0.6147469282150269,0.46753472089767456,0.9280498027801514,1
