2026-09-13 10:17:15,946 INFO Parsing model identifier. Schema: None, Identifier: ViT-B-32
2026-09-13 10:17:15,946 INFO Loaded built-in ViT-B-32 model config.
2026-09-13 10:17:15,946 INFO `pretrained` specifies file path: rerun_workspace/model_weights/ViT-B-32.pt
2026-09-13 10:17:15,946 INFO Instantiating model architecture: CLIP
2026-09-13 10:17:16,757 INFO Loading full pretrained weights from: rerun_workspace/model_weights/ViT-B-32.pt
2026-09-13 10:17:16,986 INFO Final image preprocessing configuration set: {'size': (224, 224), 'mode': 'RGB', 'mean': (0.48145466, 0.4578275, 0.40821073), 'std': (0.26862954, 0.26130258, 0.27577711), 'interpolation': 'bicubic', 'resize_mode': 'shortest', 'fill_color': 0}
2026-09-13 10:17:16,986 INFO Model ViT-B-32 creation process complete.
2026-09-13 10:17:16,986 INFO Parsing tokenizer identifier. Schema: None, Identifier: ViT-B-32
2026-09-13 10:17:16,986 INFO Attempting to load config from built-in: ViT-B-32
2026-09-13 10:17:16,986 INFO Using default SimpleTokenizer.
2026-09-13 10:17:18,938 INFO completed=2 new=2 elapsed_s=0.569 images_per_s=3.515424 device=mps
2026-09-13 10:17:22,892 INFO completed=22 new=22 elapsed_s=4.523 images_per_s=4.863986 device=mps
2026-09-13 10:17:26,825 INFO completed=42 new=42 elapsed_s=8.456 images_per_s=4.966819 device=mps
2026-09-13 10:17:30,750 INFO completed=62 new=62 elapsed_s=12.381 images_per_s=5.007627 device=mps
2026-09-13 10:17:34,682 INFO completed=82 new=82 elapsed_s=16.313 images_per_s=5.026715 device=mps
2026-09-13 10:17:38,610 INFO completed=102 new=102 elapsed_s=20.241 images_per_s=5.039345 device=mps
2026-09-13 10:17:42,583 INFO completed=122 new=122 elapsed_s=24.214 images_per_s=5.038479 device=mps
2026-09-13 10:17:46,534 INFO completed=142 new=142 elapsed_s=28.164 images_per_s=5.041835 device=mps
2026-09-13 10:17:50,468 INFO completed=162 new=162 elapsed_s=32.098 images_per_s=5.047004 device=mps
2026-09-13 10:17:54,423 INFO completed=182 new=182 elapsed_s=36.053 images_per_s=5.048069 device=mps
2026-09-13 10:17:58,359 INFO completed=202 new=202 elapsed_s=39.989 images_per_s=5.051383 device=mps
2026-09-13 10:18:02,316 INFO completed=222 new=222 elapsed_s=43.947 images_per_s=5.051553 device=mps
2026-09-13 10:18:06,267 INFO completed=242 new=242 elapsed_s=47.898 images_per_s=5.052456 device=mps
2026-09-13 10:18:10,209 INFO completed=262 new=262 elapsed_s=51.840 images_per_s=5.054021 device=mps
2026-09-13 10:18:14,150 INFO completed=282 new=282 elapsed_s=55.780 images_per_s=5.055553 device=mps
2026-09-13 10:18:18,090 INFO completed=302 new=302 elapsed_s=59.721 images_per_s=5.056871 device=mps
2026-09-13 10:18:22,013 INFO completed=322 new=322 elapsed_s=63.643 images_per_s=5.059448 device=mps
2026-09-13 10:18:25,845 INFO completed=342 new=342 elapsed_s=67.476 images_per_s=5.068493 device=mps
2026-09-13 10:18:29,754 INFO completed=362 new=362 elapsed_s=71.384 images_per_s=5.071131 device=mps
2026-09-13 10:18:33,613 INFO completed=382 new=382 elapsed_s=75.243 images_per_s=5.076856 device=mps
2026-09-13 10:18:37,478 INFO completed=402 new=402 elapsed_s=79.109 images_per_s=5.081608 device=mps
2026-09-13 10:18:41,354 INFO completed=422 new=422 elapsed_s=82.984 images_per_s=5.085293 device=mps
2026-09-13 10:18:45,233 INFO completed=442 new=442 elapsed_s=86.863 images_per_s=5.088458 device=mps
2026-09-13 10:18:49,122 INFO completed=462 new=462 elapsed_s=90.753 images_per_s=5.090759 device=mps
2026-09-13 10:18:53,084 INFO completed=482 new=482 elapsed_s=94.714 images_per_s=5.088998 device=mps
2026-09-13 10:18:57,081 INFO completed=502 new=502 elapsed_s=98.711 images_per_s=5.085528 device=mps
2026-09-13 10:19:01,039 INFO completed=522 new=522 elapsed_s=102.669 images_per_s=5.084308 device=mps
2026-09-13 10:19:05,015 INFO completed=542 new=542 elapsed_s=106.645 images_per_s=5.082286 device=mps
2026-09-13 10:19:08,957 INFO completed=562 new=562 elapsed_s=110.587 images_per_s=5.081950 device=mps
2026-09-13 10:19:12,934 INFO completed=582 new=582 elapsed_s=114.564 images_per_s=5.080139 device=mps
2026-09-13 10:19:16,882 INFO completed=602 new=602 elapsed_s=118.512 images_per_s=5.079660 device=mps
2026-09-13 10:19:20,848 INFO completed=622 new=622 elapsed_s=122.478 images_per_s=5.078478 device=mps
2026-09-13 10:19:24,799 INFO completed=642 new=642 elapsed_s=126.429 images_per_s=5.077938 device=mps
2026-09-13 10:19:28,713 INFO completed=662 new=662 elapsed_s=130.343 images_per_s=5.078913 device=mps
2026-09-13 10:19:32,554 INFO completed=682 new=682 elapsed_s=134.184 images_per_s=5.082589 device=mps
2026-09-13 10:19:36,466 INFO completed=702 new=702 elapsed_s=138.096 images_per_s=5.083419 device=mps
2026-09-13 10:19:40,279 INFO completed=722 new=722 elapsed_s=141.909 images_per_s=5.087759 device=mps
2026-09-13 10:19:43,991 INFO completed=742 new=742 elapsed_s=145.621 images_per_s=5.095413 device=mps
2026-09-13 10:19:47,571 INFO completed=762 new=762 elapsed_s=149.201 images_per_s=5.107207 device=mps
2026-09-13 10:19:51,143 INFO completed=782 new=782 elapsed_s=152.773 images_per_s=5.118717 device=mps
2026-09-13 10:19:54,704 INFO completed=802 new=802 elapsed_s=156.334 images_per_s=5.130041 device=mps
2026-09-13 10:19:58,338 INFO completed=822 new=822 elapsed_s=159.968 images_per_s=5.138539 device=mps
2026-09-13 10:20:02,023 INFO completed=842 new=842 elapsed_s=163.652 images_per_s=5.145051 device=mps
2026-09-13 10:20:05,583 INFO completed=862 new=862 elapsed_s=167.213 images_per_s=5.155101 device=mps
2026-09-13 10:20:09,259 INFO completed=882 new=882 elapsed_s=170.889 images_per_s=5.161236 device=mps
2026-09-13 10:20:12,980 INFO completed=902 new=902 elapsed_s=174.609 images_per_s=5.165814 device=mps
2026-09-13 10:20:16,569 INFO completed=922 new=922 elapsed_s=178.199 images_per_s=5.173998 device=mps
2026-09-13 10:20:20,148 INFO completed=942 new=942 elapsed_s=181.777 images_per_s=5.182160 device=mps
2026-09-13 10:20:23,717 INFO completed=962 new=962 elapsed_s=185.347 images_per_s=5.190275 device=mps
2026-09-13 10:20:27,291 INFO completed=982 new=982 elapsed_s=188.921 images_per_s=5.197934 device=mps
2026-09-13 10:20:30,858 INFO completed=1002 new=1002 elapsed_s=192.488 images_per_s=5.205512 device=mps
2026-09-13 10:20:34,434 INFO completed=1022 new=1022 elapsed_s=196.064 images_per_s=5.212584 device=mps
2026-09-13 10:20:38,006 INFO completed=1042 new=1042 elapsed_s=199.636 images_per_s=5.219511 device=mps
2026-09-13 10:20:41,577 INFO completed=1062 new=1062 elapsed_s=203.207 images_per_s=5.226206 device=mps
2026-09-13 10:20:45,137 INFO completed=1082 new=1082 elapsed_s=206.767 images_per_s=5.232951 device=mps
2026-09-13 10:20:48,700 INFO completed=1102 new=1102 elapsed_s=210.330 images_per_s=5.239393 device=mps
2026-09-13 10:20:52,273 INFO completed=1122 new=1122 elapsed_s=213.903 images_per_s=5.245369 device=mps
2026-09-13 10:20:55,948 INFO completed=1142 new=1142 elapsed_s=217.578 images_per_s=5.248689 device=mps
2026-09-13 10:20:59,612 INFO completed=1162 new=1162 elapsed_s=221.241 images_per_s=5.252185 device=mps
2026-09-13 10:21:03,201 INFO completed=1182 new=1182 elapsed_s=224.831 images_per_s=5.257286 device=mps
2026-09-13 10:21:06,842 INFO completed=1202 new=1202 elapsed_s=228.471 images_per_s=5.261054 device=mps
2026-09-13 10:21:10,437 INFO completed=1222 new=1222 elapsed_s=232.066 images_per_s=5.265734 device=mps
2026-09-13 10:21:14,017 INFO completed=1242 new=1242 elapsed_s=235.647 images_per_s=5.270599 device=mps
2026-09-13 10:21:17,596 INFO completed=1262 new=1262 elapsed_s=239.226 images_per_s=5.275352 device=mps
2026-09-13 10:21:21,172 INFO completed=1282 new=1282 elapsed_s=242.801 images_per_s=5.280044 device=mps
2026-09-13 10:21:24,799 INFO completed=1302 new=1302 elapsed_s=246.428 images_per_s=5.283484 device=mps
2026-09-13 10:21:28,369 INFO completed=1322 new=1322 elapsed_s=249.999 images_per_s=5.288025 device=mps
2026-09-13 10:21:31,930 INFO completed=1342 new=1342 elapsed_s=253.559 images_per_s=5.292652 device=mps
2026-09-13 10:21:35,489 INFO completed=1362 new=1362 elapsed_s=257.118 images_per_s=5.297173 device=mps
2026-09-13 10:21:39,056 INFO completed=1382 new=1382 elapsed_s=260.686 images_per_s=5.301399 device=mps
2026-09-13 10:21:42,630 INFO completed=1402 new=1402 elapsed_s=264.260 images_per_s=5.305383 device=mps
2026-09-13 10:21:46,186 INFO completed=1422 new=1422 elapsed_s=267.815 images_per_s=5.309629 device=mps
2026-09-13 10:21:49,753 INFO completed=1442 new=1442 elapsed_s=271.383 images_per_s=5.313532 device=mps
2026-09-13 10:21:53,317 INFO completed=1462 new=1462 elapsed_s=274.946 images_per_s=5.317410 device=mps
2026-09-13 10:21:56,877 INFO completed=1482 new=1482 elapsed_s=278.506 images_per_s=5.321252 device=mps
2026-09-13 10:22:00,455 INFO completed=1502 new=1502 elapsed_s=282.084 images_per_s=5.324656 device=mps
2026-09-13 10:22:04,024 INFO completed=1522 new=1522 elapsed_s=285.653 images_per_s=5.328140 device=mps
2026-09-13 10:22:07,598 INFO completed=1542 new=1542 elapsed_s=289.227 images_per_s=5.331456 device=mps
2026-09-13 10:22:11,164 INFO completed=1562 new=1562 elapsed_s=292.793 images_per_s=5.334819 device=mps
2026-09-13 10:22:14,715 INFO completed=1582 new=1582 elapsed_s=296.344 images_per_s=5.338388 device=mps
2026-09-13 10:22:18,276 INFO completed=1602 new=1602 elapsed_s=299.905 images_per_s=5.341690 device=mps
2026-09-13 10:22:21,838 INFO completed=1622 new=1622 elapsed_s=303.467 images_per_s=5.344894 device=mps
2026-09-13 10:22:25,397 INFO completed=1642 new=1642 elapsed_s=307.026 images_per_s=5.348079 device=mps
2026-09-13 10:22:28,957 INFO completed=1662 new=1662 elapsed_s=310.586 images_per_s=5.351178 device=mps
2026-09-13 10:22:32,522 INFO completed=1682 new=1682 elapsed_s=314.151 images_per_s=5.354109 device=mps
2026-09-13 10:22:36,093 INFO completed=1702 new=1702 elapsed_s=317.722 images_per_s=5.356887 device=mps
2026-09-13 10:22:39,656 INFO completed=1722 new=1722 elapsed_s=321.285 images_per_s=5.359720 device=mps
2026-09-13 10:22:43,215 INFO completed=1742 new=1742 elapsed_s=324.844 images_per_s=5.362574 device=mps
2026-09-13 10:22:46,779 INFO completed=1762 new=1762 elapsed_s=328.408 images_per_s=5.365272 device=mps
2026-09-13 10:22:50,374 INFO completed=1782 new=1782 elapsed_s=332.003 images_per_s=5.367420 device=mps
2026-09-13 10:22:53,941 INFO completed=1802 new=1802 elapsed_s=335.570 images_per_s=5.369965 device=mps
2026-09-13 10:22:57,505 INFO completed=1822 new=1822 elapsed_s=339.134 images_per_s=5.372506 device=mps
2026-09-13 10:23:01,068 INFO completed=1842 new=1842 elapsed_s=342.698 images_per_s=5.375003 device=mps
2026-09-13 10:23:04,639 INFO completed=1862 new=1862 elapsed_s=346.268 images_per_s=5.377332 device=mps
2026-09-13 10:23:08,216 INFO completed=1882 new=1882 elapsed_s=349.845 images_per_s=5.379519 device=mps
2026-09-13 10:23:11,804 INFO completed=1902 new=1902 elapsed_s=353.433 images_per_s=5.381506 device=mps
2026-09-13 10:23:15,377 INFO completed=1922 new=1922 elapsed_s=357.006 images_per_s=5.383661 device=mps
2026-09-13 10:23:18,943 INFO completed=1942 new=1942 elapsed_s=360.572 images_per_s=5.385884 device=mps
2026-09-13 10:23:22,517 INFO completed=1962 new=1962 elapsed_s=364.146 images_per_s=5.387955 device=mps
2026-09-13 10:23:26,088 INFO completed=1982 new=1982 elapsed_s=367.717 images_per_s=5.390012 device=mps
2026-09-13 10:23:29,647 INFO completed=2002 new=2002 elapsed_s=371.276 images_per_s=5.392222 device=mps
2026-09-13 10:23:33,222 INFO completed=2022 new=2022 elapsed_s=374.851 images_per_s=5.394150 device=mps
2026-09-13 10:23:36,788 INFO completed=2042 new=2042 elapsed_s=378.417 images_per_s=5.396167 device=mps
2026-09-13 10:23:40,379 INFO completed=2062 new=2062 elapsed_s=382.008 images_per_s=5.397792 device=mps
2026-09-13 10:23:44,018 INFO completed=2082 new=2082 elapsed_s=385.646 images_per_s=5.398729 device=mps
2026-09-13 10:23:47,607 INFO completed=2102 new=2102 elapsed_s=389.236 images_per_s=5.400325 device=mps
2026-09-13 10:23:51,180 INFO completed=2122 new=2122 elapsed_s=392.809 images_per_s=5.402120 device=mps
2026-09-13 10:23:54,743 INFO completed=2142 new=2142 elapsed_s=396.372 images_per_s=5.404018 device=mps
2026-09-13 10:23:58,310 INFO completed=2162 new=2162 elapsed_s=399.939 images_per_s=5.405821 device=mps
2026-09-13 10:24:01,911 INFO completed=2182 new=2182 elapsed_s=403.540 images_per_s=5.407151 device=mps
2026-09-13 10:24:05,479 INFO completed=2202 new=2202 elapsed_s=407.108 images_per_s=5.408887 device=mps
2026-09-13 10:24:09,054 INFO completed=2222 new=2222 elapsed_s=410.683 images_per_s=5.410498 device=mps
2026-09-13 10:24:12,616 INFO completed=2242 new=2242 elapsed_s=414.245 images_per_s=5.412262 device=mps
2026-09-13 10:24:16,189 INFO completed=2262 new=2262 elapsed_s=417.818 images_per_s=5.413846 device=mps
2026-09-13 10:24:19,752 INFO completed=2282 new=2282 elapsed_s=421.380 images_per_s=5.415534 device=mps
2026-09-13 10:24:23,312 INFO completed=2302 new=2302 elapsed_s=424.941 images_per_s=5.417222 device=mps
2026-09-13 10:24:26,882 INFO completed=2322 new=2322 elapsed_s=428.510 images_per_s=5.418775 device=mps
2026-09-13 10:24:30,441 INFO completed=2342 new=2342 elapsed_s=432.070 images_per_s=5.420419 device=mps
2026-09-13 10:24:34,020 INFO completed=2362 new=2362 elapsed_s=435.649 images_per_s=5.421797 device=mps
2026-09-13 10:24:37,588 INFO completed=2382 new=2382 elapsed_s=439.217 images_per_s=5.423291 device=mps
2026-09-13 10:24:41,155 INFO completed=2402 new=2402 elapsed_s=442.784 images_per_s=5.424771 device=mps
2026-09-13 10:24:44,741 INFO completed=2422 new=2422 elapsed_s=446.369 images_per_s=5.426000 device=mps
2026-09-13 10:24:48,300 INFO completed=2442 new=2442 elapsed_s=449.929 images_per_s=5.427526 device=mps
2026-09-13 10:24:51,881 INFO completed=2462 new=2462 elapsed_s=453.510 images_per_s=5.428768 device=mps
2026-09-13 10:24:55,447 INFO completed=2482 new=2482 elapsed_s=457.076 images_per_s=5.430172 device=mps
2026-09-13 10:24:59,045 INFO completed=2502 new=2502 elapsed_s=460.673 images_per_s=5.431181 device=mps
2026-09-13 10:25:02,607 INFO completed=2522 new=2522 elapsed_s=464.235 images_per_s=5.432592 device=mps
2026-09-13 10:25:06,177 INFO completed=2542 new=2542 elapsed_s=467.805 images_per_s=5.433883 device=mps
2026-09-13 10:25:09,739 INFO completed=2562 new=2562 elapsed_s=471.367 images_per_s=5.435251 device=mps
2026-09-13 10:25:13,303 INFO completed=2582 new=2582 elapsed_s=474.931 images_per_s=5.436576 device=mps
2026-09-13 10:25:16,870 INFO completed=2602 new=2602 elapsed_s=478.499 images_per_s=5.437842 device=mps
2026-09-13 10:25:20,424 INFO completed=2622 new=2622 elapsed_s=482.053 images_per_s=5.439241 device=mps
2026-09-13 10:25:23,985 INFO completed=2642 new=2642 elapsed_s=485.614 images_per_s=5.440539 device=mps
2026-09-13 10:25:27,529 INFO completed=2662 new=2662 elapsed_s=489.157 images_per_s=5.442015 device=mps
2026-09-13 10:25:31,089 INFO completed=2682 new=2682 elapsed_s=492.718 images_per_s=5.443281 device=mps
2026-09-13 10:25:34,643 INFO completed=2702 new=2702 elapsed_s=496.271 images_per_s=5.444602 device=mps
2026-09-13 10:25:38,202 INFO completed=2722 new=2722 elapsed_s=499.830 images_per_s=5.445849 device=mps
2026-09-13 10:25:41,762 INFO completed=2742 new=2742 elapsed_s=503.390 images_per_s=5.447069 device=mps
2026-09-13 10:25:45,323 INFO completed=2762 new=2762 elapsed_s=506.952 images_per_s=5.448253 device=mps
2026-09-13 10:25:48,872 INFO completed=2782 new=2782 elapsed_s=510.500 images_per_s=5.449556 device=mps
2026-09-13 10:25:52,434 INFO completed=2802 new=2802 elapsed_s=514.062 images_per_s=5.450707 device=mps
2026-09-13 10:25:55,997 INFO completed=2822 new=2822 elapsed_s=517.625 images_per_s=5.451825 device=mps
2026-09-13 10:25:59,566 INFO completed=2842 new=2842 elapsed_s=521.194 images_per_s=5.452865 device=mps
2026-09-13 10:26:03,130 INFO completed=2862 new=2862 elapsed_s=524.758 images_per_s=5.453941 device=mps
2026-09-13 10:26:06,690 INFO completed=2882 new=2882 elapsed_s=528.319 images_per_s=5.455043 device=mps
2026-09-13 10:26:10,260 INFO completed=2902 new=2902 elapsed_s=531.888 images_per_s=5.456035 device=mps
2026-09-13 10:26:13,816 INFO completed=2922 new=2922 elapsed_s=535.444 images_per_s=5.457153 device=mps
2026-09-13 10:26:17,395 INFO completed=2942 new=2942 elapsed_s=539.023 images_per_s=5.458026 device=mps
2026-09-13 10:26:20,955 INFO completed=2962 new=2962 elapsed_s=542.583 images_per_s=5.459069 device=mps
2026-09-13 10:26:24,523 INFO completed=2982 new=2982 elapsed_s=546.151 images_per_s=5.460029 device=mps
2026-09-13 10:26:28,086 INFO completed=3002 new=3002 elapsed_s=549.714 images_per_s=5.461025 device=mps
2026-09-13 10:26:31,656 INFO completed=3022 new=3022 elapsed_s=553.284 images_per_s=5.461936 device=mps
2026-09-13 10:26:35,225 INFO completed=3042 new=3042 elapsed_s=556.853 images_per_s=5.462840 device=mps
2026-09-13 10:26:38,783 INFO completed=3062 new=3062 elapsed_s=560.411 images_per_s=5.463851 device=mps
2026-09-13 10:26:42,345 INFO completed=3082 new=3082 elapsed_s=563.972 images_per_s=5.464806 device=mps
2026-09-13 10:26:45,906 INFO completed=3102 new=3102 elapsed_s=567.534 images_per_s=5.465751 device=mps
2026-09-13 10:26:49,533 INFO completed=3122 new=3122 elapsed_s=571.161 images_per_s=5.466056 device=mps
2026-09-13 10:26:53,129 INFO completed=3142 new=3142 elapsed_s=574.757 images_per_s=5.466660 device=mps
2026-09-13 10:26:56,730 INFO completed=3162 new=3162 elapsed_s=578.358 images_per_s=5.467207 device=mps
2026-09-13 10:27:00,310 INFO completed=3182 new=3182 elapsed_s=581.938 images_per_s=5.467935 device=mps
2026-09-13 10:27:03,901 INFO completed=3202 new=3202 elapsed_s=585.529 images_per_s=5.468557 device=mps
2026-09-13 10:27:07,496 INFO completed=3222 new=3222 elapsed_s=589.124 images_per_s=5.469141 device=mps
2026-09-13 10:27:11,085 INFO completed=3242 new=3242 elapsed_s=592.713 images_per_s=5.469763 device=mps
2026-09-13 10:27:14,663 INFO completed=3262 new=3262 elapsed_s=596.291 images_per_s=5.470483 device=mps
2026-09-13 10:27:18,247 INFO completed=3282 new=3282 elapsed_s=599.875 images_per_s=5.471140 device=mps
2026-09-13 10:27:21,837 INFO completed=3302 new=3302 elapsed_s=603.465 images_per_s=5.471738 device=mps
2026-09-13 10:27:25,429 INFO completed=3322 new=3322 elapsed_s=607.056 images_per_s=5.472309 device=mps
2026-09-13 10:27:29,011 INFO completed=3342 new=3342 elapsed_s=610.639 images_per_s=5.472955 device=mps
2026-09-13 10:27:32,585 INFO completed=3362 new=3362 elapsed_s=614.212 images_per_s=5.473677 device=mps
2026-09-13 10:27:36,161 INFO completed=3382 new=3382 elapsed_s=617.788 images_per_s=5.474366 device=mps
2026-09-13 10:27:39,742 INFO completed=3402 new=3402 elapsed_s=621.369 images_per_s=5.475004 device=mps
2026-09-13 10:27:43,320 INFO completed=3422 new=3422 elapsed_s=624.948 images_per_s=5.475658 device=mps
2026-09-13 10:27:46,896 INFO completed=3442 new=3442 elapsed_s=628.523 images_per_s=5.476329 device=mps
2026-09-13 10:27:50,484 INFO completed=3462 new=3462 elapsed_s=632.112 images_per_s=5.476880 device=mps
2026-09-13 10:27:54,072 INFO completed=3482 new=3482 elapsed_s=635.700 images_per_s=5.477428 device=mps
2026-09-13 10:27:57,659 INFO completed=3502 new=3502 elapsed_s=639.286 images_per_s=5.477983 device=mps
2026-09-13 10:28:01,261 INFO completed=3522 new=3522 elapsed_s=642.889 images_per_s=5.478399 device=mps
2026-09-13 10:28:04,849 INFO completed=3542 new=3542 elapsed_s=646.477 images_per_s=5.478930 device=mps
2026-09-13 10:28:08,433 INFO completed=3562 new=3562 elapsed_s=650.060 images_per_s=5.479492 device=mps
2026-09-13 10:28:12,009 INFO completed=3582 new=3582 elapsed_s=653.636 images_per_s=5.480113 device=mps
2026-09-13 10:28:15,590 INFO completed=3602 new=3602 elapsed_s=657.218 images_per_s=5.480681 device=mps
2026-09-13 10:28:19,189 INFO completed=3622 new=3622 elapsed_s=660.816 images_per_s=5.481099 device=mps
2026-09-13 10:28:22,778 INFO completed=3642 new=3642 elapsed_s=664.406 images_per_s=5.481591 device=mps
2026-09-13 10:28:26,365 INFO completed=3662 new=3662 elapsed_s=667.992 images_per_s=5.482099 device=mps
2026-09-13 10:28:29,940 INFO completed=3682 new=3682 elapsed_s=671.568 images_per_s=5.482695 device=mps
2026-09-13 10:28:33,518 INFO completed=3702 new=3702 elapsed_s=675.145 images_per_s=5.483267 device=mps
2026-09-13 10:28:37,140 INFO completed=3722 new=3722 elapsed_s=678.767 images_per_s=5.483469 device=mps
2026-09-13 10:28:40,758 INFO completed=3742 new=3742 elapsed_s=682.386 images_per_s=5.483702 device=mps
2026-09-13 10:28:44,345 INFO completed=3762 new=3762 elapsed_s=685.972 images_per_s=5.484188 device=mps
2026-09-13 10:28:47,896 INFO completed=3782 new=3782 elapsed_s=689.523 images_per_s=5.484949 device=mps
2026-09-13 10:28:51,463 INFO completed=3802 new=3802 elapsed_s=693.090 images_per_s=5.485577 device=mps
2026-09-13 10:28:55,034 INFO completed=3822 new=3822 elapsed_s=696.661 images_per_s=5.486169 device=mps
2026-09-13 10:28:58,592 INFO completed=3842 new=3842 elapsed_s=700.219 images_per_s=5.486851 device=mps
2026-09-13 10:29:02,171 INFO completed=3862 new=3862 elapsed_s=703.798 images_per_s=5.487366 device=mps
2026-09-13 10:29:05,735 INFO completed=3882 new=3882 elapsed_s=707.362 images_per_s=5.487993 device=mps
2026-09-13 10:29:09,338 INFO completed=3902 new=3902 elapsed_s=710.965 images_per_s=5.488317 device=mps
2026-09-13 10:29:12,953 INFO completed=3922 new=3922 elapsed_s=714.580 images_per_s=5.488541 device=mps
2026-09-13 10:29:16,560 INFO completed=3942 new=3942 elapsed_s=718.187 images_per_s=5.488823 device=mps
2026-09-13 10:29:20,137 INFO completed=3962 new=3962 elapsed_s=721.764 images_per_s=5.489327 device=mps
2026-09-13 10:29:23,729 INFO completed=3982 new=3982 elapsed_s=725.356 images_per_s=5.489715 device=mps
2026-09-13 10:29:27,310 INFO completed=4002 new=4002 elapsed_s=728.937 images_per_s=5.490183 device=mps
2026-09-13 10:29:30,895 INFO completed=4022 new=4022 elapsed_s=732.522 images_per_s=5.490617 device=mps
2026-09-13 10:29:34,500 INFO completed=4042 new=4042 elapsed_s=736.127 images_per_s=5.490900 device=mps
2026-09-13 10:29:38,101 INFO completed=4062 new=4062 elapsed_s=739.728 images_per_s=5.491207 device=mps
2026-09-13 10:29:41,685 INFO completed=4082 new=4082 elapsed_s=743.312 images_per_s=5.491640 device=mps
2026-09-13 10:29:45,252 INFO completed=4102 new=4102 elapsed_s=746.879 images_per_s=5.492187 device=mps
2026-09-13 10:29:48,821 INFO completed=4122 new=4122 elapsed_s=750.448 images_per_s=5.492722 device=mps
2026-09-13 10:29:52,389 INFO completed=4142 new=4142 elapsed_s=754.016 images_per_s=5.493249 device=mps
2026-09-13 10:29:55,965 INFO completed=4162 new=4162 elapsed_s=757.592 images_per_s=5.493724 device=mps
2026-09-13 10:29:59,523 INFO completed=4182 new=4182 elapsed_s=761.150 images_per_s=5.494318 device=mps
2026-09-13 10:30:03,109 INFO completed=4202 new=4202 elapsed_s=764.736 images_per_s=5.494709 device=mps
2026-09-13 10:30:06,676 INFO completed=4222 new=4222 elapsed_s=768.303 images_per_s=5.495230 device=mps
2026-09-13 10:30:10,247 INFO completed=4242 new=4242 elapsed_s=771.874 images_per_s=5.495714 device=mps
2026-09-13 10:30:13,828 INFO completed=4262 new=4262 elapsed_s=775.455 images_per_s=5.496128 device=mps
2026-09-13 10:30:17,420 INFO completed=4282 new=4282 elapsed_s=779.047 images_per_s=5.496460 device=mps
2026-09-13 10:30:20,980 INFO completed=4302 new=4302 elapsed_s=782.607 images_per_s=5.497012 device=mps
2026-09-13 10:30:24,580 INFO completed=4322 new=4322 elapsed_s=786.207 images_per_s=5.497279 device=mps
2026-09-13 10:30:28,152 INFO completed=4342 new=4342 elapsed_s=789.779 images_per_s=5.497739 device=mps
2026-09-13 10:30:31,711 INFO completed=4362 new=4362 elapsed_s=793.338 images_per_s=5.498285 device=mps
2026-09-13 10:30:35,312 INFO completed=4382 new=4382 elapsed_s=796.939 images_per_s=5.498537 device=mps
2026-09-13 10:30:38,887 INFO completed=4402 new=4402 elapsed_s=800.513 images_per_s=5.498971 device=mps
2026-09-13 10:30:42,449 INFO completed=4422 new=4422 elapsed_s=804.075 images_per_s=5.499484 device=mps
2026-09-13 10:30:46,014 INFO completed=4442 new=4442 elapsed_s=807.641 images_per_s=5.499968 device=mps
2026-09-13 10:30:49,578 INFO completed=4462 new=4462 elapsed_s=811.205 images_per_s=5.500460 device=mps
2026-09-13 10:30:53,170 INFO completed=4482 new=4482 elapsed_s=814.796 images_per_s=5.500762 device=mps
2026-09-13 10:30:56,778 INFO completed=4502 new=4502 elapsed_s=818.405 images_per_s=5.500945 device=mps
2026-09-13 10:31:00,385 INFO completed=4522 new=4522 elapsed_s=822.012 images_per_s=5.501136 device=mps
2026-09-13 10:31:03,958 INFO completed=4542 new=4542 elapsed_s=825.585 images_per_s=5.501554 device=mps
2026-09-13 10:31:07,597 INFO completed=4562 new=4562 elapsed_s=829.223 images_per_s=5.501534 device=mps
2026-09-13 10:31:11,271 INFO completed=4582 new=4582 elapsed_s=832.897 images_per_s=5.501277 device=mps
2026-09-13 10:31:14,919 INFO completed=4602 new=4602 elapsed_s=836.545 images_per_s=5.501198 device=mps
2026-09-13 10:31:18,559 INFO completed=4622 new=4622 elapsed_s=840.185 images_per_s=5.501168 device=mps
2026-09-13 10:31:22,153 INFO completed=4642 new=4642 elapsed_s=843.780 images_per_s=5.501435 device=mps
2026-09-13 10:31:25,781 INFO completed=4662 new=4662 elapsed_s=847.408 images_per_s=5.501482 device=mps
2026-09-13 10:31:29,457 INFO completed=4682 new=4682 elapsed_s=851.083 images_per_s=5.501223 device=mps
2026-09-13 10:31:33,108 INFO completed=4702 new=4702 elapsed_s=854.734 images_per_s=5.501126 device=mps
2026-09-13 10:31:36,775 INFO completed=4722 new=4722 elapsed_s=858.401 images_per_s=5.500923 device=mps
2026-09-13 10:31:40,339 INFO completed=4742 new=4742 elapsed_s=861.965 images_per_s=5.501383 device=mps
2026-09-13 10:31:43,907 INFO completed=4762 new=4762 elapsed_s=865.533 images_per_s=5.501809 device=mps
2026-09-13 10:31:47,469 INFO completed=4782 new=4782 elapsed_s=869.095 images_per_s=5.502276 device=mps
2026-09-13 10:31:51,047 INFO completed=4802 new=4802 elapsed_s=872.674 images_per_s=5.502630 device=mps
2026-09-13 10:31:54,611 INFO completed=4822 new=4822 elapsed_s=876.237 images_per_s=5.503075 device=mps
2026-09-13 10:31:58,213 INFO completed=4842 new=4842 elapsed_s=879.839 images_per_s=5.503280 device=mps
2026-09-13 10:32:01,832 INFO completed=4862 new=4862 elapsed_s=883.458 images_per_s=5.503374 device=mps
2026-09-13 10:32:05,398 INFO completed=4882 new=4882 elapsed_s=887.025 images_per_s=5.503793 device=mps
2026-09-13 10:32:08,964 INFO completed=4902 new=4902 elapsed_s=890.591 images_per_s=5.504212 device=mps
2026-09-13 10:32:12,538 INFO completed=4922 new=4922 elapsed_s=894.164 images_per_s=5.504584 device=mps
2026-09-13 10:32:16,106 INFO completed=4942 new=4942 elapsed_s=897.732 images_per_s=5.504985 device=mps
2026-09-13 10:32:19,677 INFO completed=4962 new=4962 elapsed_s=901.303 images_per_s=5.505361 device=mps
2026-09-13 10:32:23,244 INFO completed=4982 new=4982 elapsed_s=904.870 images_per_s=5.505761 device=mps
2026-09-13 10:32:26,812 INFO completed=5002 new=5002 elapsed_s=908.439 images_per_s=5.506151 device=mps
2026-09-13 10:32:30,379 INFO completed=5022 new=5022 elapsed_s=912.005 images_per_s=5.506547 device=mps
2026-09-13 10:32:33,976 INFO completed=5042 new=5042 elapsed_s=915.602 images_per_s=5.506759 device=mps
2026-09-13 10:32:37,589 INFO completed=5062 new=5062 elapsed_s=919.215 images_per_s=5.506875 device=mps
2026-09-13 10:32:41,164 INFO completed=5082 new=5082 elapsed_s=922.790 images_per_s=5.507211 device=mps
2026-09-13 10:32:44,758 INFO completed=5102 new=5102 elapsed_s=926.384 images_per_s=5.507434 device=mps
2026-09-13 10:32:48,374 INFO completed=5122 new=5122 elapsed_s=930.000 images_per_s=5.507524 device=mps
2026-09-13 10:32:51,989 INFO completed=5142 new=5142 elapsed_s=933.615 images_per_s=5.507621 device=mps
2026-09-13 10:32:55,571 INFO completed=5162 new=5162 elapsed_s=937.197 images_per_s=5.507914 device=mps
2026-09-13 10:32:59,131 INFO completed=5182 new=5182 elapsed_s=940.758 images_per_s=5.508327 device=mps
2026-09-13 10:33:02,700 INFO completed=5202 new=5202 elapsed_s=944.326 images_per_s=5.508691 device=mps
2026-09-13 10:33:06,252 INFO completed=5222 new=5222 elapsed_s=947.878 images_per_s=5.509151 device=mps
2026-09-13 10:33:09,815 INFO completed=5242 new=5242 elapsed_s=951.441 images_per_s=5.509535 device=mps
2026-09-13 10:33:13,386 INFO completed=5262 new=5262 elapsed_s=955.012 images_per_s=5.509880 device=mps
2026-09-13 10:33:16,949 INFO completed=5282 new=5282 elapsed_s=958.575 images_per_s=5.510263 device=mps
2026-09-13 10:33:20,514 INFO completed=5302 new=5302 elapsed_s=962.140 images_per_s=5.510634 device=mps
2026-09-13 10:33:24,078 INFO completed=5322 new=5322 elapsed_s=965.704 images_per_s=5.511007 device=mps
2026-09-13 10:33:27,646 INFO completed=5342 new=5342 elapsed_s=969.272 images_per_s=5.511352 device=mps
2026-09-13 10:33:31,215 INFO completed=5362 new=5362 elapsed_s=972.841 images_per_s=5.511694 device=mps
2026-09-13 10:33:34,786 INFO completed=5382 new=5382 elapsed_s=976.412 images_per_s=5.512015 device=mps
2026-09-13 10:33:38,373 INFO completed=5402 new=5402 elapsed_s=979.999 images_per_s=5.512249 device=mps
2026-09-13 10:33:41,935 INFO completed=5422 new=5422 elapsed_s=983.561 images_per_s=5.512622 device=mps
2026-09-13 10:33:45,522 INFO completed=5442 new=5442 elapsed_s=987.148 images_per_s=5.512853 device=mps
2026-09-13 10:33:49,279 INFO completed=5462 new=5462 elapsed_s=990.905 images_per_s=5.512135 device=mps
2026-09-13 10:33:52,928 INFO completed=5482 new=5482 elapsed_s=994.554 images_per_s=5.512017 device=mps
2026-09-13 10:33:56,533 INFO completed=5502 new=5502 elapsed_s=998.159 images_per_s=5.512150 device=mps
2026-09-13 10:34:00,144 INFO completed=5522 new=5522 elapsed_s=1001.770 images_per_s=5.512246 device=mps
2026-09-13 10:34:03,793 INFO completed=5542 new=5542 elapsed_s=1005.419 images_per_s=5.512130 device=mps
2026-09-13 10:34:07,393 INFO completed=5562 new=5562 elapsed_s=1009.019 images_per_s=5.512285 device=mps
2026-09-13 10:34:10,955 INFO completed=5582 new=5582 elapsed_s=1012.580 images_per_s=5.512648 device=mps
2026-09-13 10:34:14,506 INFO completed=5602 new=5602 elapsed_s=1016.132 images_per_s=5.513063 device=mps
2026-09-13 10:34:18,112 INFO completed=5622 new=5622 elapsed_s=1019.738 images_per_s=5.513182 device=mps
2026-09-13 10:34:21,694 INFO completed=5642 new=5642 elapsed_s=1023.320 images_per_s=5.513428 device=mps
2026-09-13 10:34:25,246 INFO completed=5662 new=5662 elapsed_s=1026.872 images_per_s=5.513832 device=mps
2026-09-13 10:34:28,815 INFO completed=5682 new=5682 elapsed_s=1030.440 images_per_s=5.514149 device=mps
2026-09-13 10:34:32,377 INFO completed=5702 new=5702 elapsed_s=1034.002 images_per_s=5.514494 device=mps
2026-09-13 10:34:35,946 INFO completed=5722 new=5722 elapsed_s=1037.572 images_per_s=5.514800 device=mps
2026-09-13 10:34:39,502 INFO completed=5742 new=5742 elapsed_s=1041.127 images_per_s=5.515175 device=mps
2026-09-13 10:34:43,051 INFO completed=5762 new=5762 elapsed_s=1044.677 images_per_s=5.515583 device=mps
2026-09-13 10:34:46,601 INFO completed=5782 new=5782 elapsed_s=1048.226 images_per_s=5.515984 device=mps
2026-09-13 10:34:50,171 INFO completed=5802 new=5802 elapsed_s=1051.796 images_per_s=5.516278 device=mps
2026-09-13 10:34:53,736 INFO completed=5822 new=5822 elapsed_s=1055.362 images_per_s=5.516593 device=mps
2026-09-13 10:34:57,293 INFO completed=5842 new=5842 elapsed_s=1058.918 images_per_s=5.516951 device=mps
2026-09-13 10:35:00,860 INFO completed=5862 new=5862 elapsed_s=1062.486 images_per_s=5.517251 device=mps
2026-09-13 10:35:04,411 INFO completed=5882 new=5882 elapsed_s=1066.037 images_per_s=5.517634 device=mps
2026-09-13 10:35:07,968 INFO completed=5902 new=5902 elapsed_s=1069.593 images_per_s=5.517986 device=mps
2026-09-13 10:35:11,543 INFO completed=5922 new=5922 elapsed_s=1073.168 images_per_s=5.518240 device=mps
2026-09-13 10:35:15,100 INFO completed=5942 new=5942 elapsed_s=1076.725 images_per_s=5.518585 device=mps
2026-09-13 10:35:18,654 INFO completed=5962 new=5962 elapsed_s=1080.279 images_per_s=5.518944 device=mps
2026-09-13 10:35:22,246 INFO completed=5982 new=5982 elapsed_s=1083.871 images_per_s=5.519107 device=mps
2026-09-13 10:35:25,854 INFO completed=6002 new=6002 elapsed_s=1087.479 images_per_s=5.519185 device=mps
2026-09-13 10:35:29,455 INFO completed=6022 new=6022 elapsed_s=1091.080 images_per_s=5.519301 device=mps
2026-09-13 10:35:33,054 INFO completed=6042 new=6042 elapsed_s=1094.680 images_per_s=5.519424 device=mps
2026-09-13 10:35:36,661 INFO completed=6062 new=6062 elapsed_s=1098.286 images_per_s=5.519508 device=mps
2026-09-13 10:35:40,279 INFO completed=6082 new=6082 elapsed_s=1101.904 images_per_s=5.519535 device=mps
2026-09-13 10:35:43,891 INFO completed=6102 new=6102 elapsed_s=1105.516 images_per_s=5.519594 device=mps
2026-09-13 10:35:47,497 INFO completed=6122 new=6122 elapsed_s=1109.122 images_per_s=5.519680 device=mps
2026-09-13 10:35:51,109 INFO completed=6142 new=6142 elapsed_s=1112.734 images_per_s=5.519738 device=mps
2026-09-13 10:35:54,719 INFO completed=6162 new=6162 elapsed_s=1116.344 images_per_s=5.519802 device=mps
2026-09-13 10:35:58,314 INFO completed=6182 new=6182 elapsed_s=1119.939 images_per_s=5.519943 device=mps
2026-09-13 10:36:01,929 INFO completed=6202 new=6202 elapsed_s=1123.554 images_per_s=5.519984 device=mps
2026-09-13 10:36:05,537 INFO completed=6222 new=6222 elapsed_s=1127.162 images_per_s=5.520060 device=mps
2026-09-13 10:36:09,138 INFO completed=6242 new=6242 elapsed_s=1130.763 images_per_s=5.520168 device=mps
2026-09-13 10:36:12,735 INFO completed=6262 new=6262 elapsed_s=1134.360 images_per_s=5.520291 device=mps
2026-09-13 10:36:16,332 INFO completed=6282 new=6282 elapsed_s=1137.958 images_per_s=5.520417 device=mps
2026-09-13 10:36:19,939 INFO completed=6302 new=6302 elapsed_s=1141.564 images_per_s=5.520496 device=mps
2026-09-13 10:36:23,538 INFO completed=6322 new=6322 elapsed_s=1145.163 images_per_s=5.520611 device=mps
2026-09-13 10:36:27,145 INFO completed=6342 new=6342 elapsed_s=1148.770 images_per_s=5.520686 device=mps
2026-09-13 10:36:30,746 INFO completed=6362 new=6362 elapsed_s=1152.371 images_per_s=5.520791 device=mps
2026-09-13 10:36:34,337 INFO completed=6382 new=6382 elapsed_s=1155.962 images_per_s=5.520945 device=mps
2026-09-13 10:36:37,929 INFO completed=6402 new=6402 elapsed_s=1159.554 images_per_s=5.521088 device=mps
2026-09-13 10:36:41,546 INFO completed=6422 new=6422 elapsed_s=1163.171 images_per_s=5.521113 device=mps
2026-09-13 10:36:45,138 INFO completed=6442 new=6442 elapsed_s=1166.763 images_per_s=5.521259 device=mps
2026-09-13 10:36:48,738 INFO completed=6462 new=6462 elapsed_s=1170.363 images_per_s=5.521364 device=mps
2026-09-13 10:36:52,337 INFO completed=6482 new=6482 elapsed_s=1173.962 images_per_s=5.521475 device=mps
2026-09-13 10:36:55,932 INFO completed=6502 new=6502 elapsed_s=1177.557 images_per_s=5.521601 device=mps
2026-09-13 10:36:59,541 INFO completed=6522 new=6522 elapsed_s=1181.166 images_per_s=5.521664 device=mps
2026-09-13 10:37:03,154 INFO completed=6542 new=6542 elapsed_s=1184.778 images_per_s=5.521708 device=mps
2026-09-13 10:37:06,762 INFO completed=6562 new=6562 elapsed_s=1188.386 images_per_s=5.521773 device=mps
2026-09-13 10:37:10,364 INFO completed=6582 new=6582 elapsed_s=1191.989 images_per_s=5.521862 device=mps
2026-09-13 10:37:13,963 INFO completed=6602 new=6602 elapsed_s=1195.587 images_per_s=5.521972 device=mps
2026-09-13 10:37:17,562 INFO completed=6622 new=6622 elapsed_s=1199.186 images_per_s=5.522077 device=mps
2026-09-13 10:37:21,172 INFO completed=6642 new=6642 elapsed_s=1202.796 images_per_s=5.522132 device=mps
2026-09-13 10:37:24,778 INFO completed=6662 new=6662 elapsed_s=1206.403 images_per_s=5.522202 device=mps
2026-09-13 10:37:28,380 INFO completed=6682 new=6682 elapsed_s=1210.005 images_per_s=5.522291 device=mps
2026-09-13 10:37:31,987 INFO completed=6702 new=6702 elapsed_s=1213.612 images_per_s=5.522359 device=mps
2026-09-13 10:37:35,595 INFO completed=6722 new=6722 elapsed_s=1217.220 images_per_s=5.522421 device=mps
2026-09-13 10:37:39,198 INFO completed=6742 new=6742 elapsed_s=1220.822 images_per_s=5.522507 device=mps
2026-09-13 10:37:42,811 INFO completed=6762 new=6762 elapsed_s=1224.436 images_per_s=5.522544 device=mps
2026-09-13 10:37:46,412 INFO completed=6782 new=6782 elapsed_s=1228.037 images_per_s=5.522636 device=mps
2026-09-13 10:37:50,012 INFO completed=6802 new=6802 elapsed_s=1231.637 images_per_s=5.522733 device=mps
2026-09-13 10:37:53,621 INFO completed=6822 new=6822 elapsed_s=1235.246 images_per_s=5.522787 device=mps
2026-09-13 10:37:57,222 INFO completed=6842 new=6842 elapsed_s=1238.846 images_per_s=5.522880 device=mps
2026-09-13 10:38:00,838 INFO completed=6862 new=6862 elapsed_s=1242.462 images_per_s=5.522905 device=mps
2026-09-13 10:38:04,447 INFO completed=6882 new=6882 elapsed_s=1246.071 images_per_s=5.522958 device=mps
2026-09-13 10:38:08,064 INFO completed=6902 new=6902 elapsed_s=1249.688 images_per_s=5.522978 device=mps
2026-09-13 10:38:11,678 INFO completed=6922 new=6922 elapsed_s=1253.302 images_per_s=5.523010 device=mps
2026-09-13 10:38:15,263 INFO completed=6942 new=6942 elapsed_s=1256.888 images_per_s=5.523167 device=mps
2026-09-13 10:38:18,871 INFO completed=6962 new=6962 elapsed_s=1260.495 images_per_s=5.523226 device=mps
2026-09-13 10:38:22,463 INFO completed=6982 new=6982 elapsed_s=1264.087 images_per_s=5.523352 device=mps
2026-09-13 10:38:26,079 INFO completed=7002 new=7002 elapsed_s=1267.703 images_per_s=5.523375 device=mps
2026-09-13 10:38:29,686 INFO completed=7022 new=7022 elapsed_s=1271.310 images_per_s=5.523436 device=mps
2026-09-13 10:38:33,296 INFO completed=7042 new=7042 elapsed_s=1274.921 images_per_s=5.523480 device=mps
2026-09-13 10:38:36,912 INFO completed=7062 new=7062 elapsed_s=1278.536 images_per_s=5.523505 device=mps
2026-09-13 10:38:40,511 INFO completed=7082 new=7082 elapsed_s=1282.136 images_per_s=5.523596 device=mps
2026-09-13 10:38:44,118 INFO completed=7102 new=7102 elapsed_s=1285.743 images_per_s=5.523656 device=mps
2026-09-13 10:38:47,705 INFO completed=7122 new=7122 elapsed_s=1289.330 images_per_s=5.523801 device=mps
2026-09-13 10:38:51,313 INFO completed=7142 new=7142 elapsed_s=1292.938 images_per_s=5.523855 device=mps
2026-09-13 10:38:54,937 INFO completed=7162 new=7162 elapsed_s=1296.562 images_per_s=5.523840 device=mps
2026-09-13 10:38:58,541 INFO completed=7182 new=7182 elapsed_s=1300.166 images_per_s=5.523912 device=mps
2026-09-13 10:39:02,140 INFO completed=7202 new=7202 elapsed_s=1303.764 images_per_s=5.524006 device=mps
2026-09-13 10:39:05,765 INFO completed=7222 new=7222 elapsed_s=1307.389 images_per_s=5.523987 device=mps
2026-09-13 10:39:09,359 INFO completed=7242 new=7242 elapsed_s=1310.983 images_per_s=5.524099 device=mps
2026-09-13 10:39:12,967 INFO completed=7262 new=7262 elapsed_s=1314.591 images_per_s=5.524151 device=mps
2026-09-13 10:39:16,557 INFO completed=7282 new=7282 elapsed_s=1318.181 images_per_s=5.524277 device=mps
2026-09-13 10:39:20,149 INFO completed=7302 new=7302 elapsed_s=1321.773 images_per_s=5.524396 device=mps
2026-09-13 10:39:23,741 INFO completed=7322 new=7322 elapsed_s=1325.366 images_per_s=5.524514 device=mps
2026-09-13 10:39:27,358 INFO completed=7342 new=7342 elapsed_s=1328.982 images_per_s=5.524530 device=mps
2026-09-13 10:39:30,953 INFO completed=7362 new=7362 elapsed_s=1332.577 images_per_s=5.524634 device=mps
2026-09-13 10:39:34,567 INFO completed=7382 new=7382 elapsed_s=1336.191 images_per_s=5.524657 device=mps
2026-09-13 10:39:38,188 INFO completed=7402 new=7402 elapsed_s=1339.812 images_per_s=5.524654 device=mps
2026-09-13 10:39:41,801 INFO completed=7422 new=7422 elapsed_s=1343.425 images_per_s=5.524687 device=mps
2026-09-13 10:39:45,400 INFO completed=7442 new=7442 elapsed_s=1347.024 images_per_s=5.524770 device=mps
2026-09-13 10:39:48,993 INFO completed=7462 new=7462 elapsed_s=1350.617 images_per_s=5.524881 device=mps
2026-09-13 10:39:52,624 INFO completed=7482 new=7482 elapsed_s=1354.248 images_per_s=5.524839 device=mps
2026-09-13 10:39:56,241 INFO completed=7502 new=7502 elapsed_s=1357.865 images_per_s=5.524851 device=mps
2026-09-13 10:39:59,841 INFO completed=7522 new=7522 elapsed_s=1361.465 images_per_s=5.524932 device=mps
2026-09-13 10:40:03,448 INFO completed=7542 new=7542 elapsed_s=1365.072 images_per_s=5.524982 device=mps
2026-09-13 10:40:07,086 INFO completed=7562 new=7562 elapsed_s=1368.710 images_per_s=5.524910 device=mps
2026-09-13 10:40:10,692 INFO completed=7582 new=7582 elapsed_s=1372.316 images_per_s=5.524966 device=mps
2026-09-13 10:40:14,318 INFO completed=7602 new=7602 elapsed_s=1375.942 images_per_s=5.524941 device=mps
2026-09-13 10:40:17,967 INFO completed=7622 new=7622 elapsed_s=1379.591 images_per_s=5.524825 device=mps
2026-09-13 10:40:21,550 INFO completed=7642 new=7642 elapsed_s=1383.174 images_per_s=5.524973 device=mps
2026-09-13 10:40:25,150 INFO completed=7662 new=7662 elapsed_s=1386.774 images_per_s=5.525054 device=mps
2026-09-13 10:40:28,751 INFO completed=7682 new=7682 elapsed_s=1390.375 images_per_s=5.525129 device=mps
2026-09-13 10:40:32,350 INFO completed=7702 new=7702 elapsed_s=1393.974 images_per_s=5.525211 device=mps
2026-09-13 10:40:35,955 INFO completed=7722 new=7722 elapsed_s=1397.579 images_per_s=5.525269 device=mps
2026-09-13 10:40:39,557 INFO completed=7742 new=7742 elapsed_s=1401.181 images_per_s=5.525339 device=mps
2026-09-13 10:40:43,158 INFO completed=7762 new=7762 elapsed_s=1404.782 images_per_s=5.525414 device=mps
2026-09-13 10:40:46,758 INFO completed=7782 new=7782 elapsed_s=1408.382 images_per_s=5.525490 device=mps
2026-09-13 10:40:50,377 INFO completed=7802 new=7802 elapsed_s=1412.000 images_per_s=5.525494 device=mps
2026-09-13 10:40:53,974 INFO completed=7822 new=7822 elapsed_s=1415.598 images_per_s=5.525579 device=mps
2026-09-13 10:40:57,574 INFO completed=7842 new=7842 elapsed_s=1419.198 images_per_s=5.525657 device=mps
2026-09-13 10:41:01,171 INFO completed=7862 new=7862 elapsed_s=1422.795 images_per_s=5.525744 device=mps
2026-09-13 10:41:04,775 INFO completed=7882 new=7882 elapsed_s=1426.399 images_per_s=5.525804 device=mps
2026-09-13 10:41:08,398 INFO completed=7902 new=7902 elapsed_s=1430.022 images_per_s=5.525790 device=mps
2026-09-13 10:41:12,011 INFO completed=7922 new=7922 elapsed_s=1433.635 images_per_s=5.525814 device=mps
2026-09-13 10:41:15,613 INFO completed=7942 new=7942 elapsed_s=1437.236 images_per_s=5.525883 device=mps
2026-09-13 10:41:19,220 INFO completed=7962 new=7962 elapsed_s=1440.844 images_per_s=5.525930 device=mps
2026-09-13 10:41:22,821 INFO completed=7982 new=7982 elapsed_s=1444.445 images_per_s=5.526000 device=mps
2026-09-13 10:41:26,421 INFO completed=8002 new=8002 elapsed_s=1448.044 images_per_s=5.526073 device=mps
2026-09-13 10:41:30,032 INFO completed=8022 new=8022 elapsed_s=1451.655 images_per_s=5.526105 device=mps
2026-09-13 10:41:33,629 INFO completed=8042 new=8042 elapsed_s=1455.252 images_per_s=5.526189 device=mps
2026-09-13 10:41:37,217 INFO completed=8062 new=8062 elapsed_s=1458.841 images_per_s=5.526306 device=mps
2026-09-13 10:41:40,832 INFO completed=8082 new=8082 elapsed_s=1462.456 images_per_s=5.526321 device=mps
2026-09-13 10:41:44,434 INFO completed=8102 new=8102 elapsed_s=1466.057 images_per_s=5.526388 device=mps
2026-09-13 10:41:48,045 INFO completed=8122 new=8122 elapsed_s=1469.668 images_per_s=5.526418 device=mps
2026-09-13 10:41:51,637 INFO completed=8142 new=8142 elapsed_s=1473.260 images_per_s=5.526519 device=mps
2026-09-13 10:41:55,229 INFO completed=8162 new=8162 elapsed_s=1476.852 images_per_s=5.526619 device=mps
2026-09-13 10:41:58,840 INFO completed=8182 new=8182 elapsed_s=1480.463 images_per_s=5.526649 device=mps
2026-09-13 10:42:02,446 INFO completed=8202 new=8202 elapsed_s=1484.069 images_per_s=5.526698 device=mps
2026-09-13 10:42:06,038 INFO completed=8222 new=8222 elapsed_s=1487.662 images_per_s=5.526794 device=mps
2026-09-13 10:42:09,654 INFO completed=8242 new=8242 elapsed_s=1491.277 images_per_s=5.526807 device=mps
2026-09-13 10:42:13,262 INFO completed=8262 new=8262 elapsed_s=1494.886 images_per_s=5.526844 device=mps
2026-09-13 10:42:16,887 INFO completed=8282 new=8282 elapsed_s=1498.510 images_per_s=5.526823 device=mps
2026-09-13 10:42:20,505 INFO completed=8302 new=8302 elapsed_s=1502.129 images_per_s=5.526824 device=mps
2026-09-13 10:42:24,112 INFO completed=8322 new=8322 elapsed_s=1505.735 images_per_s=5.526867 device=mps
2026-09-13 10:42:27,705 INFO completed=8342 new=8342 elapsed_s=1509.328 images_per_s=5.526961 device=mps
2026-09-13 10:42:31,323 INFO completed=8362 new=8362 elapsed_s=1512.946 images_per_s=5.526966 device=mps
2026-09-13 10:42:34,938 INFO completed=8382 new=8382 elapsed_s=1516.561 images_per_s=5.526980 device=mps
2026-09-13 10:42:38,537 INFO completed=8402 new=8402 elapsed_s=1520.160 images_per_s=5.527049 device=mps
2026-09-13 10:42:42,153 INFO completed=8422 new=8422 elapsed_s=1523.776 images_per_s=5.527060 device=mps
2026-09-13 10:42:45,751 INFO completed=8442 new=8442 elapsed_s=1527.374 images_per_s=5.527134 device=mps
2026-09-13 10:42:49,353 INFO completed=8462 new=8462 elapsed_s=1530.976 images_per_s=5.527192 device=mps
2026-09-13 10:42:52,953 INFO completed=8482 new=8482 elapsed_s=1534.576 images_per_s=5.527258 device=mps
2026-09-13 10:42:56,553 INFO completed=8502 new=8502 elapsed_s=1538.176 images_per_s=5.527325 device=mps
2026-09-13 10:43:00,146 INFO completed=8522 new=8522 elapsed_s=1541.769 images_per_s=5.527418 device=mps
2026-09-13 10:43:03,753 INFO completed=8542 new=8542 elapsed_s=1545.376 images_per_s=5.527456 device=mps
2026-09-13 10:43:07,364 INFO completed=8562 new=8562 elapsed_s=1548.987 images_per_s=5.527482 device=mps
2026-09-13 10:43:10,988 INFO completed=8582 new=8582 elapsed_s=1552.611 images_per_s=5.527464 device=mps
2026-09-13 10:43:14,586 INFO completed=8602 new=8602 elapsed_s=1556.209 images_per_s=5.527536 device=mps
2026-09-13 10:43:18,189 INFO completed=8622 new=8622 elapsed_s=1559.812 images_per_s=5.527590 device=mps
2026-09-13 10:43:21,788 INFO completed=8642 new=8642 elapsed_s=1563.410 images_per_s=5.527659 device=mps
2026-09-13 10:43:25,372 INFO completed=8662 new=8662 elapsed_s=1566.994 images_per_s=5.527781 device=mps
2026-09-13 10:43:28,980 INFO completed=8682 new=8682 elapsed_s=1570.602 images_per_s=5.527818 device=mps
2026-09-13 10:43:32,589 INFO completed=8702 new=8702 elapsed_s=1574.210 images_per_s=5.527851 device=mps
2026-09-13 10:43:36,195 INFO completed=8722 new=8722 elapsed_s=1577.817 images_per_s=5.527891 device=mps
2026-09-13 10:43:39,797 INFO completed=8742 new=8742 elapsed_s=1581.419 images_per_s=5.527948 device=mps
2026-09-13 10:43:43,405 INFO completed=8762 new=8762 elapsed_s=1585.026 images_per_s=5.527984 device=mps
2026-09-13 10:43:46,998 INFO completed=8782 new=8782 elapsed_s=1588.620 images_per_s=5.528070 device=mps
2026-09-13 10:43:50,621 INFO completed=8802 new=8802 elapsed_s=1592.242 images_per_s=5.528053 device=mps
2026-09-13 10:43:54,239 INFO completed=8822 new=8822 elapsed_s=1595.860 images_per_s=5.528054 device=mps
2026-09-13 10:43:57,834 INFO completed=8842 new=8842 elapsed_s=1599.455 images_per_s=5.528133 device=mps
2026-09-13 10:44:01,447 INFO completed=8862 new=8862 elapsed_s=1603.068 images_per_s=5.528150 device=mps
2026-09-13 10:44:05,039 INFO completed=8882 new=8882 elapsed_s=1606.660 images_per_s=5.528237 device=mps
2026-09-13 10:44:08,628 INFO completed=8902 new=8902 elapsed_s=1610.249 images_per_s=5.528337 device=mps
2026-09-13 10:44:12,271 INFO completed=8922 new=8922 elapsed_s=1613.892 images_per_s=5.528251 device=mps
2026-09-13 10:44:15,871 INFO completed=8942 new=8942 elapsed_s=1617.492 images_per_s=5.528313 device=mps
2026-09-13 10:44:19,474 INFO completed=8962 new=8962 elapsed_s=1621.095 images_per_s=5.528364 device=mps
2026-09-13 10:44:23,087 INFO completed=8982 new=8982 elapsed_s=1624.708 images_per_s=5.528378 device=mps
2026-09-13 10:44:26,689 INFO completed=9002 new=9002 elapsed_s=1628.310 images_per_s=5.528430 device=mps
2026-09-13 10:44:30,296 INFO completed=9022 new=9022 elapsed_s=1631.917 images_per_s=5.528468 device=mps
2026-09-13 10:44:33,909 INFO completed=9042 new=9042 elapsed_s=1635.530 images_per_s=5.528483 device=mps
2026-09-13 10:44:37,513 INFO completed=9062 new=9062 elapsed_s=1639.133 images_per_s=5.528531 device=mps
2026-09-13 10:44:41,106 INFO completed=9082 new=9082 elapsed_s=1642.727 images_per_s=5.528611 device=mps
2026-09-13 10:44:44,714 INFO completed=9102 new=9102 elapsed_s=1646.335 images_per_s=5.528644 device=mps
2026-09-13 10:44:48,322 INFO completed=9122 new=9122 elapsed_s=1649.943 images_per_s=5.528676 device=mps
2026-09-13 10:44:51,930 INFO completed=9142 new=9142 elapsed_s=1653.550 images_per_s=5.528710 device=mps
2026-09-13 10:44:55,538 INFO completed=9162 new=9162 elapsed_s=1657.159 images_per_s=5.528741 device=mps
2026-09-13 10:44:59,147 INFO completed=9182 new=9182 elapsed_s=1660.768 images_per_s=5.528768 device=mps
2026-09-13 10:45:02,769 INFO completed=9202 new=9202 elapsed_s=1664.389 images_per_s=5.528754 device=mps
2026-09-13 10:45:06,373 INFO completed=9222 new=9222 elapsed_s=1667.993 images_per_s=5.528799 device=mps
2026-09-13 10:45:09,983 INFO completed=9242 new=9242 elapsed_s=1671.604 images_per_s=5.528822 device=mps
2026-09-13 10:45:13,602 INFO completed=9262 new=9262 elapsed_s=1675.223 images_per_s=5.528817 device=mps
2026-09-13 10:45:17,197 INFO completed=9282 new=9282 elapsed_s=1678.817 images_per_s=5.528892 device=mps
2026-09-13 10:45:20,796 INFO completed=9302 new=9302 elapsed_s=1682.417 images_per_s=5.528952 device=mps
2026-09-13 10:45:24,405 INFO completed=9322 new=9322 elapsed_s=1686.025 images_per_s=5.528980 device=mps
2026-09-13 10:45:28,014 INFO completed=9342 new=9342 elapsed_s=1689.634 images_per_s=5.529008 device=mps
2026-09-13 10:45:31,614 INFO completed=9362 new=9362 elapsed_s=1693.234 images_per_s=5.529064 device=mps
2026-09-13 10:45:35,222 INFO completed=9382 new=9382 elapsed_s=1696.843 images_per_s=5.529092 device=mps
2026-09-13 10:45:38,846 INFO completed=9402 new=9402 elapsed_s=1700.467 images_per_s=5.529071 device=mps
2026-09-13 10:45:42,440 INFO completed=9422 new=9422 elapsed_s=1704.060 images_per_s=5.529147 device=mps
2026-09-13 10:45:46,031 INFO completed=9442 new=9442 elapsed_s=1707.651 images_per_s=5.529231 device=mps
2026-09-13 10:45:49,631 INFO completed=9462 new=9462 elapsed_s=1711.251 images_per_s=5.529288 device=mps
2026-09-13 10:45:53,223 INFO completed=9482 new=9482 elapsed_s=1714.843 images_per_s=5.529368 device=mps
2026-09-13 10:45:56,830 INFO completed=9502 new=9502 elapsed_s=1718.450 images_per_s=5.529401 device=mps
2026-09-13 10:46:00,431 INFO completed=9522 new=9522 elapsed_s=1722.051 images_per_s=5.529452 device=mps
2026-09-13 10:46:04,039 INFO completed=9542 new=9542 elapsed_s=1725.659 images_per_s=5.529480 device=mps
2026-09-13 10:46:07,647 INFO completed=9562 new=9562 elapsed_s=1729.267 images_per_s=5.529511 device=mps
2026-09-13 10:46:11,256 INFO completed=9582 new=9582 elapsed_s=1732.877 images_per_s=5.529534 device=mps
2026-09-13 10:46:14,864 INFO completed=9602 new=9602 elapsed_s=1736.484 images_per_s=5.529564 device=mps
2026-09-13 10:46:18,479 INFO completed=9622 new=9622 elapsed_s=1740.099 images_per_s=5.529569 device=mps
2026-09-13 10:46:22,101 INFO completed=9642 new=9642 elapsed_s=1743.721 images_per_s=5.529553 device=mps
2026-09-13 10:46:25,697 INFO completed=9662 new=9662 elapsed_s=1747.318 images_per_s=5.529619 device=mps
2026-09-13 10:46:29,310 INFO completed=9682 new=9682 elapsed_s=1750.930 images_per_s=5.529633 device=mps
2026-09-13 10:46:32,951 INFO completed=9702 new=9702 elapsed_s=1754.571 images_per_s=5.529556 device=mps
2026-09-13 10:46:36,558 INFO completed=9722 new=9722 elapsed_s=1758.178 images_per_s=5.529587 device=mps
2026-09-13 10:46:40,176 INFO completed=9742 new=9742 elapsed_s=1761.797 images_per_s=5.529583 device=mps
2026-09-13 10:46:43,765 INFO completed=9762 new=9762 elapsed_s=1765.385 images_per_s=5.529672 device=mps
2026-09-13 10:46:47,367 INFO completed=9782 new=9782 elapsed_s=1768.987 images_per_s=5.529718 device=mps
2026-09-13 10:46:50,979 INFO completed=9802 new=9802 elapsed_s=1772.599 images_per_s=5.529734 device=mps
2026-09-13 10:46:54,569 INFO completed=9822 new=9822 elapsed_s=1776.189 images_per_s=5.529816 device=mps
2026-09-13 10:46:58,168 INFO completed=9842 new=9842 elapsed_s=1779.788 images_per_s=5.529873 device=mps
2026-09-13 10:47:01,768 INFO completed=9862 new=9862 elapsed_s=1783.389 images_per_s=5.529922 device=mps
2026-09-13 10:47:05,362 INFO completed=9882 new=9882 elapsed_s=1786.982 images_per_s=5.529993 device=mps
2026-09-13 10:47:08,968 INFO completed=9902 new=9902 elapsed_s=1790.588 images_per_s=5.530027 device=mps
2026-09-13 10:47:12,584 INFO completed=9922 new=9922 elapsed_s=1794.204 images_per_s=5.530029 device=mps
2026-09-13 10:47:16,200 INFO completed=9942 new=9942 elapsed_s=1797.820 images_per_s=5.530032 device=mps
2026-09-13 10:47:19,808 INFO completed=9962 new=9962 elapsed_s=1801.428 images_per_s=5.530058 device=mps
2026-09-13 10:47:23,426 INFO completed=9982 new=9982 elapsed_s=1805.046 images_per_s=5.530052 device=mps
2026-09-13 10:47:27,027 INFO completed=10002 new=10002 elapsed_s=1808.647 images_per_s=5.530101 device=mps
2026-09-13 10:47:30,618 INFO completed=10022 new=10022 elapsed_s=1812.238 images_per_s=5.530180 device=mps
2026-09-13 10:47:34,206 INFO completed=10042 new=10042 elapsed_s=1815.826 images_per_s=5.530266 device=mps
2026-09-13 10:47:37,809 INFO completed=10062 new=10062 elapsed_s=1819.429 images_per_s=5.530308 device=mps
2026-09-13 10:47:41,417 INFO completed=10082 new=10082 elapsed_s=1823.037 images_per_s=5.530332 device=mps
2026-09-13 10:47:45,018 INFO completed=10102 new=10102 elapsed_s=1826.638 images_per_s=5.530378 device=mps
2026-09-13 10:47:48,609 INFO completed=10122 new=10122 elapsed_s=1830.229 images_per_s=5.530456 device=mps
2026-09-13 10:47:52,219 INFO completed=10142 new=10142 elapsed_s=1833.839 images_per_s=5.530474 device=mps
2026-09-13 10:47:55,809 INFO completed=10162 new=10162 elapsed_s=1837.429 images_per_s=5.530553 device=mps
2026-09-13 10:47:59,409 INFO completed=10182 new=10182 elapsed_s=1841.029 images_per_s=5.530603 device=mps
2026-09-13 10:48:03,001 INFO completed=10202 new=10202 elapsed_s=1844.620 images_per_s=5.530677 device=mps
2026-09-13 10:48:06,601 INFO completed=10222 new=10222 elapsed_s=1848.221 images_per_s=5.530723 device=mps
2026-09-13 10:48:10,201 INFO completed=10242 new=10242 elapsed_s=1851.821 images_per_s=5.530772 device=mps
2026-09-13 10:48:13,831 INFO completed=10262 new=10262 elapsed_s=1855.451 images_per_s=5.530732 device=mps
2026-09-13 10:48:17,446 INFO completed=10282 new=10282 elapsed_s=1859.066 images_per_s=5.530734 device=mps
2026-09-13 10:48:21,064 INFO completed=10302 new=10302 elapsed_s=1862.683 images_per_s=5.530730 device=mps
2026-09-13 10:48:24,681 INFO completed=10322 new=10322 elapsed_s=1866.300 images_per_s=5.530728 device=mps
2026-09-13 10:48:28,318 INFO completed=10342 new=10342 elapsed_s=1869.938 images_per_s=5.530666 device=mps
2026-09-13 10:48:31,919 INFO completed=10362 new=10362 elapsed_s=1873.538 images_per_s=5.530712 device=mps
2026-09-13 10:48:35,521 INFO completed=10382 new=10382 elapsed_s=1877.140 images_per_s=5.530754 device=mps
2026-09-13 10:48:39,131 INFO completed=10402 new=10402 elapsed_s=1880.750 images_per_s=5.530772 device=mps
2026-09-13 10:48:42,738 INFO completed=10422 new=10422 elapsed_s=1884.358 images_per_s=5.530796 device=mps
2026-09-13 10:48:46,345 INFO completed=10442 new=10442 elapsed_s=1887.965 images_per_s=5.530824 device=mps
2026-09-13 10:48:49,947 INFO completed=10462 new=10462 elapsed_s=1891.566 images_per_s=5.530866 device=mps
2026-09-13 10:48:53,554 INFO completed=10482 new=10482 elapsed_s=1895.174 images_per_s=5.530891 device=mps
2026-09-13 10:48:57,147 INFO completed=10502 new=10502 elapsed_s=1898.766 images_per_s=5.530959 device=mps
2026-09-13 10:49:00,759 INFO completed=10522 new=10522 elapsed_s=1902.379 images_per_s=5.530971 device=mps
2026-09-13 10:49:04,367 INFO completed=10542 new=10542 elapsed_s=1905.987 images_per_s=5.530994 device=mps
2026-09-13 10:49:07,974 INFO completed=10562 new=10562 elapsed_s=1909.593 images_per_s=5.531020 device=mps
2026-09-13 10:49:11,584 INFO completed=10582 new=10582 elapsed_s=1913.204 images_per_s=5.531037 device=mps
2026-09-13 10:49:15,189 INFO completed=10602 new=10602 elapsed_s=1916.808 images_per_s=5.531070 device=mps
2026-09-13 10:49:18,796 INFO completed=10622 new=10622 elapsed_s=1920.416 images_per_s=5.531094 device=mps
2026-09-13 10:49:22,396 INFO completed=10642 new=10642 elapsed_s=1924.015 images_per_s=5.531141 device=mps
2026-09-13 10:49:25,989 INFO completed=10662 new=10662 elapsed_s=1927.609 images_per_s=5.531205 device=mps
2026-09-13 10:49:29,596 INFO completed=10682 new=10682 elapsed_s=1931.216 images_per_s=5.531231 device=mps
2026-09-13 10:49:33,194 INFO completed=10702 new=10702 elapsed_s=1934.813 images_per_s=5.531284 device=mps
2026-09-13 10:49:36,804 INFO completed=10722 new=10722 elapsed_s=1938.423 images_per_s=5.531300 device=mps
2026-09-13 10:49:40,402 INFO completed=10742 new=10742 elapsed_s=1942.021 images_per_s=5.531350 device=mps
2026-09-13 10:49:44,006 INFO completed=10762 new=10762 elapsed_s=1945.625 images_per_s=5.531385 device=mps
2026-09-13 10:49:47,593 INFO completed=10782 new=10782 elapsed_s=1949.212 images_per_s=5.531465 device=mps
2026-09-13 10:49:51,205 INFO completed=10802 new=10802 elapsed_s=1952.824 images_per_s=5.531476 device=mps
2026-09-13 10:49:54,789 INFO completed=10822 new=10822 elapsed_s=1956.408 images_per_s=5.531567 device=mps
2026-09-13 10:49:58,380 INFO completed=10842 new=10842 elapsed_s=1959.999 images_per_s=5.531634 device=mps
2026-09-13 10:50:01,979 INFO completed=10862 new=10862 elapsed_s=1963.598 images_per_s=5.531681 device=mps
2026-09-13 10:50:05,565 INFO completed=10882 new=10882 elapsed_s=1967.184 images_per_s=5.531765 device=mps
2026-09-13 10:50:09,205 INFO completed=10902 new=10902 elapsed_s=1970.824 images_per_s=5.531697 device=mps
2026-09-13 10:50:12,805 INFO completed=10922 new=10922 elapsed_s=1974.424 images_per_s=5.531741 device=mps
2026-09-13 10:50:16,429 INFO completed=10942 new=10942 elapsed_s=1978.048 images_per_s=5.531715 device=mps
2026-09-13 10:50:20,033 INFO completed=10962 new=10962 elapsed_s=1981.652 images_per_s=5.531748 device=mps
2026-09-13 10:50:23,629 INFO completed=10982 new=10982 elapsed_s=1985.248 images_per_s=5.531801 device=mps
2026-09-13 10:50:27,239 INFO completed=11002 new=11002 elapsed_s=1988.857 images_per_s=5.531819 device=mps
2026-09-13 10:50:30,846 INFO completed=11022 new=11022 elapsed_s=1992.465 images_per_s=5.531840 device=mps
2026-09-13 10:50:34,440 INFO completed=11042 new=11042 elapsed_s=1996.058 images_per_s=5.531902 device=mps
2026-09-13 10:50:38,035 INFO completed=11062 new=11062 elapsed_s=1999.654 images_per_s=5.531956 device=mps
2026-09-13 10:50:41,664 INFO completed=11082 new=11082 elapsed_s=2003.283 images_per_s=5.531920 device=mps
2026-09-13 10:50:45,312 INFO completed=11102 new=11102 elapsed_s=2006.931 images_per_s=5.531829 device=mps
2026-09-13 10:50:48,929 INFO completed=11122 new=11122 elapsed_s=2010.548 images_per_s=5.531825 device=mps
2026-09-13 10:50:52,539 INFO completed=11142 new=11142 elapsed_s=2014.157 images_per_s=5.531842 device=mps
2026-09-13 10:50:56,138 INFO completed=11162 new=11162 elapsed_s=2017.757 images_per_s=5.531885 device=mps
2026-09-13 10:50:59,747 INFO completed=11182 new=11182 elapsed_s=2021.366 images_per_s=5.531903 device=mps
2026-09-13 10:51:03,352 INFO completed=11202 new=11202 elapsed_s=2024.970 images_per_s=5.531933 device=mps
2026-09-13 10:51:06,968 INFO completed=11222 new=11222 elapsed_s=2028.587 images_per_s=5.531930 device=mps
2026-09-13 10:51:10,586 INFO completed=11242 new=11242 elapsed_s=2032.204 images_per_s=5.531924 device=mps
2026-09-13 10:51:14,209 INFO completed=11262 new=11262 elapsed_s=2035.828 images_per_s=5.531903 device=mps
2026-09-13 10:51:17,808 INFO completed=11282 new=11282 elapsed_s=2039.427 images_per_s=5.531947 device=mps
2026-09-13 10:51:21,409 INFO completed=11302 new=11302 elapsed_s=2043.028 images_per_s=5.531985 device=mps
2026-09-13 10:51:25,004 INFO completed=11322 new=11322 elapsed_s=2046.622 images_per_s=5.532042 device=mps
2026-09-13 10:51:28,616 INFO completed=11342 new=11342 elapsed_s=2050.235 images_per_s=5.532049 device=mps
2026-09-13 10:51:32,225 INFO completed=11362 new=11362 elapsed_s=2053.843 images_per_s=5.532067 device=mps
2026-09-13 10:51:35,817 INFO completed=11382 new=11382 elapsed_s=2057.436 images_per_s=5.532129 device=mps
2026-09-13 10:51:39,418 INFO completed=11402 new=11402 elapsed_s=2061.037 images_per_s=5.532167 device=mps
2026-09-13 10:51:43,036 INFO completed=11422 new=11422 elapsed_s=2064.655 images_per_s=5.532159 device=mps
2026-09-13 10:51:46,642 INFO completed=11442 new=11442 elapsed_s=2068.260 images_per_s=5.532186 device=mps
2026-09-13 10:51:50,264 INFO completed=11462 new=11462 elapsed_s=2071.882 images_per_s=5.532167 device=mps
2026-09-13 10:51:53,905 INFO completed=11482 new=11482 elapsed_s=2075.523 images_per_s=5.532099 device=mps
2026-09-13 10:51:57,497 INFO completed=11502 new=11502 elapsed_s=2079.115 images_per_s=5.532161 device=mps
2026-09-13 10:52:01,091 INFO completed=11522 new=11522 elapsed_s=2082.709 images_per_s=5.532218 device=mps
2026-09-13 10:52:04,704 INFO completed=11542 new=11542 elapsed_s=2086.322 images_per_s=5.532223 device=mps
2026-09-13 10:52:08,316 INFO completed=11562 new=11562 elapsed_s=2089.935 images_per_s=5.532230 device=mps
2026-09-13 10:52:11,920 INFO completed=11582 new=11582 elapsed_s=2093.538 images_per_s=5.532261 device=mps
2026-09-13 10:52:15,530 INFO completed=11602 new=11602 elapsed_s=2097.148 images_per_s=5.532274 device=mps
2026-09-13 10:52:19,138 INFO completed=11622 new=11622 elapsed_s=2100.756 images_per_s=5.532293 device=mps
2026-09-13 10:52:22,738 INFO completed=11642 new=11642 elapsed_s=2104.357 images_per_s=5.532332 device=mps
2026-09-13 10:52:26,355 INFO completed=11662 new=11662 elapsed_s=2107.974 images_per_s=5.532327 device=mps
2026-09-13 10:52:29,965 INFO completed=11682 new=11682 elapsed_s=2111.583 images_per_s=5.532342 device=mps
2026-09-13 10:52:33,588 INFO completed=11702 new=11702 elapsed_s=2115.206 images_per_s=5.532321 device=mps
2026-09-13 10:52:37,189 INFO completed=11722 new=11722 elapsed_s=2118.807 images_per_s=5.532359 device=mps
2026-09-13 10:52:40,789 INFO completed=11742 new=11742 elapsed_s=2122.407 images_per_s=5.532397 device=mps
2026-09-13 10:52:44,389 INFO completed=11762 new=11762 elapsed_s=2126.007 images_per_s=5.532437 device=mps
2026-09-13 10:52:47,995 INFO completed=11782 new=11782 elapsed_s=2129.613 images_per_s=5.532460 device=mps
2026-09-13 10:52:51,605 INFO completed=11802 new=11802 elapsed_s=2133.223 images_per_s=5.532473 device=mps
2026-09-13 10:52:55,222 INFO completed=11822 new=11822 elapsed_s=2136.840 images_per_s=5.532468 device=mps
2026-09-13 10:52:58,823 INFO completed=11842 new=11842 elapsed_s=2140.441 images_per_s=5.532506 device=mps
2026-09-13 10:53:02,439 INFO completed=11862 new=11862 elapsed_s=2144.057 images_per_s=5.532502 device=mps
2026-09-13 10:53:06,047 INFO completed=11882 new=11882 elapsed_s=2147.665 images_per_s=5.532519 device=mps
2026-09-13 10:53:09,652 INFO completed=11902 new=11902 elapsed_s=2151.270 images_per_s=5.532546 device=mps
2026-09-13 10:53:13,271 INFO completed=11922 new=11922 elapsed_s=2154.889 images_per_s=5.532536 device=mps
2026-09-13 10:53:16,881 INFO completed=11942 new=11942 elapsed_s=2158.499 images_per_s=5.532549 device=mps
2026-09-13 10:53:20,488 INFO completed=11962 new=11962 elapsed_s=2162.106 images_per_s=5.532569 device=mps
2026-09-13 10:53:24,104 INFO completed=11982 new=11982 elapsed_s=2165.722 images_per_s=5.532567 device=mps
2026-09-13 10:53:27,713 INFO completed=12002 new=12002 elapsed_s=2169.331 images_per_s=5.532582 device=mps
2026-09-13 10:53:31,322 INFO completed=12022 new=12022 elapsed_s=2172.940 images_per_s=5.532597 device=mps
2026-09-13 10:53:34,955 INFO completed=12042 new=12042 elapsed_s=2176.573 images_per_s=5.532551 device=mps
2026-09-13 10:53:38,538 INFO completed=12062 new=12062 elapsed_s=2180.156 images_per_s=5.532631 device=mps
2026-09-13 10:53:42,130 INFO completed=12082 new=12082 elapsed_s=2183.748 images_per_s=5.532690 device=mps
2026-09-13 10:53:45,746 INFO completed=12102 new=12102 elapsed_s=2187.364 images_per_s=5.532687 device=mps
2026-09-13 10:53:49,345 INFO completed=12122 new=12122 elapsed_s=2190.963 images_per_s=5.532726 device=mps
2026-09-13 10:53:52,953 INFO completed=12142 new=12142 elapsed_s=2194.571 images_per_s=5.532745 device=mps
2026-09-13 10:53:56,563 INFO completed=12162 new=12162 elapsed_s=2198.181 images_per_s=5.532757 device=mps
2026-09-13 10:54:00,155 INFO completed=12182 new=12182 elapsed_s=2201.773 images_per_s=5.532815 device=mps
2026-09-13 10:54:03,754 INFO completed=12202 new=12202 elapsed_s=2205.372 images_per_s=5.532854 device=mps
2026-09-13 10:54:07,353 INFO completed=12222 new=12222 elapsed_s=2208.970 images_per_s=5.532895 device=mps
2026-09-13 10:54:10,955 INFO completed=12242 new=12242 elapsed_s=2212.573 images_per_s=5.532924 device=mps
2026-09-13 10:54:14,572 INFO completed=12262 new=12262 elapsed_s=2216.190 images_per_s=5.532920 device=mps
2026-09-13 10:54:18,173 INFO completed=12282 new=12282 elapsed_s=2219.791 images_per_s=5.532954 device=mps
2026-09-13 10:54:21,788 INFO completed=12302 new=12302 elapsed_s=2223.406 images_per_s=5.532954 device=mps
2026-09-13 10:54:25,373 INFO completed=12322 new=12322 elapsed_s=2226.991 images_per_s=5.533028 device=mps
2026-09-13 10:54:28,986 INFO completed=12342 new=12342 elapsed_s=2230.604 images_per_s=5.533031 device=mps
2026-09-13 10:54:32,605 INFO completed=12362 new=12362 elapsed_s=2234.223 images_per_s=5.533021 device=mps
2026-09-13 10:54:36,224 INFO completed=12382 new=12382 elapsed_s=2237.841 images_per_s=5.533010 device=mps
2026-09-13 10:54:39,836 INFO completed=12402 new=12402 elapsed_s=2241.454 images_per_s=5.533016 device=mps
2026-09-13 10:54:43,463 INFO completed=12422 new=12422 elapsed_s=2245.081 images_per_s=5.532986 device=mps
2026-09-13 10:54:47,090 INFO completed=12442 new=12442 elapsed_s=2248.708 images_per_s=5.532956 device=mps
2026-09-13 10:54:50,697 INFO completed=12462 new=12462 elapsed_s=2252.315 images_per_s=5.532975 device=mps
2026-09-13 10:54:54,288 INFO completed=12482 new=12482 elapsed_s=2255.905 images_per_s=5.533033 device=mps
2026-09-13 10:54:57,920 INFO completed=12502 new=12502 elapsed_s=2259.538 images_per_s=5.532990 device=mps
2026-09-13 10:55:01,535 INFO completed=12522 new=12522 elapsed_s=2263.153 images_per_s=5.532989 device=mps
2026-09-13 10:55:05,138 INFO completed=12542 new=12542 elapsed_s=2266.755 images_per_s=5.533019 device=mps
2026-09-13 10:55:08,744 INFO completed=12562 new=12562 elapsed_s=2270.362 images_per_s=5.533039 device=mps
2026-09-13 10:55:12,351 INFO completed=12582 new=12582 elapsed_s=2273.968 images_per_s=5.533059 device=mps
2026-09-13 10:55:15,967 INFO completed=12602 new=12602 elapsed_s=2277.584 images_per_s=5.533055 device=mps
2026-09-13 10:55:19,566 INFO completed=12622 new=12622 elapsed_s=2281.184 images_per_s=5.533092 device=mps
2026-09-13 10:55:23,168 INFO completed=12642 new=12642 elapsed_s=2284.786 images_per_s=5.533123 device=mps
2026-09-13 10:55:26,783 INFO completed=12662 new=12662 elapsed_s=2288.400 images_per_s=5.533123 device=mps
2026-09-13 10:55:30,392 INFO completed=12682 new=12682 elapsed_s=2292.009 images_per_s=5.533137 device=mps
2026-09-13 10:55:33,993 INFO completed=12702 new=12702 elapsed_s=2295.610 images_per_s=5.533170 device=mps
2026-09-13 10:55:37,590 INFO completed=12722 new=12722 elapsed_s=2299.208 images_per_s=5.533210 device=mps
2026-09-13 10:55:41,208 INFO completed=12742 new=12742 elapsed_s=2302.826 images_per_s=5.533202 device=mps
2026-09-13 10:55:44,806 INFO completed=12762 new=12762 elapsed_s=2306.423 images_per_s=5.533244 device=mps
2026-09-13 10:55:48,366 INFO completed=12782 new=12782 elapsed_s=2309.983 images_per_s=5.533374 device=mps
2026-09-13 10:55:51,916 INFO completed=12802 new=12802 elapsed_s=2313.534 images_per_s=5.533527 device=mps
2026-09-13 10:55:55,467 INFO completed=12822 new=12822 elapsed_s=2317.085 images_per_s=5.533678 device=mps
2026-09-13 10:55:59,021 INFO completed=12842 new=12842 elapsed_s=2320.638 images_per_s=5.533822 device=mps
2026-09-13 10:56:02,597 INFO completed=12862 new=12862 elapsed_s=2324.214 images_per_s=5.533913 device=mps
2026-09-13 10:56:06,148 INFO completed=12882 new=12882 elapsed_s=2327.765 images_per_s=5.534063 device=mps
2026-09-13 10:56:09,704 INFO completed=12902 new=12902 elapsed_s=2331.322 images_per_s=5.534200 device=mps
2026-09-13 10:56:13,260 INFO completed=12922 new=12922 elapsed_s=2334.877 images_per_s=5.534338 device=mps
2026-09-13 10:56:16,803 INFO completed=12942 new=12942 elapsed_s=2338.420 images_per_s=5.534507 device=mps
2026-09-13 10:56:20,360 INFO completed=12962 new=12962 elapsed_s=2341.977 images_per_s=5.534640 device=mps
2026-09-13 10:56:23,933 INFO completed=12982 new=12982 elapsed_s=2345.550 images_per_s=5.534736 device=mps
2026-09-13 10:56:27,480 INFO completed=13002 new=13002 elapsed_s=2349.097 images_per_s=5.534892 device=mps
2026-09-13 10:56:31,052 INFO completed=13022 new=13022 elapsed_s=2352.669 images_per_s=5.534990 device=mps
2026-09-13 10:56:34,594 INFO completed=13042 new=13042 elapsed_s=2356.211 images_per_s=5.535159 device=mps
2026-09-13 10:56:38,141 INFO completed=13062 new=13062 elapsed_s=2359.758 images_per_s=5.535313 device=mps
2026-09-13 10:56:41,702 INFO completed=13082 new=13082 elapsed_s=2363.319 images_per_s=5.535435 device=mps
2026-09-13 10:56:45,255 INFO completed=13102 new=13102 elapsed_s=2366.872 images_per_s=5.535576 device=mps
2026-09-13 10:56:48,814 INFO completed=13122 new=13122 elapsed_s=2370.431 images_per_s=5.535701 device=mps
2026-09-13 10:56:52,362 INFO completed=13142 new=13142 elapsed_s=2373.979 images_per_s=5.535853 device=mps
2026-09-13 10:56:55,903 INFO completed=13162 new=13162 elapsed_s=2377.520 images_per_s=5.536020 device=mps
2026-09-13 10:56:59,445 INFO completed=13182 new=13182 elapsed_s=2381.061 images_per_s=5.536186 device=mps
2026-09-13 10:57:02,997 INFO completed=13202 new=13202 elapsed_s=2384.614 images_per_s=5.536326 device=mps
2026-09-13 10:57:06,549 INFO completed=13222 new=13222 elapsed_s=2388.166 images_per_s=5.536466 device=mps
2026-09-13 10:57:10,131 INFO completed=13242 new=13242 elapsed_s=2391.748 images_per_s=5.536537 device=mps
2026-09-13 10:57:13,686 INFO completed=13262 new=13262 elapsed_s=2395.303 images_per_s=5.536669 device=mps
2026-09-13 10:57:17,235 INFO completed=13282 new=13282 elapsed_s=2398.852 images_per_s=5.536816 device=mps
2026-09-13 10:57:20,793 INFO completed=13302 new=13302 elapsed_s=2402.410 images_per_s=5.536941 device=mps
2026-09-13 10:57:24,357 INFO completed=13322 new=13322 elapsed_s=2405.974 images_per_s=5.537051 device=mps
2026-09-13 10:57:27,896 INFO completed=13342 new=13342 elapsed_s=2409.512 images_per_s=5.537220 device=mps
2026-09-13 10:57:31,456 INFO completed=13362 new=13362 elapsed_s=2413.073 images_per_s=5.537338 device=mps
2026-09-13 10:57:35,009 INFO completed=13382 new=13382 elapsed_s=2416.626 images_per_s=5.537473 device=mps
2026-09-13 10:57:38,556 INFO completed=13402 new=13402 elapsed_s=2420.172 images_per_s=5.537622 device=mps
2026-09-13 10:57:42,111 INFO completed=13422 new=13422 elapsed_s=2423.727 images_per_s=5.537752 device=mps
2026-09-13 10:57:45,680 INFO completed=13442 new=13442 elapsed_s=2427.296 images_per_s=5.537849 device=mps
2026-09-13 10:57:49,226 INFO completed=13462 new=13462 elapsed_s=2430.843 images_per_s=5.537997 device=mps
2026-09-13 10:57:52,792 INFO completed=13482 new=13482 elapsed_s=2434.408 images_per_s=5.538101 device=mps
2026-09-13 10:57:56,346 INFO completed=13502 new=13502 elapsed_s=2437.963 images_per_s=5.538230 device=mps
2026-09-13 10:57:59,894 INFO completed=13522 new=13522 elapsed_s=2441.510 images_per_s=5.538376 device=mps
2026-09-13 10:58:03,456 INFO completed=13542 new=13542 elapsed_s=2445.072 images_per_s=5.538486 device=mps
2026-09-13 10:58:07,013 INFO completed=13562 new=13562 elapsed_s=2448.629 images_per_s=5.538609 device=mps
2026-09-13 10:58:10,569 INFO completed=13582 new=13582 elapsed_s=2452.185 images_per_s=5.538733 device=mps
2026-09-13 10:58:14,134 INFO completed=13602 new=13602 elapsed_s=2455.751 images_per_s=5.538836 device=mps
2026-09-13 10:58:17,694 INFO completed=13622 new=13622 elapsed_s=2459.311 images_per_s=5.538951 device=mps
2026-09-13 10:58:21,245 INFO completed=13642 new=13642 elapsed_s=2462.862 images_per_s=5.539085 device=mps
2026-09-13 10:58:24,814 INFO completed=13662 new=13662 elapsed_s=2466.430 images_per_s=5.539180 device=mps
2026-09-13 10:58:28,367 INFO completed=13682 new=13682 elapsed_s=2469.984 images_per_s=5.539308 device=mps
2026-09-13 10:58:31,926 INFO completed=13702 new=13702 elapsed_s=2473.542 images_per_s=5.539425 device=mps
2026-09-13 10:58:35,483 INFO completed=13722 new=13722 elapsed_s=2477.100 images_per_s=5.539543 device=mps
2026-09-13 10:58:39,050 INFO completed=13742 new=13742 elapsed_s=2480.666 images_per_s=5.539641 device=mps
2026-09-13 10:58:42,607 INFO completed=13762 new=13762 elapsed_s=2484.224 images_per_s=5.539759 device=mps
2026-09-13 10:58:46,157 INFO completed=13782 new=13782 elapsed_s=2487.774 images_per_s=5.539893 device=mps
2026-09-13 10:58:49,700 INFO completed=13802 new=13802 elapsed_s=2491.316 images_per_s=5.540043 device=mps
2026-09-13 10:58:53,254 INFO completed=13822 new=13822 elapsed_s=2494.870 images_per_s=5.540168 device=mps
2026-09-13 10:58:56,813 INFO completed=13842 new=13842 elapsed_s=2498.429 images_per_s=5.540281 device=mps
2026-09-13 10:59:00,350 INFO completed=13862 new=13862 elapsed_s=2501.966 images_per_s=5.540443 device=mps
2026-09-13 10:59:03,922 INFO completed=13882 new=13882 elapsed_s=2505.538 images_per_s=5.540526 device=mps
2026-09-13 10:59:07,465 INFO completed=13902 new=13902 elapsed_s=2509.081 images_per_s=5.540674 device=mps
2026-09-13 10:59:11,025 INFO completed=13922 new=13922 elapsed_s=2512.641 images_per_s=5.540783 device=mps
2026-09-13 10:59:14,572 INFO completed=13942 new=13942 elapsed_s=2516.188 images_per_s=5.540922 device=mps
2026-09-13 10:59:18,122 INFO completed=13962 new=13962 elapsed_s=2519.738 images_per_s=5.541051 device=mps
2026-09-13 10:59:21,666 INFO completed=13982 new=13982 elapsed_s=2523.283 images_per_s=5.541194 device=mps
2026-09-13 10:59:25,235 INFO completed=14002 new=14002 elapsed_s=2526.853 images_per_s=5.541280 device=mps
2026-09-13 10:59:28,789 INFO completed=14022 new=14022 elapsed_s=2530.408 images_per_s=5.541400 device=mps
2026-09-13 10:59:32,349 INFO completed=14042 new=14042 elapsed_s=2533.968 images_per_s=5.541506 device=mps
2026-09-13 10:59:35,903 INFO completed=14062 new=14062 elapsed_s=2537.523 images_per_s=5.541625 device=mps
2026-09-13 10:59:39,448 INFO completed=14082 new=14082 elapsed_s=2541.068 images_per_s=5.541764 device=mps
2026-09-13 10:59:43,002 INFO completed=14102 new=14102 elapsed_s=2544.623 images_per_s=5.541882 device=mps
2026-09-13 10:59:46,565 INFO completed=14122 new=14122 elapsed_s=2548.186 images_per_s=5.541981 device=mps
2026-09-13 10:59:50,106 INFO completed=14142 new=14142 elapsed_s=2551.727 images_per_s=5.542129 device=mps
2026-09-13 10:59:53,658 INFO completed=14162 new=14162 elapsed_s=2555.279 images_per_s=5.542251 device=mps
2026-09-13 10:59:57,223 INFO completed=14182 new=14182 elapsed_s=2558.845 images_per_s=5.542344 device=mps
2026-09-13 11:00:00,781 INFO completed=14202 new=14202 elapsed_s=2562.403 images_per_s=5.542454 device=mps
2026-09-13 11:00:04,344 INFO completed=14222 new=14222 elapsed_s=2565.965 images_per_s=5.542553 device=mps
2026-09-13 11:00:07,885 INFO completed=14242 new=14242 elapsed_s=2569.507 images_per_s=5.542698 device=mps
2026-09-13 11:00:11,446 INFO completed=14262 new=14262 elapsed_s=2573.068 images_per_s=5.542799 device=mps
2026-09-13 11:00:14,988 INFO completed=14282 new=14282 elapsed_s=2576.610 images_per_s=5.542941 device=mps
2026-09-13 11:00:18,535 INFO completed=14302 new=14302 elapsed_s=2580.157 images_per_s=5.543073 device=mps
2026-09-13 11:00:22,082 INFO completed=14322 new=14322 elapsed_s=2583.704 images_per_s=5.543205 device=mps
2026-09-13 11:00:25,644 INFO completed=14342 new=14342 elapsed_s=2587.266 images_per_s=5.543304 device=mps
2026-09-13 11:00:29,187 INFO completed=14362 new=14362 elapsed_s=2590.809 images_per_s=5.543442 device=mps
2026-09-13 11:00:32,738 INFO completed=14382 new=14382 elapsed_s=2594.360 images_per_s=5.543564 device=mps
2026-09-13 11:00:36,299 INFO completed=14402 new=14402 elapsed_s=2597.922 images_per_s=5.543662 device=mps
2026-09-13 11:00:39,859 INFO completed=14422 new=14422 elapsed_s=2601.481 images_per_s=5.543764 device=mps
2026-09-13 11:00:43,422 INFO completed=14442 new=14442 elapsed_s=2605.044 images_per_s=5.543861 device=mps
2026-09-13 11:00:46,970 INFO completed=14462 new=14462 elapsed_s=2608.592 images_per_s=5.543986 device=mps
2026-09-13 11:00:50,527 INFO completed=14482 new=14482 elapsed_s=2612.149 images_per_s=5.544094 device=mps
2026-09-13 11:00:54,082 INFO completed=14502 new=14502 elapsed_s=2615.704 images_per_s=5.544205 device=mps
2026-09-13 11:00:57,643 INFO completed=14522 new=14522 elapsed_s=2619.265 images_per_s=5.544303 device=mps
2026-09-13 11:01:01,222 INFO completed=14542 new=14542 elapsed_s=2622.844 images_per_s=5.544363 device=mps
2026-09-13 11:01:04,773 INFO completed=14562 new=14562 elapsed_s=2626.395 images_per_s=5.544481 device=mps
2026-09-13 11:01:08,313 INFO completed=14582 new=14582 elapsed_s=2629.935 images_per_s=5.544624 device=mps
2026-09-13 11:01:11,861 INFO completed=14602 new=14602 elapsed_s=2633.483 images_per_s=5.544748 device=mps
2026-09-13 11:01:15,419 INFO completed=14622 new=14622 elapsed_s=2637.041 images_per_s=5.544852 device=mps
2026-09-13 11:01:18,966 INFO completed=14642 new=14642 elapsed_s=2640.588 images_per_s=5.544976 device=mps
2026-09-13 11:01:22,519 INFO completed=14662 new=14662 elapsed_s=2644.141 images_per_s=5.545090 device=mps
2026-09-13 11:01:26,085 INFO completed=14682 new=14682 elapsed_s=2647.707 images_per_s=5.545175 device=mps
2026-09-13 11:01:29,641 INFO completed=14702 new=14702 elapsed_s=2651.263 images_per_s=5.545282 device=mps
2026-09-13 11:01:33,198 INFO completed=14722 new=14722 elapsed_s=2654.820 images_per_s=5.545385 device=mps
2026-09-13 11:01:36,749 INFO completed=14742 new=14742 elapsed_s=2658.371 images_per_s=5.545502 device=mps
2026-09-13 11:01:40,295 INFO completed=14762 new=14762 elapsed_s=2661.917 images_per_s=5.545627 device=mps
2026-09-13 11:01:43,861 INFO completed=14782 new=14782 elapsed_s=2665.483 images_per_s=5.545712 device=mps
2026-09-13 11:01:47,421 INFO completed=14802 new=14802 elapsed_s=2669.043 images_per_s=5.545809 device=mps
2026-09-13 11:01:50,959 INFO completed=14822 new=14822 elapsed_s=2672.581 images_per_s=5.545949 device=mps
2026-09-13 11:01:54,511 INFO completed=14842 new=14842 elapsed_s=2676.133 images_per_s=5.546062 device=mps
2026-09-13 11:01:58,061 INFO completed=14862 new=14862 elapsed_s=2679.683 images_per_s=5.546178 device=mps
2026-09-13 11:02:01,621 INFO completed=14882 new=14882 elapsed_s=2683.242 images_per_s=5.546275 device=mps
2026-09-13 11:02:05,161 INFO completed=14902 new=14902 elapsed_s=2686.783 images_per_s=5.546410 device=mps
2026-09-13 11:02:08,728 INFO completed=14922 new=14922 elapsed_s=2690.350 images_per_s=5.546491 device=mps
2026-09-13 11:02:12,289 INFO completed=14942 new=14942 elapsed_s=2693.910 images_per_s=5.546584 device=mps
2026-09-13 11:02:15,836 INFO completed=14962 new=14962 elapsed_s=2697.458 images_per_s=5.546704 device=mps
2026-09-13 11:02:19,394 INFO completed=14982 new=14982 elapsed_s=2701.016 images_per_s=5.546802 device=mps
2026-09-13 11:02:22,948 INFO completed=15002 new=15002 elapsed_s=2704.570 images_per_s=5.546907 device=mps
2026-09-13 11:02:26,512 INFO completed=15022 new=15022 elapsed_s=2708.134 images_per_s=5.546994 device=mps
2026-09-13 11:02:30,074 INFO completed=15042 new=15042 elapsed_s=2711.696 images_per_s=5.547083 device=mps
2026-09-13 11:02:33,624 INFO completed=15062 new=15062 elapsed_s=2715.245 images_per_s=5.547196 device=mps
2026-09-13 11:02:37,173 INFO completed=15082 new=15082 elapsed_s=2718.795 images_per_s=5.547311 device=mps
2026-09-13 11:02:40,732 INFO completed=15102 new=15102 elapsed_s=2722.353 images_per_s=5.547406 device=mps
2026-09-13 11:02:44,289 INFO completed=15122 new=15122 elapsed_s=2725.911 images_per_s=5.547503 device=mps
2026-09-13 11:02:47,831 INFO completed=15142 new=15142 elapsed_s=2729.453 images_per_s=5.547633 device=mps
2026-09-13 11:02:51,388 INFO completed=15162 new=15162 elapsed_s=2733.009 images_per_s=5.547731 device=mps
2026-09-13 11:02:54,942 INFO completed=15182 new=15182 elapsed_s=2736.564 images_per_s=5.547834 device=mps
2026-09-13 11:02:58,503 INFO completed=15202 new=15202 elapsed_s=2740.124 images_per_s=5.547923 device=mps
2026-09-13 11:03:02,065 INFO completed=15222 new=15222 elapsed_s=2743.687 images_per_s=5.548010 device=mps
2026-09-13 11:03:05,613 INFO completed=15242 new=15242 elapsed_s=2747.234 images_per_s=5.548125 device=mps
2026-09-13 11:03:09,173 INFO completed=15262 new=15262 elapsed_s=2750.794 images_per_s=5.548216 device=mps
2026-09-13 11:03:12,729 INFO completed=15282 new=15282 elapsed_s=2754.351 images_per_s=5.548313 device=mps
2026-09-13 11:03:16,279 INFO completed=15302 new=15302 elapsed_s=2757.901 images_per_s=5.548423 device=mps
2026-09-13 11:03:19,844 INFO completed=15322 new=15322 elapsed_s=2761.465 images_per_s=5.548504 device=mps
2026-09-13 11:03:23,395 INFO completed=15342 new=15342 elapsed_s=2765.017 images_per_s=5.548610 device=mps
2026-09-13 11:03:26,958 INFO completed=15362 new=15362 elapsed_s=2768.579 images_per_s=5.548695 device=mps
2026-09-13 11:03:30,514 INFO completed=15382 new=15382 elapsed_s=2772.136 images_per_s=5.548790 device=mps
2026-09-13 11:03:34,065 INFO completed=15402 new=15402 elapsed_s=2775.687 images_per_s=5.548897 device=mps
2026-09-13 11:03:37,608 INFO completed=15422 new=15422 elapsed_s=2779.229 images_per_s=5.549020 device=mps
2026-09-13 11:03:41,167 INFO completed=15442 new=15442 elapsed_s=2782.788 images_per_s=5.549111 device=mps
2026-09-13 11:03:44,719 INFO completed=15462 new=15462 elapsed_s=2786.341 images_per_s=5.549214 device=mps
2026-09-13 11:03:48,268 INFO completed=15482 new=15482 elapsed_s=2789.890 images_per_s=5.549323 device=mps
2026-09-13 11:03:51,829 INFO completed=15502 new=15502 elapsed_s=2793.451 images_per_s=5.549409 device=mps
2026-09-13 11:03:55,385 INFO completed=15522 new=15522 elapsed_s=2797.006 images_per_s=5.549504 device=mps
2026-09-13 11:03:58,930 INFO completed=15542 new=15542 elapsed_s=2800.552 images_per_s=5.549621 device=mps
2026-09-13 11:04:02,507 INFO completed=15562 new=15562 elapsed_s=2804.128 images_per_s=5.549674 device=mps
2026-09-13 11:04:06,060 INFO completed=15582 new=15582 elapsed_s=2807.682 images_per_s=5.549774 device=mps
2026-09-13 11:04:09,614 INFO completed=15602 new=15602 elapsed_s=2811.235 images_per_s=5.549874 device=mps
2026-09-13 11:04:13,165 INFO completed=15622 new=15622 elapsed_s=2814.786 images_per_s=5.549977 device=mps
2026-09-13 11:04:16,720 INFO completed=15642 new=15642 elapsed_s=2818.341 images_per_s=5.550073 device=mps
2026-09-13 11:04:20,268 INFO completed=15662 new=15662 elapsed_s=2821.889 images_per_s=5.550183 device=mps
2026-09-13 11:04:23,829 INFO completed=15682 new=15682 elapsed_s=2825.450 images_per_s=5.550266 device=mps
2026-09-13 11:04:27,388 INFO completed=15702 new=15702 elapsed_s=2829.009 images_per_s=5.550353 device=mps
2026-09-13 11:04:30,948 INFO completed=15722 new=15722 elapsed_s=2832.569 images_per_s=5.550438 device=mps
2026-09-13 11:04:34,496 INFO completed=15742 new=15742 elapsed_s=2836.117 images_per_s=5.550547 device=mps
2026-09-13 11:04:38,041 INFO completed=15762 new=15762 elapsed_s=2839.663 images_per_s=5.550659 device=mps
2026-09-13 11:04:41,610 INFO completed=15782 new=15782 elapsed_s=2843.231 images_per_s=5.550728 device=mps
2026-09-13 11:04:45,165 INFO completed=15802 new=15802 elapsed_s=2846.786 images_per_s=5.550821 device=mps
2026-09-13 11:04:48,719 INFO completed=15822 new=15822 elapsed_s=2850.340 images_per_s=5.550917 device=mps
2026-09-13 11:04:52,276 INFO completed=15842 new=15842 elapsed_s=2853.897 images_per_s=5.551005 device=mps
2026-09-13 11:04:55,826 INFO completed=15862 new=15862 elapsed_s=2857.447 images_per_s=5.551109 device=mps
2026-09-13 11:04:59,386 INFO completed=15882 new=15882 elapsed_s=2861.007 images_per_s=5.551193 device=mps
2026-09-13 11:05:02,947 INFO completed=15902 new=15902 elapsed_s=2864.568 images_per_s=5.551272 device=mps
2026-09-13 11:05:06,494 INFO completed=15922 new=15922 elapsed_s=2868.115 images_per_s=5.551381 device=mps
2026-09-13 11:05:10,070 INFO completed=15942 new=15942 elapsed_s=2871.691 images_per_s=5.551432 device=mps
2026-09-13 11:05:13,635 INFO completed=15962 new=15962 elapsed_s=2875.256 images_per_s=5.551505 device=mps
2026-09-13 11:05:17,179 INFO completed=15982 new=15982 elapsed_s=2878.800 images_per_s=5.551619 device=mps
2026-09-13 11:05:20,740 INFO completed=16002 new=16002 elapsed_s=2882.361 images_per_s=5.551698 device=mps
2026-09-13 11:05:24,304 INFO completed=16022 new=16022 elapsed_s=2885.925 images_per_s=5.551773 device=mps
2026-09-13 11:05:27,851 INFO completed=16042 new=16042 elapsed_s=2889.472 images_per_s=5.551879 device=mps
2026-09-13 11:05:31,418 INFO completed=16062 new=16062 elapsed_s=2893.039 images_per_s=5.551948 device=mps
2026-09-13 11:05:34,973 INFO completed=16082 new=16082 elapsed_s=2896.594 images_per_s=5.552037 device=mps
2026-09-13 11:05:38,520 INFO completed=16102 new=16102 elapsed_s=2900.141 images_per_s=5.552143 device=mps
2026-09-13 11:05:42,074 INFO completed=16122 new=16122 elapsed_s=2903.695 images_per_s=5.552236 device=mps
2026-09-13 11:05:45,641 INFO completed=16142 new=16142 elapsed_s=2907.262 images_per_s=5.552303 device=mps
2026-09-13 11:05:49,190 INFO completed=16162 new=16162 elapsed_s=2910.811 images_per_s=5.552404 device=mps
2026-09-13 11:05:52,751 INFO completed=16182 new=16182 elapsed_s=2914.372 images_per_s=5.552484 device=mps
2026-09-13 11:05:56,295 INFO completed=16202 new=16202 elapsed_s=2917.916 images_per_s=5.552594 device=mps
2026-09-13 11:05:59,849 INFO completed=16222 new=16222 elapsed_s=2921.470 images_per_s=5.552685 device=mps
2026-09-13 11:06:03,427 INFO completed=16242 new=16242 elapsed_s=2925.048 images_per_s=5.552730 device=mps
2026-09-13 11:06:07,000 INFO completed=16262 new=16262 elapsed_s=2928.621 images_per_s=5.552784 device=mps
2026-09-13 11:06:10,559 INFO completed=16282 new=16282 elapsed_s=2932.180 images_per_s=5.552865 device=mps
2026-09-13 11:06:14,113 INFO completed=16302 new=16302 elapsed_s=2935.733 images_per_s=5.552957 device=mps
2026-09-13 11:06:17,662 INFO completed=16322 new=16322 elapsed_s=2939.282 images_per_s=5.553056 device=mps
2026-09-13 11:06:21,210 INFO completed=16342 new=16342 elapsed_s=2942.831 images_per_s=5.553156 device=mps
2026-09-13 11:06:24,759 INFO completed=16362 new=16362 elapsed_s=2946.379 images_per_s=5.553256 device=mps
2026-09-13 11:06:28,309 INFO completed=16382 new=16382 elapsed_s=2949.929 images_per_s=5.553353 device=mps
2026-09-13 11:06:31,870 INFO completed=16402 new=16402 elapsed_s=2953.491 images_per_s=5.553428 device=mps
2026-09-13 11:06:35,428 INFO completed=16422 new=16422 elapsed_s=2957.049 images_per_s=5.553510 device=mps
2026-09-13 11:06:38,978 INFO completed=16442 new=16442 elapsed_s=2960.599 images_per_s=5.553607 device=mps
2026-09-13 11:06:42,531 INFO completed=16462 new=16462 elapsed_s=2964.152 images_per_s=5.553697 device=mps
2026-09-13 11:06:46,105 INFO completed=16482 new=16482 elapsed_s=2967.726 images_per_s=5.553747 device=mps
2026-09-13 11:06:49,662 INFO completed=16502 new=16502 elapsed_s=2971.283 images_per_s=5.553830 device=mps
2026-09-13 11:06:53,220 INFO completed=16522 new=16522 elapsed_s=2974.841 images_per_s=5.553910 device=mps
2026-09-13 11:06:56,773 INFO completed=16542 new=16542 elapsed_s=2978.394 images_per_s=5.554000 device=mps
2026-09-13 11:07:00,346 INFO completed=16562 new=16562 elapsed_s=2981.967 images_per_s=5.554052 device=mps
2026-09-13 11:07:03,928 INFO completed=16582 new=16582 elapsed_s=2985.549 images_per_s=5.554087 device=mps
2026-09-13 11:07:07,501 INFO completed=16602 new=16602 elapsed_s=2989.121 images_per_s=5.554141 device=mps
2026-09-13 11:07:11,052 INFO completed=16622 new=16622 elapsed_s=2992.673 images_per_s=5.554233 device=mps
2026-09-13 11:07:14,600 INFO completed=16642 new=16642 elapsed_s=2996.220 images_per_s=5.554332 device=mps
2026-09-13 11:07:18,143 INFO completed=16662 new=16662 elapsed_s=2999.764 images_per_s=5.554438 device=mps
2026-09-13 11:07:21,704 INFO completed=16682 new=16682 elapsed_s=3003.325 images_per_s=5.554511 device=mps
2026-09-13 11:07:25,267 INFO completed=16702 new=16702 elapsed_s=3006.888 images_per_s=5.554580 device=mps
2026-09-13 11:07:28,830 INFO completed=16722 new=16722 elapsed_s=3010.450 images_per_s=5.554651 device=mps
2026-09-13 11:07:32,390 INFO completed=16742 new=16742 elapsed_s=3014.010 images_per_s=5.554725 device=mps
2026-09-13 11:07:35,943 INFO completed=16762 new=16762 elapsed_s=3017.563 images_per_s=5.554814 device=mps
2026-09-13 11:07:39,494 INFO completed=16782 new=16782 elapsed_s=3021.114 images_per_s=5.554904 device=mps
2026-09-13 11:07:43,040 INFO completed=16802 new=16802 elapsed_s=3024.661 images_per_s=5.555003 device=mps
2026-09-13 11:07:46,589 INFO completed=16822 new=16822 elapsed_s=3028.210 images_per_s=5.555097 device=mps
2026-09-13 11:07:50,156 INFO completed=16842 new=16842 elapsed_s=3031.777 images_per_s=5.555159 device=mps
2026-09-13 11:07:53,705 INFO completed=16862 new=16862 elapsed_s=3035.326 images_per_s=5.555252 device=mps
2026-09-13 11:07:57,261 INFO completed=16882 new=16882 elapsed_s=3038.881 images_per_s=5.555334 device=mps
2026-09-13 11:08:00,828 INFO completed=16902 new=16902 elapsed_s=3042.448 images_per_s=5.555394 device=mps
2026-09-13 11:08:04,388 INFO completed=16922 new=16922 elapsed_s=3046.009 images_per_s=5.555467 device=mps
2026-09-13 11:08:07,940 INFO completed=16942 new=16942 elapsed_s=3049.561 images_per_s=5.555554 device=mps
2026-09-13 11:08:11,506 INFO completed=16962 new=16962 elapsed_s=3053.126 images_per_s=5.555617 device=mps
2026-09-13 11:08:15,069 INFO completed=16982 new=16982 elapsed_s=3056.689 images_per_s=5.555684 device=mps
2026-09-13 11:08:18,622 INFO completed=17002 new=17002 elapsed_s=3060.243 images_per_s=5.555769 device=mps
2026-09-13 11:08:22,181 INFO completed=17022 new=17022 elapsed_s=3063.801 images_per_s=5.555844 device=mps
2026-09-13 11:08:25,750 INFO completed=17042 new=17042 elapsed_s=3067.371 images_per_s=5.555898 device=mps
2026-09-13 11:08:29,297 INFO completed=17062 new=17062 elapsed_s=3070.917 images_per_s=5.555995 device=mps
2026-09-13 11:08:32,861 INFO completed=17082 new=17082 elapsed_s=3074.481 images_per_s=5.556060 device=mps
2026-09-13 11:08:36,413 INFO completed=17102 new=17102 elapsed_s=3078.033 images_per_s=5.556145 device=mps
2026-09-13 11:08:39,962 INFO completed=17122 new=17122 elapsed_s=3081.582 images_per_s=5.556237 device=mps
2026-09-13 11:08:43,519 INFO completed=17142 new=17142 elapsed_s=3085.139 images_per_s=5.556313 device=mps
2026-09-13 11:08:47,074 INFO completed=17162 new=17162 elapsed_s=3088.694 images_per_s=5.556393 device=mps
2026-09-13 11:08:50,627 INFO completed=17182 new=17182 elapsed_s=3092.247 images_per_s=5.556477 device=mps
2026-09-13 11:08:54,193 INFO completed=17202 new=17202 elapsed_s=3095.813 images_per_s=5.556538 device=mps
2026-09-13 11:08:57,761 INFO completed=17222 new=17222 elapsed_s=3099.381 images_per_s=5.556594 device=mps
2026-09-13 11:09:01,318 INFO completed=17242 new=17242 elapsed_s=3102.938 images_per_s=5.556669 device=mps
2026-09-13 11:09:04,875 INFO completed=17262 new=17262 elapsed_s=3106.495 images_per_s=5.556745 device=mps
2026-09-13 11:09:08,441 INFO completed=17282 new=17282 elapsed_s=3110.061 images_per_s=5.556804 device=mps
2026-09-13 11:09:12,003 INFO completed=17302 new=17302 elapsed_s=3113.623 images_per_s=5.556871 device=mps
2026-09-13 11:09:15,552 INFO completed=17322 new=17322 elapsed_s=3117.172 images_per_s=5.556959 device=mps
2026-09-13 11:09:19,112 INFO completed=17342 new=17342 elapsed_s=3120.732 images_per_s=5.557030 device=mps
2026-09-13 11:09:22,656 INFO completed=17362 new=17362 elapsed_s=3124.276 images_per_s=5.557128 device=mps
2026-09-13 11:09:26,202 INFO completed=17382 new=17382 elapsed_s=3127.822 images_per_s=5.557221 device=mps
2026-09-13 11:09:29,762 INFO completed=17402 new=17402 elapsed_s=3131.382 images_per_s=5.557291 device=mps
2026-09-13 11:09:33,307 INFO completed=17422 new=17422 elapsed_s=3134.927 images_per_s=5.557386 device=mps
2026-09-13 11:09:36,876 INFO completed=17442 new=17442 elapsed_s=3138.495 images_per_s=5.557440 device=mps
2026-09-13 11:09:40,425 INFO completed=17462 new=17462 elapsed_s=3142.045 images_per_s=5.557527 device=mps
2026-09-13 11:09:43,987 INFO completed=17482 new=17482 elapsed_s=3145.607 images_per_s=5.557592 device=mps
2026-09-13 11:09:47,535 INFO completed=17502 new=17502 elapsed_s=3149.155 images_per_s=5.557681 device=mps
2026-09-13 11:09:51,093 INFO completed=17522 new=17522 elapsed_s=3152.713 images_per_s=5.557753 device=mps
2026-09-13 11:09:54,678 INFO completed=17542 new=17542 elapsed_s=3156.298 images_per_s=5.557777 device=mps
2026-09-13 11:09:58,237 INFO completed=17562 new=17562 elapsed_s=3159.857 images_per_s=5.557847 device=mps
2026-09-13 11:10:01,819 INFO completed=17582 new=17582 elapsed_s=3163.439 images_per_s=5.557876 device=mps
2026-09-13 11:10:05,367 INFO completed=17602 new=17602 elapsed_s=3166.987 images_per_s=5.557964 device=mps
2026-09-13 11:10:08,927 INFO completed=17622 new=17622 elapsed_s=3170.547 images_per_s=5.558032 device=mps
2026-09-13 11:10:12,498 INFO completed=17642 new=17642 elapsed_s=3174.118 images_per_s=5.558079 device=mps
2026-09-13 11:10:16,048 INFO completed=17662 new=17662 elapsed_s=3177.668 images_per_s=5.558164 device=mps
2026-09-13 11:10:19,617 INFO completed=17682 new=17682 elapsed_s=3181.237 images_per_s=5.558215 device=mps
2026-09-13 11:10:23,162 INFO completed=17702 new=17702 elapsed_s=3184.782 images_per_s=5.558309 device=mps
2026-09-13 11:10:26,712 INFO completed=17722 new=17722 elapsed_s=3188.332 images_per_s=5.558392 device=mps
2026-09-13 11:10:30,261 INFO completed=17742 new=17742 elapsed_s=3191.881 images_per_s=5.558479 device=mps
2026-09-13 11:10:33,819 INFO completed=17762 new=17762 elapsed_s=3195.439 images_per_s=5.558548 device=mps
2026-09-13 11:10:37,373 INFO completed=17782 new=17782 elapsed_s=3198.993 images_per_s=5.558624 device=mps
2026-09-13 11:10:40,928 INFO completed=17802 new=17802 elapsed_s=3202.548 images_per_s=5.558700 device=mps
2026-09-13 11:10:44,491 INFO completed=17822 new=17822 elapsed_s=3206.111 images_per_s=5.558760 device=mps
2026-09-13 11:10:48,040 INFO completed=17842 new=17842 elapsed_s=3209.659 images_per_s=5.558845 device=mps
2026-09-13 11:10:51,594 INFO completed=17862 new=17862 elapsed_s=3213.214 images_per_s=5.558921 device=mps
2026-09-13 11:10:55,148 INFO completed=17882 new=17882 elapsed_s=3216.767 images_per_s=5.558997 device=mps
2026-09-13 11:10:58,695 INFO completed=17902 new=17902 elapsed_s=3220.314 images_per_s=5.559084 device=mps
2026-09-13 11:11:02,259 INFO completed=17922 new=17922 elapsed_s=3223.879 images_per_s=5.559142 device=mps
2026-09-13 11:11:05,808 INFO completed=17942 new=17942 elapsed_s=3227.428 images_per_s=5.559225 device=mps
2026-09-13 11:11:09,365 INFO completed=17962 new=17962 elapsed_s=3230.984 images_per_s=5.559297 device=mps
2026-09-13 11:11:12,937 INFO completed=17982 new=17982 elapsed_s=3234.556 images_per_s=5.559341 device=mps
2026-09-13 11:11:16,490 INFO completed=18002 new=18002 elapsed_s=3238.110 images_per_s=5.559416 device=mps
2026-09-13 11:11:20,039 INFO completed=18022 new=18022 elapsed_s=3241.658 images_per_s=5.559500 device=mps
2026-09-13 11:11:23,586 INFO completed=18042 new=18042 elapsed_s=3245.205 images_per_s=5.559587 device=mps
2026-09-13 11:11:27,146 INFO completed=18062 new=18062 elapsed_s=3248.766 images_per_s=5.559650 device=mps
2026-09-13 11:11:30,695 INFO completed=18082 new=18082 elapsed_s=3252.315 images_per_s=5.559733 device=mps
2026-09-13 11:11:34,240 INFO completed=18102 new=18102 elapsed_s=3255.859 images_per_s=5.559823 device=mps
2026-09-13 11:11:37,809 INFO completed=18122 new=18122 elapsed_s=3259.428 images_per_s=5.559871 device=mps
2026-09-13 11:11:41,365 INFO completed=18142 new=18142 elapsed_s=3262.985 images_per_s=5.559940 device=mps
2026-09-13 11:11:44,920 INFO completed=18162 new=18162 elapsed_s=3266.539 images_per_s=5.560013 device=mps
2026-09-13 11:11:48,488 INFO completed=18182 new=18182 elapsed_s=3270.107 images_per_s=5.560062 device=mps
2026-09-13 11:11:52,036 INFO completed=18202 new=18202 elapsed_s=3273.655 images_per_s=5.560146 device=mps
2026-09-13 11:11:55,591 INFO completed=18222 new=18222 elapsed_s=3277.211 images_per_s=5.560216 device=mps
2026-09-13 11:11:59,139 INFO completed=18242 new=18242 elapsed_s=3280.758 images_per_s=5.560301 device=mps
2026-09-13 11:12:02,710 INFO completed=18262 new=18262 elapsed_s=3284.329 images_per_s=5.560344 device=mps
2026-09-13 11:12:06,262 INFO completed=18282 new=18282 elapsed_s=3287.882 images_per_s=5.560419 device=mps
2026-09-13 11:12:09,915 INFO completed=18302 new=18302 elapsed_s=3291.535 images_per_s=5.560324 device=mps
2026-09-13 11:12:13,612 INFO completed=18322 new=18322 elapsed_s=3295.231 images_per_s=5.560157 device=mps
2026-09-13 11:12:17,242 INFO completed=18342 new=18342 elapsed_s=3298.861 images_per_s=5.560101 device=mps
2026-09-13 11:12:20,855 INFO completed=18362 new=18362 elapsed_s=3302.474 images_per_s=5.560074 device=mps
2026-09-13 11:12:24,472 INFO completed=18382 new=18382 elapsed_s=3306.091 images_per_s=5.560041 device=mps
2026-09-13 11:12:28,050 INFO completed=18402 new=18402 elapsed_s=3309.669 images_per_s=5.560073 device=mps
2026-09-13 11:12:31,633 INFO completed=18422 new=18422 elapsed_s=3313.252 images_per_s=5.560096 device=mps
2026-09-13 11:12:35,241 INFO completed=18442 new=18442 elapsed_s=3316.860 images_per_s=5.560077 device=mps
2026-09-13 11:12:38,868 INFO completed=18462 new=18462 elapsed_s=3320.487 images_per_s=5.560028 device=mps
2026-09-13 11:12:42,468 INFO completed=18482 new=18482 elapsed_s=3324.087 images_per_s=5.560023 device=mps
2026-09-13 11:12:46,105 INFO completed=18502 new=18502 elapsed_s=3327.724 images_per_s=5.559956 device=mps
2026-09-13 11:12:49,743 INFO completed=18522 new=18522 elapsed_s=3331.362 images_per_s=5.559888 device=mps
2026-09-13 11:12:53,338 INFO completed=18542 new=18542 elapsed_s=3334.957 images_per_s=5.559892 device=mps
2026-09-13 11:12:56,932 INFO completed=18562 new=18562 elapsed_s=3338.551 images_per_s=5.559897 device=mps
2026-09-13 11:13:00,553 INFO completed=18582 new=18582 elapsed_s=3342.172 images_per_s=5.559858 device=mps
2026-09-13 11:13:04,206 INFO completed=18602 new=18602 elapsed_s=3345.825 images_per_s=5.559765 device=mps
2026-09-13 11:13:07,855 INFO completed=18622 new=18622 elapsed_s=3349.474 images_per_s=5.559679 device=mps
2026-09-13 11:13:11,461 INFO completed=18642 new=18642 elapsed_s=3353.080 images_per_s=5.559665 device=mps
2026-09-13 11:13:15,094 INFO completed=18662 new=18662 elapsed_s=3356.713 images_per_s=5.559605 device=mps
2026-09-13 11:13:18,671 INFO completed=18682 new=18682 elapsed_s=3360.290 images_per_s=5.559639 device=mps
2026-09-13 11:13:22,302 INFO completed=18702 new=18702 elapsed_s=3363.921 images_per_s=5.559583 device=mps
2026-09-13 11:13:25,946 INFO completed=18722 new=18722 elapsed_s=3367.565 images_per_s=5.559507 device=mps
2026-09-13 11:13:29,570 INFO completed=18742 new=18742 elapsed_s=3371.189 images_per_s=5.559463 device=mps
2026-09-13 11:13:33,234 INFO completed=18762 new=18762 elapsed_s=3374.853 images_per_s=5.559353 device=mps
2026-09-13 11:13:36,820 INFO completed=18782 new=18782 elapsed_s=3378.438 images_per_s=5.559373 device=mps
2026-09-13 11:13:40,371 INFO completed=18802 new=18802 elapsed_s=3381.990 images_per_s=5.559449 device=mps
2026-09-13 11:13:43,976 INFO completed=18822 new=18822 elapsed_s=3385.595 images_per_s=5.559436 device=mps
2026-09-13 11:13:47,521 INFO completed=18842 new=18842 elapsed_s=3389.140 images_per_s=5.559522 device=mps
2026-09-13 11:13:51,100 INFO completed=18862 new=18862 elapsed_s=3392.719 images_per_s=5.559553 device=mps
2026-09-13 11:13:54,644 INFO completed=18882 new=18882 elapsed_s=3396.263 images_per_s=5.559640 device=mps
2026-09-13 11:13:58,226 INFO completed=18902 new=18902 elapsed_s=3399.845 images_per_s=5.559666 device=mps
2026-09-13 11:14:01,795 INFO completed=18922 new=18922 elapsed_s=3403.413 images_per_s=5.559712 device=mps
2026-09-13 11:14:05,369 INFO completed=18942 new=18942 elapsed_s=3406.988 images_per_s=5.559750 device=mps
2026-09-13 11:14:08,930 INFO completed=18962 new=18962 elapsed_s=3410.548 images_per_s=5.559810 device=mps
2026-09-13 11:14:12,484 INFO completed=18982 new=18982 elapsed_s=3414.103 images_per_s=5.559879 device=mps
2026-09-13 11:14:16,039 INFO completed=19002 new=19002 elapsed_s=3417.657 images_per_s=5.559949 device=mps
2026-09-13 11:14:19,585 INFO completed=19022 new=19022 elapsed_s=3421.204 images_per_s=5.560032 device=mps
2026-09-13 11:14:23,156 INFO completed=19042 new=19042 elapsed_s=3424.774 images_per_s=5.560074 device=mps
2026-09-13 11:14:26,745 INFO completed=19062 new=19062 elapsed_s=3428.364 images_per_s=5.560087 device=mps
2026-09-13 11:14:30,305 INFO completed=19082 new=19082 elapsed_s=3431.924 images_per_s=5.560146 device=mps
2026-09-13 11:14:33,942 INFO completed=19102 new=19102 elapsed_s=3435.561 images_per_s=5.560082 device=mps
2026-09-13 11:14:37,603 INFO completed=19122 new=19122 elapsed_s=3439.222 images_per_s=5.559979 device=mps
2026-09-13 11:14:41,231 INFO completed=19142 new=19142 elapsed_s=3442.850 images_per_s=5.559929 device=mps
2026-09-13 11:14:44,832 INFO completed=19162 new=19162 elapsed_s=3446.451 images_per_s=5.559923 device=mps
2026-09-13 11:14:48,433 INFO completed=19182 new=19182 elapsed_s=3450.052 images_per_s=5.559916 device=mps
2026-09-13 11:14:52,123 INFO completed=19202 new=19202 elapsed_s=3453.742 images_per_s=5.559767 device=mps
2026-09-13 11:14:55,814 INFO completed=19222 new=19222 elapsed_s=3457.432 images_per_s=5.559617 device=mps
2026-09-13 11:14:59,393 INFO completed=19242 new=19242 elapsed_s=3461.012 images_per_s=5.559646 device=mps
2026-09-13 11:15:02,959 INFO completed=19262 new=19262 elapsed_s=3464.578 images_per_s=5.559697 device=mps
2026-09-13 11:15:06,534 INFO completed=19282 new=19282 elapsed_s=3468.153 images_per_s=5.559732 device=mps
2026-09-13 11:15:10,112 INFO completed=19302 new=19302 elapsed_s=3471.730 images_per_s=5.559764 device=mps
2026-09-13 11:15:13,688 INFO completed=19322 new=19322 elapsed_s=3475.307 images_per_s=5.559797 device=mps
2026-09-13 11:15:17,226 INFO completed=19342 new=19342 elapsed_s=3478.844 images_per_s=5.559893 device=mps
2026-09-13 11:15:20,848 INFO completed=19362 new=19362 elapsed_s=3482.467 images_per_s=5.559851 device=mps
2026-09-13 11:15:24,516 INFO completed=19382 new=19382 elapsed_s=3486.136 images_per_s=5.559737 device=mps
2026-09-13 11:15:28,137 INFO completed=19402 new=19402 elapsed_s=3489.758 images_per_s=5.559698 device=mps
2026-09-13 11:15:31,702 INFO completed=19422 new=19422 elapsed_s=3493.323 images_per_s=5.559749 device=mps
2026-09-13 11:15:35,250 INFO completed=19442 new=19442 elapsed_s=3496.871 images_per_s=5.559827 device=mps
2026-09-13 11:15:38,871 INFO completed=19462 new=19462 elapsed_s=3500.492 images_per_s=5.559789 device=mps
2026-09-13 11:15:42,478 INFO completed=19482 new=19482 elapsed_s=3504.100 images_per_s=5.559773 device=mps
2026-09-13 11:15:46,085 INFO completed=19502 new=19502 elapsed_s=3507.707 images_per_s=5.559757 device=mps
2026-09-13 11:15:49,685 INFO completed=19522 new=19522 elapsed_s=3511.308 images_per_s=5.559752 device=mps
2026-09-13 11:15:53,299 INFO completed=19542 new=19542 elapsed_s=3514.922 images_per_s=5.559725 device=mps
2026-09-13 11:15:56,905 INFO completed=19562 new=19562 elapsed_s=3518.528 images_per_s=5.559712 device=mps
2026-09-13 11:16:00,516 INFO completed=19582 new=19582 elapsed_s=3522.138 images_per_s=5.559691 device=mps
2026-09-13 11:16:04,229 INFO completed=19602 new=19602 elapsed_s=3525.852 images_per_s=5.559507 device=mps
2026-09-13 11:16:07,945 INFO completed=19622 new=19622 elapsed_s=3529.568 images_per_s=5.559321 device=mps
2026-09-13 11:16:11,590 INFO completed=19642 new=19642 elapsed_s=3533.213 images_per_s=5.559246 device=mps
2026-09-13 11:16:15,162 INFO completed=19662 new=19662 elapsed_s=3536.785 images_per_s=5.559287 device=mps
2026-09-13 11:16:18,780 INFO completed=19682 new=19682 elapsed_s=3540.403 images_per_s=5.559254 device=mps
2026-09-13 11:16:22,373 INFO completed=19702 new=19702 elapsed_s=3543.996 images_per_s=5.559261 device=mps
2026-09-13 11:16:26,000 INFO completed=19722 new=19722 elapsed_s=3547.623 images_per_s=5.559215 device=mps
2026-09-13 11:16:29,593 INFO completed=19742 new=19742 elapsed_s=3551.216 images_per_s=5.559222 device=mps
2026-09-13 11:16:33,433 INFO completed=19762 new=19762 elapsed_s=3555.056 images_per_s=5.558844 device=mps
2026-09-13 11:16:37,136 INFO completed=19782 new=19782 elapsed_s=3558.759 images_per_s=5.558679 device=mps
2026-09-13 11:16:40,822 INFO completed=19802 new=19802 elapsed_s=3562.445 images_per_s=5.558541 device=mps
2026-09-13 11:16:44,496 INFO completed=19822 new=19822 elapsed_s=3566.119 images_per_s=5.558424 device=mps
2026-09-13 11:16:48,163 INFO completed=19842 new=19842 elapsed_s=3569.786 images_per_s=5.558317 device=mps
2026-09-13 11:16:51,823 INFO completed=19862 new=19862 elapsed_s=3573.446 images_per_s=5.558221 device=mps
2026-09-13 11:16:55,489 INFO completed=19882 new=19882 elapsed_s=3577.112 images_per_s=5.558115 device=mps
2026-09-13 11:16:59,157 INFO completed=19902 new=19902 elapsed_s=3580.780 images_per_s=5.558006 device=mps
2026-09-13 11:17:02,888 INFO completed=19922 new=19922 elapsed_s=3584.511 images_per_s=5.557802 device=mps
2026-09-13 11:17:06,562 INFO completed=19942 new=19942 elapsed_s=3588.185 images_per_s=5.557685 device=mps
2026-09-13 11:17:10,227 INFO completed=19962 new=19962 elapsed_s=3591.850 images_per_s=5.557582 device=mps
2026-09-13 11:17:13,901 INFO completed=19982 new=19982 elapsed_s=3595.524 images_per_s=5.557465 device=mps
2026-09-13 11:17:17,554 INFO completed=20002 new=20002 elapsed_s=3599.177 images_per_s=5.557381 device=mps
2026-09-13 11:17:21,273 INFO completed=20022 new=20022 elapsed_s=3602.896 images_per_s=5.557196 device=mps
2026-09-13 11:17:24,984 INFO completed=20042 new=20042 elapsed_s=3606.607 images_per_s=5.557023 device=mps
2026-09-13 11:17:28,989 INFO completed=20062 new=20062 elapsed_s=3610.612 images_per_s=5.556399 device=mps
2026-09-13 11:17:32,706 INFO completed=20082 new=20082 elapsed_s=3614.329 images_per_s=5.556218 device=mps
2026-09-13 11:17:36,428 INFO completed=20102 new=20102 elapsed_s=3618.051 images_per_s=5.556030 device=mps
2026-09-13 11:17:40,426 INFO completed=20122 new=20122 elapsed_s=3622.049 images_per_s=5.555419 device=mps
2026-09-13 11:17:44,495 INFO completed=20142 new=20142 elapsed_s=3626.118 images_per_s=5.554700 device=mps
2026-09-13 11:17:48,579 INFO completed=20162 new=20162 elapsed_s=3630.202 images_per_s=5.553961 device=mps
2026-09-13 11:17:52,667 INFO completed=20182 new=20182 elapsed_s=3634.290 images_per_s=5.553217 device=mps
2026-09-13 11:17:56,745 INFO completed=20202 new=20202 elapsed_s=3638.368 images_per_s=5.552490 device=mps
2026-09-13 11:18:00,837 INFO completed=20222 new=20222 elapsed_s=3642.459 images_per_s=5.551743 device=mps
2026-09-13 11:18:04,670 INFO completed=20242 new=20242 elapsed_s=3646.293 images_per_s=5.551392 device=mps
2026-09-13 11:18:08,565 INFO completed=20262 new=20262 elapsed_s=3650.188 images_per_s=5.550948 device=mps
2026-09-13 11:18:12,596 INFO completed=20282 new=20282 elapsed_s=3654.218 images_per_s=5.550298 device=mps
2026-09-13 11:18:16,678 INFO completed=20302 new=20302 elapsed_s=3658.301 images_per_s=5.549571 device=mps
2026-09-13 11:18:20,768 INFO completed=20322 new=20322 elapsed_s=3662.391 images_per_s=5.548834 device=mps
2026-09-13 11:18:24,594 INFO completed=20342 new=20342 elapsed_s=3666.217 images_per_s=5.548499 device=mps
2026-09-13 11:18:28,328 INFO completed=20362 new=20362 elapsed_s=3669.950 images_per_s=5.548304 device=mps
2026-09-13 11:18:32,011 INFO completed=20382 new=20382 elapsed_s=3673.634 images_per_s=5.548185 device=mps
2026-09-13 11:18:35,683 INFO completed=20402 new=20402 elapsed_s=3677.306 images_per_s=5.548083 device=mps
2026-09-13 11:18:39,253 INFO completed=20422 new=20422 elapsed_s=3680.876 images_per_s=5.548136 device=mps
2026-09-13 11:18:42,840 INFO completed=20442 new=20442 elapsed_s=3684.463 images_per_s=5.548163 device=mps
2026-09-13 11:18:46,392 INFO completed=20462 new=20462 elapsed_s=3688.014 images_per_s=5.548243 device=mps
2026-09-13 11:18:49,983 INFO completed=20482 new=20482 elapsed_s=3691.605 images_per_s=5.548264 device=mps
2026-09-13 11:18:53,525 INFO completed=20502 new=20502 elapsed_s=3695.148 images_per_s=5.548358 device=mps
2026-09-13 11:18:57,132 INFO completed=20522 new=20522 elapsed_s=3698.754 images_per_s=5.548354 device=mps
2026-09-13 11:19:00,764 INFO completed=20542 new=20542 elapsed_s=3702.387 images_per_s=5.548313 device=mps
2026-09-13 11:19:04,366 INFO completed=20562 new=20562 elapsed_s=3705.988 images_per_s=5.548317 device=mps
2026-09-13 11:19:07,922 INFO completed=20582 new=20582 elapsed_s=3709.545 images_per_s=5.548390 device=mps
2026-09-13 11:19:11,467 INFO completed=20602 new=20602 elapsed_s=3713.090 images_per_s=5.548479 device=mps
2026-09-13 11:19:15,044 INFO completed=20622 new=20622 elapsed_s=3716.666 images_per_s=5.548521 device=mps
2026-09-13 11:19:18,584 INFO completed=20642 new=20642 elapsed_s=3720.206 images_per_s=5.548617 device=mps
2026-09-13 11:19:22,135 INFO completed=20662 new=20662 elapsed_s=3723.757 images_per_s=5.548697 device=mps
2026-09-13 11:19:25,681 INFO completed=20682 new=20682 elapsed_s=3727.304 images_per_s=5.548783 device=mps
2026-09-13 11:19:29,220 INFO completed=20702 new=20702 elapsed_s=3730.842 images_per_s=5.548881 device=mps
2026-09-13 11:19:32,777 INFO completed=20722 new=20722 elapsed_s=3734.399 images_per_s=5.548951 device=mps
2026-09-13 11:19:36,338 INFO completed=20742 new=20742 elapsed_s=3737.961 images_per_s=5.549015 device=mps
2026-09-13 11:19:39,907 INFO completed=20762 new=20762 elapsed_s=3741.530 images_per_s=5.549067 device=mps
2026-09-13 11:19:43,462 INFO completed=20782 new=20782 elapsed_s=3745.084 images_per_s=5.549141 device=mps
2026-09-13 11:19:47,012 INFO completed=20802 new=20802 elapsed_s=3748.635 images_per_s=5.549221 device=mps
2026-09-13 11:19:50,576 INFO completed=20822 new=20822 elapsed_s=3752.199 images_per_s=5.549279 device=mps
2026-09-13 11:19:54,137 INFO completed=20842 new=20842 elapsed_s=3755.759 images_per_s=5.549344 device=mps
2026-09-13 11:19:57,701 INFO completed=20862 new=20862 elapsed_s=3759.324 images_per_s=5.549402 device=mps
2026-09-13 11:20:01,253 INFO completed=20882 new=20882 elapsed_s=3762.876 images_per_s=5.549479 device=mps
2026-09-13 11:20:04,809 INFO completed=20902 new=20902 elapsed_s=3766.431 images_per_s=5.549551 device=mps
2026-09-13 11:20:08,353 INFO completed=20922 new=20922 elapsed_s=3769.976 images_per_s=5.549638 device=mps
2026-09-13 11:20:11,918 INFO completed=20942 new=20942 elapsed_s=3773.540 images_per_s=5.549696 device=mps
2026-09-13 11:20:15,481 INFO completed=20962 new=20962 elapsed_s=3777.103 images_per_s=5.549755 device=mps
2026-09-13 11:20:19,049 INFO completed=20982 new=20982 elapsed_s=3780.672 images_per_s=5.549807 device=mps
2026-09-13 11:20:22,589 INFO completed=21002 new=21002 elapsed_s=3784.211 images_per_s=5.549902 device=mps
2026-09-13 11:20:26,139 INFO completed=21022 new=21022 elapsed_s=3787.761 images_per_s=5.549980 device=mps
2026-09-13 11:20:29,692 INFO completed=21042 new=21042 elapsed_s=3791.314 images_per_s=5.550054 device=mps
2026-09-13 11:20:33,237 INFO completed=21062 new=21062 elapsed_s=3794.859 images_per_s=5.550140 device=mps
2026-09-13 11:20:36,805 INFO completed=21082 new=21082 elapsed_s=3798.427 images_per_s=5.550192 device=mps
2026-09-13 11:20:40,395 INFO completed=21102 new=21102 elapsed_s=3802.018 images_per_s=5.550211 device=mps
2026-09-13 11:20:43,953 INFO completed=21122 new=21122 elapsed_s=3805.575 images_per_s=5.550278 device=mps
2026-09-13 11:20:47,502 INFO completed=21142 new=21142 elapsed_s=3809.124 images_per_s=5.550357 device=mps
2026-09-13 11:20:51,048 INFO completed=21162 new=21162 elapsed_s=3812.670 images_per_s=5.550440 device=mps
2026-09-13 11:20:54,591 INFO completed=21182 new=21182 elapsed_s=3816.214 images_per_s=5.550528 device=mps
2026-09-13 11:20:58,134 INFO completed=21202 new=21202 elapsed_s=3819.756 images_per_s=5.550616 device=mps
2026-09-13 11:21:01,718 INFO completed=21222 new=21222 elapsed_s=3823.340 images_per_s=5.550644 device=mps
2026-09-13 11:21:05,271 INFO completed=21242 new=21242 elapsed_s=3826.893 images_per_s=5.550717 device=mps
2026-09-13 11:21:08,830 INFO completed=21262 new=21262 elapsed_s=3830.453 images_per_s=5.550780 device=mps
2026-09-13 11:21:12,394 INFO completed=21282 new=21282 elapsed_s=3834.016 images_per_s=5.550837 device=mps
2026-09-13 11:21:15,950 INFO completed=21302 new=21302 elapsed_s=3837.573 images_per_s=5.550905 device=mps
2026-09-13 11:21:19,518 INFO completed=21322 new=21322 elapsed_s=3841.140 images_per_s=5.550956 device=mps
2026-09-13 11:21:23,079 INFO completed=21342 new=21342 elapsed_s=3844.701 images_per_s=5.551016 device=mps
2026-09-13 11:21:26,640 INFO completed=21362 new=21362 elapsed_s=3848.262 images_per_s=5.551078 device=mps
2026-09-13 11:21:30,192 INFO completed=21382 new=21382 elapsed_s=3851.814 images_per_s=5.551150 device=mps
2026-09-13 11:21:33,748 INFO completed=21402 new=21402 elapsed_s=3855.370 images_per_s=5.551218 device=mps
2026-09-13 11:21:37,303 INFO completed=21422 new=21422 elapsed_s=3858.925 images_per_s=5.551286 device=mps
2026-09-13 11:21:40,851 INFO completed=21442 new=21442 elapsed_s=3862.473 images_per_s=5.551365 device=mps
2026-09-13 11:21:44,413 INFO completed=21462 new=21462 elapsed_s=3866.035 images_per_s=5.551424 device=mps
2026-09-13 11:21:47,975 INFO completed=21482 new=21482 elapsed_s=3869.597 images_per_s=5.551483 device=mps
2026-09-13 11:21:51,526 INFO completed=21502 new=21502 elapsed_s=3873.148 images_per_s=5.551557 device=mps
2026-09-13 11:21:55,072 INFO completed=21522 new=21522 elapsed_s=3876.694 images_per_s=5.551638 device=mps
2026-09-13 11:21:58,634 INFO completed=21542 new=21542 elapsed_s=3880.256 images_per_s=5.551696 device=mps
2026-09-13 11:22:02,188 INFO completed=21562 new=21562 elapsed_s=3883.810 images_per_s=5.551764 device=mps
2026-09-13 11:22:05,736 INFO completed=21582 new=21582 elapsed_s=3887.358 images_per_s=5.551842 device=mps
2026-09-13 11:22:09,298 INFO completed=21602 new=21602 elapsed_s=3890.920 images_per_s=5.551901 device=mps
2026-09-13 11:22:12,850 INFO completed=21622 new=21622 elapsed_s=3894.472 images_per_s=5.551972 device=mps
2026-09-13 11:22:16,412 INFO completed=21642 new=21642 elapsed_s=3898.034 images_per_s=5.552030 device=mps
2026-09-13 11:22:19,966 INFO completed=21662 new=21662 elapsed_s=3901.588 images_per_s=5.552099 device=mps
2026-09-13 11:22:23,507 INFO completed=21682 new=21682 elapsed_s=3905.129 images_per_s=5.552185 device=mps
2026-09-13 11:22:27,055 INFO completed=21702 new=21702 elapsed_s=3908.677 images_per_s=5.552262 device=mps
2026-09-13 11:22:30,618 INFO completed=21722 new=21722 elapsed_s=3912.240 images_per_s=5.552317 device=mps
2026-09-13 11:22:34,172 INFO completed=21742 new=21742 elapsed_s=3915.794 images_per_s=5.552386 device=mps
2026-09-13 11:22:37,723 INFO completed=21762 new=21762 elapsed_s=3919.345 images_per_s=5.552459 device=mps
2026-09-13 11:22:41,277 INFO completed=21782 new=21782 elapsed_s=3922.899 images_per_s=5.552527 device=mps
2026-09-13 11:22:44,831 INFO completed=21802 new=21802 elapsed_s=3926.453 images_per_s=5.552594 device=mps
2026-09-13 11:22:48,390 INFO completed=21822 new=21822 elapsed_s=3930.012 images_per_s=5.552655 device=mps
2026-09-13 11:22:51,948 INFO completed=21842 new=21842 elapsed_s=3933.570 images_per_s=5.552717 device=mps
2026-09-13 11:22:55,506 INFO completed=21862 new=21862 elapsed_s=3937.128 images_per_s=5.552779 device=mps
2026-09-13 11:22:59,058 INFO completed=21882 new=21882 elapsed_s=3940.680 images_per_s=5.552848 device=mps
2026-09-13 11:23:02,649 INFO completed=21902 new=21902 elapsed_s=3944.270 images_per_s=5.552865 device=mps
2026-09-13 11:23:06,208 INFO completed=21922 new=21922 elapsed_s=3947.830 images_per_s=5.552924 device=mps
2026-09-13 11:23:09,771 INFO completed=21942 new=21942 elapsed_s=3951.392 images_per_s=5.552979 device=mps
2026-09-13 11:23:13,345 INFO completed=21962 new=21962 elapsed_s=3954.967 images_per_s=5.553017 device=mps
2026-09-13 11:23:16,900 INFO completed=21982 new=21982 elapsed_s=3958.522 images_per_s=5.553083 device=mps
2026-09-13 11:23:20,444 INFO completed=22002 new=22002 elapsed_s=3962.066 images_per_s=5.553163 device=mps
2026-09-13 11:23:24,003 INFO completed=22022 new=22022 elapsed_s=3965.625 images_per_s=5.553224 device=mps
2026-09-13 11:23:27,547 INFO completed=22042 new=22042 elapsed_s=3969.169 images_per_s=5.553304 device=mps
2026-09-13 11:23:31,098 INFO completed=22062 new=22062 elapsed_s=3972.720 images_per_s=5.553374 device=mps
2026-09-13 11:23:34,658 INFO completed=22082 new=22082 elapsed_s=3976.280 images_per_s=5.553432 device=mps
2026-09-13 11:23:38,218 INFO completed=22102 new=22102 elapsed_s=3979.839 images_per_s=5.553490 device=mps
2026-09-13 11:23:41,785 INFO completed=22122 new=22122 elapsed_s=3983.407 images_per_s=5.553538 device=mps
2026-09-13 11:23:45,642 INFO completed=22142 new=22142 elapsed_s=3987.263 images_per_s=5.553182 device=mps
2026-09-13 11:23:49,196 INFO completed=22162 new=22162 elapsed_s=3990.818 images_per_s=5.553248 device=mps
2026-09-13 11:23:52,744 INFO completed=22182 new=22182 elapsed_s=3994.366 images_per_s=5.553322 device=mps
2026-09-13 11:23:56,303 INFO completed=22202 new=22202 elapsed_s=3997.924 images_per_s=5.553382 device=mps
2026-09-13 11:23:59,854 INFO completed=22222 new=22222 elapsed_s=4001.475 images_per_s=5.553452 device=mps
2026-09-13 11:24:03,406 INFO completed=22242 new=22242 elapsed_s=4005.028 images_per_s=5.553519 device=mps
2026-09-13 11:24:06,946 INFO completed=22262 new=22262 elapsed_s=4008.568 images_per_s=5.553605 device=mps
2026-09-13 11:24:10,492 INFO completed=22282 new=22282 elapsed_s=4012.114 images_per_s=5.553681 device=mps
2026-09-13 11:24:14,091 INFO completed=22302 new=22302 elapsed_s=4015.712 images_per_s=5.553685 device=mps
2026-09-13 11:24:17,690 INFO completed=22322 new=22322 elapsed_s=4019.311 images_per_s=5.553688 device=mps
2026-09-13 11:24:21,242 INFO completed=22342 new=22342 elapsed_s=4022.864 images_per_s=5.553755 device=mps
2026-09-13 11:24:24,820 INFO completed=22362 new=22362 elapsed_s=4026.442 images_per_s=5.553787 device=mps
2026-09-13 11:24:28,373 INFO completed=22382 new=22382 elapsed_s=4029.994 images_per_s=5.553854 device=mps
2026-09-13 11:24:31,924 INFO completed=22402 new=22402 elapsed_s=4033.545 images_per_s=5.553923 device=mps
2026-09-13 11:24:35,492 INFO completed=22422 new=22422 elapsed_s=4037.113 images_per_s=5.553968 device=mps
2026-09-13 11:24:39,081 INFO completed=22442 new=22442 elapsed_s=4040.703 images_per_s=5.553985 device=mps
2026-09-13 11:24:42,652 INFO completed=22462 new=22462 elapsed_s=4044.274 images_per_s=5.554025 device=mps
2026-09-13 11:24:46,199 INFO completed=22482 new=22482 elapsed_s=4047.820 images_per_s=5.554100 device=mps
2026-09-13 11:24:50,097 INFO completed=22502 new=22502 elapsed_s=4051.719 images_per_s=5.553693 device=mps
2026-09-13 11:24:53,649 INFO completed=22522 new=22522 elapsed_s=4055.270 images_per_s=5.553761 device=mps
2026-09-13 11:24:57,199 INFO completed=22542 new=22542 elapsed_s=4058.821 images_per_s=5.553830 device=mps
2026-09-13 11:25:00,761 INFO completed=22562 new=22562 elapsed_s=4062.383 images_per_s=5.553884 device=mps
2026-09-13 11:25:04,316 INFO completed=22582 new=22582 elapsed_s=4065.938 images_per_s=5.553946 device=mps
2026-09-13 11:25:07,875 INFO completed=22602 new=22602 elapsed_s=4069.496 images_per_s=5.554005 device=mps
2026-09-13 11:25:11,440 INFO completed=22622 new=22622 elapsed_s=4073.061 images_per_s=5.554054 device=mps
2026-09-13 11:25:15,005 INFO completed=22642 new=22642 elapsed_s=4076.627 images_per_s=5.554102 device=mps
2026-09-13 11:25:18,544 INFO completed=22662 new=22662 elapsed_s=4080.165 images_per_s=5.554187 device=mps
2026-09-13 11:25:22,081 INFO completed=22682 new=22682 elapsed_s=4083.702 images_per_s=5.554273 device=mps
2026-09-13 11:25:25,629 INFO completed=22702 new=22702 elapsed_s=4087.250 images_per_s=5.554345 device=mps
2026-09-13 11:25:29,170 INFO completed=22722 new=22722 elapsed_s=4090.791 images_per_s=5.554427 device=mps
2026-09-13 11:25:32,733 INFO completed=22742 new=22742 elapsed_s=4094.354 images_per_s=5.554478 device=mps
2026-09-13 11:25:36,286 INFO completed=22762 new=22762 elapsed_s=4097.907 images_per_s=5.554542 device=mps
2026-09-13 11:25:39,827 INFO completed=22782 new=22782 elapsed_s=4101.448 images_per_s=5.554623 device=mps
2026-09-13 11:25:43,401 INFO completed=22802 new=22802 elapsed_s=4105.023 images_per_s=5.554659 device=mps
2026-09-13 11:25:46,950 INFO completed=22822 new=22822 elapsed_s=4108.572 images_per_s=5.554728 device=mps
2026-09-13 11:25:50,501 INFO completed=22842 new=22842 elapsed_s=4112.122 images_per_s=5.554796 device=mps
2026-09-13 11:25:54,071 INFO completed=22862 new=22862 elapsed_s=4115.692 images_per_s=5.554837 device=mps
2026-09-13 11:25:57,623 INFO completed=22882 new=22882 elapsed_s=4119.244 images_per_s=5.554903 device=mps
2026-09-13 11:26:01,182 INFO completed=22902 new=22902 elapsed_s=4122.803 images_per_s=5.554958 device=mps
2026-09-13 11:26:04,743 INFO completed=22922 new=22922 elapsed_s=4126.364 images_per_s=5.555011 device=mps
2026-09-13 11:26:08,286 INFO completed=22942 new=22942 elapsed_s=4129.908 images_per_s=5.555088 device=mps
2026-09-13 11:26:11,839 INFO completed=22962 new=22962 elapsed_s=4133.460 images_per_s=5.555152 device=mps
2026-09-13 11:26:15,401 INFO completed=22982 new=22982 elapsed_s=4137.023 images_per_s=5.555203 device=mps
2026-09-13 11:26:18,940 INFO completed=23002 new=23002 elapsed_s=4140.561 images_per_s=5.555285 device=mps
2026-09-13 11:26:22,489 INFO completed=23022 new=23022 elapsed_s=4144.110 images_per_s=5.555354 device=mps
2026-09-13 11:26:26,050 INFO completed=23042 new=23042 elapsed_s=4147.671 images_per_s=5.555407 device=mps
2026-09-13 11:26:29,600 INFO completed=23062 new=23062 elapsed_s=4151.221 images_per_s=5.555474 device=mps
2026-09-13 11:26:33,142 INFO completed=23082 new=23082 elapsed_s=4154.763 images_per_s=5.555551 device=mps
2026-09-13 11:26:36,693 INFO completed=23102 new=23102 elapsed_s=4158.315 images_per_s=5.555616 device=mps
2026-09-13 11:26:40,244 INFO completed=23122 new=23122 elapsed_s=4161.865 images_per_s=5.555682 device=mps
2026-09-13 11:26:43,811 INFO completed=23142 new=23142 elapsed_s=4165.432 images_per_s=5.555726 device=mps
2026-09-13 11:26:47,361 INFO completed=23162 new=23162 elapsed_s=4168.982 images_per_s=5.555792 device=mps
2026-09-13 11:26:50,908 INFO completed=23182 new=23182 elapsed_s=4172.529 images_per_s=5.555863 device=mps
2026-09-13 11:26:54,470 INFO completed=23202 new=23202 elapsed_s=4176.091 images_per_s=5.555914 device=mps
2026-09-13 11:26:58,025 INFO completed=23222 new=23222 elapsed_s=4179.646 images_per_s=5.555973 device=mps
2026-09-13 11:27:01,603 INFO completed=23242 new=23242 elapsed_s=4183.224 images_per_s=5.556002 device=mps
2026-09-13 11:27:05,160 INFO completed=23262 new=23262 elapsed_s=4186.781 images_per_s=5.556058 device=mps
2026-09-13 11:27:08,715 INFO completed=23282 new=23282 elapsed_s=4190.336 images_per_s=5.556118 device=mps
2026-09-13 11:27:12,265 INFO completed=23302 new=23302 elapsed_s=4193.886 images_per_s=5.556184 device=mps
2026-09-13 11:27:15,822 INFO completed=23322 new=23322 elapsed_s=4197.443 images_per_s=5.556239 device=mps
2026-09-13 11:27:19,389 INFO completed=23342 new=23342 elapsed_s=4201.010 images_per_s=5.556282 device=mps
2026-09-13 11:27:22,933 INFO completed=23362 new=23362 elapsed_s=4204.554 images_per_s=5.556356 device=mps
2026-09-13 11:27:26,486 INFO completed=23382 new=23382 elapsed_s=4208.107 images_per_s=5.556417 device=mps
2026-09-13 11:27:30,032 INFO completed=23402 new=23402 elapsed_s=4211.653 images_per_s=5.556488 device=mps
2026-09-13 11:27:33,583 INFO completed=23422 new=23422 elapsed_s=4215.204 images_per_s=5.556552 device=mps
2026-09-13 11:27:37,141 INFO completed=23442 new=23442 elapsed_s=4218.762 images_per_s=5.556606 device=mps
2026-09-13 11:27:40,692 INFO completed=23462 new=23462 elapsed_s=4222.313 images_per_s=5.556670 device=mps
2026-09-13 11:27:44,262 INFO completed=23482 new=23482 elapsed_s=4225.883 images_per_s=5.556709 device=mps
2026-09-13 11:27:47,810 INFO completed=23502 new=23502 elapsed_s=4229.431 images_per_s=5.556776 device=mps
2026-09-13 11:27:51,385 INFO completed=23522 new=23522 elapsed_s=4233.006 images_per_s=5.556808 device=mps
2026-09-13 11:27:54,935 INFO completed=23542 new=23542 elapsed_s=4236.556 images_per_s=5.556873 device=mps
2026-09-13 11:27:58,498 INFO completed=23562 new=23562 elapsed_s=4240.119 images_per_s=5.556919 device=mps
2026-09-13 11:28:02,069 INFO completed=23582 new=23582 elapsed_s=4243.690 images_per_s=5.556956 device=mps
2026-09-13 11:28:05,633 INFO completed=23602 new=23602 elapsed_s=4247.254 images_per_s=5.557003 device=mps
2026-09-13 11:28:09,191 INFO completed=23622 new=23622 elapsed_s=4250.812 images_per_s=5.557056 device=mps
2026-09-13 11:28:12,744 INFO completed=23642 new=23642 elapsed_s=4254.365 images_per_s=5.557116 device=mps
2026-09-13 11:28:16,295 INFO completed=23662 new=23662 elapsed_s=4257.916 images_per_s=5.557179 device=mps
2026-09-13 11:28:19,863 INFO completed=23682 new=23682 elapsed_s=4261.484 images_per_s=5.557219 device=mps
2026-09-13 11:28:23,404 INFO completed=23702 new=23702 elapsed_s=4265.025 images_per_s=5.557294 device=mps
2026-09-13 11:28:26,971 INFO completed=23722 new=23722 elapsed_s=4268.592 images_per_s=5.557336 device=mps
2026-09-13 11:28:30,525 INFO completed=23742 new=23742 elapsed_s=4272.146 images_per_s=5.557394 device=mps
2026-09-13 11:28:34,090 INFO completed=23762 new=23762 elapsed_s=4275.711 images_per_s=5.557438 device=mps
2026-09-13 11:28:37,657 INFO completed=23782 new=23782 elapsed_s=4279.278 images_per_s=5.557479 device=mps
2026-09-13 11:28:41,232 INFO completed=23802 new=23802 elapsed_s=4282.853 images_per_s=5.557511 device=mps
2026-09-13 11:28:44,788 INFO completed=23822 new=23822 elapsed_s=4286.408 images_per_s=5.557567 device=mps
2026-09-13 11:28:48,351 INFO completed=23842 new=23842 elapsed_s=4289.972 images_per_s=5.557612 device=mps
2026-09-13 11:28:51,882 INFO completed=23862 new=23862 elapsed_s=4293.503 images_per_s=5.557700 device=mps
2026-09-13 11:28:55,435 INFO completed=23882 new=23882 elapsed_s=4297.056 images_per_s=5.557759 device=mps
2026-09-13 11:28:58,998 INFO completed=23902 new=23902 elapsed_s=4300.619 images_per_s=5.557805 device=mps
2026-09-13 11:29:02,552 INFO completed=23922 new=23922 elapsed_s=4304.173 images_per_s=5.557863 device=mps
2026-09-13 11:29:06,106 INFO completed=23942 new=23942 elapsed_s=4307.727 images_per_s=5.557920 device=mps
2026-09-13 11:29:09,642 INFO completed=23962 new=23962 elapsed_s=4311.263 images_per_s=5.558000 device=mps
2026-09-13 11:29:13,197 INFO completed=23982 new=23982 elapsed_s=4314.817 images_per_s=5.558057 device=mps
2026-09-13 11:29:16,753 INFO completed=24002 new=24002 elapsed_s=4318.373 images_per_s=5.558111 device=mps
2026-09-13 11:29:20,301 INFO completed=24022 new=24022 elapsed_s=4321.921 images_per_s=5.558176 device=mps
2026-09-13 11:29:23,879 INFO completed=24042 new=24042 elapsed_s=4325.499 images_per_s=5.558202 device=mps
2026-09-13 11:29:27,437 INFO completed=24062 new=24062 elapsed_s=4329.057 images_per_s=5.558254 device=mps
2026-09-13 11:29:30,997 INFO completed=24082 new=24082 elapsed_s=4332.618 images_per_s=5.558302 device=mps
2026-09-13 11:29:34,554 INFO completed=24102 new=24102 elapsed_s=4336.175 images_per_s=5.558355 device=mps
2026-09-13 11:29:38,123 INFO completed=24122 new=24122 elapsed_s=4339.743 images_per_s=5.558394 device=mps
2026-09-13 11:29:41,757 INFO completed=24142 new=24142 elapsed_s=4343.378 images_per_s=5.558347 device=mps
2026-09-13 11:29:45,344 INFO completed=24162 new=24162 elapsed_s=4346.965 images_per_s=5.558361 device=mps
2026-09-13 11:29:48,909 INFO completed=24182 new=24182 elapsed_s=4350.530 images_per_s=5.558404 device=mps
2026-09-13 11:29:52,471 INFO completed=24202 new=24202 elapsed_s=4354.092 images_per_s=5.558449 device=mps
2026-09-13 11:29:56,030 INFO completed=24222 new=24222 elapsed_s=4357.651 images_per_s=5.558499 device=mps
2026-09-13 11:29:59,591 INFO completed=24242 new=24242 elapsed_s=4361.211 images_per_s=5.558548 device=mps
2026-09-13 11:30:03,151 INFO completed=24262 new=24262 elapsed_s=4364.771 images_per_s=5.558596 device=mps
2026-09-13 11:30:06,714 INFO completed=24282 new=24282 elapsed_s=4368.334 images_per_s=5.558641 device=mps
2026-09-13 11:30:10,296 INFO completed=24302 new=24302 elapsed_s=4371.917 images_per_s=5.558660 device=mps
2026-09-13 11:30:13,855 INFO completed=24322 new=24322 elapsed_s=4375.475 images_per_s=5.558711 device=mps
2026-09-13 11:30:17,411 INFO completed=24342 new=24342 elapsed_s=4379.031 images_per_s=5.558764 device=mps
2026-09-13 11:30:20,994 INFO completed=24362 new=24362 elapsed_s=4382.614 images_per_s=5.558783 device=mps
2026-09-13 11:30:24,559 INFO completed=24382 new=24382 elapsed_s=4386.180 images_per_s=5.558824 device=mps
2026-09-13 11:30:28,126 INFO completed=24402 new=24402 elapsed_s=4389.747 images_per_s=5.558863 device=mps
2026-09-13 11:30:31,704 INFO completed=24422 new=24422 elapsed_s=4393.325 images_per_s=5.558888 device=mps
2026-09-13 11:30:35,261 INFO completed=24442 new=24442 elapsed_s=4396.882 images_per_s=5.558940 device=mps
2026-09-13 11:30:38,833 INFO completed=24462 new=24462 elapsed_s=4400.454 images_per_s=5.558972 device=mps
2026-09-13 11:30:42,395 INFO completed=24482 new=24482 elapsed_s=4404.015 images_per_s=5.559018 device=mps
2026-09-13 11:30:45,964 INFO completed=24502 new=24502 elapsed_s=4407.584 images_per_s=5.559054 device=mps
2026-09-13 11:30:49,547 INFO completed=24522 new=24522 elapsed_s=4411.167 images_per_s=5.559073 device=mps
2026-09-13 11:30:53,317 INFO completed=24542 new=24542 elapsed_s=4414.937 images_per_s=5.558856 device=mps
2026-09-13 11:30:57,165 INFO completed=24562 new=24562 elapsed_s=4418.786 images_per_s=5.558541 device=mps
2026-09-13 11:35:01,786 INFO Parsing model identifier. Schema: None, Identifier: ViT-B-32
2026-09-13 11:35:01,786 INFO Loaded built-in ViT-B-32 model config.
2026-09-13 11:35:01,786 INFO `pretrained` specifies file path: rerun_workspace/model_weights/ViT-B-32.pt
2026-09-13 11:35:01,786 INFO Instantiating model architecture: CLIP
2026-09-13 11:35:02,625 INFO Loading full pretrained weights from: rerun_workspace/model_weights/ViT-B-32.pt
2026-09-13 11:35:02,932 INFO Final image preprocessing configuration set: {'size': (224, 224), 'mode': 'RGB', 'mean': (0.48145466, 0.4578275, 0.40821073), 'std': (0.26862954, 0.26130258, 0.27577711), 'interpolation': 'bicubic', 'resize_mode': 'shortest', 'fill_color': 0}
2026-09-13 11:35:02,932 INFO Model ViT-B-32 creation process complete.
2026-09-13 11:35:02,932 INFO Parsing tokenizer identifier. Schema: None, Identifier: ViT-B-32
2026-09-13 11:35:02,932 INFO Attempting to load config from built-in: ViT-B-32
2026-09-13 11:35:02,932 INFO Using default SimpleTokenizer.
2026-09-13 11:35:04,884 INFO completed=24574 new=2 elapsed_s=0.510 images_per_s=3.923977 device=mps
2026-09-13 11:35:08,846 INFO completed=24594 new=22 elapsed_s=4.472 images_per_s=4.919602 device=mps
2026-09-13 11:35:12,779 INFO completed=24614 new=42 elapsed_s=8.405 images_per_s=4.997293 device=mps
2026-09-13 11:35:16,644 INFO completed=24634 new=62 elapsed_s=12.269 images_per_s=5.053199 device=mps
2026-09-13 11:35:20,528 INFO completed=24654 new=82 elapsed_s=16.153 images_per_s=5.076342 device=mps
2026-09-13 11:35:24,444 INFO completed=24674 new=102 elapsed_s=20.070 images_per_s=5.082245 device=mps
2026-09-13 11:35:28,363 INFO completed=24694 new=122 elapsed_s=23.988 images_per_s=5.085833 device=mps
2026-09-13 11:35:32,242 INFO completed=24714 new=142 elapsed_s=27.867 images_per_s=5.095621 device=mps
2026-09-13 11:35:36,056 INFO completed=24734 new=162 elapsed_s=31.681 images_per_s=5.113421 device=mps
2026-09-13 11:35:39,885 INFO completed=24754 new=182 elapsed_s=35.510 images_per_s=5.125282 device=mps
2026-09-13 11:35:43,681 INFO completed=24774 new=202 elapsed_s=39.307 images_per_s=5.139071 device=mps
2026-09-13 11:35:47,483 INFO completed=24794 new=222 elapsed_s=43.108 images_per_s=5.149832 device=mps
2026-09-13 11:35:51,293 INFO completed=24814 new=242 elapsed_s=46.918 images_per_s=5.157945 device=mps
2026-09-13 11:35:55,107 INFO completed=24834 new=262 elapsed_s=50.733 images_per_s=5.164309 device=mps
2026-09-13 11:35:58,925 INFO completed=24854 new=282 elapsed_s=54.550 images_per_s=5.169542 device=mps
2026-09-13 11:36:02,765 INFO completed=24874 new=302 elapsed_s=58.391 images_per_s=5.172053 device=mps
2026-09-13 11:36:06,628 INFO completed=24894 new=322 elapsed_s=62.253 images_per_s=5.172422 device=mps
2026-09-13 11:36:10,433 INFO completed=24914 new=342 elapsed_s=66.059 images_per_s=5.177216 device=mps
2026-09-13 11:36:14,259 INFO completed=24934 new=362 elapsed_s=69.884 images_per_s=5.179978 device=mps
2026-09-13 11:36:18,117 INFO completed=24954 new=382 elapsed_s=73.742 images_per_s=5.180206 device=mps
2026-09-13 11:36:22,029 INFO completed=24974 new=402 elapsed_s=77.654 images_per_s=5.176784 device=mps
2026-09-13 11:36:25,626 INFO completed=24994 new=422 elapsed_s=81.251 images_per_s=5.193775 device=mps
2026-09-13 11:36:29,179 INFO completed=25014 new=442 elapsed_s=84.804 images_per_s=5.211996 device=mps
2026-09-13 11:36:32,732 INFO completed=25034 new=462 elapsed_s=88.357 images_per_s=5.228801 device=mps
2026-09-13 11:36:36,297 INFO completed=25054 new=482 elapsed_s=91.922 images_per_s=5.243587 device=mps
2026-09-13 11:36:39,860 INFO completed=25074 new=502 elapsed_s=95.486 images_per_s=5.257338 device=mps
2026-09-13 11:36:43,428 INFO completed=25094 new=522 elapsed_s=99.053 images_per_s=5.269922 device=mps
2026-09-13 11:36:46,984 INFO completed=25114 new=542 elapsed_s=102.609 images_per_s=5.282168 device=mps
2026-09-13 11:36:50,548 INFO completed=25134 new=562 elapsed_s=106.173 images_per_s=5.293225 device=mps
2026-09-13 11:36:54,098 INFO completed=25154 new=582 elapsed_s=109.723 images_per_s=5.304252 device=mps
2026-09-13 11:36:57,654 INFO completed=25174 new=602 elapsed_s=113.279 images_per_s=5.314292 device=mps
2026-09-13 11:37:01,223 INFO completed=25194 new=622 elapsed_s=116.848 images_per_s=5.323174 device=mps
2026-09-13 11:37:04,780 INFO completed=25214 new=642 elapsed_s=120.405 images_per_s=5.331984 device=mps
2026-09-13 11:37:08,326 INFO completed=25234 new=662 elapsed_s=123.951 images_per_s=5.340834 device=mps
2026-09-13 11:37:11,873 INFO completed=25254 new=682 elapsed_s=127.498 images_per_s=5.349089 device=mps
2026-09-13 11:37:15,431 INFO completed=25274 new=702 elapsed_s=131.056 images_per_s=5.356508 device=mps
2026-09-13 11:37:18,990 INFO completed=25294 new=722 elapsed_s=134.615 images_per_s=5.363435 device=mps
2026-09-13 11:37:22,556 INFO completed=25314 new=742 elapsed_s=138.181 images_per_s=5.369769 device=mps
2026-09-13 11:37:26,106 INFO completed=25334 new=762 elapsed_s=141.731 images_per_s=5.376382 device=mps
2026-09-13 11:37:29,669 INFO completed=25354 new=782 elapsed_s=145.294 images_per_s=5.382189 device=mps
2026-09-13 11:37:33,253 INFO completed=25374 new=802 elapsed_s=148.878 images_per_s=5.386946 device=mps
2026-09-13 11:37:36,832 INFO completed=25394 new=822 elapsed_s=152.457 images_per_s=5.391673 device=mps
2026-09-13 11:37:40,445 INFO completed=25414 new=842 elapsed_s=156.070 images_per_s=5.395004 device=mps
2026-09-13 11:37:43,993 INFO completed=25434 new=862 elapsed_s=159.618 images_per_s=5.400394 device=mps
2026-09-13 11:37:47,564 INFO completed=25454 new=882 elapsed_s=163.189 images_per_s=5.404766 device=mps
2026-09-13 11:37:51,152 INFO completed=25474 new=902 elapsed_s=166.777 images_per_s=5.408408 device=mps
2026-09-13 11:37:54,703 INFO completed=25494 new=922 elapsed_s=170.328 images_per_s=5.413081 device=mps
2026-09-13 11:37:58,254 INFO completed=25514 new=942 elapsed_s=173.879 images_per_s=5.417567 device=mps
2026-09-13 11:38:01,838 INFO completed=25534 new=962 elapsed_s=177.463 images_per_s=5.420850 device=mps
2026-09-13 11:38:05,393 INFO completed=25554 new=982 elapsed_s=181.018 images_per_s=5.424869 device=mps
2026-09-13 11:38:08,951 INFO completed=25574 new=1002 elapsed_s=184.576 images_per_s=5.428654 device=mps
2026-09-13 11:38:12,503 INFO completed=25594 new=1022 elapsed_s=188.128 images_per_s=5.432469 device=mps
2026-09-13 11:38:16,060 INFO completed=25614 new=1042 elapsed_s=191.685 images_per_s=5.436004 device=mps
2026-09-13 11:38:19,620 INFO completed=25634 new=1062 elapsed_s=195.245 images_per_s=5.439322 device=mps
2026-09-13 11:38:23,185 INFO completed=25654 new=1082 elapsed_s=198.810 images_per_s=5.442388 device=mps
2026-09-13 11:38:26,745 INFO completed=25674 new=1102 elapsed_s=202.370 images_per_s=5.445472 device=mps
2026-09-13 11:38:30,322 INFO completed=25694 new=1122 elapsed_s=205.946 images_per_s=5.448025 device=mps
2026-09-13 11:38:33,861 INFO completed=25714 new=1142 elapsed_s=209.486 images_per_s=5.451448 device=mps
2026-09-13 11:38:37,479 INFO completed=25734 new=1162 elapsed_s=213.103 images_per_s=5.452752 device=mps
2026-09-13 11:38:41,142 INFO completed=25754 new=1182 elapsed_s=216.766 images_per_s=5.452873 device=mps
2026-09-13 11:38:44,761 INFO completed=25774 new=1202 elapsed_s=220.385 images_per_s=5.454088 device=mps
2026-09-13 11:38:48,331 INFO completed=25794 new=1222 elapsed_s=223.955 images_per_s=5.456442 device=mps
2026-09-13 11:38:52,007 INFO completed=25814 new=1242 elapsed_s=227.631 images_per_s=5.456193 device=mps
2026-09-13 11:38:55,682 INFO completed=25834 new=1262 elapsed_s=231.307 images_per_s=5.455955 device=mps
2026-09-13 11:38:59,237 INFO completed=25854 new=1282 elapsed_s=234.862 images_per_s=5.458523 device=mps
2026-09-13 11:39:02,816 INFO completed=25874 new=1302 elapsed_s=238.440 images_per_s=5.460483 device=mps
2026-09-13 11:39:06,366 INFO completed=25894 new=1322 elapsed_s=241.991 images_per_s=5.463024 device=mps
2026-09-13 11:39:09,915 INFO completed=25914 new=1342 elapsed_s=245.540 images_per_s=5.465512 device=mps
2026-09-13 11:39:13,532 INFO completed=25934 new=1362 elapsed_s=249.156 images_per_s=5.466453 device=mps
2026-09-13 11:39:17,129 INFO completed=25954 new=1382 elapsed_s=252.753 images_per_s=5.467785 device=mps
2026-09-13 11:39:20,691 INFO completed=25974 new=1402 elapsed_s=256.316 images_per_s=5.469816 device=mps
2026-09-13 11:39:24,237 INFO completed=25994 new=1422 elapsed_s=259.861 images_per_s=5.472152 device=mps
2026-09-13 11:39:27,853 INFO completed=26014 new=1442 elapsed_s=263.478 images_per_s=5.472951 device=mps
2026-09-13 11:39:31,529 INFO completed=26034 new=1462 elapsed_s=267.154 images_per_s=5.472502 device=mps
2026-09-13 11:39:35,111 INFO completed=26054 new=1482 elapsed_s=270.735 images_per_s=5.473983 device=mps
2026-09-13 11:39:38,651 INFO completed=26074 new=1502 elapsed_s=274.276 images_per_s=5.476239 device=mps
2026-09-13 11:39:42,260 INFO completed=26094 new=1522 elapsed_s=277.884 images_per_s=5.477103 device=mps
2026-09-13 11:39:45,822 INFO completed=26114 new=1542 elapsed_s=281.447 images_per_s=5.478839 device=mps
2026-09-13 11:39:49,377 INFO completed=26134 new=1562 elapsed_s=285.001 images_per_s=5.480682 device=mps
2026-09-13 11:39:53,047 INFO completed=26154 new=1582 elapsed_s=288.671 images_per_s=5.480281 device=mps
2026-09-13 11:39:56,595 INFO completed=26174 new=1602 elapsed_s=292.220 images_per_s=5.482177 device=mps
2026-09-13 11:40:00,142 INFO completed=26194 new=1622 elapsed_s=295.766 images_per_s=5.484057 device=mps
2026-09-13 11:40:03,715 INFO completed=26214 new=1642 elapsed_s=299.340 images_per_s=5.485406 device=mps
2026-09-13 11:40:07,245 INFO completed=26234 new=1662 elapsed_s=302.869 images_per_s=5.487517 device=mps
2026-09-13 11:40:10,798 INFO completed=26254 new=1682 elapsed_s=306.422 images_per_s=5.489155 device=mps
2026-09-13 11:40:14,381 INFO completed=26274 new=1702 elapsed_s=310.006 images_per_s=5.490225 device=mps
2026-09-13 11:40:17,915 INFO completed=26294 new=1722 elapsed_s=313.540 images_per_s=5.492130 device=mps
2026-09-13 11:40:21,473 INFO completed=26314 new=1742 elapsed_s=317.097 images_per_s=5.493585 device=mps
2026-09-13 11:40:25,035 INFO completed=26334 new=1762 elapsed_s=320.659 images_per_s=5.494936 device=mps
2026-09-13 11:40:28,594 INFO completed=26354 new=1782 elapsed_s=324.219 images_per_s=5.496292 device=mps
2026-09-13 11:40:32,158 INFO completed=26374 new=1802 elapsed_s=327.782 images_per_s=5.497549 device=mps
2026-09-13 11:40:35,714 INFO completed=26394 new=1822 elapsed_s=331.338 images_per_s=5.498911 device=mps
2026-09-13 11:40:39,269 INFO completed=26414 new=1842 elapsed_s=334.893 images_per_s=5.500260 device=mps
2026-09-13 11:40:42,816 INFO completed=26434 new=1862 elapsed_s=338.440 images_per_s=5.501716 device=mps
2026-09-13 11:40:46,360 INFO completed=26454 new=1882 elapsed_s=341.984 images_per_s=5.503184 device=mps
2026-09-13 11:40:49,911 INFO completed=26474 new=1902 elapsed_s=345.535 images_per_s=5.504504 device=mps
2026-09-13 11:40:53,483 INFO completed=26494 new=1922 elapsed_s=349.107 images_per_s=5.505476 device=mps
2026-09-13 11:40:57,044 INFO completed=26514 new=1942 elapsed_s=352.668 images_per_s=5.506592 device=mps
2026-09-13 11:41:00,594 INFO completed=26534 new=1962 elapsed_s=356.218 images_per_s=5.507863 device=mps
2026-09-13 11:41:04,164 INFO completed=26554 new=1982 elapsed_s=359.788 images_per_s=5.508804 device=mps
2026-09-13 11:41:07,722 INFO completed=26574 new=2002 elapsed_s=363.346 images_per_s=5.509895 device=mps
2026-09-13 11:41:11,278 INFO completed=26594 new=2022 elapsed_s=366.902 images_per_s=5.511009 device=mps
2026-09-13 11:41:14,842 INFO completed=26614 new=2042 elapsed_s=370.466 images_per_s=5.511971 device=mps
2026-09-13 11:41:18,394 INFO completed=26634 new=2062 elapsed_s=374.018 images_per_s=5.513107 device=mps
2026-09-13 11:41:21,934 INFO completed=26654 new=2082 elapsed_s=377.558 images_per_s=5.514382 device=mps
2026-09-13 11:41:25,499 INFO completed=26674 new=2102 elapsed_s=381.123 images_per_s=5.515280 device=mps
2026-09-13 11:41:29,044 INFO completed=26694 new=2122 elapsed_s=384.668 images_per_s=5.516444 device=mps
2026-09-13 11:41:32,604 INFO completed=26714 new=2142 elapsed_s=388.228 images_per_s=5.517372 device=mps
2026-09-13 11:41:36,154 INFO completed=26734 new=2162 elapsed_s=391.778 images_per_s=5.518435 device=mps
2026-09-13 11:41:39,698 INFO completed=26754 new=2182 elapsed_s=395.322 images_per_s=5.519547 device=mps
2026-09-13 11:41:43,249 INFO completed=26774 new=2202 elapsed_s=398.872 images_per_s=5.520562 device=mps
2026-09-13 11:41:46,801 INFO completed=26794 new=2222 elapsed_s=402.425 images_per_s=5.521532 device=mps
2026-09-13 11:41:50,352 INFO completed=26814 new=2242 elapsed_s=405.976 images_per_s=5.522500 device=mps
2026-09-13 11:41:53,914 INFO completed=26834 new=2262 elapsed_s=409.538 images_per_s=5.523294 device=mps
2026-09-13 11:41:57,468 INFO completed=26854 new=2282 elapsed_s=413.092 images_per_s=5.524190 device=mps
2026-09-13 11:42:01,020 INFO completed=26874 new=2302 elapsed_s=416.644 images_per_s=5.525105 device=mps
2026-09-13 11:42:04,587 INFO completed=26894 new=2322 elapsed_s=420.211 images_per_s=5.525794 device=mps
2026-09-13 11:42:08,134 INFO completed=26914 new=2342 elapsed_s=423.758 images_per_s=5.526740 device=mps
2026-09-13 11:42:11,699 INFO completed=26934 new=2362 elapsed_s=427.322 images_per_s=5.527444 device=mps
2026-09-13 11:42:15,244 INFO completed=26954 new=2382 elapsed_s=430.868 images_per_s=5.528380 device=mps
2026-09-13 11:42:18,800 INFO completed=26974 new=2402 elapsed_s=434.424 images_per_s=5.529164 device=mps
2026-09-13 11:42:22,346 INFO completed=26994 new=2422 elapsed_s=437.970 images_per_s=5.530059 device=mps
2026-09-13 11:42:25,902 INFO completed=27014 new=2442 elapsed_s=441.525 images_per_s=5.530825 device=mps
2026-09-13 11:42:29,461 INFO completed=27034 new=2462 elapsed_s=445.085 images_per_s=5.531528 device=mps
2026-09-13 11:42:33,015 INFO completed=27054 new=2482 elapsed_s=448.639 images_per_s=5.532286 device=mps
2026-09-13 11:42:36,578 INFO completed=27074 new=2502 elapsed_s=452.202 images_per_s=5.532927 device=mps
2026-09-13 11:42:40,125 INFO completed=27094 new=2522 elapsed_s=455.749 images_per_s=5.533752 device=mps
2026-09-13 11:42:43,675 INFO completed=27114 new=2542 elapsed_s=459.299 images_per_s=5.534521 device=mps
2026-09-13 11:42:47,236 INFO completed=27134 new=2562 elapsed_s=462.860 images_per_s=5.535155 device=mps
2026-09-13 11:42:50,798 INFO completed=27154 new=2582 elapsed_s=466.421 images_per_s=5.535769 device=mps
2026-09-13 11:42:54,355 INFO completed=27174 new=2602 elapsed_s=469.979 images_per_s=5.536419 device=mps
2026-09-13 11:42:57,898 INFO completed=27194 new=2622 elapsed_s=473.521 images_per_s=5.537238 device=mps
2026-09-13 11:43:01,466 INFO completed=27214 new=2642 elapsed_s=477.090 images_per_s=5.537743 device=mps
2026-09-13 11:43:05,021 INFO completed=27234 new=2662 elapsed_s=480.645 images_per_s=5.538391 device=mps
2026-09-13 11:43:08,569 INFO completed=27254 new=2682 elapsed_s=484.192 images_per_s=5.539125 device=mps
2026-09-13 11:43:12,124 INFO completed=27274 new=2702 elapsed_s=487.747 images_per_s=5.539755 device=mps
2026-09-13 11:43:15,680 INFO completed=27294 new=2722 elapsed_s=491.304 images_per_s=5.540362 device=mps
2026-09-13 11:43:19,238 INFO completed=27314 new=2742 elapsed_s=494.862 images_per_s=5.540943 device=mps
2026-09-13 11:43:22,807 INFO completed=27334 new=2762 elapsed_s=498.430 images_per_s=5.541396 device=mps
2026-09-13 11:43:26,353 INFO completed=27354 new=2782 elapsed_s=501.976 images_per_s=5.542097 device=mps
2026-09-13 11:43:29,905 INFO completed=27374 new=2802 elapsed_s=505.528 images_per_s=5.542716 device=mps
2026-09-13 11:43:33,456 INFO completed=27394 new=2822 elapsed_s=509.080 images_per_s=5.543338 device=mps
2026-09-13 11:43:37,015 INFO completed=27414 new=2842 elapsed_s=512.638 images_per_s=5.543874 device=mps
2026-09-13 11:43:40,572 INFO completed=27434 new=2862 elapsed_s=516.195 images_per_s=5.544417 device=mps
2026-09-13 11:43:44,127 INFO completed=27454 new=2882 elapsed_s=519.751 images_per_s=5.544967 device=mps
2026-09-13 11:43:47,703 INFO completed=27474 new=2902 elapsed_s=523.326 images_per_s=5.545297 device=mps
2026-09-13 11:43:51,286 INFO completed=27494 new=2922 elapsed_s=526.909 images_per_s=5.545545 device=mps
2026-09-13 11:43:54,847 INFO completed=27514 new=2942 elapsed_s=530.471 images_per_s=5.546017 device=mps
2026-09-13 11:43:58,396 INFO completed=27534 new=2962 elapsed_s=534.020 images_per_s=5.546612 device=mps
2026-09-13 11:44:01,950 INFO completed=27554 new=2982 elapsed_s=537.573 images_per_s=5.547153 device=mps
2026-09-13 11:44:05,494 INFO completed=27574 new=3002 elapsed_s=541.117 images_per_s=5.547782 device=mps
2026-09-13 11:44:09,053 INFO completed=27594 new=3022 elapsed_s=544.676 images_per_s=5.548255 device=mps
2026-09-13 11:44:12,602 INFO completed=27614 new=3042 elapsed_s=548.225 images_per_s=5.548814 device=mps
2026-09-13 11:44:16,147 INFO completed=27634 new=3062 elapsed_s=551.770 images_per_s=5.549413 device=mps
2026-09-13 11:44:19,707 INFO completed=27654 new=3082 elapsed_s=555.330 images_per_s=5.549855 device=mps
2026-09-13 11:44:23,245 INFO completed=27674 new=3102 elapsed_s=558.868 images_per_s=5.550505 device=mps
2026-09-13 11:44:26,797 INFO completed=27694 new=3122 elapsed_s=562.420 images_per_s=5.551014 device=mps
