sample_index,image_id,path,target_id,target_name,annotated_category_ids,cci_region,cci_bbox_precision,cci_target_drop_raw,cci_target_drop_norm,cci_margin_norm,cci_pmean_norm,feasible_set_size
0,006915,/Users/von/Projects/cci-local-recovery/rerun_workspace/data/voc2007/VOCdevkit/VOC2007/JPEGImages/006915.jpg,dog,dog,"[""dog"",""bicycle"",""person""]",2,0.4399999976158142,1.2259477376937866,1.248216986656189,-0.8755017518997192,-0.016981124877929688,1
1,000364,/Users/von/Projects/cci-local-recovery/rerun_workspace/data/voc2007/VOCdevkit/VOC2007/JPEGImages/000364.jpg,motorbike,motorbike,"[""motorbike"",""person""]",0,0.6666666865348816,0.4321143329143524,0.4395516514778137,-0.027202218770980835,0.32855573296546936,1
2,008846,/Users/von/Projects/cci-local-recovery/rerun_workspace/data/voc2007/VOCdevkit/VOC2007/JPEGImages/008846.jpg,cat,cat,"[""cat"",""pottedplant""]",0,0.9473684430122375,1.8867708444595337,1.9224603176116943,2.437119960784912,4.290427207946777,1
3,004964,/Users/von/Projects/cci-local-recovery/rerun_workspace/data/voc2007/VOCdevkit/VOC2007/JPEGImages/004964.jpg,sofa,sofa,"[""sofa"",""chair"",""person""]",1,0.8611111044883728,3.214536190032959,3.273242712020874,2.365015745162964,3.6142361164093018,1
4,002631,/Users/von/Projects/cci-local-recovery/rerun_workspace/data/voc2007/VOCdevkit/VOC2007/JPEGImages/002631.jpg,person,person,"[""person"",""bicycle""]",4,1.0,0.6657342314720154,0.6783469319343567,-0.45701533555984497,0.5150209069252014,1
5,004225,/Users/von/Projects/cci-local-recovery/rerun_workspace/data/voc2007/VOCdevkit/VOC2007/JPEGImages/004225.jpg,boat,boat,"[""boat"",""person""]",5,1.0,0.471067875623703,0.48010748624801636,0.3381339907646179,1.524034023284912,1
6,003701,/Users/von/Projects/cci-local-recovery/rerun_workspace/data/voc2007/VOCdevkit/VOC2007/JPEGImages/003701.jpg,car,car,"[""car"",""person""]",7,0.8888888955116272,0.6788252592086792,0.6901984214782715,0.10056591033935547,0.5033313632011414,1
7,006811,/Users/von/Projects/cci-local-recovery/rerun_workspace/data/voc2007/VOCdevkit/VOC2007/JPEGImages/006811.jpg,horse,horse,"[""horse"",""person""]",2,0.9615384340286255,0.7972328662872314,0.8096151947975159,0.058661043643951416,0.5674278140068054,1
8,003217,/Users/von/Projects/cci-local-recovery/rerun_workspace/data/voc2007/VOCdevkit/VOC2007/JPEGImages/003217.jpg,car,car,"[""car"",""person""]",5,1.0,0.53802490234375,0.5470390915870667,0.2801273465156555,0.688330888748169,1
9,002239,/Users/von/Projects/cci-local-recovery/rerun_workspace/data/voc2007/VOCdevkit/VOC2007/JPEGImages/002239.jpg,person,person,"[""person"",""bicycle""]",5,0.1785714328289032,0.22610537707805634,0.2303890734910965,-0.4029616713523865,0.2612716555595398,1
10,008563,/Users/von/Projects/cci-local-recovery/rerun_workspace/data/voc2007/VOCdevkit/VOC2007/JPEGImages/008563.jpg,chair,chair,"[""chair"",""tvmonitor""]",3,0.25641027092933655,2.168333053588867,2.205050230026245,-0.4918854236602783,1.710249900817871,1
11,005844,/Users/von/Projects/cci-local-recovery/rerun_workspace/data/voc2007/VOCdevkit/VOC2007/JPEGImages/005844.jpg,diningtable,diningtable,"[""diningtable"",""chair""]",4,0.18518517911434174,0.7548280358314514,0.7651874423027039,-0.16067612171173096,0.6096653342247009,1
12,004721,/Users/von/Projects/cci-local-recovery/rerun_workspace/data/voc2007/VOCdevkit/VOC2007/JPEGImages/004721.jpg,person,person,"[""person"",""bottle""]",4,0.36000001430511475,-0.12571579217910767,-0.1280975490808487,-2.413980007171631,-0.24021503329277039,2
13,004243,/Users/von/Projects/cci-local-recovery/rerun_workspace/data/voc2007/VOCdevkit/VOC2007/JPEGImages/004243.jpg,motorbike,motorbike,"[""motorbike"",""person""]",2,0.9599999785423279,3.7959797382354736,3.861314296722412,1.6296908855438232,5.560893535614014,1
14,002728,/Users/von/Projects/cci-local-recovery/rerun_workspace/data/voc2007/VOCdevkit/VOC2007/JPEGImages/002728.jpg,person,person,"[""person"",""train""]",4,0.5128205418586731,0.4518827199935913,0.4604438841342926,-0.6461474895477295,0.12854629755020142,1
15,002062,/Users/von/Projects/cci-local-recovery/rerun_workspace/data/voc2007/VOCdevkit/VOC2007/JPEGImages/002062.jpg,tvmonitor,tvmonitor,"[""tvmonitor"",""person""]",3,1.0,1.0517630577087402,1.077337622642517,-0.8167270421981812,0.2998237609863281,1
16,006481,/Users/von/Projects/cci-local-recovery/rerun_workspace/data/voc2007/VOCdevkit/VOC2007/JPEGImages/006481.jpg,car,car,"[""car"",""person""]",0,0.8461538553237915,0.3828754127025604,0.3892901837825775,-0.12566736340522766,0.1681300550699234,1
17,006771,/Users/von/Projects/cci-local-recovery/rerun_workspace/data/voc2007/VOCdevkit/VOC2007/JPEGImages/006771.jpg,diningtable,diningtable,"[""diningtable"",""person"",""tvmonitor""]",2,0.44736841320991516,1.165629267692566,1.181626558303833,0.08667945861816406,0.4943615794181824,1
18,008039,/Users/von/Projects/cci-local-recovery/rerun_workspace/data/voc2007/VOCdevkit/VOC2007/JPEGImages/008039.jpg,pottedplant,pottedplant,"[""pottedplant"",""chair"",""person""]",4,0.4583333432674408,1.111533284187317,1.1320078372955322,0.40779346227645874,1.4221765995025635,1
19,003893,/Users/von/Projects/cci-local-recovery/rerun_workspace/data/voc2007/VOCdevkit/VOC2007/JPEGImages/003893.jpg,car,car,"[""car"",""person""]",1,0.375,0.07181786000728607,0.07302111387252808,-0.22391510009765625,0.02142488583922386,1
20,007689,/Users/von/Projects/cci-local-recovery/rerun_workspace/data/voc2007/VOCdevkit/VOC2007/JPEGImages/007689.jpg,person,person,"[""person"",""dog""]",6,0.9642857313156128,0.6242932081222534,0.6361207962036133,-0.417197585105896,0.11486601829528809,1
21,006984,/Users/von/Projects/cci-local-recovery/rerun_workspace/data/voc2007/VOCdevkit/VOC2007/JPEGImages/006984.jpg,chair,chair,"[""chair"",""tvmonitor""]",5,0.7272727489471436,0.9027532339096069,0.9180399179458618,0.4504779279232025,0.7107430100440979,1
22,009231,/Users/von/Projects/cci-local-recovery/rerun_workspace/data/voc2007/VOCdevkit/VOC2007/JPEGImages/009231.jpg,horse,horse,"[""horse"",""person""]",6,0.6190476417541504,0.38551217317581177,0.391499787569046,-0.9551280736923218,-0.1712069809436798,2
23,004650,/Users/von/Projects/cci-local-recovery/rerun_workspace/data/voc2007/VOCdevkit/VOC2007/JPEGImages/004650.jpg,motorbike,motorbike,"[""motorbike"",""car"",""person""]",5,0.5882353186607361,1.3404024839401245,1.363472819328308,-0.24655842781066895,0.08400428295135498,1
24,007553,/Users/von/Projects/cci-local-recovery/rerun_workspace/data/voc2007/VOCdevkit/VOC2007/JPEGImages/007553.jpg,motorbike,motorbike,"[""motorbike"",""person""]",6,0.8518518805503845,0.3899942636489868,0.39670664072036743,-0.4731367826461792,0.29781150817871094,1
25,000116,/Users/von/Projects/cci-local-recovery/rerun_workspace/data/voc2007/VOCdevkit/VOC2007/JPEGImages/000116.jpg,sofa,sofa,"[""sofa"",""chair"",""pottedplant""]",7,0.8799999952316284,1.800792932510376,1.833680510520935,1.206899642944336,2.760357141494751,1
26,002856,/Users/von/Projects/cci-local-recovery/rerun_workspace/data/voc2007/VOCdevkit/VOC2007/JPEGImages/002856.jpg,diningtable,diningtable,"[""diningtable"",""person""]",5,1.0,0.3509353995323181,0.3557516932487488,-0.34800904989242554,0.20465601980686188,1
27,005898,/Users/von/Projects/cci-local-recovery/rerun_workspace/data/voc2007/VOCdevkit/VOC2007/JPEGImages/005898.jpg,sofa,sofa,"[""sofa"",""chair"",""diningtable"",""person"",""tvmonitor""]",5,0.8571428656578064,0.86508709192276,0.8808860182762146,-2.2455506324768066,0.5276987552642822,1
28,008126,/Users/von/Projects/cci-local-recovery/rerun_workspace/data/voc2007/VOCdevkit/VOC2007/JPEGImages/008126.jpg,person,person,"[""person"",""car""]",0,1.0,0.6882413029670715,0.701280415058136,-1.8429956436157227,0.2107481062412262,1
29,002982,/Users/von/Projects/cci-local-recovery/rerun_workspace/data/voc2007/VOCdevkit/VOC2007/JPEGImages/002982.jpg,person,person,"[""person"",""bottle""]",2,0.4615384638309479,0.45622026920318604,0.4648636281490326,-0.22113046050071716,0.012211740016937256,1
30,007044,/Users/von/Projects/cci-local-recovery/rerun_workspace/data/voc2007/VOCdevkit/VOC2007/JPEGImages/007044.jpg,person,person,"[""person"",""cow""]",1,0.1875,0.4438364803791046,0.45224520564079285,-0.176356703042984,0.27055782079696655,1
31,009475,/Users/von/Projects/cci-local-recovery/rerun_workspace/data/voc2007/VOCdevkit/VOC2007/JPEGImages/009475.jpg,car,car,"[""car"",""person""]",0,1.0,0.2658425271511078,0.27029651403427124,-1.1251280307769775,-0.39672303199768066,1
32,001513,/Users/von/Projects/cci-local-recovery/rerun_workspace/data/voc2007/VOCdevkit/VOC2007/JPEGImages/001513.jpg,chair,chair,"[""chair"",""tvmonitor""]",3,0.0,0.46685919165611267,0.47476470470428467,-0.4236369729042053,0.024835824966430664,1
33,008493,/Users/von/Projects/cci-local-recovery/rerun_workspace/data/voc2007/VOCdevkit/VOC2007/JPEGImages/008493.jpg,dog,dog,"[""dog"",""chair""]",5,1.0,4.019486904144287,4.092500686645508,4.127693176269531,7.200002670288086,1
34,004561,/Users/von/Projects/cci-local-recovery/rerun_workspace/data/voc2007/VOCdevkit/VOC2007/JPEGImages/004561.jpg,horse,horse,"[""horse"",""person""]",2,1.0,5.535914897918701,5.621896743774414,4.212510585784912,6.590207576751709,1
35,001476,/Users/von/Projects/cci-local-recovery/rerun_workspace/data/voc2007/VOCdevkit/VOC2007/JPEGImages/001476.jpg,person,person,"[""person"",""car"",""motorbike""]",6,0.07692307978868484,0.5935278534889221,0.6047725677490234,-0.720463752746582,-0.08084851503372192,1
36,003617,/Users/von/Projects/cci-local-recovery/rerun_workspace/data/voc2007/VOCdevkit/VOC2007/JPEGImages/003617.jpg,person,person,"[""person"",""chair"",""diningtable""]",0,0.375,0.2565690875053406,0.26142993569374084,-0.5158083438873291,-0.16215947270393372,1
37,009916,/Users/von/Projects/cci-local-recovery/rerun_workspace/data/voc2007/VOCdevkit/VOC2007/JPEGImages/009916.jpg,sofa,sofa,"[""sofa"",""chair""]",0,0.5277777910232544,3.2468738555908203,3.30617094039917,1.3020172119140625,2.77632474899292,1
38,004491,/Users/von/Projects/cci-local-recovery/rerun_workspace/data/voc2007/VOCdevkit/VOC2007/JPEGImages/004491.jpg,chair,chair,"[""chair"",""person""]",0,0.939393937587738,0.4097592830657959,0.4166979193687439,-0.31799590587615967,0.30451300740242004,1
39,001551,/Users/von/Projects/cci-local-recovery/rerun_workspace/data/voc2007/VOCdevkit/VOC2007/JPEGImages/001551.jpg,chair,chair,"[""chair"",""tvmonitor""]",1,0.8500000238418579,0.4456331729888916,0.453179270029068,-1.2008285522460938,0.48063236474990845,1
40,001376,/Users/von/Projects/cci-local-recovery/rerun_workspace/data/voc2007/VOCdevkit/VOC2007/JPEGImages/001376.jpg,person,person,"[""person"",""car""]",3,0.8275862336158752,2.437390089035034,2.483567953109741,1.4337613582611084,2.867408514022827,1
41,009708,/Users/von/Projects/cci-local-recovery/rerun_workspace/data/voc2007/VOCdevkit/VOC2007/JPEGImages/009708.jpg,person,person,"[""person"",""chair""]",4,0.30434781312942505,0.9507988095283508,0.9688122272491455,-0.22235620021820068,0.028217196464538574,1
42,003479,/Users/von/Projects/cci-local-recovery/rerun_workspace/data/voc2007/VOCdevkit/VOC2007/JPEGImages/003479.jpg,dog,dog,"[""dog"",""person""]",6,0.6428571343421936,0.4518880248069763,0.460096538066864,-0.2507081627845764,0.15108397603034973,1
43,007462,/Users/von/Projects/cci-local-recovery/rerun_workspace/data/voc2007/VOCdevkit/VOC2007/JPEGImages/007462.jpg,sheep,sheep,"[""sheep"",""bird""]",6,0.9473684430122375,3.2006142139434814,3.264218807220459,1.309532642364502,3.2149031162261963,1
44,003494,/Users/von/Projects/cci-local-recovery/rerun_workspace/data/voc2007/VOCdevkit/VOC2007/JPEGImages/003494.jpg,aeroplane,aeroplane,"[""aeroplane"",""person""]",2,0.15217390656471252,0.7720459699630737,0.7861429452896118,-0.24210131168365479,0.06673121452331543,1
45,008486,/Users/von/Projects/cci-local-recovery/rerun_workspace/data/voc2007/VOCdevkit/VOC2007/JPEGImages/008486.jpg,sofa,sofa,"[""sofa"",""chair"",""tvmonitor""]",0,0.5588235259056091,0.915824294090271,0.9325498342514038,0.7776482105255127,1.084360957145691,1
46,009960,/Users/von/Projects/cci-local-recovery/rerun_workspace/data/voc2007/VOCdevkit/VOC2007/JPEGImages/009960.jpg,motorbike,motorbike,"[""motorbike"",""person""]",4,0.6097561120986938,0.3766573667526245,0.3831402063369751,-0.2018718719482422,0.11622166633605957,1
47,004756,/Users/von/Projects/cci-local-recovery/rerun_workspace/data/voc2007/VOCdevkit/VOC2007/JPEGImages/004756.jpg,horse,horse,"[""horse"",""person""]",5,0.95652174949646,1.820831537246704,1.8491120338439941,2.1512136459350586,3.849355697631836,1
48,009152,/Users/von/Projects/cci-local-recovery/rerun_workspace/data/voc2007/VOCdevkit/VOC2007/JPEGImages/009152.jpg,person,person,"[""person"",""motorbike""]",2,0.3333333432674408,0.25759851932525635,0.26247885823249817,-5.580374240875244,-1.1536200046539307,1
49,008619,/Users/von/Projects/cci-local-recovery/rerun_workspace/data/voc2007/VOCdevkit/VOC2007/JPEGImages/008619.jpg,motorbike,motorbike,"[""motorbike"",""person""]",0,0.6666666865348816,0.6088536977767944,0.6193329691886902,-0.1328047513961792,0.1609654724597931,1
50,004042,/Users/von/Projects/cci-local-recovery/rerun_workspace/data/voc2007/VOCdevkit/VOC2007/JPEGImages/004042.jpg,person,person,"[""person"",""bottle""]",7,1.0,0.26906532049179077,0.2741629183292389,0.10398109257221222,0.44800424575805664,1
51,005506,/Users/von/Projects/cci-local-recovery/rerun_workspace/data/voc2007/VOCdevkit/VOC2007/JPEGImages/005506.jpg,motorbike,motorbike,"[""motorbike"",""person""]",3,0.7894737124443054,0.339499294757843,0.34534257650375366,-0.1652967929840088,0.41205891966819763,1
52,007453,/Users/von/Projects/cci-local-recovery/rerun_workspace/data/voc2007/VOCdevkit/VOC2007/JPEGImages/007453.jpg,sofa,sofa,"[""sofa"",""cat"",""dog""]",0,0.9666666388511658,0.17675380408763885,0.17998182773590088,-1.053464651107788,0.4639334976673126,1
53,001340,/Users/von/Projects/cci-local-recovery/rerun_workspace/data/voc2007/VOCdevkit/VOC2007/JPEGImages/001340.jpg,person,person,"[""person"",""chair"",""dog""]",1,1.0,0.4365040361881256,0.4447738528251648,-0.5586296916007996,0.3477760851383209,1
54,003075,/Users/von/Projects/cci-local-recovery/rerun_workspace/data/voc2007/VOCdevkit/VOC2007/JPEGImages/003075.jpg,person,person,"[""person"",""bicycle""]",7,1.0,0.3240526616573334,0.33019202947616577,-0.16116055846214294,0.04636925458908081,1
55,009487,/Users/von/Projects/cci-local-recovery/rerun_workspace/data/voc2007/VOCdevkit/VOC2007/JPEGImages/009487.jpg,person,person,"[""person"",""chair""]",7,0.9117646813392639,0.6839472651481628,0.6969050168991089,-1.0824631452560425,0.6586790680885315,1
56,001157,/Users/von/Projects/cci-local-recovery/rerun_workspace/data/voc2007/VOCdevkit/VOC2007/JPEGImages/001157.jpg,motorbike,motorbike,"[""motorbike"",""person""]",7,1.0,0.17184798419475555,0.17480574548244476,-0.43983709812164307,0.01166929304599762,1
57,000314,/Users/von/Projects/cci-local-recovery/rerun_workspace/data/voc2007/VOCdevkit/VOC2007/JPEGImages/000314.jpg,sofa,sofa,"[""sofa"",""chair"",""diningtable""]",5,0.05263157933950424,-0.12582114338874817,-0.12811899185180664,-0.2414550483226776,-0.08898008614778519,1
58,006461,/Users/von/Projects/cci-local-recovery/rerun_workspace/data/voc2007/VOCdevkit/VOC2007/JPEGImages/006461.jpg,diningtable,diningtable,"[""diningtable"",""chair"",""sofa""]",6,0.6333333253860474,2.5228281021118164,2.5574517250061035,2.4421236515045166,3.6550683975219727,1
59,004101,/Users/von/Projects/cci-local-recovery/rerun_workspace/data/voc2007/VOCdevkit/VOC2007/JPEGImages/004101.jpg,sofa,sofa,"[""sofa"",""bicycle"",""person""]",4,0.08571428805589676,0.2737070918083191,0.27870574593544006,-0.0725802481174469,0.2634228765964508,2
60,001824,/Users/von/Projects/cci-local-recovery/rerun_workspace/data/voc2007/VOCdevkit/VOC2007/JPEGImages/001824.jpg,dog,dog,"[""dog"",""tvmonitor""]",0,1.0,5.548273086547852,5.649056911468506,4.614087104797363,6.894765853881836,1
61,004426,/Users/von/Projects/cci-local-recovery/rerun_workspace/data/voc2007/VOCdevkit/VOC2007/JPEGImages/004426.jpg,car,car,"[""car"",""person""]",1,1.0,0.46601685881614685,0.4738245904445648,-0.1946333944797516,0.4017179012298584,1
62,001180,/Users/von/Projects/cci-local-recovery/rerun_workspace/data/voc2007/VOCdevkit/VOC2007/JPEGImages/001180.jpg,person,person,"[""person"",""pottedplant"",""sofa""]",1,0.8571428656578064,1.4467229843139648,1.4741319417953491,0.18205606937408447,1.7772395610809326,1
63,001095,/Users/von/Projects/cci-local-recovery/rerun_workspace/data/voc2007/VOCdevkit/VOC2007/JPEGImages/001095.jpg,dog,dog,"[""dog"",""person""]",4,0.9130434989929199,4.351423740386963,4.430467128753662,-0.8481950759887695,4.366469383239746,1
64,009827,/Users/von/Projects/cci-local-recovery/rerun_workspace/data/voc2007/VOCdevkit/VOC2007/JPEGImages/009827.jpg,train,train,"[""train"",""car""]",4,0.8636363744735718,1.0257339477539062,1.043839931488037,-1.174757957458496,0.825271725654602,1
65,001055,/Users/von/Projects/cci-local-recovery/rerun_workspace/data/voc2007/VOCdevkit/VOC2007/JPEGImages/001055.jpg,chair,chair,"[""chair"",""person""]",3,0.96875,0.4723318815231323,0.48033007979393005,-0.6331765651702881,0.3799281120300293,1
66,003532,/Users/von/Projects/cci-local-recovery/rerun_workspace/data/voc2007/VOCdevkit/VOC2007/JPEGImages/003532.jpg,sofa,sofa,"[""sofa"",""chair"",""tvmonitor""]",5,0.07407407462596893,0.37384408712387085,0.38067153096199036,-0.6712992191314697,0.05220061540603638,1
67,001826,/Users/von/Projects/cci-local-recovery/rerun_workspace/data/voc2007/VOCdevkit/VOC2007/JPEGImages/001826.jpg,sofa,sofa,"[""sofa"",""chair"",""tvmonitor""]",7,0.4000000059604645,0.74207603931427,0.7556284666061401,-0.4256995916366577,1.2403993606567383,1
68,005392,/Users/von/Projects/cci-local-recovery/rerun_workspace/data/voc2007/VOCdevkit/VOC2007/JPEGImages/005392.jpg,aeroplane,aeroplane,"[""aeroplane"",""person""]",5,1.0,1.1375051736831665,1.1582751274108887,0.624038577079773,1.0641186237335205,1
69,008579,/Users/von/Projects/cci-local-recovery/rerun_workspace/data/voc2007/VOCdevkit/VOC2007/JPEGImages/008579.jpg,motorbike,motorbike,"[""motorbike"",""car"",""person""]",2,0.8214285969734192,7.170069217681885,7.293476581573486,3.1548538208007812,7.407700061798096,1
70,002240,/Users/von/Projects/cci-local-recovery/rerun_workspace/data/voc2007/VOCdevkit/VOC2007/JPEGImages/002240.jpg,diningtable,diningtable,"[""diningtable"",""chair"",""pottedplant""]",5,0.8148148059844971,1.274481177330017,1.2919723987579346,-0.9014973640441895,1.1714472770690918,1
71,004937,/Users/von/Projects/cci-local-recovery/rerun_workspace/data/voc2007/VOCdevkit/VOC2007/JPEGImages/004937.jpg,boat,boat,"[""boat"",""person""]",7,0.9473684430122375,0.35225769877433777,0.35901740193367004,-0.06197965145111084,0.1627623736858368,1
72,000010,/Users/von/Projects/cci-local-recovery/rerun_workspace/data/voc2007/VOCdevkit/VOC2007/JPEGImages/000010.jpg,horse,horse,"[""horse"",""person""]",1,1.0,1.9419244527816772,1.97208571434021,1.138545036315918,2.4722933769226074,1
73,006452,/Users/von/Projects/cci-local-recovery/rerun_workspace/data/voc2007/VOCdevkit/VOC2007/JPEGImages/006452.jpg,person,person,"[""person"",""bottle"",""sofa"",""tvmonitor""]",5,0.949999988079071,1.1881599426269531,1.2106703519821167,-0.4245572090148926,0.7381486892700195,1
74,005119,/Users/von/Projects/cci-local-recovery/rerun_workspace/data/voc2007/VOCdevkit/VOC2007/JPEGImages/005119.jpg,bicycle,bicycle,"[""bicycle"",""person""]",2,1.0,1.8368966579437256,1.8711344003677368,1.7919288873672485,2.511561632156372,1
75,007756,/Users/von/Projects/cci-local-recovery/rerun_workspace/data/voc2007/VOCdevkit/VOC2007/JPEGImages/007756.jpg,chair,chair,"[""chair"",""person""]",5,0.4117647111415863,1.5936726331710815,1.6206589937210083,1.5672074556350708,2.419581890106201,1
76,002813,/Users/von/Projects/cci-local-recovery/rerun_workspace/data/voc2007/VOCdevkit/VOC2007/JPEGImages/002813.jpg,chair,chair,"[""chair"",""person""]",2,0.9615384340286255,0.4482612907886505,0.45585188269615173,-0.8461241722106934,0.3198034465312958,1
77,000687,/Users/von/Projects/cci-local-recovery/rerun_workspace/data/voc2007/VOCdevkit/VOC2007/JPEGImages/000687.jpg,car,car,"[""car"",""person""]",7,1.0,0.19145801663398743,0.19466574490070343,-0.39654749631881714,-0.0032025128602981567,1
78,008852,/Users/von/Projects/cci-local-recovery/rerun_workspace/data/voc2007/VOCdevkit/VOC2007/JPEGImages/008852.jpg,motorbike,motorbike,"[""motorbike"",""person""]",7,0.9285714030265808,0.28098905086517334,0.28582528233528137,-0.03347936272621155,0.12734229862689972,1
79,008566,/Users/von/Projects/cci-local-recovery/rerun_workspace/data/voc2007/VOCdevkit/VOC2007/JPEGImages/008566.jpg,person,person,"[""person"",""bicycle""]",1,0.36666667461395264,0.46523529291152954,0.47404944896698,-0.2980270981788635,-0.02437087893486023,1
80,004410,/Users/von/Projects/cci-local-recovery/rerun_workspace/data/voc2007/VOCdevkit/VOC2007/JPEGImages/004410.jpg,tvmonitor,tvmonitor,"[""tvmonitor"",""person""]",5,1.0,1.4669225215911865,1.5025920867919922,0.7986613512039185,1.6029207706451416,1
81,000252,/Users/von/Projects/cci-local-recovery/rerun_workspace/data/voc2007/VOCdevkit/VOC2007/JPEGImages/000252.jpg,bus,bus,"[""bus"",""car"",""person""]",2,0.9090909361839294,2.2181556224823,2.2625911235809326,1.0078842639923096,2.293015241622925,1
82,009690,/Users/von/Projects/cci-local-recovery/rerun_workspace/data/voc2007/VOCdevkit/VOC2007/JPEGImages/009690.jpg,diningtable,diningtable,"[""diningtable"",""chair""]",1,0.42222222685813904,1.292710781097412,1.3104521036148071,0.8005030155181885,1.2812217473983765,1
83,009599,/Users/von/Projects/cci-local-recovery/rerun_workspace/data/voc2007/VOCdevkit/VOC2007/JPEGImages/009599.jpg,car,car,"[""car"",""person""]",1,0.9473684430122375,1.7936896085739136,1.8237414360046387,0.9170746207237244,1.8651212453842163,1
84,003755,/Users/von/Projects/cci-local-recovery/rerun_workspace/data/voc2007/VOCdevkit/VOC2007/JPEGImages/003755.jpg,sofa,sofa,"[""sofa"",""chair""]",0,1.0,2.780945301055908,2.831733226776123,1.1356346607208252,1.918782114982605,1
85,002301,/Users/von/Projects/cci-local-recovery/rerun_workspace/data/voc2007/VOCdevkit/VOC2007/JPEGImages/002301.jpg,diningtable,diningtable,"[""diningtable"",""chair"",""person""]",0,0.47058823704719543,0.12438653409481049,0.12609364092350006,-0.25933611392974854,-0.00014579296112060547,2
86,004378,/Users/von/Projects/cci-local-recovery/rerun_workspace/data/voc2007/VOCdevkit/VOC2007/JPEGImages/004378.jpg,person,person,"[""person"",""car""]",6,0.46052631735801697,1.0758228302001953,1.0962048768997192,-2.1012253761291504,-0.48791658878326416,1
87,002144,/Users/von/Projects/cci-local-recovery/rerun_workspace/data/voc2007/VOCdevkit/VOC2007/JPEGImages/002144.jpg,bird,bird,"[""bird"",""person""]",1,0.9285714030265808,4.04843282699585,4.120268821716309,3.2185256481170654,5.399660110473633,1
88,000291,/Users/von/Projects/cci-local-recovery/rerun_workspace/data/voc2007/VOCdevkit/VOC2007/JPEGImages/000291.jpg,tvmonitor,tvmonitor,"[""tvmonitor"",""person""]",4,0.5,1.2942801713943481,1.325751781463623,-0.04273819923400879,0.522551417350769,1
89,000697,/Users/von/Projects/cci-local-recovery/rerun_workspace/data/voc2007/VOCdevkit/VOC2007/JPEGImages/000697.jpg,person,person,"[""person"",""bicycle""]",2,0.07407407462596893,0.621982216835022,0.6337660551071167,-0.34225982427597046,-0.0029262304306030273,1
90,009486,/Users/von/Projects/cci-local-recovery/rerun_workspace/data/voc2007/VOCdevkit/VOC2007/JPEGImages/009486.jpg,diningtable,diningtable,"[""diningtable"",""chair"",""sofa"",""tvmonitor""]",4,0.0,0.1875312179327011,0.19010493159294128,0.020827382802963257,0.14909452199935913,1
91,008868,/Users/von/Projects/cci-local-recovery/rerun_workspace/data/voc2007/VOCdevkit/VOC2007/JPEGImages/008868.jpg,boat,boat,"[""boat"",""motorbike"",""person""]",4,0.0714285746216774,0.9738869667053223,0.9925755262374878,0.5143786668777466,0.7766774892807007,1
92,000532,/Users/von/Projects/cci-local-recovery/rerun_workspace/data/voc2007/VOCdevkit/VOC2007/JPEGImages/000532.jpg,person,person,"[""person"",""motorbike""]",3,0.29629629850387573,-0.03847227245569229,-0.039201151579618454,-0.6381253004074097,-0.12223580479621887,1
93,000234,/Users/von/Projects/cci-local-recovery/rerun_workspace/data/voc2007/VOCdevkit/VOC2007/JPEGImages/000234.jpg,chair,chair,"[""chair"",""pottedplant""]",0,0.6315789222717285,3.7095911502838135,3.772407293319702,1.8555541038513184,3.6312780380249023,1
94,006432,/Users/von/Projects/cci-local-recovery/rerun_workspace/data/voc2007/VOCdevkit/VOC2007/JPEGImages/006432.jpg,person,person,"[""person"",""bottle""]",4,0.2931034564971924,0.013310998678207397,0.013563183136284351,0.03816254436969757,0.24380119144916534,1
95,006779,/Users/von/Projects/cci-local-recovery/rerun_workspace/data/voc2007/VOCdevkit/VOC2007/JPEGImages/006779.jpg,horse,horse,"[""horse"",""person""]",1,1.0,0.39615094661712646,0.4023038148880005,0.148226797580719,0.44818171858787537,1
96,001975,/Users/von/Projects/cci-local-recovery/rerun_workspace/data/voc2007/VOCdevkit/VOC2007/JPEGImages/001975.jpg,diningtable,diningtable,"[""diningtable"",""bottle"",""person""]",2,0.8292682766914368,0.6599127054214478,0.668969452381134,-0.31173694133758545,0.25792908668518066,1
97,004029,/Users/von/Projects/cci-local-recovery/rerun_workspace/data/voc2007/VOCdevkit/VOC2007/JPEGImages/004029.jpg,sofa,sofa,"[""sofa"",""cat"",""dog""]",3,0.97826087474823,1.0229346752166748,1.0416163206100464,0.6079559326171875,1.6582874059677124,1
98,005936,/Users/von/Projects/cci-local-recovery/rerun_workspace/data/voc2007/VOCdevkit/VOC2007/JPEGImages/005936.jpg,cat,cat,"[""cat"",""bottle""]",0,0.9583333134651184,0.12383049726486206,0.12617282569408417,-0.3293171525001526,0.15940722823143005,1
99,006672,/Users/von/Projects/cci-local-recovery/rerun_workspace/data/voc2007/VOCdevkit/VOC2007/JPEGImages/006672.jpg,horse,horse,"[""horse"",""person""]",0,0.9285714030265808,1.4987921714782715,1.5220708847045898,-0.26190948486328125,1.1056993007659912,1
100,003304,/Users/von/Projects/cci-local-recovery/rerun_workspace/data/voc2007/VOCdevkit/VOC2007/JPEGImages/003304.jpg,person,person,"[""person"",""horse""]",4,0.3492063581943512,0.8332946300506592,0.8490818738937378,-0.10923248529434204,0.06548899412155151,1
101,005255,/Users/von/Projects/cci-local-recovery/rerun_workspace/data/voc2007/VOCdevkit/VOC2007/JPEGImages/005255.jpg,tvmonitor,tvmonitor,"[""tvmonitor"",""cat"",""person""]",0,0.0416666679084301,3.637439250946045,3.725886821746826,2.7921016216278076,4.054227352142334,1
102,001133,/Users/von/Projects/cci-local-recovery/rerun_workspace/data/voc2007/VOCdevkit/VOC2007/JPEGImages/001133.jpg,sofa,sofa,"[""sofa"",""person""]",0,1.0,1.8748387098312378,1.909078598022461,0.996051549911499,1.863908290863037,1
103,007652,/Users/von/Projects/cci-local-recovery/rerun_workspace/data/voc2007/VOCdevkit/VOC2007/JPEGImages/007652.jpg,person,person,"[""person"",""bottle"",""chair""]",5,0.9230769276618958,0.1634853184223175,0.1665826439857483,-0.49893248081207275,0.31225359439849854,1
104,000227,/Users/von/Projects/cci-local-recovery/rerun_workspace/data/voc2007/VOCdevkit/VOC2007/JPEGImages/000227.jpg,cat,cat,"[""cat"",""tvmonitor""]",2,0.8888888955116272,2.5802478790283203,2.6290547847747803,2.947660446166992,3.963411808013916,1
105,008238,/Users/von/Projects/cci-local-recovery/rerun_workspace/data/voc2007/VOCdevkit/VOC2007/JPEGImages/008238.jpg,person,person,"[""person"",""dog""]",1,0.4749999940395355,0.3433002531528473,0.3498042821884155,-0.4284113049507141,-0.032688647508621216,1
106,007303,/Users/von/Projects/cci-local-recovery/rerun_workspace/data/voc2007/VOCdevkit/VOC2007/JPEGImages/007303.jpg,horse,horse,"[""horse"",""person""]",2,0.9629629850387573,0.7324094772338867,0.7437849640846252,-0.30577296018600464,0.7120647430419922,1
107,001363,/Users/von/Projects/cci-local-recovery/rerun_workspace/data/voc2007/VOCdevkit/VOC2007/JPEGImages/001363.jpg,tvmonitor,tvmonitor,"[""tvmonitor"",""person""]",5,0.3636363744735718,1.0610913038253784,1.0868927240371704,0.6796531081199646,0.9293977618217468,1
108,005240,/Users/von/Projects/cci-local-recovery/rerun_workspace/data/voc2007/VOCdevkit/VOC2007/JPEGImages/005240.jpg,train,train,"[""train"",""person""]",5,1.0,0.3052838146686554,0.3106726109981537,0.027400434017181396,0.4866233468055725,1
109,002597,/Users/von/Projects/cci-local-recovery/rerun_workspace/data/voc2007/VOCdevkit/VOC2007/JPEGImages/002597.jpg,dog,dog,"[""dog"",""cat""]",0,0.2777777910232544,0.77399080991745,0.7880502939224243,-0.35005342960357666,0.005528151988983154,1
110,002607,/Users/von/Projects/cci-local-recovery/rerun_workspace/data/voc2007/VOCdevkit/VOC2007/JPEGImages/002607.jpg,car,car,"[""car"",""person""]",2,0.6000000238418579,0.3515991270542145,0.3574898838996887,1.3332253694534302,3.1686036586761475,1
111,002626,/Users/von/Projects/cci-local-recovery/rerun_workspace/data/voc2007/VOCdevkit/VOC2007/JPEGImages/002626.jpg,person,person,"[""person"",""bicycle""]",4,0.8399999737739563,0.5090247988700867,0.5186685919761658,0.04254874587059021,0.6377183198928833,1
112,000630,/Users/von/Projects/cci-local-recovery/rerun_workspace/data/voc2007/VOCdevkit/VOC2007/JPEGImages/000630.jpg,motorbike,motorbike,"[""motorbike"",""person""]",6,0.25,0.18211254477500916,0.18524697422981262,-0.2676282823085785,-0.11491590738296509,2
113,007081,/Users/von/Projects/cci-local-recovery/rerun_workspace/data/voc2007/VOCdevkit/VOC2007/JPEGImages/007081.jpg,person,person,"[""person"",""dog""]",0,0.1875,0.7102665305137634,0.7237229347229004,-0.040915727615356445,0.8007994294166565,1
114,005727,/Users/von/Projects/cci-local-recovery/rerun_workspace/data/voc2007/VOCdevkit/VOC2007/JPEGImages/005727.jpg,sofa,sofa,"[""sofa"",""chair""]",0,1.0,0.9527016878128052,0.9701007008552551,-0.08511525392532349,0.8492799997329712,1
115,006152,/Users/von/Projects/cci-local-recovery/rerun_workspace/data/voc2007/VOCdevkit/VOC2007/JPEGImages/006152.jpg,person,person,"[""person"",""bottle""]",1,1.0,0.37937602400779724,0.3865635097026825,-0.8280109167098999,0.32490265369415283,1
116,002031,/Users/von/Projects/cci-local-recovery/rerun_workspace/data/voc2007/VOCdevkit/VOC2007/JPEGImages/002031.jpg,horse,horse,"[""horse"",""person""]",2,0.930232584476471,2.5615057945251465,2.601290225982666,2.283315420150757,3.3578739166259766,1
117,006057,/Users/von/Projects/cci-local-recovery/rerun_workspace/data/voc2007/VOCdevkit/VOC2007/JPEGImages/006057.jpg,diningtable,diningtable,"[""diningtable"",""bottle"",""chair""]",4,0.6744186282157898,0.8955594897270203,0.9078502655029297,-0.5741250514984131,0.9953288435935974,1
118,004144,/Users/von/Projects/cci-local-recovery/rerun_workspace/data/voc2007/VOCdevkit/VOC2007/JPEGImages/004144.jpg,person,person,"[""person"",""bus""]",4,0.0,0.5466826558113098,0.5570398569107056,-0.5638399124145508,0.38020044565200806,1
119,007646,/Users/von/Projects/cci-local-recovery/rerun_workspace/data/voc2007/VOCdevkit/VOC2007/JPEGImages/007646.jpg,bicycle,bicycle,"[""bicycle"",""person""]",5,0.9444444179534912,0.8558038473129272,0.871755063533783,-0.5674852728843689,0.2439911961555481,1
120,009118,/Users/von/Projects/cci-local-recovery/rerun_workspace/data/voc2007/VOCdevkit/VOC2007/JPEGImages/009118.jpg,sofa,sofa,"[""sofa"",""chair""]",3,1.0,2.3032686710357666,2.3453328609466553,1.1410672664642334,2.341609477996826,1
121,008207,/Users/von/Projects/cci-local-recovery/rerun_workspace/data/voc2007/VOCdevkit/VOC2007/JPEGImages/008207.jpg,person,person,"[""person"",""pottedplant""]",4,0.8888888955116272,0.08824244886636734,0.08991425484418869,-0.5298140048980713,-0.08264926820993423,1
122,009023,/Users/von/Projects/cci-local-recovery/rerun_workspace/data/voc2007/VOCdevkit/VOC2007/JPEGImages/009023.jpg,car,car,"[""car"",""person""]",7,0.6363636255264282,0.1446666717529297,0.14709044992923737,-0.4226360321044922,0.3231082558631897,1
123,009590,/Users/von/Projects/cci-local-recovery/rerun_workspace/data/voc2007/VOCdevkit/VOC2007/JPEGImages/009590.jpg,car,car,"[""car"",""person""]",3,0.3947368562221527,0.1387341022491455,0.14105847477912903,-0.5080749988555908,-0.07107987999916077,1
124,003517,/Users/von/Projects/cci-local-recovery/rerun_workspace/data/voc2007/VOCdevkit/VOC2007/JPEGImages/003517.jpg,person,person,"[""person"",""bus"",""car""]",3,1.0,0.5357779264450073,0.5459285378456116,-0.27469825744628906,0.8502305150032043,1
125,008915,/Users/von/Projects/cci-local-recovery/rerun_workspace/data/voc2007/VOCdevkit/VOC2007/JPEGImages/008915.jpg,bus,bus,"[""bus"",""car"",""person""]",2,0.800000011920929,0.4629032015800476,0.47217637300491333,-0.1894153356552124,0.33286094665527344,1
126,009014,/Users/von/Projects/cci-local-recovery/rerun_workspace/data/voc2007/VOCdevkit/VOC2007/JPEGImages/009014.jpg,dog,dog,"[""dog"",""person""]",0,0.095238097012043,0.8734533190727234,0.8893195390701294,-0.10922032594680786,0.5795223712921143,1
127,003488,/Users/von/Projects/cci-local-recovery/rerun_workspace/data/voc2007/VOCdevkit/VOC2007/JPEGImages/003488.jpg,pottedplant,pottedplant,"[""pottedplant"",""bottle""]",6,0.75,4.706870079040527,4.7935709953308105,5.071080207824707,6.245996475219727,1
128,003049,/Users/von/Projects/cci-local-recovery/rerun_workspace/data/voc2007/VOCdevkit/VOC2007/JPEGImages/003049.jpg,person,person,"[""person"",""chair""]",3,0.6756756901741028,0.6978378891944885,0.7110588550567627,0.20708948373794556,0.7650638222694397,1
129,004725,/Users/von/Projects/cci-local-recovery/rerun_workspace/data/voc2007/VOCdevkit/VOC2007/JPEGImages/004725.jpg,motorbike,motorbike,"[""motorbike"",""person""]",3,0.4166666567325592,0.7238554954528809,0.7363141179084778,-0.5279937386512756,-0.08377158641815186,1
130,005959,/Users/von/Projects/cci-local-recovery/rerun_workspace/data/voc2007/VOCdevkit/VOC2007/JPEGImages/005959.jpg,car,car,"[""car"",""person""]",2,1.0,0.5793851613998413,0.5890923142433167,-0.7623289227485657,-0.20749706029891968,2
131,001159,/Users/von/Projects/cci-local-recovery/rerun_workspace/data/voc2007/VOCdevkit/VOC2007/JPEGImages/001159.jpg,sofa,sofa,"[""sofa"",""person""]",4,0.9777777791023254,1.2640835046768188,1.2871692180633545,0.6981793642044067,1.4733020067214966,1
132,009662,/Users/von/Projects/cci-local-recovery/rerun_workspace/data/voc2007/VOCdevkit/VOC2007/JPEGImages/009662.jpg,diningtable,diningtable,"[""diningtable"",""chair""]",5,1.0,0.5971705317497253,0.6053661704063416,0.44463619589805603,0.8821455240249634,1
133,007164,/Users/von/Projects/cci-local-recovery/rerun_workspace/data/voc2007/VOCdevkit/VOC2007/JPEGImages/007164.jpg,aeroplane,aeroplane,"[""aeroplane"",""bus"",""car"",""pottedplant""]",1,1.0,0.285750150680542,0.290967732667923,-0.1011432409286499,0.8082901239395142,1
134,004210,/Users/von/Projects/cci-local-recovery/rerun_workspace/data/voc2007/VOCdevkit/VOC2007/JPEGImages/004210.jpg,sofa,sofa,"[""sofa"",""person""]",2,0.9655172228813171,0.9575381875038147,0.9750255346298218,0.43131399154663086,1.27776038646698,1
135,008162,/Users/von/Projects/cci-local-recovery/rerun_workspace/data/voc2007/VOCdevkit/VOC2007/JPEGImages/008162.jpg,sofa,sofa,"[""sofa"",""pottedplant""]",6,0.90625,0.981108546257019,0.999026358127594,0.5096481442451477,1.3875646591186523,1
136,006453,/Users/von/Projects/cci-local-recovery/rerun_workspace/data/voc2007/VOCdevkit/VOC2007/JPEGImages/006453.jpg,person,person,"[""person"",""chair""]",1,1.0,0.5285061597824097,0.538519024848938,-0.25400394201278687,0.7907062768936157,1
137,007722,/Users/von/Projects/cci-local-recovery/rerun_workspace/data/voc2007/VOCdevkit/VOC2007/JPEGImages/007722.jpg,diningtable,diningtable,"[""diningtable"",""chair"",""pottedplant""]",7,1.0,1.6903038024902344,1.7135018110275269,1.1666598320007324,1.971604585647583,1
138,007181,/Users/von/Projects/cci-local-recovery/rerun_workspace/data/voc2007/VOCdevkit/VOC2007/JPEGImages/007181.jpg,person,person,"[""person"",""dog""]",6,0.2432432472705841,0.8988559246063232,0.9158852696418762,-1.7491886615753174,0.12187439203262329,1
139,008496,/Users/von/Projects/cci-local-recovery/rerun_workspace/data/voc2007/VOCdevkit/VOC2007/JPEGImages/008496.jpg,person,person,"[""person"",""cat"",""chair"",""sofa""]",1,0.02500000037252903,0.28677183389663696,0.292204886674881,-0.19837594032287598,-0.02423107624053955,1
140,005809,/Users/von/Projects/cci-local-recovery/rerun_workspace/data/voc2007/VOCdevkit/VOC2007/JPEGImages/005809.jpg,bus,bus,"[""bus"",""car"",""person""]",2,0.8888888955116272,1.141212821006775,1.1640743017196655,0.07383430004119873,1.2259060144424438,1
141,009310,/Users/von/Projects/cci-local-recovery/rerun_workspace/data/voc2007/VOCdevkit/VOC2007/JPEGImages/009310.jpg,chair,chair,"[""chair"",""cat"",""tvmonitor""]",2,0.8823529481887817,0.15163949131965637,0.1542072594165802,-0.14944246411323547,0.23846435546875,1
142,009930,/Users/von/Projects/cci-local-recovery/rerun_workspace/data/voc2007/VOCdevkit/VOC2007/JPEGImages/009930.jpg,person,person,"[""person"",""chair"",""diningtable""]",5,1.0,-0.3842107951641083,-0.3914898931980133,-0.7492585182189941,0.7575576305389404,1
143,008525,/Users/von/Projects/cci-local-recovery/rerun_workspace/data/voc2007/VOCdevkit/VOC2007/JPEGImages/008525.jpg,tvmonitor,tvmonitor,"[""tvmonitor"",""cat""]",3,1.0,0.24743296205997467,0.25344952940940857,-0.4118112623691559,-0.05063420534133911,1
144,004476,/Users/von/Projects/cci-local-recovery/rerun_workspace/data/voc2007/VOCdevkit/VOC2007/JPEGImages/004476.jpg,person,person,"[""person"",""bottle""]",7,1.0,-0.30960938334465027,-0.31547510623931885,-1.2609282732009888,-0.6109908819198608,1
145,005617,/Users/von/Projects/cci-local-recovery/rerun_workspace/data/voc2007/VOCdevkit/VOC2007/JPEGImages/005617.jpg,cow,cow,"[""cow"",""person""]",4,0.8888888955116272,5.772898197174072,5.873234272003174,3.413231611251831,5.366761207580566,1
146,008648,/Users/von/Projects/cci-local-recovery/rerun_workspace/data/voc2007/VOCdevkit/VOC2007/JPEGImages/008648.jpg,person,person,"[""person"",""motorbike""]",3,0.1818181872367859,0.7088541984558105,0.7222838401794434,-0.3013479709625244,1.2346258163452148,1
147,003894,/Users/von/Projects/cci-local-recovery/rerun_workspace/data/voc2007/VOCdevkit/VOC2007/JPEGImages/003894.jpg,diningtable,diningtable,"[""diningtable"",""chair""]",4,0.05263157933950424,0.2256985455751419,0.2287960648536682,-0.5845363736152649,-0.2692435383796692,1
148,000693,/Users/von/Projects/cci-local-recovery/rerun_workspace/data/voc2007/VOCdevkit/VOC2007/JPEGImages/000693.jpg,car,car,"[""car"",""person""]",6,0.8999999761581421,4.69372034072876,4.772359848022461,3.1735634803771973,3.918947458267212,1
149,004084,/Users/von/Projects/cci-local-recovery/rerun_workspace/data/voc2007/VOCdevkit/VOC2007/JPEGImages/004084.jpg,horse,horse,"[""horse"",""person""]",4,0.9800000190734863,1.33815336227417,1.3589370250701904,1.579807996749878,2.633409023284912,1
150,003815,/Users/von/Projects/cci-local-recovery/rerun_workspace/data/voc2007/VOCdevkit/VOC2007/JPEGImages/003815.jpg,car,car,"[""car"",""person""]",5,0.8787878751754761,0.5011472105979919,0.5095435380935669,1.7069900035858154,4.250927925109863,1
151,005251,/Users/von/Projects/cci-local-recovery/rerun_workspace/data/voc2007/VOCdevkit/VOC2007/JPEGImages/005251.jpg,train,train,"[""train"",""person""]",0,1.0,-0.0049333092756569386,-0.005020391196012497,-0.3334205150604248,0.3017491400241852,1
152,007348,/Users/von/Projects/cci-local-recovery/rerun_workspace/data/voc2007/VOCdevkit/VOC2007/JPEGImages/007348.jpg,chair,chair,"[""chair"",""tvmonitor""]",3,0.7857142686843872,1.214844822883606,1.235416293144226,-0.33793532848358154,0.857956051826477,1
153,009124,/Users/von/Projects/cci-local-recovery/rerun_workspace/data/voc2007/VOCdevkit/VOC2007/JPEGImages/009124.jpg,train,train,"[""train"",""person""]",0,0.9285714030265808,0.5084001421928406,0.5173743367195129,-0.6229575276374817,0.3268367350101471,1
154,008418,/Users/von/Projects/cci-local-recovery/rerun_workspace/data/voc2007/VOCdevkit/VOC2007/JPEGImages/008418.jpg,person,person,"[""person"",""cow""]",2,1.0,0.10783981531858444,0.1098828986287117,-0.08251134306192398,1.0423344373703003,1
155,007752,/Users/von/Projects/cci-local-recovery/rerun_workspace/data/voc2007/VOCdevkit/VOC2007/JPEGImages/007752.jpg,person,person,"[""person"",""chair"",""pottedplant""]",5,0.9285714030265808,1.1274768114089966,1.1488374471664429,0.8947917222976685,1.6979820728302002,1
156,008785,/Users/von/Projects/cci-local-recovery/rerun_workspace/data/voc2007/VOCdevkit/VOC2007/JPEGImages/008785.jpg,car,car,"[""car"",""person""]",3,1.0,0.1659693866968155,0.1687500774860382,-0.6439394950866699,-0.04144786298274994,1
157,005931,/Users/von/Projects/cci-local-recovery/rerun_workspace/data/voc2007/VOCdevkit/VOC2007/JPEGImages/005931.jpg,motorbike,motorbike,"[""motorbike"",""person""]",6,0.5833333134651184,6.805591583251953,6.922726154327393,2.8185019493103027,7.3309807777404785,1
158,007828,/Users/von/Projects/cci-local-recovery/rerun_workspace/data/voc2007/VOCdevkit/VOC2007/JPEGImages/007828.jpg,dog,dog,"[""dog"",""chair""]",0,0.95652174949646,0.4285970628261566,0.4363825023174286,-0.3538234531879425,0.4384416341781616,1
159,000727,/Users/von/Projects/cci-local-recovery/rerun_workspace/data/voc2007/VOCdevkit/VOC2007/JPEGImages/000727.jpg,bus,bus,"[""bus"",""car"",""person""]",3,1.0,1.4107757806777954,1.4390373229980469,-0.02016735076904297,1.4792972803115845,1
160,002168,/Users/von/Projects/cci-local-recovery/rerun_workspace/data/voc2007/VOCdevkit/VOC2007/JPEGImages/002168.jpg,person,person,"[""person"",""bicycle""]",6,0.7777777910232544,1.156740665435791,1.178655743598938,-0.4641432762145996,0.5180362462997437,1
161,008034,/Users/von/Projects/cci-local-recovery/rerun_workspace/data/voc2007/VOCdevkit/VOC2007/JPEGImages/008034.jpg,person,person,"[""person"",""motorbike""]",2,0.7272727489471436,-0.2540501654148102,-0.25886330008506775,-0.4262499213218689,-0.019563674926757812,2
162,000538,/Users/von/Projects/cci-local-recovery/rerun_workspace/data/voc2007/VOCdevkit/VOC2007/JPEGImages/000538.jpg,person,person,"[""person"",""boat""]",7,0.699999988079071,0.6075494289398193,0.6190598011016846,-0.5866607427597046,0.03810602426528931,1
163,008543,/Users/von/Projects/cci-local-recovery/rerun_workspace/data/voc2007/VOCdevkit/VOC2007/JPEGImages/008543.jpg,sofa,sofa,"[""sofa"",""chair""]",1,0.6666666865348816,1.1786506175994873,1.2001761198043823,0.816220760345459,1.9825007915496826,1
164,008152,/Users/von/Projects/cci-local-recovery/rerun_workspace/data/voc2007/VOCdevkit/VOC2007/JPEGImages/008152.jpg,car,car,"[""car"",""person""]",3,0.9767441749572754,0.9321396946907043,0.9477569460868835,1.5838346481323242,2.404000759124756,1
165,008245,/Users/von/Projects/cci-local-recovery/rerun_workspace/data/voc2007/VOCdevkit/VOC2007/JPEGImages/008245.jpg,diningtable,diningtable,"[""diningtable"",""chair"",""person"",""pottedplant""]",2,1.0,1.1847519874572754,1.2010116577148438,1.220699667930603,1.7726274728775024,1
166,000978,/Users/von/Projects/cci-local-recovery/rerun_workspace/data/voc2007/VOCdevkit/VOC2007/JPEGImages/000978.jpg,person,person,"[""person"",""horse""]",5,1.0,0.20714326202869415,0.21106770634651184,-1.4055243730545044,0.248695969581604,1
167,009804,/Users/von/Projects/cci-local-recovery/rerun_workspace/data/voc2007/VOCdevkit/VOC2007/JPEGImages/009804.jpg,car,car,"[""car"",""person""]",2,1.0,0.7579289674758911,0.7706274390220642,-1.020418643951416,1.447983980178833,1
168,007700,/Users/von/Projects/cci-local-recovery/rerun_workspace/data/voc2007/VOCdevkit/VOC2007/JPEGImages/007700.jpg,person,person,"[""person"",""bottle""]",5,0.800000011920929,0.13806204497814178,0.14067770540714264,-0.1841721087694168,0.2586931884288788,1
169,008400,/Users/von/Projects/cci-local-recovery/rerun_workspace/data/voc2007/VOCdevkit/VOC2007/JPEGImages/008400.jpg,person,person,"[""person"",""bottle""]",5,1.0,0.23889653384685516,0.24342256784439087,0.0019739866256713867,0.34367847442626953,1
170,007937,/Users/von/Projects/cci-local-recovery/rerun_workspace/data/voc2007/VOCdevkit/VOC2007/JPEGImages/007937.jpg,sofa,sofa,"[""sofa"",""bicycle"",""bottle""]",2,0.9375,0.5762137770652771,0.5867370963096619,0.6394381523132324,0.9171605110168457,1
171,007573,/Users/von/Projects/cci-local-recovery/rerun_workspace/data/voc2007/VOCdevkit/VOC2007/JPEGImages/007573.jpg,bus,bus,"[""bus"",""person""]",0,0.95652174949646,2.3922555446624756,2.440178632736206,1.0299228429794312,2.269926071166992,1
172,002582,/Users/von/Projects/cci-local-recovery/rerun_workspace/data/voc2007/VOCdevkit/VOC2007/JPEGImages/002582.jpg,train,train,"[""train"",""person""]",4,0.19230769574642181,0.8414883613586426,0.8563421368598938,-0.5504811406135559,0.7357733845710754,1
173,001169,/Users/von/Projects/cci-local-recovery/rerun_workspace/data/voc2007/VOCdevkit/VOC2007/JPEGImages/001169.jpg,person,person,"[""person"",""chair"",""diningtable""]",0,1.0,0.5629585981369019,0.5736241936683655,-1.4301905632019043,0.18159538507461548,1
174,006312,/Users/von/Projects/cci-local-recovery/rerun_workspace/data/voc2007/VOCdevkit/VOC2007/JPEGImages/006312.jpg,bicycle,bicycle,"[""bicycle"",""person""]",4,1.0,5.870081901550293,5.979493618011475,3.0373809337615967,5.27277946472168,1
175,008264,/Users/von/Projects/cci-local-recovery/rerun_workspace/data/voc2007/VOCdevkit/VOC2007/JPEGImages/008264.jpg,bus,bus,"[""bus"",""car"",""person""]",7,1.0,0.14528484642505646,0.148195281624794,-0.3012489676475525,-0.07659690082073212,1
176,000085,/Users/von/Projects/cci-local-recovery/rerun_workspace/data/voc2007/VOCdevkit/VOC2007/JPEGImages/000085.jpg,person,person,"[""person"",""chair"",""diningtable""]",1,0.6785714030265808,0.3320024609565735,0.3382924497127533,-0.8027029037475586,0.03082093596458435,1
177,006050,/Users/von/Projects/cci-local-recovery/rerun_workspace/data/voc2007/VOCdevkit/VOC2007/JPEGImages/006050.jpg,chair,chair,"[""chair"",""person""]",5,0.2857142984867096,0.5325256586074829,0.5415431261062622,-0.3114808201789856,0.1348252296447754,1
178,007967,/Users/von/Projects/cci-local-recovery/rerun_workspace/data/voc2007/VOCdevkit/VOC2007/JPEGImages/007967.jpg,person,person,"[""person"",""car""]",7,0.9285714030265808,1.3168282508850098,1.3417763710021973,0.8532195687294006,1.364515781402588,1
179,005339,/Users/von/Projects/cci-local-recovery/rerun_workspace/data/voc2007/VOCdevkit/VOC2007/JPEGImages/005339.jpg,cow,cow,"[""cow"",""horse""]",5,0.970588207244873,0.2846018373966217,0.2895483672618866,0.005807250738143921,0.34560626745224,1
180,006795,/Users/von/Projects/cci-local-recovery/rerun_workspace/data/voc2007/VOCdevkit/VOC2007/JPEGImages/006795.jpg,chair,chair,"[""chair"",""pottedplant"",""sofa""]",0,0.0,0.30113857984542847,0.3062378764152527,-0.286931574344635,0.18778878450393677,1
181,001626,/Users/von/Projects/cci-local-recovery/rerun_workspace/data/voc2007/VOCdevkit/VOC2007/JPEGImages/001626.jpg,bus,bus,"[""bus"",""car"",""person""]",0,0.0555555559694767,0.04562361165881157,0.04653757065534592,-0.7282176613807678,-0.08186931163072586,1
182,007423,/Users/von/Projects/cci-local-recovery/rerun_workspace/data/voc2007/VOCdevkit/VOC2007/JPEGImages/007423.jpg,person,person,"[""person"",""car""]",4,0.07500000298023224,0.4374403953552246,0.4457279443740845,-0.5827776193618774,0.07012638449668884,1
183,008875,/Users/von/Projects/cci-local-recovery/rerun_workspace/data/voc2007/VOCdevkit/VOC2007/JPEGImages/008875.jpg,cat,cat,"[""cat"",""dog""]",4,1.0,2.0974886417388916,2.1371638774871826,1.2027840614318848,2.9828038215637207,1
184,006608,/Users/von/Projects/cci-local-recovery/rerun_workspace/data/voc2007/VOCdevkit/VOC2007/JPEGImages/006608.jpg,bicycle,bicycle,"[""bicycle"",""person""]",7,0.6666666865348816,0.6463846564292908,0.6584325432777405,-0.2179194688796997,0.2436504065990448,1
185,006313,/Users/von/Projects/cci-local-recovery/rerun_workspace/data/voc2007/VOCdevkit/VOC2007/JPEGImages/006313.jpg,person,person,"[""person"",""sofa"",""tvmonitor""]",3,1.0,1.3854188919067383,1.4116663932800293,0.3923630714416504,1.4099093675613403,1
186,005180,/Users/von/Projects/cci-local-recovery/rerun_workspace/data/voc2007/VOCdevkit/VOC2007/JPEGImages/005180.jpg,chair,chair,"[""chair"",""pottedplant""]",7,0.5555555820465088,0.7555128931999207,0.768306314945221,-0.640240490436554,0.5461791753768921,1
187,002885,/Users/von/Projects/cci-local-recovery/rerun_workspace/data/voc2007/VOCdevkit/VOC2007/JPEGImages/002885.jpg,sofa,sofa,"[""sofa"",""chair"",""person""]",7,0.0,0.24637667834758759,0.25087621808052063,0.2020377516746521,0.5704963207244873,1
188,004342,/Users/von/Projects/cci-local-recovery/rerun_workspace/data/voc2007/VOCdevkit/VOC2007/JPEGImages/004342.jpg,person,person,"[""person"",""tvmonitor""]",6,0.3199999928474426,0.9266514182090759,0.9442073702812195,-2.926987648010254,-0.0003917813301086426,1
189,004324,/Users/von/Projects/cci-local-recovery/rerun_workspace/data/voc2007/VOCdevkit/VOC2007/JPEGImages/004324.jpg,train,train,"[""train"",""person""]",7,0.7857142686843872,2.090926170349121,2.1278347969055176,0.20530736446380615,0.8763840198516846,1
190,002137,/Users/von/Projects/cci-local-recovery/rerun_workspace/data/voc2007/VOCdevkit/VOC2007/JPEGImages/002137.jpg,sheep,sheep,"[""sheep"",""person""]",7,0.9387755393981934,4.52131462097168,4.6111650466918945,4.585224151611328,7.161982536315918,1
191,006897,/Users/von/Projects/cci-local-recovery/rerun_workspace/data/voc2007/VOCdevkit/VOC2007/JPEGImages/006897.jpg,horse,horse,"[""horse"",""person""]",6,0.3448275923728943,0.22592094540596008,0.22942985594272614,-0.4216565489768982,-0.01789870858192444,1
192,004925,/Users/von/Projects/cci-local-recovery/rerun_workspace/data/voc2007/VOCdevkit/VOC2007/JPEGImages/004925.jpg,person,person,"[""person"",""dog""]",0,1.0,-0.3764301836490631,-0.3835618793964386,-1.779373049736023,-0.020303070545196533,1
193,000649,/Users/von/Projects/cci-local-recovery/rerun_workspace/data/voc2007/VOCdevkit/VOC2007/JPEGImages/000649.jpg,car,car,"[""car"",""person""]",4,1.0,3.687040328979492,3.7488136291503906,2.9939820766448975,4.101134300231934,1
194,005333,/Users/von/Projects/cci-local-recovery/rerun_workspace/data/voc2007/VOCdevkit/VOC2007/JPEGImages/005333.jpg,car,car,"[""car"",""person""]",6,0.8888888955116272,4.157136917114258,4.2267866134643555,3.0611941814422607,4.899709701538086,1
195,008864,/Users/von/Projects/cci-local-recovery/rerun_workspace/data/voc2007/VOCdevkit/VOC2007/JPEGImages/008864.jpg,sofa,sofa,"[""sofa"",""chair"",""person""]",2,0.7894737124443054,3.1094603538513184,3.166247844696045,0.9660141468048096,2.752485990524292,1
196,005777,/Users/von/Projects/cci-local-recovery/rerun_workspace/data/voc2007/VOCdevkit/VOC2007/JPEGImages/005777.jpg,person,person,"[""person"",""bicycle""]",1,1.0,0.7276381254196167,0.7414236664772034,-1.287675380706787,0.3317752182483673,1
197,002617,/Users/von/Projects/cci-local-recovery/rerun_workspace/data/voc2007/VOCdevkit/VOC2007/JPEGImages/002617.jpg,chair,chair,"[""chair"",""tvmonitor""]",2,0.0,0.4794607162475586,0.4875796139240265,-0.1470317542552948,0.12931770086288452,1
198,003221,/Users/von/Projects/cci-local-recovery/rerun_workspace/data/voc2007/VOCdevkit/VOC2007/JPEGImages/003221.jpg,sofa,sofa,"[""sofa"",""chair"",""pottedplant""]",3,0.6666666865348816,2.361638307571411,2.404768466949463,1.3802787065505981,1.9490339756011963,1
199,000819,/Users/von/Projects/cci-local-recovery/rerun_workspace/data/voc2007/VOCdevkit/VOC2007/JPEGImages/000819.jpg,person,person,"[""person"",""bicycle""]",6,0.9545454382896423,0.47894781827926636,0.48802176117897034,0.08625710010528564,0.5920296311378479,1
200,008745,/Users/von/Projects/cci-local-recovery/rerun_workspace/data/voc2007/VOCdevkit/VOC2007/JPEGImages/008745.jpg,bicycle,bicycle,"[""bicycle"",""person""]",1,0.0,0.19202359020709991,0.19560270011425018,-0.26400554180145264,0.06382930278778076,1
201,001646,/Users/von/Projects/cci-local-recovery/rerun_workspace/data/voc2007/VOCdevkit/VOC2007/JPEGImages/001646.jpg,boat,boat,"[""boat"",""person""]",1,0.0,0.602829098701477,0.6143971681594849,-0.19608449935913086,0.25226205587387085,1
202,006144,/Users/von/Projects/cci-local-recovery/rerun_workspace/data/voc2007/VOCdevkit/VOC2007/JPEGImages/006144.jpg,tvmonitor,tvmonitor,"[""tvmonitor"",""cat""]",5,1.0,1.227012276649475,1.2568482160568237,1.386708378791809,1.84281325340271,1
203,000497,/Users/von/Projects/cci-local-recovery/rerun_workspace/data/voc2007/VOCdevkit/VOC2007/JPEGImages/000497.jpg,motorbike,motorbike,"[""motorbike"",""person""]",4,0.0714285746216774,0.6618602275848389,0.6732518076896667,0.06277269124984741,0.22620105743408203,1
204,007625,/Users/von/Projects/cci-local-recovery/rerun_workspace/data/voc2007/VOCdevkit/VOC2007/JPEGImages/007625.jpg,person,person,"[""person"",""dog""]",3,1.0,0.07952269166707993,0.08102929592132568,-0.7683464288711548,-0.4491807222366333,1
205,005758,/Users/von/Projects/cci-local-recovery/rerun_workspace/data/voc2007/VOCdevkit/VOC2007/JPEGImages/005758.jpg,diningtable,diningtable,"[""diningtable"",""person""]",3,1.0,0.664580225944519,0.6737010478973389,-0.5954881906509399,0.8620619773864746,1
206,005721,/Users/von/Projects/cci-local-recovery/rerun_workspace/data/voc2007/VOCdevkit/VOC2007/JPEGImages/005721.jpg,sofa,sofa,"[""sofa"",""bottle"",""person""]",2,0.875,0.9320679903030396,0.9490901827812195,0.17664974927902222,0.7000341415405273,1
207,006093,/Users/von/Projects/cci-local-recovery/rerun_workspace/data/voc2007/VOCdevkit/VOC2007/JPEGImages/006093.jpg,person,person,"[""person"",""bottle"",""chair"",""diningtable""]",7,0.3333333432674408,0.5095003247261047,0.5191531181335449,-0.2215867042541504,0.13985514640808105,1
208,009683,/Users/von/Projects/cci-local-recovery/rerun_workspace/data/voc2007/VOCdevkit/VOC2007/JPEGImages/009683.jpg,bus,bus,"[""bus"",""car""]",0,0.37931033968925476,0.9580298066139221,0.977221667766571,-1.0985283851623535,-0.02173030376434326,1
209,008895,/Users/von/Projects/cci-local-recovery/rerun_workspace/data/voc2007/VOCdevkit/VOC2007/JPEGImages/008895.jpg,bus,bus,"[""bus"",""bicycle"",""car"",""person""]",4,0.5853658318519592,4.344895839691162,4.4319353103637695,2.9324350357055664,5.780843734741211,1
210,002389,/Users/von/Projects/cci-local-recovery/rerun_workspace/data/voc2007/VOCdevkit/VOC2007/JPEGImages/002389.jpg,diningtable,diningtable,"[""diningtable"",""bottle"",""chair""]",5,0.20000000298023224,0.4234122037887573,0.4292231798171997,0.13008564710617065,0.4958518147468567,2
211,007862,/Users/von/Projects/cci-local-recovery/rerun_workspace/data/voc2007/VOCdevkit/VOC2007/JPEGImages/007862.jpg,sofa,sofa,"[""sofa"",""bottle"",""person""]",7,1.0,1.4010734558105469,1.4266610145568848,0.6132529377937317,1.2409453392028809,1
212,009854,/Users/von/Projects/cci-local-recovery/rerun_workspace/data/voc2007/VOCdevkit/VOC2007/JPEGImages/009854.jpg,diningtable,diningtable,"[""diningtable"",""chair"",""person"",""pottedplant""]",5,0.0,1.1390619277954102,1.1546945571899414,0.07262217998504639,0.4456842541694641,1
213,003902,/Users/von/Projects/cci-local-recovery/rerun_workspace/data/voc2007/VOCdevkit/VOC2007/JPEGImages/003902.jpg,diningtable,diningtable,"[""diningtable"",""chair""]",7,0.6363636255264282,0.1428731232881546,0.14483393728733063,-1.4359296560287476,-0.4328988790512085,1
214,005546,/Users/von/Projects/cci-local-recovery/rerun_workspace/data/voc2007/VOCdevkit/VOC2007/JPEGImages/005546.jpg,person,person,"[""person"",""car""]",3,1.0,-0.018588144332170486,-0.018940307199954987,-0.9886026382446289,-0.08012741804122925,1
215,000634,/Users/von/Projects/cci-local-recovery/rerun_workspace/data/voc2007/VOCdevkit/VOC2007/JPEGImages/000634.jpg,car,car,"[""car"",""person""]",7,0.6315789222717285,1.8665887117385864,1.8978619575500488,1.6281819343566895,2.588545799255371,1
216,007835,/Users/von/Projects/cci-local-recovery/rerun_workspace/data/voc2007/VOCdevkit/VOC2007/JPEGImages/007835.jpg,chair,chair,"[""chair"",""car"",""person"",""tvmonitor""]",5,0.0,0.753175675868988,0.7659295201301575,-1.2007231712341309,0.19340860843658447,1
217,000658,/Users/von/Projects/cci-local-recovery/rerun_workspace/data/voc2007/VOCdevkit/VOC2007/JPEGImages/000658.jpg,sofa,sofa,"[""sofa"",""cat""]",4,0.27906978130340576,0.3700185716152191,0.37677615880966187,-0.8779477477073669,-0.02990373969078064,1
218,003222,/Users/von/Projects/cci-local-recovery/rerun_workspace/data/voc2007/VOCdevkit/VOC2007/JPEGImages/003222.jpg,horse,horse,"[""horse"",""person""]",7,0.8500000238418579,1.0851932764053345,1.1020480394363403,0.06123185157775879,0.7723771333694458,1
219,006620,/Users/von/Projects/cci-local-recovery/rerun_workspace/data/voc2007/VOCdevkit/VOC2007/JPEGImages/006620.jpg,person,person,"[""person"",""bicycle""]",6,1.0,0.21455694735050201,0.2186218500137329,-0.20005488395690918,0.15981407463550568,1
220,008167,/Users/von/Projects/cci-local-recovery/rerun_workspace/data/voc2007/VOCdevkit/VOC2007/JPEGImages/008167.jpg,pottedplant,pottedplant,"[""pottedplant"",""dog""]",7,0.6153846383094788,2.2122159004211426,2.252964973449707,1.5570261478424072,2.728109836578369,1
221,003512,/Users/von/Projects/cci-local-recovery/rerun_workspace/data/voc2007/VOCdevkit/VOC2007/JPEGImages/003512.jpg,car,car,"[""car"",""person""]",5,0.0,0.3133002817630768,0.31854936480522156,-0.025748014450073242,0.06532955169677734,1
222,003794,/Users/von/Projects/cci-local-recovery/rerun_workspace/data/voc2007/VOCdevkit/VOC2007/JPEGImages/003794.jpg,dog,dog,"[""dog"",""person""]",7,0.13953489065170288,0.19530142843723297,0.19884906709194183,-0.14937131106853485,0.118179090321064,1
223,007228,/Users/von/Projects/cci-local-recovery/rerun_workspace/data/voc2007/VOCdevkit/VOC2007/JPEGImages/007228.jpg,diningtable,diningtable,"[""diningtable"",""chair"",""person""]",4,0.9772727489471436,0.7926520705223083,0.8035305738449097,0.5841220021247864,1.0831570625305176,1
224,005412,/Users/von/Projects/cci-local-recovery/rerun_workspace/data/voc2007/VOCdevkit/VOC2007/JPEGImages/005412.jpg,chair,chair,"[""chair"",""person""]",2,0.0,-0.09032800793647766,-0.09185756742954254,-0.44470304250717163,-0.07950214296579361,1
225,005848,/Users/von/Projects/cci-local-recovery/rerun_workspace/data/voc2007/VOCdevkit/VOC2007/JPEGImages/005848.jpg,bicycle,bicycle,"[""bicycle"",""person""]",5,0.43478259444236755,-0.14406412839889526,-0.1467493325471878,-0.18441425263881683,-0.01272420585155487,2
226,002602,/Users/von/Projects/cci-local-recovery/rerun_workspace/data/voc2007/VOCdevkit/VOC2007/JPEGImages/002602.jpg,motorbike,motorbike,"[""motorbike"",""car"",""person""]",7,0.9166666865348816,6.788692474365234,6.90553617477417,1.739915370941162,5.946984767913818,1
227,003025,/Users/von/Projects/cci-local-recovery/rerun_workspace/data/voc2007/VOCdevkit/VOC2007/JPEGImages/003025.jpg,sheep,sheep,"[""sheep"",""person""]",6,1.0,0.13978774845600128,0.14256569743156433,-0.5293737649917603,0.21592584252357483,1
228,006581,/Users/von/Projects/cci-local-recovery/rerun_workspace/data/voc2007/VOCdevkit/VOC2007/JPEGImages/006581.jpg,bicycle,bicycle,"[""bicycle"",""car""]",2,0.9117646813392639,2.9792332649230957,3.0347628593444824,2.233424663543701,5.31842565536499,1
229,007598,/Users/von/Projects/cci-local-recovery/rerun_workspace/data/voc2007/VOCdevkit/VOC2007/JPEGImages/007598.jpg,person,person,"[""person"",""bottle""]",1,0.12121212482452393,0.059715960174798965,0.060847312211990356,-0.5089566707611084,0.0854380875825882,1
230,003123,/Users/von/Projects/cci-local-recovery/rerun_workspace/data/voc2007/VOCdevkit/VOC2007/JPEGImages/003123.jpg,diningtable,diningtable,"[""diningtable"",""chair"",""person""]",5,1.0,0.6012866497039795,0.6095387935638428,-0.008835077285766602,0.16975921392440796,1
231,008196,/Users/von/Projects/cci-local-recovery/rerun_workspace/data/voc2007/VOCdevkit/VOC2007/JPEGImages/008196.jpg,chair,chair,"[""chair"",""person"",""pottedplant""]",2,0.046875,0.6671217083930969,0.6784183382987976,-0.11670243740081787,0.3926636278629303,1
232,003884,/Users/von/Projects/cci-local-recovery/rerun_workspace/data/voc2007/VOCdevkit/VOC2007/JPEGImages/003884.jpg,person,person,"[""person"",""sofa""]",2,1.0,0.28585824370384216,0.29127398133277893,-0.6440654993057251,-0.119463711977005,1
233,009844,/Users/von/Projects/cci-local-recovery/rerun_workspace/data/voc2007/VOCdevkit/VOC2007/JPEGImages/009844.jpg,train,train,"[""train"",""person""]",2,0.7727272510528564,0.34673982858657837,0.3528604209423065,-0.8967076539993286,0.42462730407714844,1
234,005491,/Users/von/Projects/cci-local-recovery/rerun_workspace/data/voc2007/VOCdevkit/VOC2007/JPEGImages/005491.jpg,person,person,"[""person"",""bottle"",""diningtable""]",4,0.6785714030265808,0.3925974369049072,0.40003541111946106,-0.3004853427410126,0.002276480197906494,1
235,001564,/Users/von/Projects/cci-local-recovery/rerun_workspace/data/voc2007/VOCdevkit/VOC2007/JPEGImages/001564.jpg,person,person,"[""person"",""diningtable""]",1,0.517241358757019,0.236545592546463,0.2410270869731903,-1.6562533378601074,0.04860924184322357,1
236,000922,/Users/von/Projects/cci-local-recovery/rerun_workspace/data/voc2007/VOCdevkit/VOC2007/JPEGImages/000922.jpg,person,person,"[""person"",""train""]",3,1.0,1.6467894315719604,1.6779887676239014,1.072480320930481,2.1128807067871094,1
237,003251,/Users/von/Projects/cci-local-recovery/rerun_workspace/data/voc2007/VOCdevkit/VOC2007/JPEGImages/003251.jpg,diningtable,diningtable,"[""diningtable"",""chair""]",6,1.0,0.9800108671188354,0.9934607148170471,1.0997737646102905,1.5220143795013428,1
238,008897,/Users/von/Projects/cci-local-recovery/rerun_workspace/data/voc2007/VOCdevkit/VOC2007/JPEGImages/008897.jpg,person,person,"[""person"",""chair"",""tvmonitor""]",6,1.0,-0.2717588245868683,-0.27690744400024414,-1.7912005186080933,-0.19493578374385834,1
239,002408,/Users/von/Projects/cci-local-recovery/rerun_workspace/data/voc2007/VOCdevkit/VOC2007/JPEGImages/002408.jpg,dog,dog,"[""dog"",""sofa""]",2,1.0,0.2163037806749344,0.22023291885852814,-0.48940718173980713,0.12626604735851288,1
240,000277,/Users/von/Projects/cci-local-recovery/rerun_workspace/data/voc2007/VOCdevkit/VOC2007/JPEGImages/000277.jpg,sofa,sofa,"[""sofa"",""bottle""]",6,0.8108108043670654,1.785796046257019,1.8184096813201904,1.2848503589630127,1.8976640701293945,1
241,009957,/Users/von/Projects/cci-local-recovery/rerun_workspace/data/voc2007/VOCdevkit/VOC2007/JPEGImages/009957.jpg,horse,horse,"[""horse"",""person""]",5,0.0,0.5900636911392212,0.5992283225059509,-0.32928115129470825,0.030022263526916504,1
242,006435,/Users/von/Projects/cci-local-recovery/rerun_workspace/data/voc2007/VOCdevkit/VOC2007/JPEGImages/006435.jpg,car,car,"[""car"",""tvmonitor""]",6,0.970588207244873,5.321839332580566,5.4110026359558105,3.1669886112213135,6.305902481079102,1
243,003762,/Users/von/Projects/cci-local-recovery/rerun_workspace/data/voc2007/VOCdevkit/VOC2007/JPEGImages/003762.jpg,dog,dog,"[""dog"",""person""]",5,0.8461538553237915,3.068010091781616,3.1237401962280273,1.4782911539077759,4.246269702911377,1
244,002081,/Users/von/Projects/cci-local-recovery/rerun_workspace/data/voc2007/VOCdevkit/VOC2007/JPEGImages/002081.jpg,tvmonitor,tvmonitor,"[""tvmonitor"",""chair""]",3,0.7407407164573669,1.2225408554077148,1.2522680759429932,0.7755947113037109,1.2860075235366821,1
245,008590,/Users/von/Projects/cci-local-recovery/rerun_workspace/data/voc2007/VOCdevkit/VOC2007/JPEGImages/008590.jpg,boat,boat,"[""boat"",""bird""]",6,0.0,0.38959136605262756,0.39706748723983765,-0.4564483165740967,-0.1665990948677063,2
246,004781,/Users/von/Projects/cci-local-recovery/rerun_workspace/data/voc2007/VOCdevkit/VOC2007/JPEGImages/004781.jpg,chair,chair,"[""chair"",""tvmonitor""]",4,0.0,0.4357790946960449,0.4431583285331726,0.20385365188121796,0.37151142954826355,1
247,001419,/Users/von/Projects/cci-local-recovery/rerun_workspace/data/voc2007/VOCdevkit/VOC2007/JPEGImages/001419.jpg,person,person,"[""person"",""chair""]",5,1.0,0.4000389873981476,0.4076179563999176,-0.19078341126441956,0.20005793869495392,1
248,008128,/Users/von/Projects/cci-local-recovery/rerun_workspace/data/voc2007/VOCdevkit/VOC2007/JPEGImages/008128.jpg,bicycle,bicycle,"[""bicycle"",""person""]",0,0.21212121844291687,0.2384917289018631,0.24293695390224457,-0.43680912256240845,-0.07107387483119965,1
249,007341,/Users/von/Projects/cci-local-recovery/rerun_workspace/data/voc2007/VOCdevkit/VOC2007/JPEGImages/007341.jpg,aeroplane,aeroplane,"[""aeroplane"",""person""]",7,0.39393940567970276,0.7961684465408325,0.8107059001922607,-0.5163916349411011,0.27031195163726807,1
250,006145,/Users/von/Projects/cci-local-recovery/rerun_workspace/data/voc2007/VOCdevkit/VOC2007/JPEGImages/006145.jpg,person,person,"[""person"",""chair""]",4,0.05263157933950424,0.523847758769989,0.533772349357605,-0.46149957180023193,0.36180204153060913,1
251,005125,/Users/von/Projects/cci-local-recovery/rerun_workspace/data/voc2007/VOCdevkit/VOC2007/JPEGImages/005125.jpg,car,car,"[""car"",""person""]",3,1.0,0.2526610493659973,0.25689417123794556,-0.4399454593658447,0.8697516918182373,1
252,009361,/Users/von/Projects/cci-local-recovery/rerun_workspace/data/voc2007/VOCdevkit/VOC2007/JPEGImages/009361.jpg,motorbike,motorbike,"[""motorbike"",""person""]",4,0.0,0.07903523743152618,0.08039554953575134,-0.7162579298019409,0.003475099802017212,1
253,005767,/Users/von/Projects/cci-local-recovery/rerun_workspace/data/voc2007/VOCdevkit/VOC2007/JPEGImages/005767.jpg,sofa,sofa,"[""sofa"",""chair""]",4,0.939393937587738,5.034350395202637,5.126291751861572,3.1598429679870605,4.508408546447754,1
254,002532,/Users/von/Projects/cci-local-recovery/rerun_workspace/data/voc2007/VOCdevkit/VOC2007/JPEGImages/002532.jpg,train,train,"[""train"",""car""]",5,0.0810810774564743,0.4286878705024719,0.43625497817993164,-0.39244866371154785,0.09168106317520142,2
255,000151,/Users/von/Projects/cci-local-recovery/rerun_workspace/data/voc2007/VOCdevkit/VOC2007/JPEGImages/000151.jpg,person,person,"[""person"",""bottle""]",2,1.0,0.5285241007804871,0.5385372638702393,-0.7208981513977051,0.1634204089641571,1
256,005754,/Users/von/Projects/cci-local-recovery/rerun_workspace/data/voc2007/VOCdevkit/VOC2007/JPEGImages/005754.jpg,sofa,sofa,"[""sofa"",""chair"",""person"",""pottedplant"",""tvmonitor""]",1,0.692307710647583,0.5633326172828674,0.5736206769943237,0.49616625905036926,0.9926290512084961,1
257,007195,/Users/von/Projects/cci-local-recovery/rerun_workspace/data/voc2007/VOCdevkit/VOC2007/JPEGImages/007195.jpg,person,person,"[""person"",""train""]",4,0.04545454680919647,0.16283901035785675,0.1659240871667862,-0.38654524087905884,-0.06330330669879913,1
258,007179,/Users/von/Projects/cci-local-recovery/rerun_workspace/data/voc2007/VOCdevkit/VOC2007/JPEGImages/007179.jpg,person,person,"[""person"",""car""]",0,0.9399999976158142,0.08716829121112823,0.08881974220275879,-1.7456305027008057,-0.12191028892993927,1
259,002692,/Users/von/Projects/cci-local-recovery/rerun_workspace/data/voc2007/VOCdevkit/VOC2007/JPEGImages/002692.jpg,horse,horse,"[""horse"",""person""]",1,0.7894737124443054,1.7622581720352173,1.7896288633346558,2.626929998397827,4.92085075378418,1
260,002429,/Users/von/Projects/cci-local-recovery/rerun_workspace/data/voc2007/VOCdevkit/VOC2007/JPEGImages/002429.jpg,person,person,"[""person"",""bottle""]",5,1.0,0.3610929846763611,0.36793410778045654,-0.4488556981086731,0.36959540843963623,1
261,004666,/Users/von/Projects/cci-local-recovery/rerun_workspace/data/voc2007/VOCdevkit/VOC2007/JPEGImages/004666.jpg,bus,bus,"[""bus"",""person""]",7,0.6666666865348816,0.9447553157806396,0.9636812210083008,0.37463951110839844,0.978621780872345,1
262,002235,/Users/von/Projects/cci-local-recovery/rerun_workspace/data/voc2007/VOCdevkit/VOC2007/JPEGImages/002235.jpg,person,person,"[""person"",""bottle""]",6,0.19607843458652496,0.03376263380050659,0.034402284771203995,-0.43223291635513306,-0.01796022802591324,1
263,009744,/Users/von/Projects/cci-local-recovery/rerun_workspace/data/voc2007/VOCdevkit/VOC2007/JPEGImages/009744.jpg,person,person,"[""person"",""dog""]",7,1.0,0.5795868635177612,0.5905674695968628,-0.156383216381073,0.8081322312355042,1
264,001508,/Users/von/Projects/cci-local-recovery/rerun_workspace/data/voc2007/VOCdevkit/VOC2007/JPEGImages/001508.jpg,cow,cow,"[""cow"",""bird""]",3,1.0,6.348812103271484,6.459157943725586,3.0688648223876953,7.376166820526123,1
265,007989,/Users/von/Projects/cci-local-recovery/rerun_workspace/data/voc2007/VOCdevkit/VOC2007/JPEGImages/007989.jpg,diningtable,diningtable,"[""diningtable"",""chair""]",1,0.0,0.23358403146266937,0.2367897778749466,-0.24766124784946442,0.16068074107170105,1
266,008147,/Users/von/Projects/cci-local-recovery/rerun_workspace/data/voc2007/VOCdevkit/VOC2007/JPEGImages/008147.jpg,horse,horse,"[""horse"",""person""]",2,1.0,0.5472533702850342,0.5557531118392944,-0.36355364322662354,0.5403631925582886,1
267,008516,/Users/von/Projects/cci-local-recovery/rerun_workspace/data/voc2007/VOCdevkit/VOC2007/JPEGImages/008516.jpg,cat,cat,"[""cat"",""bottle""]",5,0.7647058963775635,-0.09043854475021362,-0.09214924275875092,-0.3703882694244385,-0.022471696138381958,1
268,002673,/Users/von/Projects/cci-local-recovery/rerun_workspace/data/voc2007/VOCdevkit/VOC2007/JPEGImages/002673.jpg,sofa,sofa,"[""sofa"",""person""]",2,0.9743589758872986,0.9395262002944946,0.9566845893859863,0.24263042211532593,0.6888514161109924,1
269,007903,/Users/von/Projects/cci-local-recovery/rerun_workspace/data/voc2007/VOCdevkit/VOC2007/JPEGImages/007903.jpg,sofa,sofa,"[""sofa"",""person""]",0,1.0,0.38096553087234497,0.3879230320453644,0.5703377723693848,0.9228537082672119,1
270,002072,/Users/von/Projects/cci-local-recovery/rerun_workspace/data/voc2007/VOCdevkit/VOC2007/JPEGImages/002072.jpg,horse,horse,"[""horse"",""person""]",7,0.9666666388511658,1.2777764797210693,1.2976224422454834,0.07761621475219727,1.1347310543060303,1
271,007335,/Users/von/Projects/cci-local-recovery/rerun_workspace/data/voc2007/VOCdevkit/VOC2007/JPEGImages/007335.jpg,chair,chair,"[""chair"",""pottedplant""]",2,0.8484848737716675,0.6538359522819519,0.6649076342582703,0.012798190116882324,0.9874942302703857,1
272,009171,/Users/von/Projects/cci-local-recovery/rerun_workspace/data/voc2007/VOCdevkit/VOC2007/JPEGImages/009171.jpg,diningtable,diningtable,"[""diningtable"",""bottle"",""person""]",3,0.0,1.0028729438781738,1.0166364908218384,0.14472877979278564,0.5339590907096863,1
273,001302,/Users/von/Projects/cci-local-recovery/rerun_workspace/data/voc2007/VOCdevkit/VOC2007/JPEGImages/001302.jpg,diningtable,diningtable,"[""diningtable"",""chair""]",0,0.9285714030265808,0.5161343216896057,0.5232178568840027,-0.11160629987716675,0.1159442663192749,1
274,001916,/Users/von/Projects/cci-local-recovery/rerun_workspace/data/voc2007/VOCdevkit/VOC2007/JPEGImages/001916.jpg,person,person,"[""person"",""motorbike""]",7,0.8999999761581421,1.0447492599487305,1.0645426511764526,-0.13084566593170166,0.42037224769592285,1
275,005570,/Users/von/Projects/cci-local-recovery/rerun_workspace/data/voc2007/VOCdevkit/VOC2007/JPEGImages/005570.jpg,person,person,"[""person"",""bottle""]",0,1.0,0.36199265718460083,0.36885082721710205,-0.6185523867607117,0.2021237164735794,1
276,006745,/Users/von/Projects/cci-local-recovery/rerun_workspace/data/voc2007/VOCdevkit/VOC2007/JPEGImages/006745.jpg,chair,chair,"[""chair"",""sofa"",""tvmonitor""]",5,0.1666666716337204,0.15083082020282745,0.15338489413261414,-1.678654432296753,-0.4811460077762604,1
277,001267,/Users/von/Projects/cci-local-recovery/rerun_workspace/data/voc2007/VOCdevkit/VOC2007/JPEGImages/001267.jpg,car,car,"[""car"",""person""]",3,0.9285714030265808,0.8232297301292419,0.8370223045349121,0.22280633449554443,0.6840129494667053,1
278,001883,/Users/von/Projects/cci-local-recovery/rerun_workspace/data/voc2007/VOCdevkit/VOC2007/JPEGImages/001883.jpg,car,car,"[""car"",""person""]",5,1.0,0.26568296551704407,0.2701342701911926,-0.6126970648765564,0.36359843611717224,1
279,003736,/Users/von/Projects/cci-local-recovery/rerun_workspace/data/voc2007/VOCdevkit/VOC2007/JPEGImages/003736.jpg,chair,chair,"[""chair"",""bottle"",""person""]",2,1.0,0.9699962735176086,0.9864216446876526,-0.2575151324272156,0.6537116169929504,1
280,004456,/Users/von/Projects/cci-local-recovery/rerun_workspace/data/voc2007/VOCdevkit/VOC2007/JPEGImages/004456.jpg,car,car,"[""car"",""person""]",1,0.9629629850387573,0.45727378129959106,0.4649350345134735,-1.1692603826522827,0.15058907866477966,1
281,003723,/Users/von/Projects/cci-local-recovery/rerun_workspace/data/voc2007/VOCdevkit/VOC2007/JPEGImages/003723.jpg,train,train,"[""train"",""motorbike"",""person""]",7,1.0,0.8283918499946594,0.8430144190788269,0.27671104669570923,0.8301929235458374,1
282,008788,/Users/von/Projects/cci-local-recovery/rerun_workspace/data/voc2007/VOCdevkit/VOC2007/JPEGImages/008788.jpg,bus,bus,"[""bus"",""car""]",1,0.9354838728904724,2.4244489669799805,2.4730169773101807,1.280488133430481,2.357913017272949,1
283,008077,/Users/von/Projects/cci-local-recovery/rerun_workspace/data/voc2007/VOCdevkit/VOC2007/JPEGImages/008077.jpg,sofa,sofa,"[""sofa"",""person""]",7,0.9545454382896423,0.49176567792892456,0.5007467269897461,0.18033728003501892,0.4574167728424072,1
284,004738,/Users/von/Projects/cci-local-recovery/rerun_workspace/data/voc2007/VOCdevkit/VOC2007/JPEGImages/004738.jpg,motorbike,motorbike,"[""motorbike"",""person""]",0,0.4399999976158142,6.022296905517578,6.125949382781982,2.3069448471069336,5.511683464050293,1
285,005724,/Users/von/Projects/cci-local-recovery/rerun_workspace/data/voc2007/VOCdevkit/VOC2007/JPEGImages/005724.jpg,motorbike,motorbike,"[""motorbike"",""person""]",3,0.9736841917037964,0.6606160998344421,0.6719862818717957,-0.5050991177558899,0.47384846210479736,1
286,007651,/Users/von/Projects/cci-local-recovery/rerun_workspace/data/voc2007/VOCdevkit/VOC2007/JPEGImages/007651.jpg,diningtable,diningtable,"[""diningtable"",""person""]",3,1.0,0.3485555350780487,0.35333916544914246,0.05169990658760071,0.2665870785713196,1
287,008954,/Users/von/Projects/cci-local-recovery/rerun_workspace/data/voc2007/VOCdevkit/VOC2007/JPEGImages/008954.jpg,chair,chair,"[""chair"",""tvmonitor""]",0,0.23333333432674408,1.2647470235824585,1.286163568496704,-1.4055297374725342,-0.15623772144317627,1
288,002731,/Users/von/Projects/cci-local-recovery/rerun_workspace/data/voc2007/VOCdevkit/VOC2007/JPEGImages/002731.jpg,bicycle,bicycle,"[""bicycle"",""person""]",4,0.8333333134651184,3.4416890144348145,3.505838394165039,1.2629139423370361,4.090451717376709,1
289,000567,/Users/von/Projects/cci-local-recovery/rerun_workspace/data/voc2007/VOCdevkit/VOC2007/JPEGImages/000567.jpg,person,person,"[""person"",""bicycle""]",4,0.7714285850524902,0.4915907084941864,0.5009042024612427,0.04355320334434509,0.7091347575187683,1
290,001585,/Users/von/Projects/cci-local-recovery/rerun_workspace/data/voc2007/VOCdevkit/VOC2007/JPEGImages/001585.jpg,sofa,sofa,"[""sofa"",""bottle"",""person""]",3,0.9677419066429138,2.2524642944335938,2.293600559234619,1.1401413679122925,2.592881679534912,1
291,005272,/Users/von/Projects/cci-local-recovery/rerun_workspace/data/voc2007/VOCdevkit/VOC2007/JPEGImages/005272.jpg,boat,boat,"[""boat"",""person""]",2,1.0,0.1698104739189148,0.1730690747499466,-0.6678168773651123,0.19190384447574615,1
292,003851,/Users/von/Projects/cci-local-recovery/rerun_workspace/data/voc2007/VOCdevkit/VOC2007/JPEGImages/003851.jpg,bicycle,bicycle,"[""bicycle"",""person""]",2,0.782608687877655,0.6090419292449951,0.6203938126564026,0.36920249462127686,1.3081469535827637,1
293,002792,/Users/von/Projects/cci-local-recovery/rerun_workspace/data/voc2007/VOCdevkit/VOC2007/JPEGImages/002792.jpg,person,person,"[""person"",""chair"",""tvmonitor""]",2,0.9354838728904724,0.3404112756252289,0.3468605577945709,-0.2791415750980377,0.32569438219070435,1
294,000529,/Users/von/Projects/cci-local-recovery/rerun_workspace/data/voc2007/VOCdevkit/VOC2007/JPEGImages/000529.jpg,boat,boat,"[""boat"",""car""]",2,1.0,4.783052921295166,4.874837875366211,4.766157150268555,6.155547142028809,1
295,001540,/Users/von/Projects/cci-local-recovery/rerun_workspace/data/voc2007/VOCdevkit/VOC2007/JPEGImages/001540.jpg,sofa,sofa,"[""sofa"",""pottedplant""]",1,0.42500001192092896,1.3698980808258057,1.394916296005249,1.1784919500350952,1.5631566047668457,1
296,009328,/Users/von/Projects/cci-local-recovery/rerun_workspace/data/voc2007/VOCdevkit/VOC2007/JPEGImages/009328.jpg,sofa,sofa,"[""sofa"",""person""]",7,0.7916666865348816,1.5184566974639893,1.5461879968643188,0.61857008934021,1.5272035598754883,1
297,001905,/Users/von/Projects/cci-local-recovery/rerun_workspace/data/voc2007/VOCdevkit/VOC2007/JPEGImages/001905.jpg,sofa,sofa,"[""sofa"",""pottedplant"",""tvmonitor""]",4,0.17391304671764374,0.2920261025428772,0.29735931754112244,-0.5764949321746826,0.16075566411018372,1
298,000570,/Users/von/Projects/cci-local-recovery/rerun_workspace/data/voc2007/VOCdevkit/VOC2007/JPEGImages/000570.jpg,motorbike,motorbike,"[""motorbike"",""person""]",6,0.20000000298023224,0.3149259090423584,0.32034626603126526,-0.32292357087135315,-0.0629919171333313,1
299,003322,/Users/von/Projects/cci-local-recovery/rerun_workspace/data/voc2007/VOCdevkit/VOC2007/JPEGImages/003322.jpg,chair,chair,"[""chair"",""tvmonitor""]",4,0.0,0.29454267024993896,0.2995302975177765,-0.9487134218215942,0.5898306965827942,1
300,003012,/Users/von/Projects/cci-local-recovery/rerun_workspace/data/voc2007/VOCdevkit/VOC2007/JPEGImages/003012.jpg,person,person,"[""person"",""boat""]",0,0.23529411852359772,-0.09490412473678589,-0.09670213609933853,-0.5516847968101501,-0.0962095633149147,2
301,008708,/Users/von/Projects/cci-local-recovery/rerun_workspace/data/voc2007/VOCdevkit/VOC2007/JPEGImages/008708.jpg,person,person,"[""person"",""car""]",0,0.1875,0.6925022006034851,0.7056220769882202,-0.35922956466674805,0.09209156036376953,1
302,000414,/Users/von/Projects/cci-local-recovery/rerun_workspace/data/voc2007/VOCdevkit/VOC2007/JPEGImages/000414.jpg,tvmonitor,tvmonitor,"[""tvmonitor"",""bottle"",""person""]",1,0.3692307770252228,3.117595911026001,3.1934030055999756,0.6585724353790283,2.7357003688812256,1
303,000247,/Users/von/Projects/cci-local-recovery/rerun_workspace/data/voc2007/VOCdevkit/VOC2007/JPEGImages/000247.jpg,person,person,"[""person"",""chair""]",4,0.44999998807907104,0.04829906299710274,0.04921411722898483,-0.27517130970954895,-0.04347466677427292,1
304,003922,/Users/von/Projects/cci-local-recovery/rerun_workspace/data/voc2007/VOCdevkit/VOC2007/JPEGImages/003922.jpg,horse,horse,"[""horse"",""person""]",3,1.0,0.9633703231811523,0.9783329963684082,-0.07149481773376465,0.8160703182220459,1
305,008945,/Users/von/Projects/cci-local-recovery/rerun_workspace/data/voc2007/VOCdevkit/VOC2007/JPEGImages/008945.jpg,diningtable,diningtable,"[""diningtable"",""person""]",0,1.0,1.307055115699768,1.324993371963501,1.368756651878357,2.226044178009033,1
306,005849,/Users/von/Projects/cci-local-recovery/rerun_workspace/data/voc2007/VOCdevkit/VOC2007/JPEGImages/005849.jpg,boat,boat,"[""boat"",""person""]",2,1.0,0.9129685163497925,0.9304880499839783,-0.4901352524757385,0.48306140303611755,1
307,008689,/Users/von/Projects/cci-local-recovery/rerun_workspace/data/voc2007/VOCdevkit/VOC2007/JPEGImages/008689.jpg,motorbike,motorbike,"[""motorbike"",""person""]",7,0.875,0.3258724808692932,0.3314812183380127,0.1234874278306961,0.8760666847229004,1
308,009787,/Users/von/Projects/cci-local-recovery/rerun_workspace/data/voc2007/VOCdevkit/VOC2007/JPEGImages/009787.jpg,pottedplant,pottedplant,"[""pottedplant"",""dog""]",6,0.8148148059844971,1.153834581375122,1.1750882863998413,0.9556357860565186,1.2007166147232056,1
309,000718,/Users/von/Projects/cci-local-recovery/rerun_workspace/data/voc2007/VOCdevkit/VOC2007/JPEGImages/000718.jpg,dog,dog,"[""dog"",""bicycle""]",2,0.4375,0.18830262124538422,0.19172312319278717,-1.7006571292877197,0.024287492036819458,1
310,001856,/Users/von/Projects/cci-local-recovery/rerun_workspace/data/voc2007/VOCdevkit/VOC2007/JPEGImages/001856.jpg,diningtable,diningtable,"[""diningtable"",""chair"",""person""]",5,0.11764705926179886,0.3158162236213684,0.3201505243778229,0.12259341776371002,0.7381794452667236,1
311,005095,/Users/von/Projects/cci-local-recovery/rerun_workspace/data/voc2007/VOCdevkit/VOC2007/JPEGImages/005095.jpg,train,train,"[""train"",""person""]",0,0.0833333358168602,2.347259521484375,2.388692855834961,0.4062541723251343,1.543959379196167,1
312,008045,/Users/von/Projects/cci-local-recovery/rerun_workspace/data/voc2007/VOCdevkit/VOC2007/JPEGImages/008045.jpg,diningtable,diningtable,"[""diningtable"",""chair"",""person""]",2,0.1666666716337204,0.5041123032569885,0.5110307931900024,-0.18807601928710938,0.30114975571632385,1
313,003928,/Users/von/Projects/cci-local-recovery/rerun_workspace/data/voc2007/VOCdevkit/VOC2007/JPEGImages/003928.jpg,diningtable,diningtable,"[""diningtable"",""bottle"",""chair"",""sofa""]",5,0.8181818127632141,1.1631382703781128,1.1791013479232788,0.3915649652481079,1.11955988407135,1
314,004072,/Users/von/Projects/cci-local-recovery/rerun_workspace/data/voc2007/VOCdevkit/VOC2007/JPEGImages/004072.jpg,person,person,"[""person"",""bottle"",""sheep""]",0,0.8333333134651184,0.32543811202049255,0.3316037356853485,-0.4043456017971039,0.5705469250679016,1
315,007623,/Users/von/Projects/cci-local-recovery/rerun_workspace/data/voc2007/VOCdevkit/VOC2007/JPEGImages/007623.jpg,horse,horse,"[""horse"",""person""]",2,1.0,3.96345591545105,4.025014877319336,2.6109073162078857,3.914919376373291,1
316,006816,/Users/von/Projects/cci-local-recovery/rerun_workspace/data/voc2007/VOCdevkit/VOC2007/JPEGImages/006816.jpg,sofa,sofa,"[""sofa"",""pottedplant""]",4,1.0,0.25114738941192627,0.25573405623435974,-0.15924572944641113,0.7761775255203247,1
317,009677,/Users/von/Projects/cci-local-recovery/rerun_workspace/data/voc2007/VOCdevkit/VOC2007/JPEGImages/009677.jpg,bicycle,bicycle,"[""bicycle"",""chair""]",1,1.0,0.5966641306877136,0.6077852845191956,-0.5719868540763855,0.5297790765762329,1
318,001502,/Users/von/Projects/cci-local-recovery/rerun_workspace/data/voc2007/VOCdevkit/VOC2007/JPEGImages/001502.jpg,motorbike,motorbike,"[""motorbike"",""person""]",4,1.0,2.824493408203125,2.8731071949005127,1.2970705032348633,2.7089924812316895,1
319,003399,/Users/von/Projects/cci-local-recovery/rerun_workspace/data/voc2007/VOCdevkit/VOC2007/JPEGImages/003399.jpg,person,person,"[""person"",""bus""]",6,0.03846153989434242,0.07560623437166214,0.07703863829374313,-0.3543510138988495,-0.006449572741985321,1
320,002650,/Users/von/Projects/cci-local-recovery/rerun_workspace/data/voc2007/VOCdevkit/VOC2007/JPEGImages/002650.jpg,sofa,sofa,"[""sofa"",""car"",""chair""]",3,0.6176470518112183,1.1454119682312012,1.1663304567337036,0.5348808765411377,1.118246078491211,1
321,000467,/Users/von/Projects/cci-local-recovery/rerun_workspace/data/voc2007/VOCdevkit/VOC2007/JPEGImages/000467.jpg,person,person,"[""person"",""motorbike""]",0,0.738095223903656,0.49754008650779724,0.5069662928581238,0.0595555305480957,1.0031780004501343,1
322,006002,/Users/von/Projects/cci-local-recovery/rerun_workspace/data/voc2007/VOCdevkit/VOC2007/JPEGImages/006002.jpg,person,person,"[""person"",""horse""]",5,0.18918919563293457,-0.49742263555526733,-0.5068466067314148,-0.2827153205871582,1.2284817695617676,1
323,006068,/Users/von/Projects/cci-local-recovery/rerun_workspace/data/voc2007/VOCdevkit/VOC2007/JPEGImages/006068.jpg,tvmonitor,tvmonitor,"[""tvmonitor"",""sofa""]",2,0.6800000071525574,1.4815342426300049,1.5175590515136719,1.0149073600769043,1.6173874139785767,1
324,002573,/Users/von/Projects/cci-local-recovery/rerun_workspace/data/voc2007/VOCdevkit/VOC2007/JPEGImages/002573.jpg,horse,horse,"[""horse"",""person""]",2,0.12903225421905518,0.49482181668281555,0.502507209777832,-0.0592421293258667,0.16177088022232056,1
325,005087,/Users/von/Projects/cci-local-recovery/rerun_workspace/data/voc2007/VOCdevkit/VOC2007/JPEGImages/005087.jpg,motorbike,motorbike,"[""motorbike"",""person""]",5,0.931034505367279,1.2244213819503784,1.2454955577850342,0.23983979225158691,0.8629823923110962,1
326,006796,/Users/von/Projects/cci-local-recovery/rerun_workspace/data/voc2007/VOCdevkit/VOC2007/JPEGImages/006796.jpg,person,person,"[""person"",""motorbike""]",4,0.9696969985961914,1.1263259649276733,1.1476649045944214,0.3876491189002991,1.3446526527404785,1
327,008869,/Users/von/Projects/cci-local-recovery/rerun_workspace/data/voc2007/VOCdevkit/VOC2007/JPEGImages/008869.jpg,boat,boat,"[""boat"",""person""]",0,1.0,0.4353495240211487,0.44370371103286743,-0.22244518995285034,0.2280535101890564,1
328,005882,/Users/von/Projects/cci-local-recovery/rerun_workspace/data/voc2007/VOCdevkit/VOC2007/JPEGImages/005882.jpg,horse,horse,"[""horse"",""person""]",4,0.9200000166893005,1.014939546585083,1.0307031869888306,0.5391623973846436,1.9274344444274902,1
329,007367,/Users/von/Projects/cci-local-recovery/rerun_workspace/data/voc2007/VOCdevkit/VOC2007/JPEGImages/007367.jpg,bus,bus,"[""bus"",""aeroplane""]",5,0.6428571343421936,7.559258937835693,7.710690498352051,4.4556565284729,7.069112300872803,1
330,007725,/Users/von/Projects/cci-local-recovery/rerun_workspace/data/voc2007/VOCdevkit/VOC2007/JPEGImages/007725.jpg,bicycle,bicycle,"[""bicycle"",""person""]",3,0.8799999952316284,3.2610065937042236,3.3217880725860596,2.384078025817871,4.270785808563232,1
331,000397,/Users/von/Projects/cci-local-recovery/rerun_workspace/data/voc2007/VOCdevkit/VOC2007/JPEGImages/000397.jpg,chair,chair,"[""chair"",""pottedplant"",""tvmonitor""]",7,0.0,0.4933955669403076,0.5017504692077637,-1.6943390369415283,0.35948482155799866,1
332,003910,/Users/von/Projects/cci-local-recovery/rerun_workspace/data/voc2007/VOCdevkit/VOC2007/JPEGImages/003910.jpg,boat,boat,"[""boat"",""person""]",0,0.0,-0.20221605896949768,-0.20609651505947113,-0.1309477835893631,-0.03936558961868286,1
333,006591,/Users/von/Projects/cci-local-recovery/rerun_workspace/data/voc2007/VOCdevkit/VOC2007/JPEGImages/006591.jpg,cow,cow,"[""cow"",""person""]",3,1.0,7.773184776306152,7.908287048339844,5.402885437011719,7.945248126983643,1
334,002773,/Users/von/Projects/cci-local-recovery/rerun_workspace/data/voc2007/VOCdevkit/VOC2007/JPEGImages/002773.jpg,person,person,"[""person"",""bottle""]",2,1.0,-0.048127252608537674,-0.049039050936698914,-0.2743833065032959,-0.0617518350481987,1
335,001794,/Users/von/Projects/cci-local-recovery/rerun_workspace/data/voc2007/VOCdevkit/VOC2007/JPEGImages/001794.jpg,person,person,"[""person"",""horse""]",0,0.19230769574642181,0.16918201744556427,0.1723872721195221,-0.4832002818584442,-0.22213882207870483,1
336,009435,/Users/von/Projects/cci-local-recovery/rerun_workspace/data/voc2007/VOCdevkit/VOC2007/JPEGImages/009435.jpg,sofa,sofa,"[""sofa"",""chair""]",2,0.7941176295280457,1.59761643409729,1.626793384552002,1.0698716640472412,1.9734959602355957,1
337,000025,/Users/von/Projects/cci-local-recovery/rerun_workspace/data/voc2007/VOCdevkit/VOC2007/JPEGImages/000025.jpg,person,person,"[""person"",""cow""]",4,0.8947368264198303,0.4521578550338745,0.46072423458099365,0.11617201566696167,0.30639368295669556,1
338,001105,/Users/von/Projects/cci-local-recovery/rerun_workspace/data/voc2007/VOCdevkit/VOC2007/JPEGImages/001105.jpg,person,person,"[""person"",""bottle"",""diningtable""]",1,0.6052631735801697,1.0621107816696167,1.0822330713272095,-1.6370834112167358,-0.17040205001831055,1
339,000956,/Users/von/Projects/cci-local-recovery/rerun_workspace/data/voc2007/VOCdevkit/VOC2007/JPEGImages/000956.jpg,person,person,"[""person"",""tvmonitor""]",0,0.800000011920929,0.3340892791748047,0.3404187858104706,-4.331342697143555,-0.5028704404830933,1
340,000299,/Users/von/Projects/cci-local-recovery/rerun_workspace/data/voc2007/VOCdevkit/VOC2007/JPEGImages/000299.jpg,person,person,"[""person"",""bottle"",""chair"",""sofa""]",4,0.8695651888847351,0.6159214377403259,0.6275904178619385,-0.9084775447845459,0.35468167066574097,1
341,006287,/Users/von/Projects/cci-local-recovery/rerun_workspace/data/voc2007/VOCdevkit/VOC2007/JPEGImages/006287.jpg,sofa,sofa,"[""sofa"",""chair"",""person""]",3,1.0,1.9785213470458984,2.0146546363830566,1.2828900814056396,1.980818271636963,1
342,005774,/Users/von/Projects/cci-local-recovery/rerun_workspace/data/voc2007/VOCdevkit/VOC2007/JPEGImages/005774.jpg,motorbike,motorbike,"[""motorbike"",""person""]",4,0.925000011920929,1.8868181705474854,1.9192931652069092,0.665901780128479,1.3625359535217285,1
343,003501,/Users/von/Projects/cci-local-recovery/rerun_workspace/data/voc2007/VOCdevkit/VOC2007/JPEGImages/003501.jpg,car,car,"[""car"",""person""]",7,0.9333333373069763,0.8381973505020142,0.8522406816482544,0.5843374729156494,1.0782921314239502,1
344,007382,/Users/von/Projects/cci-local-recovery/rerun_workspace/data/voc2007/VOCdevkit/VOC2007/JPEGImages/007382.jpg,train,train,"[""train"",""person""]",1,0.875,1.0000286102294922,1.0176808834075928,-0.42204856872558594,0.4080854058265686,1
345,002614,/Users/von/Projects/cci-local-recovery/rerun_workspace/data/voc2007/VOCdevkit/VOC2007/JPEGImages/002614.jpg,diningtable,diningtable,"[""diningtable"",""bottle"",""person""]",4,0.9599999785423279,0.5791958570480347,0.5871448516845703,0.16427946090698242,0.4757855534553528,1
346,009689,/Users/von/Projects/cci-local-recovery/rerun_workspace/data/voc2007/VOCdevkit/VOC2007/JPEGImages/009689.jpg,chair,chair,"[""chair"",""tvmonitor""]",1,0.0416666679084301,1.5054450035095215,1.5309373140335083,0.00023043155670166016,0.7995699048042297,1
347,003590,/Users/von/Projects/cci-local-recovery/rerun_workspace/data/voc2007/VOCdevkit/VOC2007/JPEGImages/003590.jpg,person,person,"[""person"",""bottle"",""chair"",""tvmonitor""]",4,1.0,0.9205557107925415,0.9379961490631104,-0.044033944606781006,0.673546552658081,1
348,003418,/Users/von/Projects/cci-local-recovery/rerun_workspace/data/voc2007/VOCdevkit/VOC2007/JPEGImages/003418.jpg,dog,dog,"[""dog"",""person"",""sofa""]",2,0.8275862336158752,3.873105525970459,3.94346022605896,3.651308536529541,5.8431572914123535,1
349,001781,/Users/von/Projects/cci-local-recovery/rerun_workspace/data/voc2007/VOCdevkit/VOC2007/JPEGImages/001781.jpg,person,person,"[""person"",""bicycle""]",3,1.0,0.8705087900161743,0.887001097202301,-0.11704844236373901,1.2178146839141846,1
350,000825,/Users/von/Projects/cci-local-recovery/rerun_workspace/data/voc2007/VOCdevkit/VOC2007/JPEGImages/000825.jpg,bicycle,bicycle,"[""bicycle"",""bottle""]",1,0.34375,0.5400477647781372,0.5501136779785156,-0.2391594648361206,0.046082258224487305,1
351,009592,/Users/von/Projects/cci-local-recovery/rerun_workspace/data/voc2007/VOCdevkit/VOC2007/JPEGImages/009592.jpg,sofa,sofa,"[""sofa"",""dog""]",1,0.2888889014720917,0.47384509444236755,0.4824988543987274,-0.4312671720981598,0.19273918867111206,1
352,004177,/Users/von/Projects/cci-local-recovery/rerun_workspace/data/voc2007/VOCdevkit/VOC2007/JPEGImages/004177.jpg,horse,horse,"[""horse"",""person""]",2,0.9428571462631226,0.7123185992240906,0.7233820557594299,0.2902141213417053,1.2353001832962036,1
353,000144,/Users/von/Projects/cci-local-recovery/rerun_workspace/data/voc2007/VOCdevkit/VOC2007/JPEGImages/000144.jpg,person,person,"[""person"",""bottle"",""chair"",""diningtable""]",6,0.3571428656578064,0.619911789894104,0.6316563487052917,-0.5137619376182556,0.4862704873085022,1
354,006237,/Users/von/Projects/cci-local-recovery/rerun_workspace/data/voc2007/VOCdevkit/VOC2007/JPEGImages/006237.jpg,person,person,"[""person"",""horse""]",3,1.0,1.2976421117782593,1.322226643562317,-0.6817373037338257,0.6297653913497925,1
355,001549,/Users/von/Projects/cci-local-recovery/rerun_workspace/data/voc2007/VOCdevkit/VOC2007/JPEGImages/001549.jpg,dog,dog,"[""dog"",""tvmonitor""]",0,0.48148149251937866,0.3366225063800812,0.34273722767829895,-0.8719738721847534,-0.36155685782432556,1
356,002823,/Users/von/Projects/cci-local-recovery/rerun_workspace/data/voc2007/VOCdevkit/VOC2007/JPEGImages/002823.jpg,motorbike,motorbike,"[""motorbike"",""person""]",0,1.0,5.095179557800293,5.182875156402588,1.7342216968536377,5.197592258453369,1
357,009320,/Users/von/Projects/cci-local-recovery/rerun_workspace/data/voc2007/VOCdevkit/VOC2007/JPEGImages/009320.jpg,person,person,"[""person"",""sheep""]",2,0.24193547666072845,0.10328610241413116,0.10524291545152664,-0.48991191387176514,-0.12903299927711487,1
358,005276,/Users/von/Projects/cci-local-recovery/rerun_workspace/data/voc2007/VOCdevkit/VOC2007/JPEGImages/005276.jpg,person,person,"[""person"",""bicycle"",""bottle""]",3,0.949999988079071,0.07212881743907928,0.07349533587694168,-0.22024863958358765,0.21584028005599976,1
359,001757,/Users/von/Projects/cci-local-recovery/rerun_workspace/data/voc2007/VOCdevkit/VOC2007/JPEGImages/001757.jpg,diningtable,diningtable,"[""diningtable"",""person""]",6,0.0,0.267099529504776,0.2707652449607849,-0.5230849981307983,-0.13914620876312256,1
360,002416,/Users/von/Projects/cci-local-recovery/rerun_workspace/data/voc2007/VOCdevkit/VOC2007/JPEGImages/002416.jpg,car,car,"[""car"",""person""]",2,0.15909090638160706,0.5591912269592285,0.568560004234314,-0.19081264734268188,0.19394254684448242,1
361,002245,/Users/von/Projects/cci-local-recovery/rerun_workspace/data/voc2007/VOCdevkit/VOC2007/JPEGImages/002245.jpg,bus,bus,"[""bus"",""car""]",1,0.9811320900917053,0.37863582372665405,0.38622090220451355,-0.22071370482444763,0.4942140281200409,1
362,006405,/Users/von/Projects/cci-local-recovery/rerun_workspace/data/voc2007/VOCdevkit/VOC2007/JPEGImages/006405.jpg,bus,bus,"[""bus"",""car""]",1,0.01785714365541935,1.5357046127319336,1.5664688348770142,-0.19525253772735596,0.8572352528572083,1
363,000434,/Users/von/Projects/cci-local-recovery/rerun_workspace/data/voc2007/VOCdevkit/VOC2007/JPEGImages/000434.jpg,horse,horse,"[""horse"",""person""]",1,0.9333333373069763,1.5409728288650513,1.5649065971374512,0.512434720993042,1.6971321105957031,1
364,002740,/Users/von/Projects/cci-local-recovery/rerun_workspace/data/voc2007/VOCdevkit/VOC2007/JPEGImages/002740.jpg,car,car,"[""car"",""cat""]",7,0.9047619104385376,0.03891877084970474,0.039570823311805725,0.044401559978723526,0.24266934394836426,1
365,007338,/Users/von/Projects/cci-local-recovery/rerun_workspace/data/voc2007/VOCdevkit/VOC2007/JPEGImages/007338.jpg,person,person,"[""person"",""motorbike""]",3,0.10526315867900848,0.14826712012290955,0.15107612311840057,-0.027976781129837036,0.27107006311416626,2
366,005558,/Users/von/Projects/cci-local-recovery/rerun_workspace/data/voc2007/VOCdevkit/VOC2007/JPEGImages/005558.jpg,car,car,"[""car"",""person""]",7,1.0,0.3217342793941498,0.327124685049057,-1.3299554586410522,0.4089033007621765,1
367,000719,/Users/von/Projects/cci-local-recovery/rerun_workspace/data/voc2007/VOCdevkit/VOC2007/JPEGImages/000719.jpg,bus,bus,"[""bus"",""car"",""person""]",2,0.800000011920929,3.9650909900665283,4.044522285461426,2.286221504211426,4.511271953582764,1
368,009563,/Users/von/Projects/cci-local-recovery/rerun_workspace/data/voc2007/VOCdevkit/VOC2007/JPEGImages/009563.jpg,motorbike,motorbike,"[""motorbike"",""person""]",0,0.9047619104385376,0.7984152436256409,0.812157154083252,-0.1670207381248474,0.4852553904056549,1
369,002654,/Users/von/Projects/cci-local-recovery/rerun_workspace/data/voc2007/VOCdevkit/VOC2007/JPEGImages/002654.jpg,sofa,sofa,"[""sofa"",""chair""]",5,1.0,2.098886013031006,2.1372175216674805,1.449578046798706,2.046503782272339,1
370,008380,/Users/von/Projects/cci-local-recovery/rerun_workspace/data/voc2007/VOCdevkit/VOC2007/JPEGImages/008380.jpg,sofa,sofa,"[""sofa"",""pottedplant""]",3,1.0,1.6006476879119873,1.6298800706863403,0.7387558221817017,1.5277254581451416,1
371,003733,/Users/von/Projects/cci-local-recovery/rerun_workspace/data/voc2007/VOCdevkit/VOC2007/JPEGImages/003733.jpg,car,car,"[""car"",""person""]",1,0.0,0.2670326828956604,0.2715066075325012,-0.25750768184661865,0.1621209681034088,1
372,001850,/Users/von/Projects/cci-local-recovery/rerun_workspace/data/voc2007/VOCdevkit/VOC2007/JPEGImages/001850.jpg,aeroplane,aeroplane,"[""aeroplane"",""person""]",1,0.0,0.5781172513961792,0.5886732339859009,-0.3401567339897156,-0.007344603538513184,1
373,006288,/Users/von/Projects/cci-local-recovery/rerun_workspace/data/voc2007/VOCdevkit/VOC2007/JPEGImages/006288.jpg,sofa,sofa,"[""sofa"",""person""]",2,0.7714285850524902,0.6789560317993164,0.6913557052612305,0.025657832622528076,0.5101311802864075,1
374,004712,/Users/von/Projects/cci-local-recovery/rerun_workspace/data/voc2007/VOCdevkit/VOC2007/JPEGImages/004712.jpg,person,person,"[""person"",""bottle"",""chair"",""diningtable"",""pottedplant""]",7,0.4324324429035187,0.4452750086784363,0.45371100306510925,-0.37395235896110535,-0.020109742879867554,1
375,001696,/Users/von/Projects/cci-local-recovery/rerun_workspace/data/voc2007/VOCdevkit/VOC2007/JPEGImages/001696.jpg,person,person,"[""person"",""chair"",""sofa""]",5,0.290909081697464,0.7455140352249146,0.759638249874115,-1.1187176704406738,0.18167221546173096,1
376,004704,/Users/von/Projects/cci-local-recovery/rerun_workspace/data/voc2007/VOCdevkit/VOC2007/JPEGImages/004704.jpg,sofa,sofa,"[""sofa"",""cat"",""person""]",6,0.0,0.5895686149597168,0.6003357768058777,-2.53181791305542,0.1129487156867981,1
377,009046,/Users/von/Projects/cci-local-recovery/rerun_workspace/data/voc2007/VOCdevkit/VOC2007/JPEGImages/009046.jpg,horse,horse,"[""horse"",""person""]",5,0.9615384340286255,0.4165821075439453,0.4230523109436035,-0.25047069787979126,0.12072360515594482,1
378,006561,/Users/von/Projects/cci-local-recovery/rerun_workspace/data/voc2007/VOCdevkit/VOC2007/JPEGImages/006561.jpg,motorbike,motorbike,"[""motorbike"",""person""]",1,1.0,0.4933547079563141,0.5018460750579834,-0.711331844329834,0.18137004971504211,1
379,008114,/Users/von/Projects/cci-local-recovery/rerun_workspace/data/voc2007/VOCdevkit/VOC2007/JPEGImages/008114.jpg,sofa,sofa,"[""sofa"",""car""]",3,1.0,1.2354592084884644,1.2580221891403198,0.8035753965377808,1.6046240329742432,1
380,004717,/Users/von/Projects/cci-local-recovery/rerun_workspace/data/voc2007/VOCdevkit/VOC2007/JPEGImages/004717.jpg,chair,chair,"[""chair"",""bottle"",""tvmonitor""]",0,0.0,0.6223062872886658,0.6328440308570862,-0.7205538153648376,0.47369739413261414,1
381,006014,/Users/von/Projects/cci-local-recovery/rerun_workspace/data/voc2007/VOCdevkit/VOC2007/JPEGImages/006014.jpg,boat,boat,"[""boat"",""person""]",7,0.8181818127632141,0.5901082158088684,0.601432204246521,-0.24389809370040894,0.7438238859176636,1
382,008027,/Users/von/Projects/cci-local-recovery/rerun_workspace/data/voc2007/VOCdevkit/VOC2007/JPEGImages/008027.jpg,person,person,"[""person"",""horse""]",7,0.9444444179534912,0.19623364508152008,0.1999514102935791,-0.5749305486679077,0.12091314792633057,1
383,000517,/Users/von/Projects/cci-local-recovery/rerun_workspace/data/voc2007/VOCdevkit/VOC2007/JPEGImages/000517.jpg,person,person,"[""person"",""bottle"",""cat"",""dog""]",7,1.0,0.8520305156707764,0.8681727051734924,-0.05303984880447388,1.3305530548095703,1
384,009651,/Users/von/Projects/cci-local-recovery/rerun_workspace/data/voc2007/VOCdevkit/VOC2007/JPEGImages/009651.jpg,person,person,"[""person"",""chair"",""sofa""]",3,1.0,0.2732883393764496,0.27846595644950867,-0.448420912027359,1.5302770137786865,1
385,003955,/Users/von/Projects/cci-local-recovery/rerun_workspace/data/voc2007/VOCdevkit/VOC2007/JPEGImages/003955.jpg,horse,horse,"[""horse"",""person""]",5,0.09375,0.9823822975158691,0.9976403117179871,-0.10078257322311401,0.6923315525054932,1
386,004763,/Users/von/Projects/cci-local-recovery/rerun_workspace/data/voc2007/VOCdevkit/VOC2007/JPEGImages/004763.jpg,bicycle,bicycle,"[""bicycle"",""car""]",0,1.0,5.577374458312988,5.681330680847168,2.9407567977905273,6.57265567779541,1
387,003141,/Users/von/Projects/cci-local-recovery/rerun_workspace/data/voc2007/VOCdevkit/VOC2007/JPEGImages/003141.jpg,diningtable,diningtable,"[""diningtable"",""chair""]",3,0.375,1.4803279638290405,1.5006442070007324,-0.19407427310943604,1.7145264148712158,1
388,009397,/Users/von/Projects/cci-local-recovery/rerun_workspace/data/voc2007/VOCdevkit/VOC2007/JPEGImages/009397.jpg,sofa,sofa,"[""sofa"",""chair"",""tvmonitor""]",3,0.1111111119389534,0.5790645480155945,0.5896399021148682,-0.1891179084777832,0.3267833888530731,1
389,005937,/Users/von/Projects/cci-local-recovery/rerun_workspace/data/voc2007/VOCdevkit/VOC2007/JPEGImages/005937.jpg,sofa,sofa,"[""sofa"",""dog"",""person"",""pottedplant""]",5,0.36666667461395264,1.1321613788604736,1.152837872505188,-5.14021110534668,0.47208231687545776,1
390,002905,/Users/von/Projects/cci-local-recovery/rerun_workspace/data/voc2007/VOCdevkit/VOC2007/JPEGImages/002905.jpg,person,person,"[""person"",""bottle"",""tvmonitor""]",2,0.4166666567325592,0.6303310990333557,0.6422730684280396,-1.3106093406677246,-0.08175152540206909,1
391,008824,/Users/von/Projects/cci-local-recovery/rerun_workspace/data/voc2007/VOCdevkit/VOC2007/JPEGImages/008824.jpg,motorbike,motorbike,"[""motorbike"",""car"",""person""]",5,0.8999999761581421,5.014006614685059,5.100305080413818,2.4574904441833496,5.479900360107422,1
392,002712,/Users/von/Projects/cci-local-recovery/rerun_workspace/data/voc2007/VOCdevkit/VOC2007/JPEGImages/002712.jpg,person,person,"[""person"",""bottle""]",6,1.0,2.204575300216675,2.246342182159424,2.0578536987304688,3.167806386947632,1
393,001949,/Users/von/Projects/cci-local-recovery/rerun_workspace/data/voc2007/VOCdevkit/VOC2007/JPEGImages/001949.jpg,diningtable,diningtable,"[""diningtable"",""chair""]",4,0.9615384340286255,0.5214428901672363,0.5285992622375488,1.0029425621032715,1.4549710750579834,1
394,000166,/Users/von/Projects/cci-local-recovery/rerun_workspace/data/voc2007/VOCdevkit/VOC2007/JPEGImages/000166.jpg,horse,horse,"[""horse"",""person""]",3,1.0,4.320041179656982,4.387138366699219,2.8341941833496094,4.315063953399658,1
395,004268,/Users/von/Projects/cci-local-recovery/rerun_workspace/data/voc2007/VOCdevkit/VOC2007/JPEGImages/004268.jpg,bottle,bottle,"[""bottle"",""person""]",6,0.3333333432674408,1.1294655799865723,1.1547311544418335,-0.022351384162902832,0.7725645303726196,1
396,006951,/Users/von/Projects/cci-local-recovery/rerun_workspace/data/voc2007/VOCdevkit/VOC2007/JPEGImages/006951.jpg,motorbike,motorbike,"[""motorbike"",""person""]",5,0.1041666641831398,0.6166683435440063,0.6272821426391602,-0.41988039016723633,0.044279515743255615,1
397,005296,/Users/von/Projects/cci-local-recovery/rerun_workspace/data/voc2007/VOCdevkit/VOC2007/JPEGImages/005296.jpg,car,car,"[""car"",""person""]",2,0.96875,0.678486168384552,0.6898536682128906,0.1998683512210846,0.6009079217910767,1
398,004804,/Users/von/Projects/cci-local-recovery/rerun_workspace/data/voc2007/VOCdevkit/VOC2007/JPEGImages/004804.jpg,horse,horse,"[""horse"",""car"",""person""]",1,0.23076923191547394,0.8524951934814453,0.8657358288764954,0.008722960948944092,0.14537429809570312,1
399,006875,/Users/von/Projects/cci-local-recovery/rerun_workspace/data/voc2007/VOCdevkit/VOC2007/JPEGImages/006875.jpg,horse,horse,"[""horse"",""person""]",1,0.939393937587738,0.8917573690414429,0.9056078195571899,-0.9327173233032227,1.0901310443878174,1
400,009387,/Users/von/Projects/cci-local-recovery/rerun_workspace/data/voc2007/VOCdevkit/VOC2007/JPEGImages/009387.jpg,bus,bus,"[""bus"",""car""]",6,0.2916666567325592,2.1980397701263428,2.242072343826294,1.6418511867523193,2.636049747467041,1
401,001297,/Users/von/Projects/cci-local-recovery/rerun_workspace/data/voc2007/VOCdevkit/VOC2007/JPEGImages/001297.jpg,sofa,sofa,"[""sofa"",""person""]",2,0.9803921580314636,0.9595263600349426,0.9770500063896179,0.3817429542541504,0.8710364699363708,1
402,005002,/Users/von/Projects/cci-local-recovery/rerun_workspace/data/voc2007/VOCdevkit/VOC2007/JPEGImages/005002.jpg,person,person,"[""person"",""bottle""]",7,0.6470588445663452,0.2369825690984726,0.24147233366966248,-0.3964065611362457,-0.022926926612854004,1
403,004357,/Users/von/Projects/cci-local-recovery/rerun_workspace/data/voc2007/VOCdevkit/VOC2007/JPEGImages/004357.jpg,person,person,"[""person"",""sheep""]",3,0.029411764815449715,0.7888088822364807,0.8037533164024353,-0.41830378770828247,0.2506709098815918,1
404,006010,/Users/von/Projects/cci-local-recovery/rerun_workspace/data/voc2007/VOCdevkit/VOC2007/JPEGImages/006010.jpg,diningtable,diningtable,"[""diningtable"",""chair"",""tvmonitor""]",3,0.18518517911434174,2.4344093799591064,2.4678196907043457,1.8550571203231812,2.6060941219329834,1
405,008255,/Users/von/Projects/cci-local-recovery/rerun_workspace/data/voc2007/VOCdevkit/VOC2007/JPEGImages/008255.jpg,bicycle,bicycle,"[""bicycle"",""person""]",6,0.0,-0.03911371901631355,-0.03984275460243225,-0.27661585807800293,-0.10487547516822815,1
406,007620,/Users/von/Projects/cci-local-recovery/rerun_workspace/data/voc2007/VOCdevkit/VOC2007/JPEGImages/007620.jpg,horse,horse,"[""horse"",""person""]",4,0.970588207244873,1.7839218378067017,1.811629056930542,-0.16049516201019287,1.1844664812088013,1
407,005025,/Users/von/Projects/cci-local-recovery/rerun_workspace/data/voc2007/VOCdevkit/VOC2007/JPEGImages/005025.jpg,sofa,sofa,"[""sofa"",""person""]",0,0.9166666865348816,1.0615904331207275,1.0809780359268188,0.2655673623085022,1.1694236993789673,1
408,007589,/Users/von/Projects/cci-local-recovery/rerun_workspace/data/voc2007/VOCdevkit/VOC2007/JPEGImages/007589.jpg,car,car,"[""car"",""person""]",1,0.06896551698446274,0.9586708545684814,0.9747326374053955,-0.9144672155380249,0.36769670248031616,1
409,009115,/Users/von/Projects/cci-local-recovery/rerun_workspace/data/voc2007/VOCdevkit/VOC2007/JPEGImages/009115.jpg,person,person,"[""person"",""bicycle""]",4,0.0,-0.004082388710230589,-0.004159731790423393,-0.1491202414035797,-0.035652659833431244,1
410,007170,/Users/von/Projects/cci-local-recovery/rerun_workspace/data/voc2007/VOCdevkit/VOC2007/JPEGImages/007170.jpg,person,person,"[""person"",""sofa""]",2,0.7647058963775635,0.24231337010860443,0.2469041347503662,-0.6543709635734558,-0.04699239134788513,1
411,002624,/Users/von/Projects/cci-local-recovery/rerun_workspace/data/voc2007/VOCdevkit/VOC2007/JPEGImages/002624.jpg,person,person,"[""person"",""diningtable""]",0,0.25,0.14863088726997375,0.15144678950309753,-0.8235938549041748,-0.08316086232662201,1
412,000178,/Users/von/Projects/cci-local-recovery/rerun_workspace/data/voc2007/VOCdevkit/VOC2007/JPEGImages/000178.jpg,person,person,"[""person"",""bottle""]",7,0.0,0.23653890192508698,0.24102026224136353,-0.1615140438079834,0.04864320158958435,1
413,002065,/Users/von/Projects/cci-local-recovery/rerun_workspace/data/voc2007/VOCdevkit/VOC2007/JPEGImages/002065.jpg,chair,chair,"[""chair"",""person""]",1,0.14814814925193787,2.937859535217285,2.987607479095459,-0.6084935665130615,1.2477216720581055,1
414,008907,/Users/von/Projects/cci-local-recovery/rerun_workspace/data/voc2007/VOCdevkit/VOC2007/JPEGImages/008907.jpg,dog,dog,"[""dog"",""person""]",4,1.0,3.0361785888671875,3.0913305282592773,3.516735076904297,5.632638931274414,1
415,005035,/Users/von/Projects/cci-local-recovery/rerun_workspace/data/voc2007/VOCdevkit/VOC2007/JPEGImages/005035.jpg,car,car,"[""car"",""person""]",2,1.0,0.6014712452888489,0.6115484237670898,0.15045994520187378,0.7987543940544128,1
416,008215,/Users/von/Projects/cci-local-recovery/rerun_workspace/data/voc2007/VOCdevkit/VOC2007/JPEGImages/008215.jpg,sheep,sheep,"[""sheep"",""car"",""person""]",6,0.3888888955116272,3.2574830055236816,3.3222177028656006,2.294278621673584,3.032423496246338,1
417,006094,/Users/von/Projects/cci-local-recovery/rerun_workspace/data/voc2007/VOCdevkit/VOC2007/JPEGImages/006094.jpg,car,car,"[""car"",""person""]",0,1.0,0.582158625125885,0.5919122099876404,-1.344588279724121,0.3045354187488556,1
418,006469,/Users/von/Projects/cci-local-recovery/rerun_workspace/data/voc2007/VOCdevkit/VOC2007/JPEGImages/006469.jpg,motorbike,motorbike,"[""motorbike"",""car"",""person""]",7,0.6875,3.8543403148651123,3.9206793308258057,1.3068547248840332,4.462571144104004,1
419,005816,/Users/von/Projects/cci-local-recovery/rerun_workspace/data/voc2007/VOCdevkit/VOC2007/JPEGImages/005816.jpg,motorbike,motorbike,"[""motorbike"",""person""]",1,0.8846153616905212,4.538983345031738,4.617105960845947,2.8805932998657227,4.347515106201172,1
420,001974,/Users/von/Projects/cci-local-recovery/rerun_workspace/data/voc2007/VOCdevkit/VOC2007/JPEGImages/001974.jpg,boat,boat,"[""boat"",""cow"",""person""]",5,0.6333333253860474,2.6218788623809814,2.672191858291626,1.243338704109192,2.439772605895996,1
421,007333,/Users/von/Projects/cci-local-recovery/rerun_workspace/data/voc2007/VOCdevkit/VOC2007/JPEGImages/007333.jpg,person,person,"[""person"",""tvmonitor""]",0,0.3235294222831726,0.24055728316307068,0.2451147735118866,0.041350483894348145,0.17974570393562317,1
422,003584,/Users/von/Projects/cci-local-recovery/rerun_workspace/data/voc2007/VOCdevkit/VOC2007/JPEGImages/003584.jpg,horse,horse,"[""horse"",""person""]",2,0.1111111119389534,0.5605249404907227,0.5692307949066162,-0.11266523599624634,0.1536758542060852,1
423,004492,/Users/von/Projects/cci-local-recovery/rerun_workspace/data/voc2007/VOCdevkit/VOC2007/JPEGImages/004492.jpg,horse,horse,"[""horse"",""car""]",4,1.0,1.5711677074432373,1.59557044506073,-0.029442310333251953,1.7389771938323975,1
424,001353,/Users/von/Projects/cci-local-recovery/rerun_workspace/data/voc2007/VOCdevkit/VOC2007/JPEGImages/001353.jpg,person,person,"[""person"",""dog""]",6,1.0,0.5033064484596252,0.5128418803215027,-0.0811195969581604,0.37077829241752625,1
425,003289,/Users/von/Projects/cci-local-recovery/rerun_workspace/data/voc2007/VOCdevkit/VOC2007/JPEGImages/003289.jpg,bus,bus,"[""bus"",""car"",""person""]",4,0.5,1.7748857736587524,1.8104413747787476,1.2975010871887207,2.8087363243103027,1
426,004887,/Users/von/Projects/cci-local-recovery/rerun_workspace/data/voc2007/VOCdevkit/VOC2007/JPEGImages/004887.jpg,sofa,sofa,"[""sofa"",""chair""]",0,0.5128205418586731,3.6331820487976074,3.6995341777801514,1.3360950946807861,3.915694236755371,1
427,005505,/Users/von/Projects/cci-local-recovery/rerun_workspace/data/voc2007/VOCdevkit/VOC2007/JPEGImages/005505.jpg,horse,horse,"[""horse"",""person""]",0,1.0,0.4336546063423157,0.4403899610042572,0.46959903836250305,1.0062464475631714,1
428,009657,/Users/von/Projects/cci-local-recovery/rerun_workspace/data/voc2007/VOCdevkit/VOC2007/JPEGImages/009657.jpg,motorbike,motorbike,"[""motorbike"",""person""]",3,0.9629629850387573,0.6009463667869568,0.6112895607948303,-0.11716556549072266,0.73419588804245,1
429,007032,/Users/von/Projects/cci-local-recovery/rerun_workspace/data/voc2007/VOCdevkit/VOC2007/JPEGImages/007032.jpg,sofa,sofa,"[""sofa"",""person""]",0,1.0,0.395674467086792,0.4029006063938141,0.08309122920036316,0.3946904242038727,1
430,000223,/Users/von/Projects/cci-local-recovery/rerun_workspace/data/voc2007/VOCdevkit/VOC2007/JPEGImages/000223.jpg,train,train,"[""train"",""person""]",7,0.8928571343421936,0.5597836971282959,0.5696648955345154,0.14102959632873535,0.5512239933013916,1
431,006083,/Users/von/Projects/cci-local-recovery/rerun_workspace/data/voc2007/VOCdevkit/VOC2007/JPEGImages/006083.jpg,motorbike,motorbike,"[""motorbike"",""pottedplant""]",3,1.0,0.2416662871837616,0.24582572281360626,0.17631807923316956,1.6048784255981445,1
432,006936,/Users/von/Projects/cci-local-recovery/rerun_workspace/data/voc2007/VOCdevkit/VOC2007/JPEGImages/006936.jpg,horse,horse,"[""horse"",""person""]",1,0.95652174949646,4.271981239318848,4.338332176208496,3.6309850215911865,5.3255414962768555,1
433,004154,/Users/von/Projects/cci-local-recovery/rerun_workspace/data/voc2007/VOCdevkit/VOC2007/JPEGImages/004154.jpg,car,car,"[""car"",""person""]",1,0.0,0.1893106997013092,0.19248244166374207,-0.566527247428894,-0.08613774180412292,1
434,000662,/Users/von/Projects/cci-local-recovery/rerun_workspace/data/voc2007/VOCdevkit/VOC2007/JPEGImages/000662.jpg,sofa,sofa,"[""sofa"",""cat"",""person""]",1,1.0,0.6435359120368958,0.6552886962890625,0.41473641991615295,0.719782829284668,1
435,000185,/Users/von/Projects/cci-local-recovery/rerun_workspace/data/voc2007/VOCdevkit/VOC2007/JPEGImages/000185.jpg,person,person,"[""person"",""chair"",""tvmonitor""]",1,0.24242424964904785,2.0943939685821533,2.134073495864868,-1.5523996353149414,1.3069908618927002,1
436,002449,/Users/von/Projects/cci-local-recovery/rerun_workspace/data/voc2007/VOCdevkit/VOC2007/JPEGImages/002449.jpg,diningtable,diningtable,"[""diningtable"",""boat"",""chair""]",3,0.9200000166893005,1.245915174484253,1.263014316558838,1.2871261835098267,1.9110403060913086,1
437,007127,/Users/von/Projects/cci-local-recovery/rerun_workspace/data/voc2007/VOCdevkit/VOC2007/JPEGImages/007127.jpg,train,train,"[""train"",""person""]",0,0.125,0.646796703338623,0.6582137942314148,0.15629678964614868,0.6545594334602356,1
438,006669,/Users/von/Projects/cci-local-recovery/rerun_workspace/data/voc2007/VOCdevkit/VOC2007/JPEGImages/006669.jpg,train,train,"[""train"",""person""]",0,0.31578946113586426,0.1570778489112854,0.15985055267810822,-0.27711987495422363,0.06425335258245468,2
439,007332,/Users/von/Projects/cci-local-recovery/rerun_workspace/data/voc2007/VOCdevkit/VOC2007/JPEGImages/007332.jpg,person,person,"[""person"",""cat"",""pottedplant"",""sofa"",""tvmonitor""]",3,0.5526315569877625,0.6011896133422852,0.6125794649124146,-1.5790139436721802,-0.4439276456832886,1
440,006574,/Users/von/Projects/cci-local-recovery/rerun_workspace/data/voc2007/VOCdevkit/VOC2007/JPEGImages/006574.jpg,person,person,"[""person"",""tvmonitor""]",0,1.0,0.10093674808740616,0.10284905135631561,-1.3177716732025146,-0.145532488822937,1
441,000202,/Users/von/Projects/cci-local-recovery/rerun_workspace/data/voc2007/VOCdevkit/VOC2007/JPEGImages/000202.jpg,person,person,"[""person"",""bottle""]",7,0.5,0.5679751038551331,0.5787357091903687,-0.05975991487503052,0.21703559160232544,1
442,007634,/Users/von/Projects/cci-local-recovery/rerun_workspace/data/voc2007/VOCdevkit/VOC2007/JPEGImages/007634.jpg,person,person,"[""person"",""car""]",2,1.0,2.0638997554779053,2.103001594543457,-0.8167896270751953,0.3481886386871338,1
443,004862,/Users/von/Projects/cci-local-recovery/rerun_workspace/data/voc2007/VOCdevkit/VOC2007/JPEGImages/004862.jpg,chair,chair,"[""chair"",""pottedplant""]",0,0.11764705926179886,0.9870592355728149,1.00377357006073,-0.30605971813201904,1.0638409852981567,1
444,004162,/Users/von/Projects/cci-local-recovery/rerun_workspace/data/voc2007/VOCdevkit/VOC2007/JPEGImages/004162.jpg,person,person,"[""person"",""bottle""]",0,0.0,0.07994631677865982,0.08146094530820847,-0.6389068365097046,-0.14962106943130493,1
445,004661,/Users/von/Projects/cci-local-recovery/rerun_workspace/data/voc2007/VOCdevkit/VOC2007/JPEGImages/004661.jpg,person,person,"[""person"",""chair""]",4,1.0,0.7192047238349915,0.7328304648399353,-0.6030134558677673,0.24047526717185974,1
446,009643,/Users/von/Projects/cci-local-recovery/rerun_workspace/data/voc2007/VOCdevkit/VOC2007/JPEGImages/009643.jpg,bus,bus,"[""bus"",""car""]",4,0.5,3.2846901416778564,3.3504910469055176,1.3732571601867676,2.9845316410064697,1
447,009635,/Users/von/Projects/cci-local-recovery/rerun_workspace/data/voc2007/VOCdevkit/VOC2007/JPEGImages/009635.jpg,sofa,sofa,"[""sofa"",""chair""]",2,0.4285714328289032,2.795900821685791,2.8469619750976562,0.622901439666748,3.517244338989258,1
448,000621,/Users/von/Projects/cci-local-recovery/rerun_workspace/data/voc2007/VOCdevkit/VOC2007/JPEGImages/000621.jpg,person,person,"[""person"",""chair"",""diningtable""]",4,0.8999999761581421,1.3828399181365967,1.4090386629104614,-0.268845796585083,1.5551851987838745,1
449,004881,/Users/von/Projects/cci-local-recovery/rerun_workspace/data/voc2007/VOCdevkit/VOC2007/JPEGImages/004881.jpg,diningtable,diningtable,"[""diningtable"",""chair""]",0,0.949999988079071,0.39985135197639465,0.40533897280693054,-0.7715498208999634,0.22747467458248138,1
450,001469,/Users/von/Projects/cci-local-recovery/rerun_workspace/data/voc2007/VOCdevkit/VOC2007/JPEGImages/001469.jpg,person,person,"[""person"",""pottedplant""]",7,0.5600000023841858,1.489137887954712,1.517350435256958,0.9593783020973206,3.1610400676727295,1
451,009240,/Users/von/Projects/cci-local-recovery/rerun_workspace/data/voc2007/VOCdevkit/VOC2007/JPEGImages/009240.jpg,person,person,"[""person"",""boat""]",6,1.0,0.5903242826461792,0.6015083193778992,-0.37616121768951416,0.2325601875782013,1
452,002365,/Users/von/Projects/cci-local-recovery/rerun_workspace/data/voc2007/VOCdevkit/VOC2007/JPEGImages/002365.jpg,person,person,"[""person"",""chair""]",7,1.0,0.33020660281181335,0.3364625573158264,-0.614683210849762,0.15129660069942474,1
453,007778,/Users/von/Projects/cci-local-recovery/rerun_workspace/data/voc2007/VOCdevkit/VOC2007/JPEGImages/007778.jpg,person,person,"[""person"",""bottle""]",2,0.8571428656578064,0.4694700539112091,0.4783644378185272,-0.11235734820365906,0.3877447247505188,1
454,000111,/Users/von/Projects/cci-local-recovery/rerun_workspace/data/voc2007/VOCdevkit/VOC2007/JPEGImages/000111.jpg,person,person,"[""person"",""bicycle"",""chair"",""motorbike""]",0,0.0,0.14930322766304016,0.1521318554878235,-0.4923912286758423,-0.05427367985248566,1
455,007961,/Users/von/Projects/cci-local-recovery/rerun_workspace/data/voc2007/VOCdevkit/VOC2007/JPEGImages/007961.jpg,car,car,"[""car"",""person""]",4,1.0,0.21746619045734406,0.22110965847969055,-0.1285114586353302,0.37000393867492676,1
456,002904,/Users/von/Projects/cci-local-recovery/rerun_workspace/data/voc2007/VOCdevkit/VOC2007/JPEGImages/002904.jpg,person,person,"[""person"",""bottle"",""diningtable""]",5,0.30000001192092896,0.45200157165527344,0.4605650007724762,-0.18182656168937683,0.0002307891845703125,1
457,007360,/Users/von/Projects/cci-local-recovery/rerun_workspace/data/voc2007/VOCdevkit/VOC2007/JPEGImages/007360.jpg,person,person,"[""person"",""cat""]",0,1.0,0.35105499625205994,0.3577059209346771,-0.2340569794178009,0.1808411031961441,1
458,005354,/Users/von/Projects/cci-local-recovery/rerun_workspace/data/voc2007/VOCdevkit/VOC2007/JPEGImages/005354.jpg,motorbike,motorbike,"[""motorbike"",""person""]",6,0.9736841917037964,1.6733660697937012,1.7021671533584595,1.2681776285171509,2.318708896636963,1
459,004971,/Users/von/Projects/cci-local-recovery/rerun_workspace/data/voc2007/VOCdevkit/VOC2007/JPEGImages/004971.jpg,person,person,"[""person"",""chair""]",2,0.0,0.5037721395492554,0.5133163928985596,-0.5191731452941895,-0.12066799402236938,1
460,006941,/Users/von/Projects/cci-local-recovery/rerun_workspace/data/voc2007/VOCdevkit/VOC2007/JPEGImages/006941.jpg,diningtable,diningtable,"[""diningtable"",""person""]",1,0.03703703731298447,0.09924929589033127,0.10061141103506088,-0.09958706051111221,0.12679660320281982,1
461,006817,/Users/von/Projects/cci-local-recovery/rerun_workspace/data/voc2007/VOCdevkit/VOC2007/JPEGImages/006817.jpg,tvmonitor,tvmonitor,"[""tvmonitor"",""car"",""motorbike""]",0,0.5161290168762207,1.4950573444366455,1.531411051750183,-0.006335735321044922,1.009474515914917,1
462,009311,/Users/von/Projects/cci-local-recovery/rerun_workspace/data/voc2007/VOCdevkit/VOC2007/JPEGImages/009311.jpg,person,person,"[""person"",""bottle"",""chair""]",7,0.0,0.9997530579566956,1.0186939239501953,-0.865272045135498,0.18752312660217285,1
463,009101,/Users/von/Projects/cci-local-recovery/rerun_workspace/data/voc2007/VOCdevkit/VOC2007/JPEGImages/009101.jpg,horse,horse,"[""horse"",""person""]",1,0.9333333373069763,0.38536491990089417,0.39135026931762695,-0.03778576850891113,0.6273029446601868,1
464,001625,/Users/von/Projects/cci-local-recovery/rerun_workspace/data/voc2007/VOCdevkit/VOC2007/JPEGImages/001625.jpg,sheep,sheep,"[""sheep"",""person""]",7,1.0,7.0428667068481445,7.182826995849609,0.7795720100402832,6.596958160400391,1
465,009556,/Users/von/Projects/cci-local-recovery/rerun_workspace/data/voc2007/VOCdevkit/VOC2007/JPEGImages/009556.jpg,person,person,"[""person"",""dog""]",2,0.5365853905677795,0.4051141142845154,0.4127892255783081,-0.3088086247444153,0.41198745369911194,1
466,005703,/Users/von/Projects/cci-local-recovery/rerun_workspace/data/voc2007/VOCdevkit/VOC2007/JPEGImages/005703.jpg,person,person,"[""person"",""chair"",""dog"",""pottedplant""]",1,1.0,0.5753284096717834,0.5862283110618591,-0.7925600409507751,0.5272154211997986,1
467,007596,/Users/von/Projects/cci-local-recovery/rerun_workspace/data/voc2007/VOCdevkit/VOC2007/JPEGImages/007596.jpg,sheep,sheep,"[""sheep"",""dog""]",2,0.90625,5.112849235534668,5.2144551277160645,3.3726041316986084,5.137465476989746,1
468,005074,/Users/von/Projects/cci-local-recovery/rerun_workspace/data/voc2007/VOCdevkit/VOC2007/JPEGImages/005074.jpg,boat,boat,"[""boat"",""bird"",""car""]",6,1.0,1.2404592037200928,1.2642631530761719,0.6610655784606934,0.9507764577865601,1
469,001354,/Users/von/Projects/cci-local-recovery/rerun_workspace/data/voc2007/VOCdevkit/VOC2007/JPEGImages/001354.jpg,diningtable,diningtable,"[""diningtable"",""bottle"",""person""]",6,0.8214285969734192,0.8250410556793213,0.8363640308380127,0.4411383271217346,1.1201012134552002,1
470,005737,/Users/von/Projects/cci-local-recovery/rerun_workspace/data/voc2007/VOCdevkit/VOC2007/JPEGImages/005737.jpg,bus,bus,"[""bus"",""person""]",1,1.0,0.9570201635360718,0.9761917591094971,-0.42130565643310547,0.6130353212356567,1
471,001606,/Users/von/Projects/cci-local-recovery/rerun_workspace/data/voc2007/VOCdevkit/VOC2007/JPEGImages/001606.jpg,person,person,"[""person"",""bicycle""]",2,0.9696969985961914,0.40656447410583496,0.41426706314086914,-0.4593050479888916,0.039560139179229736,1
472,008080,/Users/von/Projects/cci-local-recovery/rerun_workspace/data/voc2007/VOCdevkit/VOC2007/JPEGImages/008080.jpg,person,person,"[""person"",""dog""]",3,1.0,2.1476051807403564,2.1882927417755127,0.7762502431869507,1.7716525793075562,1
473,004183,/Users/von/Projects/cci-local-recovery/rerun_workspace/data/voc2007/VOCdevkit/VOC2007/JPEGImages/004183.jpg,car,car,"[""car"",""person""]",1,1.0,0.3000316321849823,0.30505841970443726,-0.4358072280883789,0.1630047857761383,1
474,009314,/Users/von/Projects/cci-local-recovery/rerun_workspace/data/voc2007/VOCdevkit/VOC2007/JPEGImages/009314.jpg,person,person,"[""person"",""bus""]",5,1.0,2.341402053833008,2.385761260986328,0.9966901540756226,3.083021402359009,1
475,006082,/Users/von/Projects/cci-local-recovery/rerun_workspace/data/voc2007/VOCdevkit/VOC2007/JPEGImages/006082.jpg,bus,bus,"[""bus"",""car""]",5,0.29411765933036804,0.7200857996940613,0.7345110177993774,-0.188879132270813,0.16156327724456787,1
476,000723,/Users/von/Projects/cci-local-recovery/rerun_workspace/data/voc2007/VOCdevkit/VOC2007/JPEGImages/000723.jpg,bus,bus,"[""bus"",""person""]",6,0.8571428656578064,0.8664001226425171,0.8837563991546631,0.22590112686157227,1.051964521408081,1
477,006895,/Users/von/Projects/cci-local-recovery/rerun_workspace/data/voc2007/VOCdevkit/VOC2007/JPEGImages/006895.jpg,sofa,sofa,"[""sofa"",""chair""]",1,0.517241358757019,2.0412933826446533,2.078573226928711,1.5438487529754639,2.151660680770874,1
478,008700,/Users/von/Projects/cci-local-recovery/rerun_workspace/data/voc2007/VOCdevkit/VOC2007/JPEGImages/008700.jpg,sofa,sofa,"[""sofa"",""person""]",6,0.75,1.2959164381027222,1.319583535194397,-0.10530459880828857,1.3138964176177979,1
479,003384,/Users/von/Projects/cci-local-recovery/rerun_workspace/data/voc2007/VOCdevkit/VOC2007/JPEGImages/003384.jpg,dog,dog,"[""dog"",""chair""]",1,0.10526315867900848,0.4295787215232849,0.4373819828033447,-0.13617581129074097,0.11823692917823792,1
480,003720,/Users/von/Projects/cci-local-recovery/rerun_workspace/data/voc2007/VOCdevkit/VOC2007/JPEGImages/003720.jpg,horse,horse,"[""horse"",""person""]",4,0.6363636255264282,0.2538101375102997,0.2577522099018097,-1.1437158584594727,-0.41656675934791565,1
481,002927,/Users/von/Projects/cci-local-recovery/rerun_workspace/data/voc2007/VOCdevkit/VOC2007/JPEGImages/002927.jpg,car,car,"[""car"",""person""]",4,1.0,-0.09581772983074188,-0.09742307662963867,-0.7005380392074585,-0.018141232430934906,1
482,008548,/Users/von/Projects/cci-local-recovery/rerun_workspace/data/voc2007/VOCdevkit/VOC2007/JPEGImages/008548.jpg,car,car,"[""car"",""person""]",6,0.9411764740943909,0.2774876654148102,0.2821367383003235,-0.05404651165008545,0.21992844343185425,1
483,008795,/Users/von/Projects/cci-local-recovery/rerun_workspace/data/voc2007/VOCdevkit/VOC2007/JPEGImages/008795.jpg,sheep,sheep,"[""sheep"",""person""]",4,0.761904776096344,0.5571765899658203,0.5682491660118103,0.04535484313964844,0.4360833764076233,1
484,003084,/Users/von/Projects/cci-local-recovery/rerun_workspace/data/voc2007/VOCdevkit/VOC2007/JPEGImages/003084.jpg,horse,horse,"[""horse"",""dog"",""person""]",2,1.0,1.2064003944396973,1.225137710571289,0.9807265400886536,1.7891275882720947,1
485,003234,/Users/von/Projects/cci-local-recovery/rerun_workspace/data/voc2007/VOCdevkit/VOC2007/JPEGImages/003234.jpg,car,car,"[""car"",""person""]",4,0.9642857313156128,1.2892578840255737,1.3108583688735962,0.5748355388641357,1.4433130025863647,1
486,001219,/Users/von/Projects/cci-local-recovery/rerun_workspace/data/voc2007/VOCdevkit/VOC2007/JPEGImages/001219.jpg,train,train,"[""train"",""person""]",5,0.125,0.6588121652603149,0.6704413890838623,0.02927035093307495,0.6331692337989807,1
487,008099,/Users/von/Projects/cci-local-recovery/rerun_workspace/data/voc2007/VOCdevkit/VOC2007/JPEGImages/008099.jpg,boat,boat,"[""boat"",""person""]",6,0.27586206793785095,0.49017956852912903,0.49958592653274536,-0.12242656946182251,0.33238697052001953,1
488,001370,/Users/von/Projects/cci-local-recovery/rerun_workspace/data/voc2007/VOCdevkit/VOC2007/JPEGImages/001370.jpg,person,person,"[""person"",""bicycle""]",3,0.6666666865348816,0.7702613472938538,0.7848544120788574,0.017253220081329346,0.17588961124420166,1
489,001342,/Users/von/Projects/cci-local-recovery/rerun_workspace/data/voc2007/VOCdevkit/VOC2007/JPEGImages/001342.jpg,person,person,"[""person"",""boat""]",5,0.9523809552192688,0.7139112949371338,0.7274367809295654,0.14487236738204956,2.0516631603240967,1
490,006032,/Users/von/Projects/cci-local-recovery/rerun_workspace/data/voc2007/VOCdevkit/VOC2007/JPEGImages/006032.jpg,bicycle,bicycle,"[""bicycle"",""person""]",1,0.5714285969734192,3.559122085571289,3.625460147857666,1.9714593887329102,3.9791715145111084,1
491,009840,/Users/von/Projects/cci-local-recovery/rerun_workspace/data/voc2007/VOCdevkit/VOC2007/JPEGImages/009840.jpg,tvmonitor,tvmonitor,"[""tvmonitor"",""bottle"",""person""]",1,0.3888888955116272,0.8647458553314209,0.8857729434967041,0.3608556389808655,0.5811030268669128,1
492,008641,/Users/von/Projects/cci-local-recovery/rerun_workspace/data/voc2007/VOCdevkit/VOC2007/JPEGImages/008641.jpg,person,person,"[""person"",""dog""]",3,0.9756097793579102,0.8054450750350952,0.8207046985626221,-0.2931722402572632,0.7230345010757446,1
493,008183,/Users/von/Projects/cci-local-recovery/rerun_workspace/data/voc2007/VOCdevkit/VOC2007/JPEGImages/008183.jpg,horse,horse,"[""horse"",""person""]",4,1.0,2.9316015243530273,2.9771339893341064,1.9608423709869385,5.601375102996826,1
494,004081,/Users/von/Projects/cci-local-recovery/rerun_workspace/data/voc2007/VOCdevkit/VOC2007/JPEGImages/004081.jpg,pottedplant,pottedplant,"[""pottedplant"",""cow""]",5,0.5588235259056091,1.1636228561401367,1.1850569248199463,0.07339203357696533,0.9336341023445129,1
495,002562,/Users/von/Projects/cci-local-recovery/rerun_workspace/data/voc2007/VOCdevkit/VOC2007/JPEGImages/002562.jpg,car,car,"[""car"",""person""]",1,0.9090909361839294,0.1254640519618988,0.12756609916687012,-0.8999935388565063,-0.012875676155090332,1
496,004478,/Users/von/Projects/cci-local-recovery/rerun_workspace/data/voc2007/VOCdevkit/VOC2007/JPEGImages/004478.jpg,car,car,"[""car"",""person""]",0,0.6000000238418579,0.046376071870326996,0.04715306684374809,-0.07627339661121368,0.06687277555465698,3
497,005193,/Users/von/Projects/cci-local-recovery/rerun_workspace/data/voc2007/VOCdevkit/VOC2007/JPEGImages/005193.jpg,dog,dog,"[""dog"",""chair""]",0,0.11999999731779099,0.6282177567481995,0.6396293044090271,-0.35263627767562866,-0.06329578161239624,1
498,004904,/Users/von/Projects/cci-local-recovery/rerun_workspace/data/voc2007/VOCdevkit/VOC2007/JPEGImages/004904.jpg,bicycle,bicycle,"[""bicycle"",""person""]",1,0.8666666746139526,1.272580862045288,1.2963004112243652,-0.12960314750671387,1.1317138671875,1
499,004119,/Users/von/Projects/cci-local-recovery/rerun_workspace/data/voc2007/VOCdevkit/VOC2007/JPEGImages/004119.jpg,sofa,sofa,"[""sofa"",""chair""]",0,1.0,1.9547022581100464,1.9904006719589233,1.1103160381317139,1.9241036176681519,1
500,008431,/Users/von/Projects/cci-local-recovery/rerun_workspace/data/voc2007/VOCdevkit/VOC2007/JPEGImages/008431.jpg,diningtable,diningtable,"[""diningtable"",""chair""]",1,0.4693877696990967,0.6375948190689087,0.6463452577590942,0.10569572448730469,0.8351905345916748,1
501,008916,/Users/von/Projects/cci-local-recovery/rerun_workspace/data/voc2007/VOCdevkit/VOC2007/JPEGImages/008916.jpg,person,person,"[""person"",""car""]",4,0.9545454382896423,-0.03426671400666237,-0.03491591662168503,-0.3401362895965576,0.2330721616744995,1
502,002719,/Users/von/Projects/cci-local-recovery/rerun_workspace/data/voc2007/VOCdevkit/VOC2007/JPEGImages/002719.jpg,boat,boat,"[""boat"",""person""]",4,1.0,0.5195673704147339,0.5295376777648926,0.11198186874389648,0.7291910648345947,1
503,002418,/Users/von/Projects/cci-local-recovery/rerun_workspace/data/voc2007/VOCdevkit/VOC2007/JPEGImages/002418.jpg,train,train,"[""train"",""car""]",6,0.8999999761581421,-0.2253132313489914,-0.2292904108762741,1.147599220275879,1.88357675075531,1
504,000546,/Users/von/Projects/cci-local-recovery/rerun_workspace/data/voc2007/VOCdevkit/VOC2007/JPEGImages/000546.jpg,dog,dog,"[""dog"",""person""]",1,1.0,2.766547679901123,2.8168017864227295,2.774099349975586,4.357669353485107,1
505,009228,/Users/von/Projects/cci-local-recovery/rerun_workspace/data/voc2007/VOCdevkit/VOC2007/JPEGImages/009228.jpg,person,person,"[""person"",""bicycle""]",7,0.23529411852359772,0.15738464891910553,0.16036638617515564,-0.3098609447479248,-0.016734302043914795,1
506,000704,/Users/von/Projects/cci-local-recovery/rerun_workspace/data/voc2007/VOCdevkit/VOC2007/JPEGImages/000704.jpg,horse,horse,"[""horse"",""person""]",4,0.6428571343421936,0.1923731565475464,0.19536101818084717,-0.12349310517311096,0.09515809267759323,1
507,000168,/Users/von/Projects/cci-local-recovery/rerun_workspace/data/voc2007/VOCdevkit/VOC2007/JPEGImages/000168.jpg,horse,horse,"[""horse"",""person""]",1,0.7727272510528564,1.2620242834091187,1.281625509262085,-0.12116193771362305,1.0098390579223633,1
508,002575,/Users/von/Projects/cci-local-recovery/rerun_workspace/data/voc2007/VOCdevkit/VOC2007/JPEGImages/002575.jpg,person,person,"[""person"",""bottle"",""chair""]",2,0.19148936867713928,0.8316704630851746,0.8474269509315491,-1.0270497798919678,-0.12481808662414551,1
509,004355,/Users/von/Projects/cci-local-recovery/rerun_workspace/data/voc2007/VOCdevkit/VOC2007/JPEGImages/004355.jpg,person,person,"[""person"",""bottle""]",6,0.3333333432674408,0.25204142928123474,0.2568165063858032,0.03156095743179321,0.3003566563129425,1
510,008673,/Users/von/Projects/cci-local-recovery/rerun_workspace/data/voc2007/VOCdevkit/VOC2007/JPEGImages/008673.jpg,chair,chair,"[""chair"",""bicycle""]",2,0.800000011920929,7.307875156402588,7.431622505187988,3.3841099739074707,6.675055503845215,1
511,007067,/Users/von/Projects/cci-local-recovery/rerun_workspace/data/voc2007/VOCdevkit/VOC2007/JPEGImages/007067.jpg,sofa,sofa,"[""sofa"",""chair""]",0,0.8181818127632141,1.0104559659957886,1.0289098024368286,0.8283122181892395,1.355893850326538,1
512,004166,/Users/von/Projects/cci-local-recovery/rerun_workspace/data/voc2007/VOCdevkit/VOC2007/JPEGImages/004166.jpg,diningtable,diningtable,"[""diningtable"",""chair"",""dog"",""sofa"",""tvmonitor""]",1,0.7142857313156128,2.238720178604126,2.269444704055786,0.9549311399459839,1.5136027336120605,1
513,004094,/Users/von/Projects/cci-local-recovery/rerun_workspace/data/voc2007/VOCdevkit/VOC2007/JPEGImages/004094.jpg,bus,bus,"[""bus"",""person""]",0,1.0,0.10870333015918732,0.11088094115257263,-0.34411171078681946,0.5368534922599792,2
514,003160,/Users/von/Projects/cci-local-recovery/rerun_workspace/data/voc2007/VOCdevkit/VOC2007/JPEGImages/003160.jpg,aeroplane,aeroplane,"[""aeroplane"",""person""]",3,0.8823529481887817,0.11070764064788818,0.11272908002138138,-0.14477461576461792,0.005707494914531708,1
515,009871,/Users/von/Projects/cci-local-recovery/rerun_workspace/data/voc2007/VOCdevkit/VOC2007/JPEGImages/009871.jpg,person,person,"[""person"",""bottle""]",0,1.0,0.26884201169013977,0.27393537759780884,-0.8498449921607971,-0.15430927276611328,2
516,005733,/Users/von/Projects/cci-local-recovery/rerun_workspace/data/voc2007/VOCdevkit/VOC2007/JPEGImages/005733.jpg,horse,horse,"[""horse"",""person""]",2,0.9729729890823364,2.413130283355713,2.4506101608276367,1.133220911026001,2.451028347015381,1
517,008176,/Users/von/Projects/cci-local-recovery/rerun_workspace/data/voc2007/VOCdevkit/VOC2007/JPEGImages/008176.jpg,dog,dog,"[""dog"",""sofa""]",4,1.0,1.5976767539978027,1.6266984939575195,0.3435786962509155,3.7647061347961426,1
518,008957,/Users/von/Projects/cci-local-recovery/rerun_workspace/data/voc2007/VOCdevkit/VOC2007/JPEGImages/008957.jpg,chair,chair,"[""chair"",""person""]",4,0.5625,0.656548261642456,0.6676658391952515,0.37022656202316284,0.7400081753730774,1
519,002830,/Users/von/Projects/cci-local-recovery/rerun_workspace/data/voc2007/VOCdevkit/VOC2007/JPEGImages/002830.jpg,motorbike,motorbike,"[""motorbike"",""person""]",2,0.9772727489471436,1.54738450050354,1.5740172863006592,1.4236739873886108,2.2277634143829346,1
520,007206,/Users/von/Projects/cci-local-recovery/rerun_workspace/data/voc2007/VOCdevkit/VOC2007/JPEGImages/007206.jpg,train,train,"[""train"",""person""]",3,0.8571428656578064,2.0239686965942383,2.0596954822540283,-0.21559643745422363,1.9912221431732178,1
521,004740,/Users/von/Projects/cci-local-recovery/rerun_workspace/data/voc2007/VOCdevkit/VOC2007/JPEGImages/004740.jpg,diningtable,diningtable,"[""diningtable"",""person""]",5,0.0714285746216774,0.8406407833099365,0.8521778583526611,0.03602480888366699,0.47257131338119507,1
522,008234,/Users/von/Projects/cci-local-recovery/rerun_workspace/data/voc2007/VOCdevkit/VOC2007/JPEGImages/008234.jpg,train,train,"[""train"",""person""]",2,0.9523809552192688,2.118990659713745,2.1563947200775146,0.33911311626434326,1.1583755016326904,1
523,005939,/Users/von/Projects/cci-local-recovery/rerun_workspace/data/voc2007/VOCdevkit/VOC2007/JPEGImages/005939.jpg,sofa,sofa,"[""sofa"",""cat""]",1,0.8484848737716675,1.2204883098602295,1.2427778244018555,0.3847447633743286,0.938696026802063,1
524,009962,/Users/von/Projects/cci-local-recovery/rerun_workspace/data/voc2007/VOCdevkit/VOC2007/JPEGImages/009962.jpg,person,person,"[""person"",""chair"",""diningtable""]",6,0.5714285969734192,0.3103567659854889,0.3162366449832916,-0.48164740204811096,-0.09181174635887146,1
525,000870,/Users/von/Projects/cci-local-recovery/rerun_workspace/data/voc2007/VOCdevkit/VOC2007/JPEGImages/000870.jpg,person,person,"[""person"",""diningtable""]",4,0.9545454382896423,0.9318705201148987,0.9495253562927246,0.20079964399337769,0.7445006966590881,1
526,006514,/Users/von/Projects/cci-local-recovery/rerun_workspace/data/voc2007/VOCdevkit/VOC2007/JPEGImages/006514.jpg,person,person,"[""person"",""chair""]",6,1.0,0.08395911008119583,0.08554976433515549,0.8926631808280945,1.719693899154663,1
527,006487,/Users/von/Projects/cci-local-recovery/rerun_workspace/data/voc2007/VOCdevkit/VOC2007/JPEGImages/006487.jpg,sofa,sofa,"[""sofa"",""dog"",""person""]",1,1.0,1.0251716375350952,1.0438941717147827,0.34302812814712524,1.2192362546920776,1
528,001601,/Users/von/Projects/cci-local-recovery/rerun_workspace/data/voc2007/VOCdevkit/VOC2007/JPEGImages/001601.jpg,dog,dog,"[""dog"",""person""]",5,1.0,-0.4031207263469696,-0.41044339537620544,-0.6111366748809814,0.022806793451309204,1
529,003542,/Users/von/Projects/cci-local-recovery/rerun_workspace/data/voc2007/VOCdevkit/VOC2007/JPEGImages/003542.jpg,bicycle,bicycle,"[""bicycle"",""person""]",2,0.6842105388641357,1.6551125049591064,1.6859619617462158,1.5135629177093506,3.7936789989471436,1
530,008046,/Users/von/Projects/cci-local-recovery/rerun_workspace/data/voc2007/VOCdevkit/VOC2007/JPEGImages/008046.jpg,person,person,"[""person"",""bicycle""]",5,0.9473684430122375,0.7616261839866638,0.776055634021759,0.1610512137413025,0.953771710395813,1
531,004222,/Users/von/Projects/cci-local-recovery/rerun_workspace/data/voc2007/VOCdevkit/VOC2007/JPEGImages/004222.jpg,sofa,sofa,"[""sofa"",""pottedplant"",""tvmonitor""]",4,0.07692307978868484,1.1861990690231323,1.207862377166748,0.15274453163146973,0.5754712224006653,1
532,008844,/Users/von/Projects/cci-local-recovery/rerun_workspace/data/voc2007/VOCdevkit/VOC2007/JPEGImages/008844.jpg,person,person,"[""person"",""chair""]",2,1.0,0.3418644368648529,0.3483412563800812,-0.15025979280471802,0.3806125521659851,1
533,002945,/Users/von/Projects/cci-local-recovery/rerun_workspace/data/voc2007/VOCdevkit/VOC2007/JPEGImages/002945.jpg,person,person,"[""person"",""bottle"",""diningtable"",""pottedplant""]",3,0.8823529481887817,0.7249022126197815,0.7386358976364136,-0.3380272388458252,0.24455344676971436,1
534,005092,/Users/von/Projects/cci-local-recovery/rerun_workspace/data/voc2007/VOCdevkit/VOC2007/JPEGImages/005092.jpg,pottedplant,pottedplant,"[""pottedplant"",""dog""]",0,0.07500000298023224,3.226820230484009,3.2862584590911865,1.2329506874084473,3.7864816188812256,1
535,004930,/Users/von/Projects/cci-local-recovery/rerun_workspace/data/voc2007/VOCdevkit/VOC2007/JPEGImages/004930.jpg,person,person,"[""person"",""bicycle""]",3,1.0,0.5267354846000671,0.5367147922515869,0.41552844643592834,1.2477350234985352,1
536,007785,/Users/von/Projects/cci-local-recovery/rerun_workspace/data/voc2007/VOCdevkit/VOC2007/JPEGImages/007785.jpg,person,person,"[""person"",""chair"",""sofa""]",2,0.9545454382896423,1.5075767040252686,1.536138653755188,0.7058712244033813,1.921895980834961,1
537,006954,/Users/von/Projects/cci-local-recovery/rerun_workspace/data/voc2007/VOCdevkit/VOC2007/JPEGImages/006954.jpg,person,person,"[""person"",""chair""]",3,0.3235294222831726,0.34496402740478516,0.3514995574951172,-0.028185904026031494,0.1019439697265625,1
538,008578,/Users/von/Projects/cci-local-recovery/rerun_workspace/data/voc2007/VOCdevkit/VOC2007/JPEGImages/008578.jpg,boat,boat,"[""boat"",""person""]",6,0.10526315867900848,0.9188298583030701,0.936461865901947,-0.08292001485824585,0.14678913354873657,1
539,000136,/Users/von/Projects/cci-local-recovery/rerun_workspace/data/voc2007/VOCdevkit/VOC2007/JPEGImages/000136.jpg,cat,cat,"[""cat"",""bottle""]",0,0.125,0.8218603134155273,0.8374063372612,0.15801990032196045,1.1022065877914429,1
540,003527,/Users/von/Projects/cci-local-recovery/rerun_workspace/data/voc2007/VOCdevkit/VOC2007/JPEGImages/003527.jpg,car,car,"[""car"",""person""]",7,0.6470588445663452,0.10494685918092728,0.10670515894889832,0.232080340385437,0.49161794781684875,1
541,000940,/Users/von/Projects/cci-local-recovery/rerun_workspace/data/voc2007/VOCdevkit/VOC2007/JPEGImages/000940.jpg,person,person,"[""person"",""chair""]",0,0.47999998927116394,0.26354941725730896,0.26854249835014343,-0.4037957489490509,-0.12639686465263367,1
542,001656,/Users/von/Projects/cci-local-recovery/rerun_workspace/data/voc2007/VOCdevkit/VOC2007/JPEGImages/001656.jpg,dog,dog,"[""dog"",""person""]",5,1.0,3.3375985622406006,3.398225784301758,2.6165781021118164,4.713138103485107,1
543,001542,/Users/von/Projects/cci-local-recovery/rerun_workspace/data/voc2007/VOCdevkit/VOC2007/JPEGImages/001542.jpg,cat,cat,"[""cat"",""person""]",0,1.0,0.09268002212047577,0.09443312138319016,-0.25886112451553345,0.3618622422218323,1
544,008074,/Users/von/Projects/cci-local-recovery/rerun_workspace/data/voc2007/VOCdevkit/VOC2007/JPEGImages/008074.jpg,person,person,"[""person"",""bicycle""]",3,0.7045454382896423,0.5294914245605469,0.5395229458808899,-7.0350494384765625,0.3117971420288086,1
545,002789,/Users/von/Projects/cci-local-recovery/rerun_workspace/data/voc2007/VOCdevkit/VOC2007/JPEGImages/002789.jpg,cow,cow,"[""cow"",""car"",""person""]",5,0.8888888955116272,5.403780460357666,5.497701168060303,4.440403461456299,6.272215366363525,1
546,008059,/Users/von/Projects/cci-local-recovery/rerun_workspace/data/voc2007/VOCdevkit/VOC2007/JPEGImages/008059.jpg,horse,horse,"[""horse"",""person""]",3,0.9230769276618958,0.5024070143699646,0.5102102160453796,-0.4248736500740051,0.5083430409431458,1
547,006629,/Users/von/Projects/cci-local-recovery/rerun_workspace/data/voc2007/VOCdevkit/VOC2007/JPEGImages/006629.jpg,train,train,"[""train"",""person""]",0,0.25,0.47599345445632935,0.4843955934047699,-0.037959903478622437,0.21395343542099,1
548,002552,/Users/von/Projects/cci-local-recovery/rerun_workspace/data/voc2007/VOCdevkit/VOC2007/JPEGImages/002552.jpg,chair,chair,"[""chair"",""cat""]",7,0.17741934955120087,0.63811194896698,0.6489173769950867,-0.9134939312934875,0.1336209774017334,1
549,002161,/Users/von/Projects/cci-local-recovery/rerun_workspace/data/voc2007/VOCdevkit/VOC2007/JPEGImages/002161.jpg,pottedplant,pottedplant,"[""pottedplant"",""chair""]",6,0.0,0.9765350818634033,0.9945229291915894,-2.415788173675537,0.3193725347518921,1
550,006308,/Users/von/Projects/cci-local-recovery/rerun_workspace/data/voc2007/VOCdevkit/VOC2007/JPEGImages/006308.jpg,tvmonitor,tvmonitor,"[""tvmonitor"",""cat""]",0,0.30612245202064514,0.2247067093849182,0.23017065227031708,-0.637928307056427,0.5093879699707031,1
551,001435,/Users/von/Projects/cci-local-recovery/rerun_workspace/data/voc2007/VOCdevkit/VOC2007/JPEGImages/001435.jpg,car,car,"[""car"",""person""]",0,0.04545454680919647,0.07091234624385834,0.07210042327642441,-0.3182571828365326,-0.013133585453033447,1
552,006193,/Users/von/Projects/cci-local-recovery/rerun_workspace/data/voc2007/VOCdevkit/VOC2007/JPEGImages/006193.jpg,motorbike,motorbike,"[""motorbike"",""person""]",3,0.03030303120613098,0.20023946464061737,0.20368587970733643,-0.08715009689331055,0.21312762796878815,1
553,004218,/Users/von/Projects/cci-local-recovery/rerun_workspace/data/voc2007/VOCdevkit/VOC2007/JPEGImages/004218.jpg,dog,dog,"[""dog"",""bird""]",7,0.800000011920929,4.6226606369018555,4.706631183624268,3.302678108215332,5.610933780670166,1
554,000606,/Users/von/Projects/cci-local-recovery/rerun_workspace/data/voc2007/VOCdevkit/VOC2007/JPEGImages/000606.jpg,diningtable,diningtable,"[""diningtable"",""bottle"",""person"",""pottedplant""]",4,0.2142857164144516,0.9777763485908508,0.9911954998970032,-1.2911276817321777,-0.27294737100601196,1
555,006504,/Users/von/Projects/cci-local-recovery/rerun_workspace/data/voc2007/VOCdevkit/VOC2007/JPEGImages/006504.jpg,sofa,sofa,"[""sofa"",""pottedplant""]",0,0.9795918464660645,0.17877183854579926,0.18203671276569366,1.1452783346176147,1.9359169006347656,1
556,009216,/Users/von/Projects/cci-local-recovery/rerun_workspace/data/voc2007/VOCdevkit/VOC2007/JPEGImages/009216.jpg,tvmonitor,tvmonitor,"[""tvmonitor"",""cat""]",1,1.0,0.4191228449344635,0.42931419610977173,-0.6092802882194519,0.24031998217105865,1
557,004580,/Users/von/Projects/cci-local-recovery/rerun_workspace/data/voc2007/VOCdevkit/VOC2007/JPEGImages/004580.jpg,person,person,"[""person"",""car""]",0,1.0,0.43125709891319275,0.43942752480506897,-0.15817299485206604,0.15854394435882568,1
558,002788,/Users/von/Projects/cci-local-recovery/rerun_workspace/data/voc2007/VOCdevkit/VOC2007/JPEGImages/002788.jpg,person,person,"[""person"",""chair"",""diningtable""]",0,1.0,0.3397327959537506,0.34616923332214355,-0.230133056640625,0.485973060131073,2
559,007126,/Users/von/Projects/cci-local-recovery/rerun_workspace/data/voc2007/VOCdevkit/VOC2007/JPEGImages/007126.jpg,person,person,"[""person"",""car""]",4,0.9629629850387573,0.44147828221321106,0.44984233379364014,-0.7189047336578369,0.10922029614448547,1
560,000445,/Users/von/Projects/cci-local-recovery/rerun_workspace/data/voc2007/VOCdevkit/VOC2007/JPEGImages/000445.jpg,horse,horse,"[""horse"",""person""]",1,0.5454545617103577,0.6396778225898743,0.649613082408905,-0.4705405831336975,0.01157236099243164,1
561,005005,/Users/von/Projects/cci-local-recovery/rerun_workspace/data/voc2007/VOCdevkit/VOC2007/JPEGImages/005005.jpg,car,car,"[""car"",""person""]",7,0.0,0.010489426553249359,0.010665168054401875,-0.06309190392494202,-0.01015124749392271,2
562,007315,/Users/von/Projects/cci-local-recovery/rerun_workspace/data/voc2007/VOCdevkit/VOC2007/JPEGImages/007315.jpg,sofa,sofa,"[""sofa"",""chair""]",7,0.024390242993831635,0.4949524998664856,0.5039917230606079,-0.6437462568283081,0.05893781781196594,1
563,000642,/Users/von/Projects/cci-local-recovery/rerun_workspace/data/voc2007/VOCdevkit/VOC2007/JPEGImages/000642.jpg,person,person,"[""person"",""chair""]",3,1.0,0.28046083450317383,0.2857743203639984,-0.48225149512290955,-0.009157001972198486,1
564,005377,/Users/von/Projects/cci-local-recovery/rerun_workspace/data/voc2007/VOCdevkit/VOC2007/JPEGImages/005377.jpg,person,person,"[""person"",""diningtable""]",7,0.47826087474823,0.20516276359558105,0.20904968678951263,-1.3745131492614746,0.677822470664978,1
565,007665,/Users/von/Projects/cci-local-recovery/rerun_workspace/data/voc2007/VOCdevkit/VOC2007/JPEGImages/007665.jpg,car,car,"[""car"",""bicycle""]",7,0.75,2.769667387008667,2.816071033477783,2.500861167907715,3.579010009765625,1
566,009673,/Users/von/Projects/cci-local-recovery/rerun_workspace/data/voc2007/VOCdevkit/VOC2007/JPEGImages/009673.jpg,motorbike,motorbike,"[""motorbike"",""person""]",3,0.0,0.38164329528808594,0.3882119357585907,-0.03938573598861694,0.12075406312942505,1
567,000616,/Users/von/Projects/cci-local-recovery/rerun_workspace/data/voc2007/VOCdevkit/VOC2007/JPEGImages/000616.jpg,horse,horse,"[""horse"",""person""]",1,0.9642857313156128,2.65421986579895,2.695444107055664,1.8786711692810059,3.6284754276275635,1
568,007019,/Users/von/Projects/cci-local-recovery/rerun_workspace/data/voc2007/VOCdevkit/VOC2007/JPEGImages/007019.jpg,sofa,sofa,"[""sofa"",""person""]",7,0.9767441749572754,0.92083340883255,0.9376504421234131,0.22269374132156372,0.5871634483337402,1
569,008780,/Users/von/Projects/cci-local-recovery/rerun_workspace/data/voc2007/VOCdevkit/VOC2007/JPEGImages/008780.jpg,person,person,"[""person"",""bird""]",3,1.0,0.8461313247680664,0.8621617555618286,-0.5408637523651123,0.17422229051589966,1
570,008528,/Users/von/Projects/cci-local-recovery/rerun_workspace/data/voc2007/VOCdevkit/VOC2007/JPEGImages/008528.jpg,diningtable,diningtable,"[""diningtable"",""chair"",""person""]",6,0.0,0.8333127498626709,0.8447492718696594,-0.10325795412063599,0.20162802934646606,1
571,003323,/Users/von/Projects/cci-local-recovery/rerun_workspace/data/voc2007/VOCdevkit/VOC2007/JPEGImages/003323.jpg,diningtable,diningtable,"[""diningtable"",""chair"",""person"",""pottedplant""]",2,0.7058823704719543,0.9178281426429749,0.9304245710372925,0.016324520111083984,0.8694490194320679,1
572,001851,/Users/von/Projects/cci-local-recovery/rerun_workspace/data/voc2007/VOCdevkit/VOC2007/JPEGImages/001851.jpg,dog,dog,"[""dog"",""car""]",3,1.0,1.1467335224151611,1.1675639152526855,-0.16507649421691895,0.15600502490997314,1
573,009102,/Users/von/Projects/cci-local-recovery/rerun_workspace/data/voc2007/VOCdevkit/VOC2007/JPEGImages/009102.jpg,boat,boat,"[""boat"",""bird"",""person""]",0,0.27272728085517883,0.21370266377925873,0.21780353784561157,-0.2535988986492157,0.21101470291614532,1
574,003633,/Users/von/Projects/cci-local-recovery/rerun_workspace/data/voc2007/VOCdevkit/VOC2007/JPEGImages/003633.jpg,cow,cow,"[""cow"",""person""]",2,1.0,2.022637128829956,2.0577917098999023,1.1116353273391724,2.568638563156128,1
575,000913,/Users/von/Projects/cci-local-recovery/rerun_workspace/data/voc2007/VOCdevkit/VOC2007/JPEGImages/000913.jpg,person,person,"[""person"",""dog""]",2,0.75,0.5853444933891296,0.5964341759681702,-0.37843555212020874,0.2563092112541199,1
576,003942,/Users/von/Projects/cci-local-recovery/rerun_workspace/data/voc2007/VOCdevkit/VOC2007/JPEGImages/003942.jpg,person,person,"[""person"",""bottle""]",4,0.0,0.2657028138637543,0.2707366943359375,-0.59583979845047,-0.19557532668113708,1
577,001921,/Users/von/Projects/cci-local-recovery/rerun_workspace/data/voc2007/VOCdevkit/VOC2007/JPEGImages/001921.jpg,person,person,"[""person"",""bottle""]",7,0.6857143044471741,0.3224392831325531,0.3285480737686157,-0.5023142695426941,-0.10834082961082458,1
578,003544,/Users/von/Projects/cci-local-recovery/rerun_workspace/data/voc2007/VOCdevkit/VOC2007/JPEGImages/003544.jpg,sofa,sofa,"[""sofa"",""bottle""]",4,0.9333333373069763,0.6901638507843018,0.7027682065963745,0.8756496906280518,1.2093799114227295,1
579,000734,/Users/von/Projects/cci-local-recovery/rerun_workspace/data/voc2007/VOCdevkit/VOC2007/JPEGImages/000734.jpg,person,person,"[""person"",""dog""]",2,0.0,0.5656585693359375,0.5763753056526184,-0.05019289255142212,0.10191336274147034,1
580,002974,/Users/von/Projects/cci-local-recovery/rerun_workspace/data/voc2007/VOCdevkit/VOC2007/JPEGImages/002974.jpg,person,person,"[""person"",""chair"",""diningtable""]",7,0.7222222089767456,0.6409177780151367,0.6530603170394897,-0.5123690366744995,-0.045278847217559814,1
581,004104,/Users/von/Projects/cci-local-recovery/rerun_workspace/data/voc2007/VOCdevkit/VOC2007/JPEGImages/004104.jpg,bus,bus,"[""bus"",""car""]",6,0.7142857313156128,6.817277908325195,6.953845977783203,4.746776580810547,7.243514537811279,1
582,004482,/Users/von/Projects/cci-local-recovery/rerun_workspace/data/voc2007/VOCdevkit/VOC2007/JPEGImages/004482.jpg,diningtable,diningtable,"[""diningtable"",""person""]",7,0.0,0.35228464007377625,0.35711944103240967,-0.8156650066375732,-0.2083578109741211,1
583,004447,/Users/von/Projects/cci-local-recovery/rerun_workspace/data/voc2007/VOCdevkit/VOC2007/JPEGImages/004447.jpg,bicycle,bicycle,"[""bicycle"",""person""]",2,0.4318181872367859,4.91082763671875,5.002359867095947,1.3759076595306396,5.352701187133789,1
584,000974,/Users/von/Projects/cci-local-recovery/rerun_workspace/data/voc2007/VOCdevkit/VOC2007/JPEGImages/000974.jpg,tvmonitor,tvmonitor,"[""tvmonitor"",""chair""]",0,0.0,0.38861119747161865,0.3980606198310852,-0.17049932479858398,0.19376902282238007,1
585,006399,/Users/von/Projects/cci-local-recovery/rerun_workspace/data/voc2007/VOCdevkit/VOC2007/JPEGImages/006399.jpg,dog,dog,"[""dog"",""person""]",7,0.4482758641242981,0.1768316626548767,0.1800438016653061,0.1783226877450943,0.4644553065299988,1
586,000475,/Users/von/Projects/cci-local-recovery/rerun_workspace/data/voc2007/VOCdevkit/VOC2007/JPEGImages/000475.jpg,sheep,sheep,"[""sheep"",""horse""]",3,0.47058823704719543,4.475333213806152,4.56427001953125,2.6787667274475098,4.874302387237549,1
587,009741,/Users/von/Projects/cci-local-recovery/rerun_workspace/data/voc2007/VOCdevkit/VOC2007/JPEGImages/009741.jpg,person,person,"[""person"",""chair"",""pottedplant""]",2,0.13513512909412384,0.23024523258209229,0.23460735380649567,-0.8077338933944702,-0.28580015897750854,1
588,005359,/Users/von/Projects/cci-local-recovery/rerun_workspace/data/voc2007/VOCdevkit/VOC2007/JPEGImages/005359.jpg,train,train,"[""train"",""person""]",7,1.0,0.2629164457321167,0.26755738258361816,-0.18426156044006348,0.5753827095031738,1
589,005553,/Users/von/Projects/cci-local-recovery/rerun_workspace/data/voc2007/VOCdevkit/VOC2007/JPEGImages/005553.jpg,motorbike,motorbike,"[""motorbike"",""person""]",0,0.2857142984867096,0.2349264919757843,0.23896992206573486,0.011517554521560669,0.23288948833942413,2
590,003746,/Users/von/Projects/cci-local-recovery/rerun_workspace/data/voc2007/VOCdevkit/VOC2007/JPEGImages/003746.jpg,bicycle,bicycle,"[""bicycle"",""car"",""person""]",4,0.90625,0.9046134948730469,0.9214745163917542,-0.038210511207580566,1.3279948234558105,1
591,006401,/Users/von/Projects/cci-local-recovery/rerun_workspace/data/voc2007/VOCdevkit/VOC2007/JPEGImages/006401.jpg,horse,horse,"[""horse"",""person""]",4,0.1071428582072258,0.2227974534034729,0.22625786066055298,-0.8299641013145447,0.015626490116119385,1
592,008697,/Users/von/Projects/cci-local-recovery/rerun_workspace/data/voc2007/VOCdevkit/VOC2007/JPEGImages/008697.jpg,diningtable,diningtable,"[""diningtable"",""bottle""]",3,1.0,0.5007528066635132,0.5076252222061157,0.732905924320221,1.7829257249832153,1
593,002793,/Users/von/Projects/cci-local-recovery/rerun_workspace/data/voc2007/VOCdevkit/VOC2007/JPEGImages/002793.jpg,motorbike,motorbike,"[""motorbike"",""car""]",5,0.7272727489471436,5.568306922912598,5.6641459465026855,2.455718517303467,6.225501537322998,1
594,005456,/Users/von/Projects/cci-local-recovery/rerun_workspace/data/voc2007/VOCdevkit/VOC2007/JPEGImages/005456.jpg,horse,horse,"[""horse"",""person""]",1,0.8666666746139526,1.0876675844192505,1.1045608520507812,-0.1029965877532959,1.6520545482635498,1
595,002777,/Users/von/Projects/cci-local-recovery/rerun_workspace/data/voc2007/VOCdevkit/VOC2007/JPEGImages/002777.jpg,chair,chair,"[""chair"",""pottedplant""]",4,0.0,0.2164519727230072,0.2201172411441803,-0.13619089126586914,0.03927282989025116,1
596,008531,/Users/von/Projects/cci-local-recovery/rerun_workspace/data/voc2007/VOCdevkit/VOC2007/JPEGImages/008531.jpg,train,train,"[""train"",""person""]",7,0.0625,0.17330852150917053,0.17636772990226746,-0.005731344223022461,0.16858592629432678,1
597,001600,/Users/von/Projects/cci-local-recovery/rerun_workspace/data/voc2007/VOCdevkit/VOC2007/JPEGImages/001600.jpg,sofa,sofa,"[""sofa"",""chair"",""person""]",1,0.4333333373069763,0.48876431584358215,0.4976905286312103,-0.32580873370170593,0.5126286745071411,1
598,004749,/Users/von/Projects/cci-local-recovery/rerun_workspace/data/voc2007/VOCdevkit/VOC2007/JPEGImages/004749.jpg,horse,horse,"[""horse"",""person""]",2,1.0,0.5127832293510437,0.5207476019859314,-0.2949346899986267,0.5795194506645203,1
599,008544,/Users/von/Projects/cci-local-recovery/rerun_workspace/data/voc2007/VOCdevkit/VOC2007/JPEGImages/008544.jpg,dog,dog,"[""dog"",""cat""]",3,0.97826087474823,0.5203644633293152,0.5298168659210205,0.15111643075942993,0.7513605356216431,1
600,008946,/Users/von/Projects/cci-local-recovery/rerun_workspace/data/voc2007/VOCdevkit/VOC2007/JPEGImages/008946.jpg,person,person,"[""person"",""tvmonitor""]",0,0.3333333432674408,0.29631465673446655,0.3019285202026367,-0.004917651414871216,0.07265251874923706,1
601,003795,/Users/von/Projects/cci-local-recovery/rerun_workspace/data/voc2007/VOCdevkit/VOC2007/JPEGImages/003795.jpg,person,person,"[""person"",""bicycle""]",7,0.875,0.21656107902526855,0.22066394984722137,-0.1418967992067337,0.3005157709121704,1
602,001805,/Users/von/Projects/cci-local-recovery/rerun_workspace/data/voc2007/VOCdevkit/VOC2007/JPEGImages/001805.jpg,diningtable,diningtable,"[""diningtable"",""chair"",""person""]",6,0.9090909361839294,0.3189677298069,0.3233453035354614,0.14216184616088867,0.5303497314453125,2
603,006742,/Users/von/Projects/cci-local-recovery/rerun_workspace/data/voc2007/VOCdevkit/VOC2007/JPEGImages/006742.jpg,person,person,"[""person"",""tvmonitor""]",4,0.03999999910593033,0.2788349986076355,0.2841176986694336,-0.42766761779785156,-0.08698096871376038,1
604,005100,/Users/von/Projects/cci-local-recovery/rerun_workspace/data/voc2007/VOCdevkit/VOC2007/JPEGImages/005100.jpg,person,person,"[""person"",""dog"",""sofa""]",1,0.717391312122345,0.5382702350616455,0.5484680533409119,-3.644923686981201,-0.3727567195892334,1
605,005225,/Users/von/Projects/cci-local-recovery/rerun_workspace/data/voc2007/VOCdevkit/VOC2007/JPEGImages/005225.jpg,person,person,"[""person"",""dog""]",1,0.7647058963775635,0.2434762567281723,0.24808906018733978,-0.6944285035133362,-0.01862703263759613,1
606,008399,/Users/von/Projects/cci-local-recovery/rerun_workspace/data/voc2007/VOCdevkit/VOC2007/JPEGImages/008399.jpg,horse,horse,"[""horse"",""person""]",7,0.3589743673801422,0.4745805859565735,0.48195159435272217,-0.6926534175872803,0.05986940860748291,1
607,008347,/Users/von/Projects/cci-local-recovery/rerun_workspace/data/voc2007/VOCdevkit/VOC2007/JPEGImages/008347.jpg,sofa,sofa,"[""sofa"",""chair"",""tvmonitor""]",3,0.8947368264198303,0.8704874515533447,0.8863850235939026,0.6362050175666809,1.0623115301132202,1
608,003952,/Users/von/Projects/cci-local-recovery/rerun_workspace/data/voc2007/VOCdevkit/VOC2007/JPEGImages/003952.jpg,boat,boat,"[""boat"",""person""]",7,0.6666666865348816,1.4869250059127808,1.515458583831787,0.021784305572509766,1.1333494186401367,1
609,007252,/Users/von/Projects/cci-local-recovery/rerun_workspace/data/voc2007/VOCdevkit/VOC2007/JPEGImages/007252.jpg,horse,horse,"[""horse"",""person""]",3,1.0,0.6017307639122009,0.6110765933990479,-0.12359631061553955,1.6564151048660278,1
610,003825,/Users/von/Projects/cci-local-recovery/rerun_workspace/data/voc2007/VOCdevkit/VOC2007/JPEGImages/003825.jpg,chair,chair,"[""chair"",""person""]",1,0.1304347813129425,0.3577726185321808,0.36383092403411865,-0.15089058876037598,0.28430885076522827,1
611,003193,/Users/von/Projects/cci-local-recovery/rerun_workspace/data/voc2007/VOCdevkit/VOC2007/JPEGImages/003193.jpg,horse,horse,"[""horse"",""person""]",3,0.9166666865348816,6.809607028961182,6.915371417999268,5.6708526611328125,7.656892776489258,1
612,006505,/Users/von/Projects/cci-local-recovery/rerun_workspace/data/voc2007/VOCdevkit/VOC2007/JPEGImages/006505.jpg,sofa,sofa,"[""sofa"",""person""]",1,1.0,0.4461449086666107,0.45429277420043945,0.20285511016845703,0.32578280568122864,2
613,001779,/Users/von/Projects/cci-local-recovery/rerun_workspace/data/voc2007/VOCdevkit/VOC2007/JPEGImages/001779.jpg,sofa,sofa,"[""sofa"",""pottedplant""]",3,1.0,2.3221404552459717,2.364549398422241,1.1316784620285034,1.746090054512024,1
614,006713,/Users/von/Projects/cci-local-recovery/rerun_workspace/data/voc2007/VOCdevkit/VOC2007/JPEGImages/006713.jpg,person,person,"[""person"",""aeroplane""]",7,0.800000011920929,0.26980745792388916,0.2749191224575043,-1.0768463611602783,0.048721253871917725,1
615,002587,/Users/von/Projects/cci-local-recovery/rerun_workspace/data/voc2007/VOCdevkit/VOC2007/JPEGImages/002587.jpg,dog,dog,"[""dog"",""person""]",6,0.7333333492279053,1.3378703594207764,1.3621727228164673,-1.9217158555984497,0.9198613166809082,1
616,006633,/Users/von/Projects/cci-local-recovery/rerun_workspace/data/voc2007/VOCdevkit/VOC2007/JPEGImages/006633.jpg,person,person,"[""person"",""chair"",""tvmonitor""]",0,0.3235294222831726,0.266384482383728,0.2714312970638275,-0.505504846572876,-0.1465887725353241,1
617,000378,/Users/von/Projects/cci-local-recovery/rerun_workspace/data/voc2007/VOCdevkit/VOC2007/JPEGImages/000378.jpg,horse,horse,"[""horse"",""person""]",0,1.0,0.6394140720367432,0.6493452191352844,-0.3966221213340759,0.295454740524292,1
618,005944,/Users/von/Projects/cci-local-recovery/rerun_workspace/data/voc2007/VOCdevkit/VOC2007/JPEGImages/005944.jpg,horse,horse,"[""horse"",""person""]",1,1.0,0.9970641732215881,1.0125502347946167,-0.054753661155700684,1.2020436525344849,1
619,003934,/Users/von/Projects/cci-local-recovery/rerun_workspace/data/voc2007/VOCdevkit/VOC2007/JPEGImages/003934.jpg,pottedplant,pottedplant,"[""pottedplant"",""tvmonitor""]",6,0.875,1.37199068069458,1.3972628116607666,1.1296687126159668,1.3583784103393555,1
620,007371,/Users/von/Projects/cci-local-recovery/rerun_workspace/data/voc2007/VOCdevkit/VOC2007/JPEGImages/007371.jpg,bicycle,bicycle,"[""bicycle"",""person""]",3,1.0,0.7615280151367188,0.775722086429596,-0.238398015499115,0.9096901416778564,1
621,009332,/Users/von/Projects/cci-local-recovery/rerun_workspace/data/voc2007/VOCdevkit/VOC2007/JPEGImages/009332.jpg,aeroplane,aeroplane,"[""aeroplane"",""person""]",1,0.0,0.8023101687431335,0.8169597387313843,0.4110369384288788,0.7486177086830139,1
622,008113,/Users/von/Projects/cci-local-recovery/rerun_workspace/data/voc2007/VOCdevkit/VOC2007/JPEGImages/008113.jpg,diningtable,diningtable,"[""diningtable"",""chair""]",1,0.5227272510528564,2.5226943492889404,2.557316303253174,2.556232452392578,3.43864107131958,1
623,004109,/Users/von/Projects/cci-local-recovery/rerun_workspace/data/voc2007/VOCdevkit/VOC2007/JPEGImages/004109.jpg,chair,chair,"[""chair"",""person"",""sofa""]",0,0.5357142686843872,0.668711245059967,0.6800348162651062,0.27695268392562866,0.9034290313720703,1
624,008041,/Users/von/Projects/cci-local-recovery/rerun_workspace/data/voc2007/VOCdevkit/VOC2007/JPEGImages/008041.jpg,chair,chair,"[""chair"",""person""]",4,0.9318181872367859,0.35843634605407715,0.3645058870315552,0.09935194253921509,0.393995463848114,1
625,006451,/Users/von/Projects/cci-local-recovery/rerun_workspace/data/voc2007/VOCdevkit/VOC2007/JPEGImages/006451.jpg,chair,chair,"[""chair"",""cat""]",5,1.0,-0.01749282330274582,-0.01778903603553772,-0.36453843116760254,0.7191665172576904,1
626,005994,/Users/von/Projects/cci-local-recovery/rerun_workspace/data/voc2007/VOCdevkit/VOC2007/JPEGImages/005994.jpg,person,person,"[""person"",""chair"",""diningtable""]",6,0.1599999964237213,0.4523426294326782,0.4609125256538391,-0.08184325695037842,0.23575147986412048,1
627,007034,/Users/von/Projects/cci-local-recovery/rerun_workspace/data/voc2007/VOCdevkit/VOC2007/JPEGImages/007034.jpg,car,car,"[""car"",""person""]",6,1.0,0.8571926355361938,0.8715541958808899,-0.4146565794944763,0.9092212319374084,1
628,004791,/Users/von/Projects/cci-local-recovery/rerun_workspace/data/voc2007/VOCdevkit/VOC2007/JPEGImages/004791.jpg,sofa,sofa,"[""sofa"",""chair"",""person""]",3,0.25806450843811035,1.0308181047439575,1.0496437549591064,-0.3118550777435303,0.7977997064590454,1
629,004667,/Users/von/Projects/cci-local-recovery/rerun_workspace/data/voc2007/VOCdevkit/VOC2007/JPEGImages/004667.jpg,person,person,"[""person"",""car""]",7,0.06666667014360428,0.05070308595895767,0.05166368559002876,-0.09244921803474426,0.24976305663585663,2
630,006571,/Users/von/Projects/cci-local-recovery/rerun_workspace/data/voc2007/VOCdevkit/VOC2007/JPEGImages/006571.jpg,dog,dog,"[""dog"",""cat""]",6,1.0,0.29879987239837646,0.3042275607585907,-0.5994060039520264,0.18643367290496826,1
631,000607,/Users/von/Projects/cci-local-recovery/rerun_workspace/data/voc2007/VOCdevkit/VOC2007/JPEGImages/000607.jpg,car,car,"[""car"",""person""]",3,1.0,-0.1576974242925644,-0.16033951938152313,-0.25138717889785767,-0.008173435926437378,1
632,008239,/Users/von/Projects/cci-local-recovery/rerun_workspace/data/voc2007/VOCdevkit/VOC2007/JPEGImages/008239.jpg,person,person,"[""person"",""pottedplant""]",1,0.3488371968269348,0.32976073026657104,0.3360082507133484,-0.4363294839859009,-0.07651907205581665,1
633,005218,/Users/von/Projects/cci-local-recovery/rerun_workspace/data/voc2007/VOCdevkit/VOC2007/JPEGImages/005218.jpg,chair,chair,"[""chair"",""person""]",2,0.07692307978868484,0.7490807175636292,0.7617652416229248,-2.3124618530273438,-0.2960315942764282,1
634,003278,/Users/von/Projects/cci-local-recovery/rerun_workspace/data/voc2007/VOCdevkit/VOC2007/JPEGImages/003278.jpg,person,person,"[""person"",""bottle"",""diningtable""]",0,0.8181818127632141,0.5451725721359253,0.5555011630058289,0.0058550238609313965,0.32435721158981323,1
635,004959,/Users/von/Projects/cci-local-recovery/rerun_workspace/data/voc2007/VOCdevkit/VOC2007/JPEGImages/004959.jpg,car,car,"[""car"",""person""]",2,0.8620689511299133,2.0227134227752686,2.0566024780273438,1.4045889377593994,1.9293224811553955,1
636,001437,/Users/von/Projects/cci-local-recovery/rerun_workspace/data/voc2007/VOCdevkit/VOC2007/JPEGImages/001437.jpg,pottedplant,pottedplant,"[""pottedplant"",""person""]",1,0.024390242993831635,0.9696729183197021,0.9875343441963196,0.7639884948730469,1.415154218673706,1
637,000283,/Users/von/Projects/cci-local-recovery/rerun_workspace/data/voc2007/VOCdevkit/VOC2007/JPEGImages/000283.jpg,person,person,"[""person"",""bicycle""]",1,0.125,0.3214331567287445,0.3275229036808014,-0.45706841349601746,0.14304502308368683,1
638,004665,/Users/von/Projects/cci-local-recovery/rerun_workspace/data/voc2007/VOCdevkit/VOC2007/JPEGImages/004665.jpg,boat,boat,"[""boat"",""person""]",5,0.0,1.420958399772644,1.4482260942459106,0.1804955005645752,0.6236514449119568,1
639,007012,/Users/von/Projects/cci-local-recovery/rerun_workspace/data/voc2007/VOCdevkit/VOC2007/JPEGImages/007012.jpg,chair,chair,"[""chair"",""pottedplant""]",4,0.0,2.2604422569274902,2.2987191677093506,1.1670840978622437,2.869361639022827,1
640,002252,/Users/von/Projects/cci-local-recovery/rerun_workspace/data/voc2007/VOCdevkit/VOC2007/JPEGImages/002252.jpg,person,person,"[""person"",""tvmonitor""]",2,0.4109589159488678,0.25846782326698303,0.26336464285850525,-2.0560896396636963,-0.3183998167514801,1
641,004811,/Users/von/Projects/cci-local-recovery/rerun_workspace/data/voc2007/VOCdevkit/VOC2007/JPEGImages/004811.jpg,person,person,"[""person"",""bicycle""]",4,1.0,0.03840365633368492,0.03913123533129692,-0.8952034711837769,-0.2142423540353775,2
642,009511,/Users/von/Projects/cci-local-recovery/rerun_workspace/data/voc2007/VOCdevkit/VOC2007/JPEGImages/009511.jpg,chair,chair,"[""chair"",""person"",""tvmonitor""]",2,0.03333333507180214,0.8901980519294739,0.9052721261978149,-0.09868299961090088,0.4096547067165375,1
643,001735,/Users/von/Projects/cci-local-recovery/rerun_workspace/data/voc2007/VOCdevkit/VOC2007/JPEGImages/001735.jpg,person,person,"[""person"",""chair""]",7,0.09090909361839294,0.2601037621498108,0.2650315761566162,-0.3405817747116089,0.38817447423934937,1
644,009380,/Users/von/Projects/cci-local-recovery/rerun_workspace/data/voc2007/VOCdevkit/VOC2007/JPEGImages/009380.jpg,horse,horse,"[""horse"",""person""]",7,1.0,0.1954052746295929,0.19844023883342743,0.7368964552879333,1.7334415912628174,1
645,003867,/Users/von/Projects/cci-local-recovery/rerun_workspace/data/voc2007/VOCdevkit/VOC2007/JPEGImages/003867.jpg,person,person,"[""person"",""bicycle"",""bottle""]",2,1.0,0.1843150556087494,0.18780700862407684,-0.02728860080242157,0.13906556367874146,1
646,006567,/Users/von/Projects/cci-local-recovery/rerun_workspace/data/voc2007/VOCdevkit/VOC2007/JPEGImages/006567.jpg,motorbike,motorbike,"[""motorbike"",""car"",""person""]",0,0.0625,0.3211537003517151,0.3266812264919281,-0.9877848625183105,0.13954226672649384,1
647,002748,/Users/von/Projects/cci-local-recovery/rerun_workspace/data/voc2007/VOCdevkit/VOC2007/JPEGImages/002748.jpg,bus,bus,"[""bus"",""person""]",7,0.1599999964237213,1.18889319896698,1.2127097845077515,0.78863126039505,1.4088197946548462,1
648,008666,/Users/von/Projects/cci-local-recovery/rerun_workspace/data/voc2007/VOCdevkit/VOC2007/JPEGImages/008666.jpg,person,person,"[""person"",""bicycle""]",0,0.7727272510528564,0.2557235360145569,0.2605683505535126,-0.2408129870891571,0.18421334028244019,1
649,005677,/Users/von/Projects/cci-local-recovery/rerun_workspace/data/voc2007/VOCdevkit/VOC2007/JPEGImages/005677.jpg,horse,horse,"[""horse"",""person""]",4,0.8181818127632141,0.8656691312789917,0.8791143894195557,0.5006052255630493,1.1120696067810059,1
650,000271,/Users/von/Projects/cci-local-recovery/rerun_workspace/data/voc2007/VOCdevkit/VOC2007/JPEGImages/000271.jpg,car,car,"[""car"",""person""]",6,0.0,0.6811646819114685,0.692577064037323,-0.501211941242218,-0.03235703706741333,1
651,004179,/Users/von/Projects/cci-local-recovery/rerun_workspace/data/voc2007/VOCdevkit/VOC2007/JPEGImages/004179.jpg,person,person,"[""person"",""sofa"",""tvmonitor""]",0,1.0,2.1569573879241943,2.197822093963623,0.002174854278564453,1.11359703540802,1
652,009201,/Users/von/Projects/cci-local-recovery/rerun_workspace/data/voc2007/VOCdevkit/VOC2007/JPEGImages/009201.jpg,car,car,"[""car"",""person""]",2,0.7692307829856873,0.6085255146026611,0.6187208890914917,-0.008644938468933105,0.8740395903587341,1
653,000883,/Users/von/Projects/cci-local-recovery/rerun_workspace/data/voc2007/VOCdevkit/VOC2007/JPEGImages/000883.jpg,car,car,"[""car"",""person""]",0,1.0,0.4882599115371704,0.4964403212070465,-0.19435611367225647,0.6575865149497986,1
654,007766,/Users/von/Projects/cci-local-recovery/rerun_workspace/data/voc2007/VOCdevkit/VOC2007/JPEGImages/007766.jpg,horse,horse,"[""horse"",""person""]",1,0.6969696879386902,0.44502493739128113,0.45193690061569214,0.07198703289031982,0.43891972303390503,1
655,004319,/Users/von/Projects/cci-local-recovery/rerun_workspace/data/voc2007/VOCdevkit/VOC2007/JPEGImages/004319.jpg,diningtable,diningtable,"[""diningtable"",""chair""]",3,1.0,0.6758396625518799,0.6851149797439575,1.4646949768066406,2.4159727096557617,1
656,007532,/Users/von/Projects/cci-local-recovery/rerun_workspace/data/voc2007/VOCdevkit/VOC2007/JPEGImages/007532.jpg,person,person,"[""person"",""bottle""]",3,1.0,0.3392067849636078,0.34563323855400085,-0.3245176374912262,0.45099008083343506,1
657,000155,/Users/von/Projects/cci-local-recovery/rerun_workspace/data/voc2007/VOCdevkit/VOC2007/JPEGImages/000155.jpg,bicycle,bicycle,"[""bicycle"",""person""]",1,0.8571428656578064,4.280125141143799,4.3599019050598145,3.6338894367218018,4.797109127044678,1
658,009521,/Users/von/Projects/cci-local-recovery/rerun_workspace/data/voc2007/VOCdevkit/VOC2007/JPEGImages/009521.jpg,sofa,sofa,"[""sofa"",""chair"",""diningtable"",""tvmonitor""]",1,0.0,0.6615305542945862,0.6736119985580444,0.07047069072723389,0.5203062295913696,1
659,009722,/Users/von/Projects/cci-local-recovery/rerun_workspace/data/voc2007/VOCdevkit/VOC2007/JPEGImages/009722.jpg,horse,horse,"[""horse"",""person""]",7,1.0,2.7114462852478027,2.7535593509674072,1.8759198188781738,3.667614459991455,1
660,000014,/Users/von/Projects/cci-local-recovery/rerun_workspace/data/voc2007/VOCdevkit/VOC2007/JPEGImages/000014.jpg,car,car,"[""car"",""bus"",""person""]",5,1.0,0.35971537232398987,0.36574211716651917,-0.4040619432926178,0.08263197541236877,1
661,004932,/Users/von/Projects/cci-local-recovery/rerun_workspace/data/voc2007/VOCdevkit/VOC2007/JPEGImages/004932.jpg,horse,horse,"[""horse"",""person""]",2,1.0,0.43025580048561096,0.4369383752346039,-0.07358857989311218,0.7449162006378174,1
662,002133,/Users/von/Projects/cci-local-recovery/rerun_workspace/data/voc2007/VOCdevkit/VOC2007/JPEGImages/002133.jpg,sheep,sheep,"[""sheep"",""dog""]",7,0.9230769276618958,0.27732694149017334,0.2828381657600403,-0.29813575744628906,0.302452027797699,1
663,004731,/Users/von/Projects/cci-local-recovery/rerun_workspace/data/voc2007/VOCdevkit/VOC2007/JPEGImages/004731.jpg,train,train,"[""train"",""car"",""person""]",3,1.0,0.7629553079605103,0.7764228582382202,0.5382561683654785,1.1809470653533936,1
664,006113,/Users/von/Projects/cci-local-recovery/rerun_workspace/data/voc2007/VOCdevkit/VOC2007/JPEGImages/006113.jpg,bus,bus,"[""bus"",""bicycle"",""car"",""person""]",4,0.8518518805503845,1.0890811681747437,1.1108982563018799,1.2826181650161743,3.062605857849121,1
665,002242,/Users/von/Projects/cci-local-recovery/rerun_workspace/data/voc2007/VOCdevkit/VOC2007/JPEGImages/002242.jpg,car,car,"[""car"",""bus"",""motorbike"",""person""]",6,1.0,1.3841222524642944,1.4073121547698975,0.41362619400024414,0.8728609085083008,1
666,001238,/Users/von/Projects/cci-local-recovery/rerun_workspace/data/voc2007/VOCdevkit/VOC2007/JPEGImages/001238.jpg,person,person,"[""person"",""bicycle""]",1,0.06451612710952759,0.0865858867764473,0.0882263034582138,-0.06984634697437286,0.15589718520641327,1
667,008922,/Users/von/Projects/cci-local-recovery/rerun_workspace/data/voc2007/VOCdevkit/VOC2007/JPEGImages/008922.jpg,chair,chair,"[""chair"",""bottle"",""person"",""sofa""]",7,1.0,0.15072958171367645,0.15328194200992584,0.01925298571586609,0.06769364327192307,1
668,002119,/Users/von/Projects/cci-local-recovery/rerun_workspace/data/voc2007/VOCdevkit/VOC2007/JPEGImages/002119.jpg,person,person,"[""person"",""tvmonitor""]",1,0.0,0.29679903388023376,0.30242204666137695,-1.838038682937622,-0.11346310377120972,1
669,002951,/Users/von/Projects/cci-local-recovery/rerun_workspace/data/voc2007/VOCdevkit/VOC2007/JPEGImages/002951.jpg,tvmonitor,tvmonitor,"[""tvmonitor"",""bottle"",""person""]",7,0.6000000238418579,0.2848871946334839,0.2918144762516022,-0.1478804051876068,0.23579540848731995,1
670,007137,/Users/von/Projects/cci-local-recovery/rerun_workspace/data/voc2007/VOCdevkit/VOC2007/JPEGImages/007137.jpg,person,person,"[""person"",""bicycle""]",7,0.9230769276618958,0.3529236614704132,0.359609991312027,-0.8309769630432129,-0.03690764307975769,1
671,003810,/Users/von/Projects/cci-local-recovery/rerun_workspace/data/voc2007/VOCdevkit/VOC2007/JPEGImages/003810.jpg,motorbike,motorbike,"[""motorbike"",""car"",""person""]",3,0.15217390656471252,0.9371658563613892,0.953295886516571,-0.16759425401687622,0.35557591915130615,1
672,004006,/Users/von/Projects/cci-local-recovery/rerun_workspace/data/voc2007/VOCdevkit/VOC2007/JPEGImages/004006.jpg,horse,horse,"[""horse"",""person""]",4,1.0,1.0482211112976074,1.0645016431808472,-0.1427457332611084,1.5339199304580688,1
673,009204,/Users/von/Projects/cci-local-recovery/rerun_workspace/data/voc2007/VOCdevkit/VOC2007/JPEGImages/009204.jpg,dog,dog,"[""dog"",""sofa""]",4,0.17777778208255768,-0.11096825450658798,-0.11298398673534393,-0.7753816246986389,-0.009888119995594025,1
674,002402,/Users/von/Projects/cci-local-recovery/rerun_workspace/data/voc2007/VOCdevkit/VOC2007/JPEGImages/002402.jpg,car,car,"[""car"",""person""]",3,1.0,0.018824847415089607,0.019140243530273438,-0.2611294090747833,0.4312228262424469,2
675,003016,/Users/von/Projects/cci-local-recovery/rerun_workspace/data/voc2007/VOCdevkit/VOC2007/JPEGImages/003016.jpg,bus,bus,"[""bus"",""person""]",2,0.8928571343421936,0.8668445944786072,0.8842097520828247,0.28551554679870605,1.2407630681991577,1
676,009525,/Users/von/Projects/cci-local-recovery/rerun_workspace/data/voc2007/VOCdevkit/VOC2007/JPEGImages/009525.jpg,horse,horse,"[""horse"",""person""]",3,1.0,0.3772381842136383,0.3830972909927368,0.2227000892162323,0.6681740880012512,1
677,005638,/Users/von/Projects/cci-local-recovery/rerun_workspace/data/voc2007/VOCdevkit/VOC2007/JPEGImages/005638.jpg,person,person,"[""person"",""car""]",1,1.0,-0.23111595213413239,-0.23549456894397736,-0.9842489361763,-0.18640083074569702,1
678,008205,/Users/von/Projects/cci-local-recovery/rerun_workspace/data/voc2007/VOCdevkit/VOC2007/JPEGImages/008205.jpg,horse,horse,"[""horse"",""person""]",4,0.9375,2.5020713806152344,2.5409326553344727,0.8345292806625366,2.9383137226104736,1
679,005763,/Users/von/Projects/cci-local-recovery/rerun_workspace/data/voc2007/VOCdevkit/VOC2007/JPEGImages/005763.jpg,car,car,"[""car"",""person""]",1,0.0,0.2272678017616272,0.2310754954814911,-0.25416892766952515,0.006227999925613403,1
680,006982,/Users/von/Projects/cci-local-recovery/rerun_workspace/data/voc2007/VOCdevkit/VOC2007/JPEGImages/006982.jpg,horse,horse,"[""horse"",""person""]",5,0.0,0.1030985489487648,0.10469983518123627,-0.012498944997787476,0.2395203560590744,1
681,004412,/Users/von/Projects/cci-local-recovery/rerun_workspace/data/voc2007/VOCdevkit/VOC2007/JPEGImages/004412.jpg,person,person,"[""person"",""bicycle""]",1,1.0,0.3265898823738098,0.33277732133865356,-0.43853121995925903,0.039744049310684204,1
682,000562,/Users/von/Projects/cci-local-recovery/rerun_workspace/data/voc2007/VOCdevkit/VOC2007/JPEGImages/000562.jpg,person,person,"[""person"",""bicycle""]",2,0.6000000238418579,1.5020229816436768,1.5304796695709229,0.920385479927063,1.7869136333465576,1
683,001891,/Users/von/Projects/cci-local-recovery/rerun_workspace/data/voc2007/VOCdevkit/VOC2007/JPEGImages/001891.jpg,car,car,"[""car"",""person""]",4,1.0,0.1911294162273407,0.19433163106441498,-1.6998107433319092,-0.16820885241031647,2
684,002743,/Users/von/Projects/cci-local-recovery/rerun_workspace/data/voc2007/VOCdevkit/VOC2007/JPEGImages/002743.jpg,pottedplant,pottedplant,"[""pottedplant"",""bottle""]",3,0.9200000166893005,1.4215694665908813,1.4477548599243164,0.34344327449798584,0.9780986309051514,1
685,003944,/Users/von/Projects/cci-local-recovery/rerun_workspace/data/voc2007/VOCdevkit/VOC2007/JPEGImages/003944.jpg,sofa,sofa,"[""sofa"",""bottle"",""person""]",5,0.8529411554336548,2.404171943664551,2.4480788707733154,1.6879525184631348,2.246337413787842,1
686,001914,/Users/von/Projects/cci-local-recovery/rerun_workspace/data/voc2007/VOCdevkit/VOC2007/JPEGImages/001914.jpg,person,person,"[""person"",""chair"",""dog""]",6,0.5,0.9523525834083557,0.9703954458236694,-0.6782335042953491,0.07793223857879639,1
687,006798,/Users/von/Projects/cci-local-recovery/rerun_workspace/data/voc2007/VOCdevkit/VOC2007/JPEGImages/006798.jpg,pottedplant,pottedplant,"[""pottedplant"",""tvmonitor""]",0,0.875,1.3704081773757935,1.3956512212753296,0.9178930521011353,1.1839427947998047,1
688,006273,/Users/von/Projects/cci-local-recovery/rerun_workspace/data/voc2007/VOCdevkit/VOC2007/JPEGImages/006273.jpg,person,person,"[""person"",""dog""]",1,0.06976744532585144,0.41427937150001526,0.4221281409263611,-1.224755048751831,-0.030813366174697876,1
689,000447,/Users/von/Projects/cci-local-recovery/rerun_workspace/data/voc2007/VOCdevkit/VOC2007/JPEGImages/000447.jpg,person,person,"[""person"",""bottle""]",3,0.5384615659713745,1.9190430641174316,1.9554004669189453,-0.10459208488464355,1.6955225467681885,1
690,004309,/Users/von/Projects/cci-local-recovery/rerun_workspace/data/voc2007/VOCdevkit/VOC2007/JPEGImages/004309.jpg,horse,horse,"[""horse"",""person""]",6,0.5,0.13811616599559784,0.14026133716106415,-0.006325379014015198,0.5850116610527039,1
691,002806,/Users/von/Projects/cci-local-recovery/rerun_workspace/data/voc2007/VOCdevkit/VOC2007/JPEGImages/002806.jpg,motorbike,motorbike,"[""motorbike"",""person""]",0,0.8085106611251831,2.357257127761841,2.397829055786133,0.9988429546356201,2.6077280044555664,1
692,000798,/Users/von/Projects/cci-local-recovery/rerun_workspace/data/voc2007/VOCdevkit/VOC2007/JPEGImages/000798.jpg,sofa,sofa,"[""sofa"",""person""]",0,0.9722222089767456,0.4694901406764984,0.4780643582344055,-0.05758786201477051,0.24751800298690796,1
693,005375,/Users/von/Projects/cci-local-recovery/rerun_workspace/data/voc2007/VOCdevkit/VOC2007/JPEGImages/005375.jpg,person,person,"[""person"",""tvmonitor""]",5,0.800000011920929,2.610229253768921,2.659681558609009,1.5697433948516846,2.334162473678589,1
694,002223,/Users/von/Projects/cci-local-recovery/rerun_workspace/data/voc2007/VOCdevkit/VOC2007/JPEGImages/002223.jpg,bus,bus,"[""bus"",""car"",""person""]",5,0.2083333283662796,0.25127023458480835,0.2563038468360901,-1.0809996128082275,-0.244828999042511,1
695,002283,/Users/von/Projects/cci-local-recovery/rerun_workspace/data/voc2007/VOCdevkit/VOC2007/JPEGImages/002283.jpg,horse,horse,"[""horse"",""person""]",4,0.23999999463558197,0.6733917593955994,0.6838506460189819,-0.008980512619018555,0.3106984794139862,1
696,008882,/Users/von/Projects/cci-local-recovery/rerun_workspace/data/voc2007/VOCdevkit/VOC2007/JPEGImages/008882.jpg,horse,horse,"[""horse"",""person""]",2,0.02083333395421505,0.08781345188617706,0.08917734026908875,-0.6124483346939087,0.11737143993377686,1
697,003819,/Users/von/Projects/cci-local-recovery/rerun_workspace/data/voc2007/VOCdevkit/VOC2007/JPEGImages/003819.jpg,person,person,"[""person"",""chair"",""dog""]",6,1.0,0.4460950791835785,0.45454660058021545,-0.1075049340724945,0.6392470002174377,1
698,004417,/Users/von/Projects/cci-local-recovery/rerun_workspace/data/voc2007/VOCdevkit/VOC2007/JPEGImages/004417.jpg,bicycle,bicycle,"[""bicycle"",""person""]",4,0.6521739363670349,3.3583319187164307,3.4209275245666504,1.6081998348236084,4.892634868621826,1
699,005709,/Users/von/Projects/cci-local-recovery/rerun_workspace/data/voc2007/VOCdevkit/VOC2007/JPEGImages/005709.jpg,bicycle,bicycle,"[""bicycle"",""person""]",5,0.3255814015865326,0.6950787305831909,0.7080342173576355,-0.44976168870925903,0.10382384061813354,1
700,000137,/Users/von/Projects/cci-local-recovery/rerun_workspace/data/voc2007/VOCdevkit/VOC2007/JPEGImages/000137.jpg,car,car,"[""car"",""person""]",0,0.0,1.017569661140442,1.0346182584762573,-1.0218604803085327,-0.1430046558380127,1
701,001099,/Users/von/Projects/cci-local-recovery/rerun_workspace/data/voc2007/VOCdevkit/VOC2007/JPEGImages/001099.jpg,aeroplane,aeroplane,"[""aeroplane"",""person""]",0,1.0,0.31923678517341614,0.3250657916069031,-0.8610367178916931,-0.050194621086120605,2
702,002964,/Users/von/Projects/cci-local-recovery/rerun_workspace/data/voc2007/VOCdevkit/VOC2007/JPEGImages/002964.jpg,person,person,"[""person"",""dog""]",7,1.0,0.30134686827659607,0.3070560693740845,-0.33662039041519165,0.1321658194065094,1
703,002538,/Users/von/Projects/cci-local-recovery/rerun_workspace/data/voc2007/VOCdevkit/VOC2007/JPEGImages/002538.jpg,person,person,"[""person"",""bottle"",""diningtable""]",1,0.1756756752729416,0.42247888445854187,0.43048298358917236,-0.5308070182800293,0.0528908371925354,1
704,008751,/Users/von/Projects/cci-local-recovery/rerun_workspace/data/voc2007/VOCdevkit/VOC2007/JPEGImages/008751.jpg,diningtable,diningtable,"[""diningtable"",""chair"",""person"",""tvmonitor""]",3,0.5416666865348816,1.0245048999786377,1.0385653972625732,0.4689071774482727,2.206007242202759,1
705,002604,/Users/von/Projects/cci-local-recovery/rerun_workspace/data/voc2007/VOCdevkit/VOC2007/JPEGImages/002604.jpg,chair,chair,"[""chair"",""person"",""pottedplant""]",4,0.3333333432674408,0.5358128547668457,0.5448859930038452,-0.6802167892456055,0.28919878602027893,1
706,009028,/Users/von/Projects/cci-local-recovery/rerun_workspace/data/voc2007/VOCdevkit/VOC2007/JPEGImages/009028.jpg,bicycle,bicycle,"[""bicycle"",""person""]",2,0.8536585569381714,2.3248941898345947,2.36822772026062,2.0519676208496094,3.79402494430542,1
707,001720,/Users/von/Projects/cci-local-recovery/rerun_workspace/data/voc2007/VOCdevkit/VOC2007/JPEGImages/001720.jpg,diningtable,diningtable,"[""diningtable"",""bottle"",""person""]",4,0.9268292784690857,1.1010916233062744,1.1162031888961792,1.4603168964385986,2.02363920211792,1
708,008761,/Users/von/Projects/cci-local-recovery/rerun_workspace/data/voc2007/VOCdevkit/VOC2007/JPEGImages/008761.jpg,aeroplane,aeroplane,"[""aeroplane"",""car"",""motorbike""]",3,1.0,1.706618070602417,1.7377796173095703,0.5082836151123047,2.140162706375122,1
709,007393,/Users/von/Projects/cci-local-recovery/rerun_workspace/data/voc2007/VOCdevkit/VOC2007/JPEGImages/007393.jpg,diningtable,diningtable,"[""diningtable"",""chair"",""person""]",2,0.4693877696990967,0.3635686933994293,0.3685583770275116,-0.32837429642677307,0.14986684918403625,1
710,007739,/Users/von/Projects/cci-local-recovery/rerun_workspace/data/voc2007/VOCdevkit/VOC2007/JPEGImages/007739.jpg,person,person,"[""person"",""bottle"",""chair""]",1,0.3214285671710968,0.5277557373046875,0.5377543568611145,-0.23518520593643188,0.03805020451545715,1
711,007882,/Users/von/Projects/cci-local-recovery/rerun_workspace/data/voc2007/VOCdevkit/VOC2007/JPEGImages/007882.jpg,car,car,"[""car"",""person""]",7,0.095238097012043,0.6739372611045837,0.6852285265922546,-0.4349953532218933,0.029755234718322754,1
712,004573,/Users/von/Projects/cci-local-recovery/rerun_workspace/data/voc2007/VOCdevkit/VOC2007/JPEGImages/004573.jpg,boat,boat,"[""boat"",""person""]",3,0.4000000059604645,1.75516676902771,1.788847804069519,1.3764793872833252,2.6345038414001465,1
713,000587,/Users/von/Projects/cci-local-recovery/rerun_workspace/data/voc2007/VOCdevkit/VOC2007/JPEGImages/000587.jpg,person,person,"[""person"",""bottle"",""diningtable""]",5,1.0,0.6747691631317139,0.6875530481338501,-0.7171858549118042,0.601616382598877,1
714,007509,/Users/von/Projects/cci-local-recovery/rerun_workspace/data/voc2007/VOCdevkit/VOC2007/JPEGImages/007509.jpg,horse,horse,"[""horse"",""person""]",1,0.9512194991111755,0.7165862321853638,0.7277159690856934,-0.10307937860488892,1.2374119758605957,1
715,003434,/Users/von/Projects/cci-local-recovery/rerun_workspace/data/voc2007/VOCdevkit/VOC2007/JPEGImages/003434.jpg,person,person,"[""person"",""car""]",6,0.9818181991577148,0.5557852387428284,0.5663149356842041,0.3430488109588623,1.6027473211288452,1
716,003041,/Users/von/Projects/cci-local-recovery/rerun_workspace/data/voc2007/VOCdevkit/VOC2007/JPEGImages/003041.jpg,horse,horse,"[""horse"",""person""]",7,1.0,0.8050985336303711,0.8176029920578003,-0.5484117269515991,0.19511055946350098,2
717,000858,/Users/von/Projects/cci-local-recovery/rerun_workspace/data/voc2007/VOCdevkit/VOC2007/JPEGImages/000858.jpg,bus,bus,"[""bus"",""person""]",5,0.9411764740943909,2.51173996925354,2.56205677986145,1.5596208572387695,2.4250361919403076,1
718,001075,/Users/von/Projects/cci-local-recovery/rerun_workspace/data/voc2007/VOCdevkit/VOC2007/JPEGImages/001075.jpg,dog,dog,"[""dog"",""cat""]",4,0.0,-0.05119642987847328,-0.052126411348581314,-0.48129892349243164,-0.015301279723644257,1
719,009663,/Users/von/Projects/cci-local-recovery/rerun_workspace/data/voc2007/VOCdevkit/VOC2007/JPEGImages/009663.jpg,chair,chair,"[""chair"",""sofa""]",7,0.0,0.09277321398258209,0.09434418380260468,-0.1142985075712204,0.149149090051651,1
720,009263,/Users/von/Projects/cci-local-recovery/rerun_workspace/data/voc2007/VOCdevkit/VOC2007/JPEGImages/009263.jpg,person,person,"[""person"",""chair""]",3,0.31578946113586426,0.7924321889877319,0.8074452877044678,0.5880957841873169,2.1144394874572754,1
721,009008,/Users/von/Projects/cci-local-recovery/rerun_workspace/data/voc2007/VOCdevkit/VOC2007/JPEGImages/009008.jpg,motorbike,motorbike,"[""motorbike"",""car""]",1,1.0,0.44673848152160645,0.4544275104999542,-0.06900909543037415,0.6121195554733276,1
722,009013,/Users/von/Projects/cci-local-recovery/rerun_workspace/data/voc2007/VOCdevkit/VOC2007/JPEGImages/009013.jpg,sofa,sofa,"[""sofa"",""person""]",5,0.9230769276618958,1.3389116525650024,1.3633639812469482,0.847706139087677,1.2577223777770996,1
723,003569,/Users/von/Projects/cci-local-recovery/rerun_workspace/data/voc2007/VOCdevkit/VOC2007/JPEGImages/003569.jpg,sofa,sofa,"[""sofa"",""car""]",6,1.0,3.8722238540649414,3.942941665649414,2.6070539951324463,4.995059490203857,1
724,003276,/Users/von/Projects/cci-local-recovery/rerun_workspace/data/voc2007/VOCdevkit/VOC2007/JPEGImages/003276.jpg,car,car,"[""car"",""person""]",6,1.0,0.6480354070663452,0.6588927507400513,-0.6385127305984497,0.4542582035064697,1
725,003601,/Users/von/Projects/cci-local-recovery/rerun_workspace/data/voc2007/VOCdevkit/VOC2007/JPEGImages/003601.jpg,train,train,"[""train"",""person""]",4,0.043478261679410934,-0.055626895278692245,-0.056608811020851135,-0.16199348866939545,-0.005508359521627426,1
726,002121,/Users/von/Projects/cci-local-recovery/rerun_workspace/data/voc2007/VOCdevkit/VOC2007/JPEGImages/002121.jpg,person,person,"[""person"",""sheep""]",7,1.0,0.10046937316656113,0.10237282514572144,-0.3600260019302368,0.06727859377861023,1
727,003978,/Users/von/Projects/cci-local-recovery/rerun_workspace/data/voc2007/VOCdevkit/VOC2007/JPEGImages/003978.jpg,horse,horse,"[""horse"",""person""]",1,1.0,0.8513860106468201,0.86460942029953,0.8345228433609009,1.9367163181304932,1
728,002955,/Users/von/Projects/cci-local-recovery/rerun_workspace/data/voc2007/VOCdevkit/VOC2007/JPEGImages/002955.jpg,bus,bus,"[""bus"",""car""]",5,1.0,1.2863502502441406,1.3121192455291748,-0.9083824157714844,0.5677376985549927,1
729,005287,/Users/von/Projects/cci-local-recovery/rerun_workspace/data/voc2007/VOCdevkit/VOC2007/JPEGImages/005287.jpg,car,car,"[""car"",""person""]",1,0.9487179517745972,0.812546968460083,0.8261605501174927,-0.4787098169326782,0.30051183700561523,1
730,001228,/Users/von/Projects/cci-local-recovery/rerun_workspace/data/voc2007/VOCdevkit/VOC2007/JPEGImages/001228.jpg,person,person,"[""person"",""cat""]",1,0.9811320900917053,0.3526441752910614,0.35932523012161255,-1.8259212970733643,-0.7116538882255554,1
731,007929,/Users/von/Projects/cci-local-recovery/rerun_workspace/data/voc2007/VOCdevkit/VOC2007/JPEGImages/007929.jpg,sofa,sofa,"[""sofa"",""person""]",3,0.8333333134651184,1.4078178405761719,1.4335285425186157,0.7044736742973328,1.0132615566253662,1
732,004180,/Users/von/Projects/cci-local-recovery/rerun_workspace/data/voc2007/VOCdevkit/VOC2007/JPEGImages/004180.jpg,sofa,sofa,"[""sofa"",""bottle"",""chair""]",7,0.37142857909202576,0.8005586862564087,0.815179169178009,0.06833052635192871,0.5891125202178955,1
733,000652,/Users/von/Projects/cci-local-recovery/rerun_workspace/data/voc2007/VOCdevkit/VOC2007/JPEGImages/000652.jpg,person,person,"[""person"",""chair""]",5,0.8387096524238586,0.5622722506523132,0.572924792766571,-0.5249102711677551,0.19958096742630005,1
734,003249,/Users/von/Projects/cci-local-recovery/rerun_workspace/data/voc2007/VOCdevkit/VOC2007/JPEGImages/003249.jpg,bottle,bottle,"[""bottle"",""person""]",2,1.0,0.1017264872789383,0.10400205850601196,-0.08148480951786041,0.08378168940544128,1
735,007747,/Users/von/Projects/cci-local-recovery/rerun_workspace/data/voc2007/VOCdevkit/VOC2007/JPEGImages/007747.jpg,diningtable,diningtable,"[""diningtable"",""chair"",""sofa"",""tvmonitor""]",3,0.3965517282485962,0.2833574414253235,0.2872462868690491,-2.4127471446990967,-0.7456920742988586,1
736,007347,/Users/von/Projects/cci-local-recovery/rerun_workspace/data/voc2007/VOCdevkit/VOC2007/JPEGImages/007347.jpg,car,car,"[""car"",""person""]",4,0.46000000834465027,0.91299968957901,0.9282962679862976,0.09576666355133057,1.2017004489898682,1
737,001155,/Users/von/Projects/cci-local-recovery/rerun_workspace/data/voc2007/VOCdevkit/VOC2007/JPEGImages/001155.jpg,boat,boat,"[""boat"",""car"",""person""]",2,0.0,0.3296806514263153,0.33600711822509766,-0.2748330235481262,-0.07101130485534668,1
738,009782,/Users/von/Projects/cci-local-recovery/rerun_workspace/data/voc2007/VOCdevkit/VOC2007/JPEGImages/009782.jpg,diningtable,diningtable,"[""diningtable"",""bottle"",""chair"",""person""]",1,0.29629629850387573,0.2229076325893402,0.22596685588359833,-0.35513222217559814,-0.0011329203844070435,1
739,007339,/Users/von/Projects/cci-local-recovery/rerun_workspace/data/voc2007/VOCdevkit/VOC2007/JPEGImages/007339.jpg,car,car,"[""car"",""person""]",5,0.5111111402511597,0.862717866897583,0.8771719932556152,-0.10873329639434814,0.7310491800308228,1
740,001516,/Users/von/Projects/cci-local-recovery/rerun_workspace/data/voc2007/VOCdevkit/VOC2007/JPEGImages/001516.jpg,motorbike,motorbike,"[""motorbike"",""person""]",3,1.0,0.2253146767616272,0.22919267416000366,-0.36779630184173584,0.1985001415014267,1
741,009928,/Users/von/Projects/cci-local-recovery/rerun_workspace/data/voc2007/VOCdevkit/VOC2007/JPEGImages/009928.jpg,pottedplant,pottedplant,"[""pottedplant"",""chair""]",4,1.0,2.873952865600586,2.926891326904297,0.6217496395111084,2.8469221591949463,1
742,009631,/Users/von/Projects/cci-local-recovery/rerun_workspace/data/voc2007/VOCdevkit/VOC2007/JPEGImages/009631.jpg,chair,chair,"[""chair"",""tvmonitor""]",4,0.0,0.6638933420181274,0.6751353144645691,-0.27404487133026123,0.2556469142436981,1
743,006431,/Users/von/Projects/cci-local-recovery/rerun_workspace/data/voc2007/VOCdevkit/VOC2007/JPEGImages/006431.jpg,motorbike,motorbike,"[""motorbike"",""person""]",3,0.800000011920929,1.8215441703796387,1.8528956174850464,0.9000383019447327,1.401741862297058,1
744,004305,/Users/von/Projects/cci-local-recovery/rerun_workspace/data/voc2007/VOCdevkit/VOC2007/JPEGImages/004305.jpg,bus,bus,"[""bus"",""car"",""motorbike"",""person""]",3,1.0,2.6536219120025635,2.7067809104919434,3.3929314613342285,4.335980415344238,1
745,000507,/Users/von/Projects/cci-local-recovery/rerun_workspace/data/voc2007/VOCdevkit/VOC2007/JPEGImages/000507.jpg,car,car,"[""car"",""person""]",4,1.0,1.2310618162155151,1.2516872882843018,0.32162272930145264,0.9215007424354553,1
746,008407,/Users/von/Projects/cci-local-recovery/rerun_workspace/data/voc2007/VOCdevkit/VOC2007/JPEGImages/008407.jpg,person,person,"[""person"",""chair"",""tvmonitor""]",4,1.0,0.04392958804965019,0.04476185888051987,-0.6247444748878479,0.5807684659957886,1
747,004294,/Users/von/Projects/cci-local-recovery/rerun_workspace/data/voc2007/VOCdevkit/VOC2007/JPEGImages/004294.jpg,horse,horse,"[""horse"",""person""]",1,1.0,0.29683518409729004,0.30144551396369934,0.0005469322204589844,0.23517316579818726,1
748,000641,/Users/von/Projects/cci-local-recovery/rerun_workspace/data/voc2007/VOCdevkit/VOC2007/JPEGImages/000641.jpg,chair,chair,"[""chair"",""person""]",4,1.0,0.5426377654075623,0.5518264770507812,-0.1683686375617981,0.8872348070144653,1
749,006317,/Users/von/Projects/cci-local-recovery/rerun_workspace/data/voc2007/VOCdevkit/VOC2007/JPEGImages/006317.jpg,bus,bus,"[""bus"",""bicycle"",""person""]",4,0.8529411554336548,1.1223245859146118,1.1448076963424683,1.33076012134552,1.7978284358978271,1
750,007051,/Users/von/Projects/cci-local-recovery/rerun_workspace/data/voc2007/VOCdevkit/VOC2007/JPEGImages/007051.jpg,person,person,"[""person"",""bird""]",4,0.800000011920929,0.4171171188354492,0.42501965165138245,-0.2937248647212982,0.2836664915084839,1
751,006686,/Users/von/Projects/cci-local-recovery/rerun_workspace/data/voc2007/VOCdevkit/VOC2007/JPEGImages/006686.jpg,sofa,sofa,"[""sofa"",""person""]",3,0.8571428656578064,1.0069286823272705,1.0253180265426636,0.3487206697463989,1.1175307035446167,1
752,009376,/Users/von/Projects/cci-local-recovery/rerun_workspace/data/voc2007/VOCdevkit/VOC2007/JPEGImages/009376.jpg,car,car,"[""car"",""person""]",4,0.5625,0.7619325518608093,0.7746981382369995,-0.8734863996505737,-0.407861590385437,1
753,005232,/Users/von/Projects/cci-local-recovery/rerun_workspace/data/voc2007/VOCdevkit/VOC2007/JPEGImages/005232.jpg,bicycle,bicycle,"[""bicycle"",""person""]",4,0.9599999785423279,2.753061294555664,2.804375410079956,2.5657925605773926,4.000154495239258,1
754,000510,/Users/von/Projects/cci-local-recovery/rerun_workspace/data/voc2007/VOCdevkit/VOC2007/JPEGImages/000510.jpg,diningtable,diningtable,"[""diningtable"",""chair""]",6,0.9285714030265808,2.499882221221924,2.534191131591797,2.3353981971740723,2.8682799339294434,1
755,004449,/Users/von/Projects/cci-local-recovery/rerun_workspace/data/voc2007/VOCdevkit/VOC2007/JPEGImages/004449.jpg,person,person,"[""person"",""chair""]",2,1.0,0.5304372906684875,0.540486752986908,0.2846403121948242,1.1910654306411743,1
756,001728,/Users/von/Projects/cci-local-recovery/rerun_workspace/data/voc2007/VOCdevkit/VOC2007/JPEGImages/001728.jpg,sofa,sofa,"[""sofa"",""person""]",1,0.019999999552965164,0.3180845081806183,0.32389363646507263,-0.564384937286377,-0.32761892676353455,1
757,001715,/Users/von/Projects/cci-local-recovery/rerun_workspace/data/voc2007/VOCdevkit/VOC2007/JPEGImages/001715.jpg,chair,chair,"[""chair"",""pottedplant""]",2,0.1190476194024086,0.7250378727912903,0.7373152375221252,0.1318056583404541,0.9658128023147583,1
758,001811,/Users/von/Projects/cci-local-recovery/rerun_workspace/data/voc2007/VOCdevkit/VOC2007/JPEGImages/001811.jpg,sofa,sofa,"[""sofa"",""chair"",""pottedplant"",""tvmonitor""]",2,1.0,1.875635027885437,1.9098894596099854,1.2042298316955566,1.8596957921981812,1
759,003328,/Users/von/Projects/cci-local-recovery/rerun_workspace/data/voc2007/VOCdevkit/VOC2007/JPEGImages/003328.jpg,person,person,"[""person"",""car""]",5,0.10256410390138626,0.6490294933319092,0.6613257527351379,-0.37674885988235474,0.08158272504806519,1
760,005722,/Users/von/Projects/cci-local-recovery/rerun_workspace/data/voc2007/VOCdevkit/VOC2007/JPEGImages/005722.jpg,horse,horse,"[""horse"",""person""]",7,0.6000000238418579,0.6690793037414551,0.6794711947441101,-0.24082493782043457,0.16980618238449097,1
761,004098,/Users/von/Projects/cci-local-recovery/rerun_workspace/data/voc2007/VOCdevkit/VOC2007/JPEGImages/004098.jpg,diningtable,diningtable,"[""diningtable"",""chair"",""person""]",3,0.23076923191547394,0.6106516718864441,0.6190323829650879,-1.1059706211090088,-0.17168140411376953,1
762,001167,/Users/von/Projects/cci-local-recovery/rerun_workspace/data/voc2007/VOCdevkit/VOC2007/JPEGImages/001167.jpg,sofa,sofa,"[""sofa"",""bottle"",""person""]",7,1.0,0.4715043008327484,0.48011529445648193,-0.14251238107681274,0.36156007647514343,1
763,009134,/Users/von/Projects/cci-local-recovery/rerun_workspace/data/voc2007/VOCdevkit/VOC2007/JPEGImages/009134.jpg,train,train,"[""train"",""car""]",3,1.0,6.015344142913818,6.121525764465332,4.47845458984375,6.265116214752197,1
764,001086,/Users/von/Projects/cci-local-recovery/rerun_workspace/data/voc2007/VOCdevkit/VOC2007/JPEGImages/001086.jpg,person,person,"[""person"",""bottle""]",1,1.0,0.36360299587249756,0.3704916536808014,-1.6478499174118042,-0.4812385141849518,1
765,007500,/Users/von/Projects/cci-local-recovery/rerun_workspace/data/voc2007/VOCdevkit/VOC2007/JPEGImages/007500.jpg,person,person,"[""person"",""bottle""]",4,0.9750000238418579,0.31528910994529724,0.3212624490261078,-0.8185738325119019,0.12645868957042694,1
766,001998,/Users/von/Projects/cci-local-recovery/rerun_workspace/data/voc2007/VOCdevkit/VOC2007/JPEGImages/001998.jpg,motorbike,motorbike,"[""motorbike"",""person""]",5,1.0,0.8760906457901001,0.8911694884300232,0.7943139672279358,1.4937585592269897,1
767,002111,/Users/von/Projects/cci-local-recovery/rerun_workspace/data/voc2007/VOCdevkit/VOC2007/JPEGImages/002111.jpg,person,person,"[""person"",""dog""]",5,0.0,0.23193717002868652,0.23633135855197906,-0.27163219451904297,-0.004811346530914307,1
768,000217,/Users/von/Projects/cci-local-recovery/rerun_workspace/data/voc2007/VOCdevkit/VOC2007/JPEGImages/000217.jpg,diningtable,diningtable,"[""diningtable"",""chair""]",5,0.9599999785423279,0.5462654232978821,0.5537624359130859,-0.07796043157577515,0.526581346988678,1
769,002888,/Users/von/Projects/cci-local-recovery/rerun_workspace/data/voc2007/VOCdevkit/VOC2007/JPEGImages/002888.jpg,diningtable,diningtable,"[""diningtable"",""person""]",1,0.3928571343421936,0.5334785580635071,0.5408000946044922,0.32493019104003906,0.6559597253799438,1
770,001823,/Users/von/Projects/cci-local-recovery/rerun_workspace/data/voc2007/VOCdevkit/VOC2007/JPEGImages/001823.jpg,person,person,"[""person"",""horse""]",3,0.0,-0.05483919754624367,-0.055878158658742905,-0.11887644231319427,0.08921334147453308,1
771,009010,/Users/von/Projects/cci-local-recovery/rerun_workspace/data/voc2007/VOCdevkit/VOC2007/JPEGImages/009010.jpg,chair,chair,"[""chair"",""tvmonitor""]",1,0.5454545617103577,0.5960748791694641,0.6061684489250183,0.15405553579330444,0.46332108974456787,1
772,009143,/Users/von/Projects/cci-local-recovery/rerun_workspace/data/voc2007/VOCdevkit/VOC2007/JPEGImages/009143.jpg,person,person,"[""person"",""tvmonitor""]",7,0.699999988079071,0.022061200812458992,0.022479163482785225,-0.6339627504348755,-0.051538750529289246,1
773,004629,/Users/von/Projects/cci-local-recovery/rerun_workspace/data/voc2007/VOCdevkit/VOC2007/JPEGImages/004629.jpg,horse,horse,"[""horse"",""person""]",1,0.9534883499145508,0.9863871932029724,1.0017074346542358,0.4394770860671997,1.281014084815979,1
774,008192,/Users/von/Projects/cci-local-recovery/rerun_workspace/data/voc2007/VOCdevkit/VOC2007/JPEGImages/008192.jpg,person,person,"[""person"",""bottle"",""horse"",""sheep""]",6,1.0,0.8618001341819763,0.8781274557113647,0.5745238065719604,1.7054616212844849,1
775,007028,/Users/von/Projects/cci-local-recovery/rerun_workspace/data/voc2007/VOCdevkit/VOC2007/JPEGImages/007028.jpg,sheep,sheep,"[""sheep"",""person""]",7,0.3478260934352875,1.452820897102356,1.4816923141479492,1.3060917854309082,2.5073866844177246,1
776,000205,/Users/von/Projects/cci-local-recovery/rerun_workspace/data/voc2007/VOCdevkit/VOC2007/JPEGImages/000205.jpg,sofa,sofa,"[""sofa"",""dog"",""person""]",0,1.0,0.13990212976932526,0.14245714247226715,-0.35393625497817993,-0.04362820088863373,1
777,003232,/Users/von/Projects/cci-local-recovery/rerun_workspace/data/voc2007/VOCdevkit/VOC2007/JPEGImages/003232.jpg,horse,horse,"[""horse"",""person""]",6,0.6428571343421936,0.2530801594257355,0.25701090693473816,0.030665665864944458,0.217141255736351,1
778,001134,/Users/von/Projects/cci-local-recovery/rerun_workspace/data/voc2007/VOCdevkit/VOC2007/JPEGImages/001134.jpg,car,car,"[""car"",""motorbike""]",5,0.1764705926179886,0.12841038405895233,0.13056179881095886,-1.5202560424804688,-0.37149420380592346,1
779,008104,/Users/von/Projects/cci-local-recovery/rerun_workspace/data/voc2007/VOCdevkit/VOC2007/JPEGImages/008104.jpg,aeroplane,aeroplane,"[""aeroplane"",""car"",""person""]",0,0.9354838728904724,0.34800609946250916,0.354360431432724,-0.7478914260864258,0.3540038764476776,1
780,002768,/Users/von/Projects/cci-local-recovery/rerun_workspace/data/voc2007/VOCdevkit/VOC2007/JPEGImages/002768.jpg,person,person,"[""person"",""dog""]",6,0.04545454680919647,1.0735604763031006,1.0938997268676758,-0.38036203384399414,0.12448173761367798,1
781,000504,/Users/von/Projects/cci-local-recovery/rerun_workspace/data/voc2007/VOCdevkit/VOC2007/JPEGImages/000504.jpg,cow,cow,"[""cow"",""person""]",4,1.0,8.114113807678223,8.255141258239746,4.135761260986328,8.469205856323242,1
782,007178,/Users/von/Projects/cci-local-recovery/rerun_workspace/data/voc2007/VOCdevkit/VOC2007/JPEGImages/007178.jpg,person,person,"[""person"",""chair"",""tvmonitor""]",4,1.0,0.3226931393146515,0.3288067579269409,0.2477457970380783,1.7498897314071655,1
783,004249,/Users/von/Projects/cci-local-recovery/rerun_workspace/data/voc2007/VOCdevkit/VOC2007/JPEGImages/004249.jpg,car,car,"[""car"",""person""]",3,0.8787878751754761,0.9295929074287415,0.9451674818992615,0.561001181602478,1.8496990203857422,1
784,001039,/Users/von/Projects/cci-local-recovery/rerun_workspace/data/voc2007/VOCdevkit/VOC2007/JPEGImages/001039.jpg,chair,chair,"[""chair"",""tvmonitor""]",1,0.7599999904632568,0.5494509339332581,0.5587550401687622,0.27494606375694275,0.7023497223854065,1
785,009606,/Users/von/Projects/cci-local-recovery/rerun_workspace/data/voc2007/VOCdevkit/VOC2007/JPEGImages/009606.jpg,diningtable,diningtable,"[""diningtable"",""chair"",""pottedplant""]",6,0.8648648858070374,1.4664721488952637,1.486598253250122,0.8822137713432312,1.1177326440811157,1
786,002874,/Users/von/Projects/cci-local-recovery/rerun_workspace/data/voc2007/VOCdevkit/VOC2007/JPEGImages/002874.jpg,sofa,sofa,"[""sofa"",""person""]",0,1.0,0.9665751457214355,0.9842275381088257,0.20646893978118896,0.8260035514831543,1
787,001619,/Users/von/Projects/cci-local-recovery/rerun_workspace/data/voc2007/VOCdevkit/VOC2007/JPEGImages/001619.jpg,car,car,"[""car"",""motorbike"",""person""]",1,0.8636363744735718,0.17520672082901,0.17814217507839203,-0.12539632618427277,0.35133934020996094,1
788,009237,/Users/von/Projects/cci-local-recovery/rerun_workspace/data/voc2007/VOCdevkit/VOC2007/JPEGImages/009237.jpg,person,person,"[""person"",""bicycle""]",6,0.8636363744735718,0.2553456127643585,0.26018327474594116,0.12232930958271027,0.46851080656051636,1
789,000924,/Users/von/Projects/cci-local-recovery/rerun_workspace/data/voc2007/VOCdevkit/VOC2007/JPEGImages/000924.jpg,bus,bus,"[""bus"",""person""]",3,0.9642857313156128,2.1183595657348633,2.1607959270477295,2.1763851642608643,3.9599833488464355,1
790,007321,/Users/von/Projects/cci-local-recovery/rerun_workspace/data/voc2007/VOCdevkit/VOC2007/JPEGImages/007321.jpg,tvmonitor,tvmonitor,"[""tvmonitor"",""cat"",""person""]",7,1.0,0.732707142829895,0.750523567199707,0.2458062767982483,0.5726434588432312,1
791,006361,/Users/von/Projects/cci-local-recovery/rerun_workspace/data/voc2007/VOCdevkit/VOC2007/JPEGImages/006361.jpg,horse,horse,"[""horse"",""person""]",4,0.8333333134651184,5.751707553863525,5.841041088104248,4.21696138381958,5.7140583992004395,1
792,002703,/Users/von/Projects/cci-local-recovery/rerun_workspace/data/voc2007/VOCdevkit/VOC2007/JPEGImages/002703.jpg,aeroplane,aeroplane,"[""aeroplane"",""car""]",6,0.0,1.011202096939087,1.0296658277511597,0.4069536328315735,1.0109764337539673,1
793,001620,/Users/von/Projects/cci-local-recovery/rerun_workspace/data/voc2007/VOCdevkit/VOC2007/JPEGImages/001620.jpg,person,person,"[""person"",""bicycle""]",7,1.0,0.25682100653648376,0.26168662309646606,-1.1769115924835205,-0.6564680337905884,1
794,003220,/Users/von/Projects/cci-local-recovery/rerun_workspace/data/voc2007/VOCdevkit/VOC2007/JPEGImages/003220.jpg,train,train,"[""train"",""car"",""person""]",5,1.0,5.395445823669434,5.490684986114502,3.810389518737793,5.530612468719482,1
795,000839,/Users/von/Projects/cci-local-recovery/rerun_workspace/data/voc2007/VOCdevkit/VOC2007/JPEGImages/000839.jpg,sofa,sofa,"[""sofa"",""person""]",4,0.5384615659713745,1.1237274408340454,1.1442499160766602,-0.20610713958740234,0.6908639669418335,1
796,006060,/Users/von/Projects/cci-local-recovery/rerun_workspace/data/voc2007/VOCdevkit/VOC2007/JPEGImages/006060.jpg,person,person,"[""person"",""cow""]",5,0.054054055362939835,0.35961616039276123,0.36642929911613464,-0.4137340486049652,0.0078060925006866455,1
797,006274,/Users/von/Projects/cci-local-recovery/rerun_workspace/data/voc2007/VOCdevkit/VOC2007/JPEGImages/006274.jpg,person,person,"[""person"",""chair""]",4,0.9166666865348816,0.2395091950893402,0.24404683709144592,-0.6671806573867798,0.03768517076969147,1
798,002159,/Users/von/Projects/cci-local-recovery/rerun_workspace/data/voc2007/VOCdevkit/VOC2007/JPEGImages/002159.jpg,person,person,"[""person"",""chair""]",1,1.0,0.25851720571517944,0.2634149491786957,0.03613632917404175,0.258591890335083,1
799,001992,/Users/von/Projects/cci-local-recovery/rerun_workspace/data/voc2007/VOCdevkit/VOC2007/JPEGImages/001992.jpg,person,person,"[""person"",""bottle"",""dog""]",4,0.0,0.3619607090950012,0.3688182532787323,0.026663780212402344,0.34592151641845703,1
800,001307,/Users/von/Projects/cci-local-recovery/rerun_workspace/data/voc2007/VOCdevkit/VOC2007/JPEGImages/001307.jpg,person,person,"[""person"",""bicycle""]",2,1.0,1.6292943954467773,1.660162329673767,0.5585500001907349,1.2599685192108154,1
801,007176,/Users/von/Projects/cci-local-recovery/rerun_workspace/data/voc2007/VOCdevkit/VOC2007/JPEGImages/007176.jpg,car,car,"[""car"",""person""]",6,0.25,0.01868368498980999,0.018996715545654297,-0.10094910860061646,-0.01208595559000969,1
802,004422,/Users/von/Projects/cci-local-recovery/rerun_workspace/data/voc2007/VOCdevkit/VOC2007/JPEGImages/004422.jpg,pottedplant,pottedplant,"[""pottedplant"",""bottle""]",4,0.08571428805589676,0.7549468874931335,0.7688530683517456,-0.35658538341522217,0.20163357257843018,1
803,004245,/Users/von/Projects/cci-local-recovery/rerun_workspace/data/voc2007/VOCdevkit/VOC2007/JPEGImages/004245.jpg,car,car,"[""car"",""person""]",6,0.0,-0.03599553927779198,-0.03659861534833908,-0.3089628219604492,0.018570195883512497,1
804,000743,/Users/von/Projects/cci-local-recovery/rerun_workspace/data/voc2007/VOCdevkit/VOC2007/JPEGImages/000743.jpg,train,train,"[""train"",""car""]",1,0.6000000238418579,1.1177247762680054,1.137454628944397,-0.5584473609924316,0.8322715759277344,1
805,000038,/Users/von/Projects/cci-local-recovery/rerun_workspace/data/voc2007/VOCdevkit/VOC2007/JPEGImages/000038.jpg,person,person,"[""person"",""bicycle"",""motorbike""]",7,0.0,0.1779007911682129,0.18127122521400452,-0.5007002353668213,-0.1491369605064392,1
806,009895,/Users/von/Projects/cci-local-recovery/rerun_workspace/data/voc2007/VOCdevkit/VOC2007/JPEGImages/009895.jpg,car,car,"[""car"",""person""]",5,0.1818181872367859,0.5891224145889282,0.5989927053451538,-0.9536656141281128,-0.21412718296051025,1
807,002511,/Users/von/Projects/cci-local-recovery/rerun_workspace/data/voc2007/VOCdevkit/VOC2007/JPEGImages/002511.jpg,horse,horse,"[""horse"",""person""]",7,1.0,0.5072624087333679,0.5151410102844238,0.49803096055984497,1.553181529045105,1
808,001256,/Users/von/Projects/cci-local-recovery/rerun_workspace/data/voc2007/VOCdevkit/VOC2007/JPEGImages/001256.jpg,bicycle,bicycle,"[""bicycle"",""person""]",3,0.07692307978868484,0.46278056502342224,0.4714062809944153,-0.04586827754974365,0.9478842616081238,1
809,000536,/Users/von/Projects/cci-local-recovery/rerun_workspace/data/voc2007/VOCdevkit/VOC2007/JPEGImages/000536.jpg,bus,bus,"[""bus"",""person""]",5,0.1666666716337204,0.31395062804222107,0.3202398717403412,-0.18636932969093323,0.06099686026573181,1
810,009674,/Users/von/Projects/cci-local-recovery/rerun_workspace/data/voc2007/VOCdevkit/VOC2007/JPEGImages/009674.jpg,motorbike,motorbike,"[""motorbike"",""person""]",3,1.0,1.0124871730804443,1.0299135446548462,0.4048493504524231,1.2356544733047485,1
811,006056,/Users/von/Projects/cci-local-recovery/rerun_workspace/data/voc2007/VOCdevkit/VOC2007/JPEGImages/006056.jpg,diningtable,diningtable,"[""diningtable"",""bottle"",""chair"",""person""]",3,0.3499999940395355,0.6367586851119995,0.6454976797103882,-0.37278902530670166,0.06467443704605103,1
812,003670,/Users/von/Projects/cci-local-recovery/rerun_workspace/data/voc2007/VOCdevkit/VOC2007/JPEGImages/003670.jpg,motorbike,motorbike,"[""motorbike"",""person""]",3,0.0,0.4058639407157898,0.41284945607185364,-0.13752946257591248,-0.03437149524688721,1
813,005250,/Users/von/Projects/cci-local-recovery/rerun_workspace/data/voc2007/VOCdevkit/VOC2007/JPEGImages/005250.jpg,sofa,sofa,"[""sofa"",""tvmonitor""]",4,1.0,1.5739670991897583,1.6027121543884277,-0.2153536081314087,1.9058321714401245,1
814,005943,/Users/von/Projects/cci-local-recovery/rerun_workspace/data/voc2007/VOCdevkit/VOC2007/JPEGImages/005943.jpg,sofa,sofa,"[""sofa"",""pottedplant""]",4,1.0,1.4003995656967163,1.4259748458862305,0.9474207162857056,1.4398788213729858,1
815,006334,/Users/von/Projects/cci-local-recovery/rerun_workspace/data/voc2007/VOCdevkit/VOC2007/JPEGImages/006334.jpg,bus,bus,"[""bus"",""car"",""person""]",2,0.9090909361839294,2.8411903381347656,2.898106813430786,1.6651618480682373,2.8931150436401367,1
816,006407,/Users/von/Projects/cci-local-recovery/rerun_workspace/data/voc2007/VOCdevkit/VOC2007/JPEGImages/006407.jpg,bus,bus,"[""bus"",""person""]",2,1.0,3.598454236984253,3.6705408096313477,1.0593876838684082,3.045673131942749,1
817,004068,/Users/von/Projects/cci-local-recovery/rerun_workspace/data/voc2007/VOCdevkit/VOC2007/JPEGImages/004068.jpg,sofa,sofa,"[""sofa"",""bottle"",""chair"",""person""]",5,0.6470588445663452,1.800510048866272,1.8333925008773804,0.8334229588508606,1.4134433269500732,1
818,005140,/Users/von/Projects/cci-local-recovery/rerun_workspace/data/voc2007/VOCdevkit/VOC2007/JPEGImages/005140.jpg,diningtable,diningtable,"[""diningtable"",""person""]",2,0.8965517282485962,0.7946627140045166,0.8055688142776489,0.4051221013069153,0.9407935738563538,1
819,000942,/Users/von/Projects/cci-local-recovery/rerun_workspace/data/voc2007/VOCdevkit/VOC2007/JPEGImages/000942.jpg,train,train,"[""train"",""person""]",7,1.0,0.6006674766540527,0.6112703084945679,-0.3729850649833679,0.47880682349205017,1
820,009696,/Users/von/Projects/cci-local-recovery/rerun_workspace/data/voc2007/VOCdevkit/VOC2007/JPEGImages/009696.jpg,person,person,"[""person"",""bird""]",2,0.46666666865348816,0.33412596583366394,0.34045618772506714,-0.08204534649848938,0.3021458387374878,1
821,009660,/Users/von/Projects/cci-local-recovery/rerun_workspace/data/voc2007/VOCdevkit/VOC2007/JPEGImages/009660.jpg,chair,chair,"[""chair"",""dog"",""person""]",6,0.8333333134651184,0.9217721819877625,0.9373809099197388,-0.282944917678833,0.7531129717826843,1
822,003643,/Users/von/Projects/cci-local-recovery/rerun_workspace/data/voc2007/VOCdevkit/VOC2007/JPEGImages/003643.jpg,person,person,"[""person"",""bottle"",""chair"",""diningtable""]",4,0.7692307829856873,0.15755312144756317,0.16053806245326996,-0.9916200637817383,0.6089672446250916,1
823,000258,/Users/von/Projects/cci-local-recovery/rerun_workspace/data/voc2007/VOCdevkit/VOC2007/JPEGImages/000258.jpg,person,person,"[""person"",""dog""]",1,0.32258063554763794,0.33513104915618896,0.3414802849292755,-0.30395039916038513,0.25503697991371155,1
824,006307,/Users/von/Projects/cci-local-recovery/rerun_workspace/data/voc2007/VOCdevkit/VOC2007/JPEGImages/006307.jpg,sofa,sofa,"[""sofa"",""chair"",""person"",""pottedplant"",""tvmonitor""]",7,0.3870967626571655,1.3935083150863647,1.4189577102661133,0.28822028636932373,0.6436758637428284,1
825,000090,/Users/von/Projects/cci-local-recovery/rerun_workspace/data/voc2007/VOCdevkit/VOC2007/JPEGImages/000090.jpg,person,person,"[""person"",""chair""]",4,1.0,0.9138030409812927,0.9311155676841736,-0.01693582534790039,0.8548924922943115,1
826,008603,/Users/von/Projects/cci-local-recovery/rerun_workspace/data/voc2007/VOCdevkit/VOC2007/JPEGImages/008603.jpg,dog,dog,"[""dog"",""person""]",7,1.0,1.0641721487045288,1.0835027694702148,-0.7473748922348022,0.54402756690979,1
827,007945,/Users/von/Projects/cci-local-recovery/rerun_workspace/data/voc2007/VOCdevkit/VOC2007/JPEGImages/007945.jpg,train,train,"[""train"",""person""]",3,0.23333333432674408,0.2277887761592865,0.23180966079235077,-0.3863385319709778,-0.17210252583026886,1
828,007913,/Users/von/Projects/cci-local-recovery/rerun_workspace/data/voc2007/VOCdevkit/VOC2007/JPEGImages/007913.jpg,pottedplant,pottedplant,"[""pottedplant"",""person""]",3,1.0,1.83151113986969,1.8652477264404297,1.191810131072998,2.167126178741455,1
829,003734,/Users/von/Projects/cci-local-recovery/rerun_workspace/data/voc2007/VOCdevkit/VOC2007/JPEGImages/003734.jpg,horse,horse,"[""horse"",""person""]",7,1.0,2.6390013694763184,2.6799893379211426,1.749021291732788,3.367766857147217,1
830,004393,/Users/von/Projects/cci-local-recovery/rerun_workspace/data/voc2007/VOCdevkit/VOC2007/JPEGImages/004393.jpg,train,train,"[""train"",""person""]",6,0.18518517911434174,0.14731083810329437,0.14991113543510437,-0.4184572398662567,0.0759691670536995,2
831,000456,/Users/von/Projects/cci-local-recovery/rerun_workspace/data/voc2007/VOCdevkit/VOC2007/JPEGImages/000456.jpg,bus,bus,"[""bus"",""person""]",4,1.0,0.10723379254341125,0.10938196629285812,-0.3356821537017822,0.0875408872961998,1
832,009806,/Users/von/Projects/cci-local-recovery/rerun_workspace/data/voc2007/VOCdevkit/VOC2007/JPEGImages/009806.jpg,bus,bus,"[""bus"",""car"",""person""]",3,0.08695652335882187,0.415696382522583,0.4240238666534424,-0.11294680833816528,0.07254990935325623,1
833,000181,/Users/von/Projects/cci-local-recovery/rerun_workspace/data/voc2007/VOCdevkit/VOC2007/JPEGImages/000181.jpg,sofa,sofa,"[""sofa"",""chair"",""person""]",1,0.8500000238418579,1.9826534986495972,2.018862247467041,0.3562581539154053,1.0383529663085938,1
834,005925,/Users/von/Projects/cci-local-recovery/rerun_workspace/data/voc2007/VOCdevkit/VOC2007/JPEGImages/005925.jpg,bicycle,bicycle,"[""bicycle"",""person""]",3,0.4444444477558136,1.6667765378952026,1.6978434324264526,0.7373518347740173,2.0037083625793457,1
835,005597,/Users/von/Projects/cci-local-recovery/rerun_workspace/data/voc2007/VOCdevkit/VOC2007/JPEGImages/005597.jpg,diningtable,diningtable,"[""diningtable"",""chair""]",3,1.0,0.5684871077537537,0.5762891173362732,0.5528075098991394,0.7981346249580383,1
836,001769,/Users/von/Projects/cci-local-recovery/rerun_workspace/data/voc2007/VOCdevkit/VOC2007/JPEGImages/001769.jpg,horse,horse,"[""horse"",""person""]",6,0.9777777791023254,0.4797136187553406,0.48716434836387634,0.2714681625366211,0.6839564442634583,1
837,009850,/Users/von/Projects/cci-local-recovery/rerun_workspace/data/voc2007/VOCdevkit/VOC2007/JPEGImages/009850.jpg,motorbike,motorbike,"[""motorbike"",""person""]",3,0.9777777791023254,4.603277683258057,4.682507038116455,1.5978672504425049,5.224914073944092,1
838,002756,/Users/von/Projects/cci-local-recovery/rerun_workspace/data/voc2007/VOCdevkit/VOC2007/JPEGImages/002756.jpg,train,train,"[""train"",""person""]",6,0.8333333134651184,2.2782559394836426,2.3184711933135986,2.0327000617980957,3.0561976432800293,1
839,003976,/Users/von/Projects/cci-local-recovery/rerun_workspace/data/voc2007/VOCdevkit/VOC2007/JPEGImages/003976.jpg,person,person,"[""person"",""bicycle""]",7,1.0,0.5119174122810364,0.5216159820556641,-0.6913232803344727,0.23069322109222412,1
840,006081,/Users/von/Projects/cci-local-recovery/rerun_workspace/data/voc2007/VOCdevkit/VOC2007/JPEGImages/006081.jpg,diningtable,diningtable,"[""diningtable"",""chair""]",5,0.7857142686843872,2.1418545246124268,2.1712496280670166,2.369894027709961,3.2498857975006104,1
841,006826,/Users/von/Projects/cci-local-recovery/rerun_workspace/data/voc2007/VOCdevkit/VOC2007/JPEGImages/006826.jpg,chair,chair,"[""chair"",""diningtable"",""sofa""]",0,0.6904761791229248,1.294438123703003,1.3163573741912842,-2.281843662261963,0.5132331252098083,1
842,000280,/Users/von/Projects/cci-local-recovery/rerun_workspace/data/voc2007/VOCdevkit/VOC2007/JPEGImages/000280.jpg,diningtable,diningtable,"[""diningtable"",""bottle"",""person""]",4,0.949999988079071,2.685351848602295,2.7222061157226562,1.3439210653305054,3.0580132007598877,1
843,003553,/Users/von/Projects/cci-local-recovery/rerun_workspace/data/voc2007/VOCdevkit/VOC2007/JPEGImages/003553.jpg,car,car,"[""car"",""person""]",6,0.6333333253860474,0.4918752610683441,0.500116229057312,-1.0064680576324463,-0.06956714391708374,1
844,008325,/Users/von/Projects/cci-local-recovery/rerun_workspace/data/voc2007/VOCdevkit/VOC2007/JPEGImages/008325.jpg,sofa,sofa,"[""sofa"",""person""]",3,0.7894737124443054,0.23695588111877441,0.2412833720445633,-0.9503375887870789,0.6885598301887512,2
845,001534,/Users/von/Projects/cci-local-recovery/rerun_workspace/data/voc2007/VOCdevkit/VOC2007/JPEGImages/001534.jpg,diningtable,diningtable,"[""diningtable"",""chair"",""sofa""]",3,0.9615384340286255,1.6839611530303955,1.707072138786316,1.6217758655548096,2.2270381450653076,1
846,008219,/Users/von/Projects/cci-local-recovery/rerun_workspace/data/voc2007/VOCdevkit/VOC2007/JPEGImages/008219.jpg,person,person,"[""person"",""boat""]",0,1.0,1.5772162675857544,1.6070975065231323,1.1873090267181396,2.2653303146362305,1
847,005316,/Users/von/Projects/cci-local-recovery/rerun_workspace/data/voc2007/VOCdevkit/VOC2007/JPEGImages/005316.jpg,car,car,"[""car"",""motorbike"",""person""]",3,0.9777777791023254,0.6269999146461487,0.6375048160552979,1.094696283340454,1.6232318878173828,1
848,004173,/Users/von/Projects/cci-local-recovery/rerun_workspace/data/voc2007/VOCdevkit/VOC2007/JPEGImages/004173.jpg,pottedplant,pottedplant,"[""pottedplant"",""person""]",0,0.939393937587738,5.185641288757324,5.281161308288574,4.800610065460205,5.897914886474609,1
849,009798,/Users/von/Projects/cci-local-recovery/rerun_workspace/data/voc2007/VOCdevkit/VOC2007/JPEGImages/009798.jpg,diningtable,diningtable,"[""diningtable"",""bottle"",""chair"",""person""]",7,1.0,0.24151885509490967,0.24483349919319153,-0.23985418677330017,0.1991572231054306,1
850,002909,/Users/von/Projects/cci-local-recovery/rerun_workspace/data/voc2007/VOCdevkit/VOC2007/JPEGImages/002909.jpg,person,person,"[""person"",""horse""]",4,0.2222222238779068,0.19524028897285461,0.1989392340183258,-0.09951457381248474,0.0408661812543869,1
851,008314,/Users/von/Projects/cci-local-recovery/rerun_workspace/data/voc2007/VOCdevkit/VOC2007/JPEGImages/008314.jpg,horse,horse,"[""horse"",""person""]",0,0.20588235557079315,-0.07298806309700012,-0.07412168383598328,-0.15547877550125122,0.07300253212451935,1
852,001080,/Users/von/Projects/cci-local-recovery/rerun_workspace/data/voc2007/VOCdevkit/VOC2007/JPEGImages/001080.jpg,aeroplane,aeroplane,"[""aeroplane"",""car""]",2,0.9696969985961914,1.0551553964614868,1.074421763420105,0.5548244118690491,1.5628197193145752,1
853,009901,/Users/von/Projects/cci-local-recovery/rerun_workspace/data/voc2007/VOCdevkit/VOC2007/JPEGImages/009901.jpg,person,person,"[""person"",""chair"",""diningtable""]",7,1.0,0.20482003688812256,0.20870046317577362,-0.20158936083316803,0.15548737347126007,1
854,007134,/Users/von/Projects/cci-local-recovery/rerun_workspace/data/voc2007/VOCdevkit/VOC2007/JPEGImages/007134.jpg,horse,horse,"[""horse"",""person""]",1,0.36000001430511475,0.15901537239551544,0.16148513555526733,-0.7538121342658997,-0.251994252204895,1
855,001770,/Users/von/Projects/cci-local-recovery/rerun_workspace/data/voc2007/VOCdevkit/VOC2007/JPEGImages/001770.jpg,boat,boat,"[""boat"",""car""]",1,1.0,2.110590696334839,2.151092290878296,1.786985158920288,2.500354290008545,1
856,002455,/Users/von/Projects/cci-local-recovery/rerun_workspace/data/voc2007/VOCdevkit/VOC2007/JPEGImages/002455.jpg,sofa,sofa,"[""sofa"",""person""]",7,0.6551724076271057,1.6282638311386108,1.6580004692077637,0.8037644624710083,1.8463629484176636,1
857,009595,/Users/von/Projects/cci-local-recovery/rerun_workspace/data/voc2007/VOCdevkit/VOC2007/JPEGImages/009595.jpg,chair,chair,"[""chair"",""person""]",1,1.0,1.2909458875656128,1.3128060102462769,0.008736610412597656,1.267400860786438,1
858,004366,/Users/von/Projects/cci-local-recovery/rerun_workspace/data/voc2007/VOCdevkit/VOC2007/JPEGImages/004366.jpg,chair,chair,"[""chair"",""person""]",1,0.692307710647583,1.1266602277755737,1.1457384824752808,0.5427474975585938,0.9705184698104858,1
859,005907,/Users/von/Projects/cci-local-recovery/rerun_workspace/data/voc2007/VOCdevkit/VOC2007/JPEGImages/005907.jpg,person,person,"[""person"",""chair""]",6,0.529411792755127,0.5726150274276733,0.5834635496139526,-0.475278377532959,-0.03186380863189697,1
860,009547,/Users/von/Projects/cci-local-recovery/rerun_workspace/data/voc2007/VOCdevkit/VOC2007/JPEGImages/009547.jpg,person,person,"[""person"",""bottle""]",3,0.09090909361839294,0.056535203009843826,0.0576062947511673,-0.7333080768585205,0.014303728938102722,1
861,008156,/Users/von/Projects/cci-local-recovery/rerun_workspace/data/voc2007/VOCdevkit/VOC2007/JPEGImages/008156.jpg,pottedplant,pottedplant,"[""pottedplant"",""chair""]",4,0.692307710647583,1.5130666494369507,1.5409374237060547,-0.38587892055511475,1.8326671123504639,1
862,005362,/Users/von/Projects/cci-local-recovery/rerun_workspace/data/voc2007/VOCdevkit/VOC2007/JPEGImages/005362.jpg,diningtable,diningtable,"[""diningtable"",""chair"",""sofa""]",5,0.6551724076271057,0.490001380443573,0.49672624468803406,-0.7670434713363647,1.608119249343872,1
863,001357,/Users/von/Projects/cci-local-recovery/rerun_workspace/data/voc2007/VOCdevkit/VOC2007/JPEGImages/001357.jpg,motorbike,motorbike,"[""motorbike"",""person""]",5,0.42105263471603394,0.428009569644928,0.43537625670433044,-0.1186583936214447,0.18071675300598145,1
864,000584,/Users/von/Projects/cci-local-recovery/rerun_workspace/data/voc2007/VOCdevkit/VOC2007/JPEGImages/000584.jpg,bicycle,bicycle,"[""bicycle"",""sofa""]",3,0.1764705926179886,0.14220303297042847,0.14485354721546173,-0.1676412969827652,0.042104773223400116,1
865,008230,/Users/von/Projects/cci-local-recovery/rerun_workspace/data/voc2007/VOCdevkit/VOC2007/JPEGImages/008230.jpg,motorbike,motorbike,"[""motorbike"",""person""]",7,0.8064516186714172,0.8956432938575745,0.9110586643218994,-0.4739905595779419,0.251712441444397,1
866,006142,/Users/von/Projects/cci-local-recovery/rerun_workspace/data/voc2007/VOCdevkit/VOC2007/JPEGImages/006142.jpg,person,person,"[""person"",""chair"",""diningtable""]",6,0.8965517282485962,0.8596973419189453,0.875984787940979,0.20808112621307373,1.104442834854126,1
867,009367,/Users/von/Projects/cci-local-recovery/rerun_workspace/data/voc2007/VOCdevkit/VOC2007/JPEGImages/009367.jpg,sofa,sofa,"[""sofa"",""pottedplant""]",1,0.9615384340286255,1.2594407796859741,1.2824417352676392,1.1062618494033813,2.1430845260620117,1
868,000762,/Users/von/Projects/cci-local-recovery/rerun_workspace/data/voc2007/VOCdevkit/VOC2007/JPEGImages/000762.jpg,diningtable,diningtable,"[""diningtable"",""bottle"",""person""]",0,0.9714285731315613,0.4205521047115326,0.4263238310813904,-0.07704037427902222,0.3663692772388458,1
869,004523,/Users/von/Projects/cci-local-recovery/rerun_workspace/data/voc2007/VOCdevkit/VOC2007/JPEGImages/004523.jpg,person,person,"[""person"",""bicycle""]",2,1.0,-0.14588090777397156,-0.14864470064640045,-1.232717752456665,0.393876850605011,1
870,002705,/Users/von/Projects/cci-local-recovery/rerun_workspace/data/voc2007/VOCdevkit/VOC2007/JPEGImages/002705.jpg,person,person,"[""person"",""bottle"",""chair"",""diningtable""]",0,0.5138888955116272,0.29362571239471436,0.29918861389160156,-0.4630913734436035,0.578871488571167,2
871,008102,/Users/von/Projects/cci-local-recovery/rerun_workspace/data/voc2007/VOCdevkit/VOC2007/JPEGImages/008102.jpg,person,person,"[""person"",""dog""]",5,0.0,0.25022023916244507,0.2549608051776886,0.07154783606529236,0.4924011826515198,1
872,009384,/Users/von/Projects/cci-local-recovery/rerun_workspace/data/voc2007/VOCdevkit/VOC2007/JPEGImages/009384.jpg,car,car,"[""car"",""bus""]",2,0.800000011920929,1.4923360347747803,1.5173388719558716,0.011330485343933105,1.0142955780029297,1
873,003538,/Users/von/Projects/cci-local-recovery/rerun_workspace/data/voc2007/VOCdevkit/VOC2007/JPEGImages/003538.jpg,motorbike,motorbike,"[""motorbike"",""person""]",1,0.21875,0.3222769498825073,0.32782381772994995,-0.7172402739524841,0.34943687915802,1
874,009728,/Users/von/Projects/cci-local-recovery/rerun_workspace/data/voc2007/VOCdevkit/VOC2007/JPEGImages/009728.jpg,boat,boat,"[""boat"",""person""]",5,0.4285714328289032,3.9616971015930176,4.037720680236816,2.6249942779541016,3.757871627807617,1
875,005610,/Users/von/Projects/cci-local-recovery/rerun_workspace/data/voc2007/VOCdevkit/VOC2007/JPEGImages/005610.jpg,horse,horse,"[""horse"",""person""]",6,1.0,0.4690873920917511,0.4763730764389038,0.006351202726364136,0.4128781259059906,1
876,000127,/Users/von/Projects/cci-local-recovery/rerun_workspace/data/voc2007/VOCdevkit/VOC2007/JPEGImages/000127.jpg,person,person,"[""person"",""bird""]",5,0.95652174949646,0.6753445863723755,0.6881393790245056,0.15433001518249512,1.2967965602874756,1
877,006137,/Users/von/Projects/cci-local-recovery/rerun_workspace/data/voc2007/VOCdevkit/VOC2007/JPEGImages/006137.jpg,car,car,"[""car"",""person""]",1,0.30434781312942505,1.0945336818695068,1.112871766090393,-0.553299069404602,0.1569841504096985,1
878,009534,/Users/von/Projects/cci-local-recovery/rerun_workspace/data/voc2007/VOCdevkit/VOC2007/JPEGImages/009534.jpg,bicycle,bicycle,"[""bicycle"",""person""]",7,1.0,0.8881339430809021,0.904687762260437,0.39631354808807373,0.9786857962608337,1
879,007415,/Users/von/Projects/cci-local-recovery/rerun_workspace/data/voc2007/VOCdevkit/VOC2007/JPEGImages/007415.jpg,boat,boat,"[""boat"",""person""]",6,1.0,0.37529152631759644,0.3824932277202606,-0.37657198309898376,-0.07053118944168091,1
880,005041,/Users/von/Projects/cci-local-recovery/rerun_workspace/data/voc2007/VOCdevkit/VOC2007/JPEGImages/005041.jpg,person,person,"[""person"",""car"",""motorbike""]",4,0.4166666567325592,0.30516576766967773,0.3109472990036011,-0.40328049659729004,0.15203912556171417,1
881,000453,/Users/von/Projects/cci-local-recovery/rerun_workspace/data/voc2007/VOCdevkit/VOC2007/JPEGImages/000453.jpg,car,car,"[""car"",""person""]",0,1.0,0.2311454564332962,0.23501811921596527,-0.4647557735443115,0.6346055269241333,1
882,009452,/Users/von/Projects/cci-local-recovery/rerun_workspace/data/voc2007/VOCdevkit/VOC2007/JPEGImages/009452.jpg,person,person,"[""person"",""chair""]",1,0.09433962404727936,0.2573937475681305,0.2622702121734619,-0.38896214962005615,-0.097819983959198,1
883,007564,/Users/von/Projects/cci-local-recovery/rerun_workspace/data/voc2007/VOCdevkit/VOC2007/JPEGImages/007564.jpg,chair,chair,"[""chair"",""tvmonitor""]",6,0.03703703731298447,0.418130099773407,0.42521047592163086,-0.2904167175292969,0.02657783031463623,1
884,005498,/Users/von/Projects/cci-local-recovery/rerun_workspace/data/voc2007/VOCdevkit/VOC2007/JPEGImages/005498.jpg,sofa,sofa,"[""sofa"",""chair""]",6,0.8292682766914368,2.4311487674713135,2.475548505783081,1.7172162532806396,3.0741682052612305,1
885,008804,/Users/von/Projects/cci-local-recovery/rerun_workspace/data/voc2007/VOCdevkit/VOC2007/JPEGImages/008804.jpg,horse,horse,"[""horse"",""person""]",3,0.095238097012043,0.5341724157333374,0.5424689650535583,-0.23109829425811768,0.11010149121284485,1
886,005513,/Users/von/Projects/cci-local-recovery/rerun_workspace/data/voc2007/VOCdevkit/VOC2007/JPEGImages/005513.jpg,horse,horse,"[""horse"",""person""]",2,1.0,0.900193452835083,0.9141749143600464,0.10835778713226318,0.6470233201980591,1
887,006126,/Users/von/Projects/cci-local-recovery/rerun_workspace/data/voc2007/VOCdevkit/VOC2007/JPEGImages/006126.jpg,sofa,sofa,"[""sofa"",""chair""]",2,0.4166666567325592,1.2267990112304688,1.2492038011550903,0.7958245277404785,1.2810235023498535,1
888,007005,/Users/von/Projects/cci-local-recovery/rerun_workspace/data/voc2007/VOCdevkit/VOC2007/JPEGImages/007005.jpg,bicycle,bicycle,"[""bicycle"",""person""]",1,0.9729729890823364,2.784088373184204,2.8359806537628174,1.666689157485962,2.736513614654541,1
889,003592,/Users/von/Projects/cci-local-recovery/rerun_workspace/data/voc2007/VOCdevkit/VOC2007/JPEGImages/003592.jpg,person,person,"[""person"",""dog""]",3,0.06451612710952759,0.8218085765838623,0.837378203868866,-0.5075326561927795,0.07082682847976685,1
890,003742,/Users/von/Projects/cci-local-recovery/rerun_workspace/data/voc2007/VOCdevkit/VOC2007/JPEGImages/003742.jpg,person,person,"[""person"",""diningtable""]",4,0.800000011920929,0.3876275420188904,0.3949713706970215,-0.567482590675354,0.22302547097206116,1
891,009075,/Users/von/Projects/cci-local-recovery/rerun_workspace/data/voc2007/VOCdevkit/VOC2007/JPEGImages/009075.jpg,person,person,"[""person"",""bottle"",""chair""]",0,1.0,0.3079429566860199,0.3137771189212799,-0.07485905289649963,0.4549483060836792,1
892,007400,/Users/von/Projects/cci-local-recovery/rerun_workspace/data/voc2007/VOCdevkit/VOC2007/JPEGImages/007400.jpg,boat,boat,"[""boat"",""person""]",3,0.7857142686843872,2.0763652324676514,2.1162099838256836,1.3615961074829102,2.152492046356201,1
893,004297,/Users/von/Projects/cci-local-recovery/rerun_workspace/data/voc2007/VOCdevkit/VOC2007/JPEGImages/004297.jpg,person,person,"[""person"",""dog""]",4,0.9333333373069763,0.1472986787557602,0.1500893384218216,-0.40145695209503174,1.050357699394226,1
894,004116,/Users/von/Projects/cci-local-recovery/rerun_workspace/data/voc2007/VOCdevkit/VOC2007/JPEGImages/004116.jpg,cat,cat,"[""cat"",""pottedplant""]",2,1.0,4.386458396911621,4.469430923461914,4.099647521972656,5.029051303863525,1
895,004892,/Users/von/Projects/cci-local-recovery/rerun_workspace/data/voc2007/VOCdevkit/VOC2007/JPEGImages/004892.jpg,diningtable,diningtable,"[""diningtable"",""chair""]",5,1.0,0.45255348086357117,0.4587644040584564,0.2836288809776306,0.638002872467041,1
896,008597,/Users/von/Projects/cci-local-recovery/rerun_workspace/data/voc2007/VOCdevkit/VOC2007/JPEGImages/008597.jpg,motorbike,motorbike,"[""motorbike"",""person""]",0,0.23404255509376526,0.03809939697384834,0.0387551449239254,-0.21345514059066772,0.026356039568781853,1
897,007591,/Users/von/Projects/cci-local-recovery/rerun_workspace/data/voc2007/VOCdevkit/VOC2007/JPEGImages/007591.jpg,bus,bus,"[""bus"",""car""]",0,1.0,2.1476738452911377,2.190697431564331,1.0867539644241333,1.7192788124084473,1
898,000319,/Users/von/Projects/cci-local-recovery/rerun_workspace/data/voc2007/VOCdevkit/VOC2007/JPEGImages/000319.jpg,horse,horse,"[""horse"",""person""]",2,1.0,1.2472474575042725,1.2666192054748535,-1.2271842956542969,0.4929601550102234,1
899,009768,/Users/von/Projects/cci-local-recovery/rerun_workspace/data/voc2007/VOCdevkit/VOC2007/JPEGImages/009768.jpg,horse,horse,"[""horse"",""car"",""cow"",""person""]",4,0.5882353186607361,1.1959713697433472,1.2145466804504395,0.41934633255004883,1.2225149869918823,1
900,001407,/Users/von/Projects/cci-local-recovery/rerun_workspace/data/voc2007/VOCdevkit/VOC2007/JPEGImages/001407.jpg,chair,chair,"[""chair"",""bottle""]",2,0.875,0.8597680926322937,0.8743268847465515,-0.22029942274093628,1.2032232284545898,1
901,002780,/Users/von/Projects/cci-local-recovery/rerun_workspace/data/voc2007/VOCdevkit/VOC2007/JPEGImages/002780.jpg,horse,horse,"[""horse"",""person""]",4,0.0,0.6056787967681885,0.6150859594345093,-0.052826881408691406,0.2950145900249481,1
902,005494,/Users/von/Projects/cci-local-recovery/rerun_workspace/data/voc2007/VOCdevkit/VOC2007/JPEGImages/005494.jpg,person,person,"[""person"",""pottedplant""]",4,1.0,0.9910069108009338,1.009782075881958,-0.3935377597808838,0.36876988410949707,1
903,007000,/Users/von/Projects/cci-local-recovery/rerun_workspace/data/voc2007/VOCdevkit/VOC2007/JPEGImages/007000.jpg,person,person,"[""person"",""bird""]",6,1.0,0.3547588884830475,0.3614799976348877,-0.274336040019989,0.36344507336616516,1
904,005678,/Users/von/Projects/cci-local-recovery/rerun_workspace/data/voc2007/VOCdevkit/VOC2007/JPEGImages/005678.jpg,motorbike,motorbike,"[""motorbike"",""car""]",7,1.0,0.21559888124465942,0.21930965781211853,-0.744721531867981,0.3372191786766052,1
905,007307,/Users/von/Projects/cci-local-recovery/rerun_workspace/data/voc2007/VOCdevkit/VOC2007/JPEGImages/007307.jpg,motorbike,motorbike,"[""motorbike"",""person""]",4,0.4615384638309479,0.16788454353809357,0.17077408730983734,-0.20311711728572845,-0.05873255431652069,2
906,002229,/Users/von/Projects/cci-local-recovery/rerun_workspace/data/voc2007/VOCdevkit/VOC2007/JPEGImages/002229.jpg,bus,bus,"[""bus"",""person""]",4,1.0,1.147567868232727,1.170556664466858,-0.30182206630706787,1.2312259674072266,1
907,006426,/Users/von/Projects/cci-local-recovery/rerun_workspace/data/voc2007/VOCdevkit/VOC2007/JPEGImages/006426.jpg,person,person,"[""person"",""pottedplant""]",1,0.8333333134651184,0.9668158292770386,0.9851326942443848,-0.6287224292755127,0.15972238779067993,1
908,009012,/Users/von/Projects/cci-local-recovery/rerun_workspace/data/voc2007/VOCdevkit/VOC2007/JPEGImages/009012.jpg,diningtable,diningtable,"[""diningtable"",""bottle"",""person""]",1,0.3958333432674408,0.5967952609062195,0.604985773563385,-0.5110011696815491,0.1836065948009491,1
909,002298,/Users/von/Projects/cci-local-recovery/rerun_workspace/data/voc2007/VOCdevkit/VOC2007/JPEGImages/002298.jpg,chair,chair,"[""chair"",""diningtable"",""person""]",1,0.8695651888847351,1.4427729845046997,1.4672040939331055,0.576062023639679,1.344847559928894,1
910,004053,/Users/von/Projects/cci-local-recovery/rerun_workspace/data/voc2007/VOCdevkit/VOC2007/JPEGImages/004053.jpg,tvmonitor,tvmonitor,"[""tvmonitor"",""chair"",""sofa""]",1,0.3125,1.9895720481872559,2.037950277328491,1.2266616821289062,2.092365264892578,1
911,008574,/Users/von/Projects/cci-local-recovery/rerun_workspace/data/voc2007/VOCdevkit/VOC2007/JPEGImages/008574.jpg,horse,horse,"[""horse"",""person""]",6,1.0,0.41932323575019836,0.4258359968662262,0.39888274669647217,1.19049870967865,1
912,001489,/Users/von/Projects/cci-local-recovery/rerun_workspace/data/voc2007/VOCdevkit/VOC2007/JPEGImages/001489.jpg,diningtable,diningtable,"[""diningtable"",""bottle"",""chair""]",7,1.0,0.700896680355072,0.7105159163475037,-0.9158322215080261,-0.2516738176345825,1
913,001802,/Users/von/Projects/cci-local-recovery/rerun_workspace/data/voc2007/VOCdevkit/VOC2007/JPEGImages/001802.jpg,train,train,"[""train"",""person""]",4,0.9285714030265808,0.18553107976913452,0.18880604207515717,-1.3007307052612305,-0.507115364074707,1
914,006195,/Users/von/Projects/cci-local-recovery/rerun_workspace/data/voc2007/VOCdevkit/VOC2007/JPEGImages/006195.jpg,person,person,"[""person"",""bottle""]",5,1.0,0.30445483326911926,0.31022289395332336,-0.7532404661178589,0.05689290165901184,1
915,000744,/Users/von/Projects/cci-local-recovery/rerun_workspace/data/voc2007/VOCdevkit/VOC2007/JPEGImages/000744.jpg,diningtable,diningtable,"[""diningtable"",""person""]",7,0.0,0.24595020711421967,0.24932566285133362,-1.251173496246338,0.1494341492652893,1
916,003853,/Users/von/Projects/cci-local-recovery/rerun_workspace/data/voc2007/VOCdevkit/VOC2007/JPEGImages/003853.jpg,person,person,"[""person"",""chair""]",5,0.20000000298023224,0.7641444802284241,0.7786216139793396,-0.4920063614845276,-0.03382468223571777,1
917,003022,/Users/von/Projects/cci-local-recovery/rerun_workspace/data/voc2007/VOCdevkit/VOC2007/JPEGImages/003022.jpg,horse,horse,"[""horse"",""person""]",7,1.0,0.9865403175354004,1.00186288356781,0.5935587286949158,1.144008755683899,1
918,004703,/Users/von/Projects/cci-local-recovery/rerun_workspace/data/voc2007/VOCdevkit/VOC2007/JPEGImages/004703.jpg,bicycle,bicycle,"[""bicycle"",""person""]",0,0.9285714030265808,6.266149520874023,6.382943630218506,2.29115629196167,6.113045692443848,1
919,001988,/Users/von/Projects/cci-local-recovery/rerun_workspace/data/voc2007/VOCdevkit/VOC2007/JPEGImages/001988.jpg,bicycle,bicycle,"[""bicycle"",""person""]",5,1.0,1.1302956342697144,1.1513631343841553,0.6161532998085022,1.3787660598754883,1
920,007320,/Users/von/Projects/cci-local-recovery/rerun_workspace/data/voc2007/VOCdevkit/VOC2007/JPEGImages/007320.jpg,person,person,"[""person"",""bicycle""]",7,1.0,0.592463493347168,0.6036880612373352,-0.1611596941947937,0.5212400555610657,1
921,006490,/Users/von/Projects/cci-local-recovery/rerun_workspace/data/voc2007/VOCdevkit/VOC2007/JPEGImages/006490.jpg,boat,boat,"[""boat"",""bird"",""person""]",7,0.5384615659713745,1.1834619045257568,1.2061721086502075,0.5254568457603455,1.4980369806289673,1
922,007354,/Users/von/Projects/cci-local-recovery/rerun_workspace/data/voc2007/VOCdevkit/VOC2007/JPEGImages/007354.jpg,person,person,"[""person"",""chair"",""tvmonitor""]",5,1.0,0.888888955116272,0.9057294726371765,0.5630411505699158,1.6907240152359009,1
923,009044,/Users/von/Projects/cci-local-recovery/rerun_workspace/data/voc2007/VOCdevkit/VOC2007/JPEGImages/009044.jpg,motorbike,motorbike,"[""motorbike"",""person""]",5,0.9411764740943909,0.15064218640327454,0.15323495864868164,-0.2686542272567749,0.3622501790523529,1
924,000128,/Users/von/Projects/cci-local-recovery/rerun_workspace/data/voc2007/VOCdevkit/VOC2007/JPEGImages/000128.jpg,aeroplane,aeroplane,"[""aeroplane"",""person""]",3,0.9473684430122375,1.2099162340164185,1.2320083379745483,0.615216076374054,1.8959320783615112,1
925,000393,/Users/von/Projects/cci-local-recovery/rerun_workspace/data/voc2007/VOCdevkit/VOC2007/JPEGImages/000393.jpg,horse,horse,"[""horse"",""person""]",2,0.918367326259613,1.1793886423110962,1.1977064609527588,0.3263733983039856,2.227640151977539,1
926,008249,/Users/von/Projects/cci-local-recovery/rerun_workspace/data/voc2007/VOCdevkit/VOC2007/JPEGImages/008249.jpg,boat,boat,"[""boat"",""person""]",2,0.931034505367279,0.9062075018882751,0.9235972762107849,-0.5220442414283752,0.842674970626831,1
927,001411,/Users/von/Projects/cci-local-recovery/rerun_workspace/data/voc2007/VOCdevkit/VOC2007/JPEGImages/001411.jpg,person,person,"[""person"",""pottedplant"",""sofa""]",7,0.5,0.09040384739637375,0.09211660176515579,-0.12305929511785507,0.005509719252586365,1
928,006086,/Users/von/Projects/cci-local-recovery/rerun_workspace/data/voc2007/VOCdevkit/VOC2007/JPEGImages/006086.jpg,diningtable,diningtable,"[""diningtable"",""bottle"",""chair""]",4,0.686274528503418,1.2556904554367065,1.2729237079620361,-0.6412009000778198,0.36728185415267944,1
929,009890,/Users/von/Projects/cci-local-recovery/rerun_workspace/data/voc2007/VOCdevkit/VOC2007/JPEGImages/009890.jpg,motorbike,motorbike,"[""motorbike"",""person""]",5,0.2222222238779068,0.13786716759204865,0.14024007320404053,-0.06868310272693634,0.07694536447525024,1
930,004381,/Users/von/Projects/cci-local-recovery/rerun_workspace/data/voc2007/VOCdevkit/VOC2007/JPEGImages/004381.jpg,horse,horse,"[""horse"",""person""]",7,0.0,0.014345030300319195,0.01456783153116703,-0.05965574085712433,0.10299650579690933,2
931,008711,/Users/von/Projects/cci-local-recovery/rerun_workspace/data/voc2007/VOCdevkit/VOC2007/JPEGImages/008711.jpg,car,car,"[""car"",""person""]",6,1.0,0.6999714970588684,0.7116989493370056,-0.2547563314437866,0.4790310859680176,1
932,004807,/Users/von/Projects/cci-local-recovery/rerun_workspace/data/voc2007/VOCdevkit/VOC2007/JPEGImages/004807.jpg,horse,horse,"[""horse"",""person""]",1,1.0,1.9430480003356934,1.9732266664505005,1.2628775835037231,2.3306472301483154,1
933,008625,/Users/von/Projects/cci-local-recovery/rerun_workspace/data/voc2007/VOCdevkit/VOC2007/JPEGImages/008625.jpg,aeroplane,aeroplane,"[""aeroplane"",""person""]",7,0.6666666865348816,0.06634140014648438,0.06755274534225464,-0.19906124472618103,0.19534115493297577,1
934,008480,/Users/von/Projects/cci-local-recovery/rerun_workspace/data/voc2007/VOCdevkit/VOC2007/JPEGImages/008480.jpg,person,person,"[""person"",""bird""]",1,0.05263157933950424,0.037634994834661484,0.038348011672496796,-0.2500154972076416,0.01753033697605133,1
935,003341,/Users/von/Projects/cci-local-recovery/rerun_workspace/data/voc2007/VOCdevkit/VOC2007/JPEGImages/003341.jpg,person,person,"[""person"",""chair"",""sofa""]",1,1.0,0.4769761562347412,0.4860127568244934,-0.6849885582923889,-0.044264137744903564,1
936,000237,/Users/von/Projects/cci-local-recovery/rerun_workspace/data/voc2007/VOCdevkit/VOC2007/JPEGImages/000237.jpg,horse,horse,"[""horse"",""person""]",4,1.0,1.6154448986053467,1.6405353546142578,0.5364682674407959,1.1758090257644653,1
937,001366,/Users/von/Projects/cci-local-recovery/rerun_workspace/data/voc2007/VOCdevkit/VOC2007/JPEGImages/001366.jpg,person,person,"[""person"",""dog""]",4,0.8333333134651184,0.38651227951049805,0.3938349783420563,-0.41947653889656067,0.17194001376628876,1
938,007391,/Users/von/Projects/cci-local-recovery/rerun_workspace/data/voc2007/VOCdevkit/VOC2007/JPEGImages/007391.jpg,diningtable,diningtable,"[""diningtable"",""chair""]",3,1.0,0.12937234342098236,0.13114787638187408,0.07032997161149979,0.23468877375125885,2
939,009715,/Users/von/Projects/cci-local-recovery/rerun_workspace/data/voc2007/VOCdevkit/VOC2007/JPEGImages/009715.jpg,sofa,sofa,"[""sofa"",""person""]",3,1.0,0.7331494688987732,0.7465388774871826,0.5173619985580444,0.81642746925354,1
940,003502,/Users/von/Projects/cci-local-recovery/rerun_workspace/data/voc2007/VOCdevkit/VOC2007/JPEGImages/003502.jpg,diningtable,diningtable,"[""diningtable"",""chair""]",3,0.0,1.0366454124450684,1.0508724451065063,-1.0202268362045288,-0.07189178466796875,1
941,001394,/Users/von/Projects/cci-local-recovery/rerun_workspace/data/voc2007/VOCdevkit/VOC2007/JPEGImages/001394.jpg,car,car,"[""car"",""boat""]",1,0.4888888895511627,0.08648587763309479,0.08793488144874573,-2.938223361968994,-0.1346849501132965,1
942,008276,/Users/von/Projects/cci-local-recovery/rerun_workspace/data/voc2007/VOCdevkit/VOC2007/JPEGImages/008276.jpg,person,person,"[""person"",""car""]",0,1.0,1.6928439140319824,1.724915862083435,0.411188006401062,1.5159530639648438,1
943,002808,/Users/von/Projects/cci-local-recovery/rerun_workspace/data/voc2007/VOCdevkit/VOC2007/JPEGImages/002808.jpg,motorbike,motorbike,"[""motorbike"",""car""]",5,1.0,0.4442821145057678,0.45192888379096985,0.6727701425552368,1.3604930639266968,1
944,000485,/Users/von/Projects/cci-local-recovery/rerun_workspace/data/voc2007/VOCdevkit/VOC2007/JPEGImages/000485.jpg,person,person,"[""person"",""motorbike""]",5,1.0,0.03257937356829643,0.03319660946726799,0.6133202314376831,1.2514030933380127,1
945,005473,/Users/von/Projects/cci-local-recovery/rerun_workspace/data/voc2007/VOCdevkit/VOC2007/JPEGImages/005473.jpg,sofa,sofa,"[""sofa"",""person""]",5,0.07547169923782349,2.0247373580932617,2.0617148876190186,0.44731056690216064,2.7631237506866455,1
946,008669,/Users/von/Projects/cci-local-recovery/rerun_workspace/data/voc2007/VOCdevkit/VOC2007/JPEGImages/008669.jpg,aeroplane,aeroplane,"[""aeroplane"",""person""]",5,1.0,0.7014182209968567,0.7142255902290344,-0.4546288847923279,0.7357199788093567,1
947,002314,/Users/von/Projects/cci-local-recovery/rerun_workspace/data/voc2007/VOCdevkit/VOC2007/JPEGImages/002314.jpg,cow,cow,"[""cow"",""person""]",2,0.40740740299224854,0.5350301861763,0.5443292856216431,0.012697339057922363,0.25006303191185,1
948,002379,/Users/von/Projects/cci-local-recovery/rerun_workspace/data/voc2007/VOCdevkit/VOC2007/JPEGImages/002379.jpg,motorbike,motorbike,"[""motorbike"",""person""]",0,0.6399999856948853,1.062272071838379,1.0805553197860718,-0.3153839111328125,0.3323172330856323,1
949,009498,/Users/von/Projects/cci-local-recovery/rerun_workspace/data/voc2007/VOCdevkit/VOC2007/JPEGImages/009498.jpg,bus,bus,"[""bus"",""person""]",6,1.0,0.1870083212852478,0.19075459241867065,0.13241517543792725,0.5692901611328125,1
950,008455,/Users/von/Projects/cci-local-recovery/rerun_workspace/data/voc2007/VOCdevkit/VOC2007/JPEGImages/008455.jpg,motorbike,motorbike,"[""motorbike"",""person""]",7,1.0,0.8246669173240662,0.8388606905937195,-0.27024632692337036,0.8160918354988098,1
951,005151,/Users/von/Projects/cci-local-recovery/rerun_workspace/data/voc2007/VOCdevkit/VOC2007/JPEGImages/005151.jpg,diningtable,diningtable,"[""diningtable"",""person""]",3,0.05882352963089943,0.1809692680835724,0.18345291912555695,-0.7810513377189636,0.38615939021110535,1
952,004744,/Users/von/Projects/cci-local-recovery/rerun_workspace/data/voc2007/VOCdevkit/VOC2007/JPEGImages/004744.jpg,person,person,"[""person"",""chair""]",4,1.0,0.07504132390022278,0.07646302133798599,-0.4698106348514557,0.23647451400756836,2
953,000201,/Users/von/Projects/cci-local-recovery/rerun_workspace/data/voc2007/VOCdevkit/VOC2007/JPEGImages/000201.jpg,motorbike,motorbike,"[""motorbike"",""person""]",4,0.9259259104728699,1.2396403551101685,1.2609764337539673,0.24292171001434326,1.1976374387741089,1
954,008803,/Users/von/Projects/cci-local-recovery/rerun_workspace/data/voc2007/VOCdevkit/VOC2007/JPEGImages/008803.jpg,sofa,sofa,"[""sofa"",""chair""]",4,1.0,1.702534556388855,1.7336276769638062,1.6060758829116821,1.9877734184265137,1
955,001412,/Users/von/Projects/cci-local-recovery/rerun_workspace/data/voc2007/VOCdevkit/VOC2007/JPEGImages/001412.jpg,horse,horse,"[""horse"",""person""]",4,1.0,0.578044593334198,0.5870225429534912,-0.21436285972595215,0.7943595051765442,1
956,003503,/Users/von/Projects/cci-local-recovery/rerun_workspace/data/voc2007/VOCdevkit/VOC2007/JPEGImages/003503.jpg,bus,bus,"[""bus"",""car"",""person""]",3,1.0,0.10698572546243668,0.1091289296746254,-0.5327696800231934,0.14821721613407135,1
957,007896,/Users/von/Projects/cci-local-recovery/rerun_workspace/data/voc2007/VOCdevkit/VOC2007/JPEGImages/007896.jpg,person,person,"[""person"",""chair"",""diningtable""]",0,0.6666666865348816,0.2421783208847046,0.24676652252674103,-0.7069692015647888,0.6334678530693054,1
958,006169,/Users/von/Projects/cci-local-recovery/rerun_workspace/data/voc2007/VOCdevkit/VOC2007/JPEGImages/006169.jpg,sofa,sofa,"[""sofa"",""chair"",""person""]",7,0.6000000238418579,1.0536004304885864,1.0728421211242676,0.6813223361968994,1.2260639667510986,1
959,007978,/Users/von/Projects/cci-local-recovery/rerun_workspace/data/voc2007/VOCdevkit/VOC2007/JPEGImages/007978.jpg,person,person,"[""person"",""motorbike""]",0,0.1875,0.8823720216751099,0.8990890383720398,0.31189560890197754,0.650270938873291,1
960,009601,/Users/von/Projects/cci-local-recovery/rerun_workspace/data/voc2007/VOCdevkit/VOC2007/JPEGImages/009601.jpg,person,person,"[""person"",""car""]",5,1.0,0.6101468801498413,0.621706485748291,-0.09826809167861938,0.32794201374053955,1
961,002531,/Users/von/Projects/cci-local-recovery/rerun_workspace/data/voc2007/VOCdevkit/VOC2007/JPEGImages/002531.jpg,car,car,"[""car"",""person""]",3,0.5384615659713745,0.12126662582159042,0.12329835444688797,-0.09651293605566025,0.06598848104476929,1
962,009274,/Users/von/Projects/cci-local-recovery/rerun_workspace/data/voc2007/VOCdevkit/VOC2007/JPEGImages/009274.jpg,person,person,"[""person"",""tvmonitor""]",2,1.0,0.4622434079647064,0.47100088000297546,0.4794367253780365,1.0210652351379395,1
963,007832,/Users/von/Projects/cci-local-recovery/rerun_workspace/data/voc2007/VOCdevkit/VOC2007/JPEGImages/007832.jpg,chair,chair,"[""chair"",""sofa""]",2,1.0,1.531678318977356,1.5576149225234985,0.8872213363647461,1.2017741203308105,1
964,009630,/Users/von/Projects/cci-local-recovery/rerun_workspace/data/voc2007/VOCdevkit/VOC2007/JPEGImages/009630.jpg,cat,cat,"[""cat"",""bottle"",""pottedplant""]",2,0.8333333134651184,5.885914325714111,5.997250080108643,3.626991033554077,4.594931125640869,1
965,007268,/Users/von/Projects/cci-local-recovery/rerun_workspace/data/voc2007/VOCdevkit/VOC2007/JPEGImages/007268.jpg,person,person,"[""person"",""chair""]",1,0.8666666746139526,1.0866072177886963,1.1071935892105103,0.11361223459243774,1.6682460308074951,1
966,004443,/Users/von/Projects/cci-local-recovery/rerun_workspace/data/voc2007/VOCdevkit/VOC2007/JPEGImages/004443.jpg,boat,boat,"[""boat"",""bird""]",7,0.13333334028720856,0.588299036026001,0.5995882749557495,-0.2548322081565857,0.5243252515792847,1
967,002040,/Users/von/Projects/cci-local-recovery/rerun_workspace/data/voc2007/VOCdevkit/VOC2007/JPEGImages/002040.jpg,car,car,"[""car"",""person""]",4,1.0,0.23592963814735413,0.2398824542760849,-0.38877660036087036,0.20347505807876587,1
968,006016,/Users/von/Projects/cci-local-recovery/rerun_workspace/data/voc2007/VOCdevkit/VOC2007/JPEGImages/006016.jpg,car,car,"[""car"",""person""]",1,0.6000000238418579,0.5442085862159729,0.5533263683319092,0.06273233890533447,0.21969592571258545,1
969,004844,/Users/von/Projects/cci-local-recovery/rerun_workspace/data/voc2007/VOCdevkit/VOC2007/JPEGImages/004844.jpg,car,car,"[""car"",""person""]",1,0.0,0.6791492104530334,0.6905277967453003,-0.17509901523590088,0.017954230308532715,1
970,006380,/Users/von/Projects/cci-local-recovery/rerun_workspace/data/voc2007/VOCdevkit/VOC2007/JPEGImages/006380.jpg,diningtable,diningtable,"[""diningtable"",""bottle"",""person""]",2,1.0,0.957982063293457,0.9711295366287231,1.1660103797912598,1.531705379486084,1
971,006767,/Users/von/Projects/cci-local-recovery/rerun_workspace/data/voc2007/VOCdevkit/VOC2007/JPEGImages/006767.jpg,person,person,"[""person"",""dog""]",4,0.0,0.4128844439983368,0.42070677876472473,-0.5278791189193726,-0.12085142731666565,1
972,004698,/Users/von/Projects/cci-local-recovery/rerun_workspace/data/voc2007/VOCdevkit/VOC2007/JPEGImages/004698.jpg,person,person,"[""person"",""chair""]",5,1.0,0.5644916296005249,0.5751862525939941,-0.5586855411529541,0.49758651852607727,1
973,001459,/Users/von/Projects/cci-local-recovery/rerun_workspace/data/voc2007/VOCdevkit/VOC2007/JPEGImages/001459.jpg,person,person,"[""person"",""tvmonitor""]",1,0.14814814925193787,0.20388564467430115,0.20774836838245392,-0.8974443078041077,-0.1427639275789261,1
974,000421,/Users/von/Projects/cci-local-recovery/rerun_workspace/data/voc2007/VOCdevkit/VOC2007/JPEGImages/000421.jpg,person,person,"[""person"",""tvmonitor""]",0,0.3478260934352875,-0.0046480256132781506,-0.004736084956675768,-0.21868520975112915,0.15681050717830658,1
975,002463,/Users/von/Projects/cci-local-recovery/rerun_workspace/data/voc2007/VOCdevkit/VOC2007/JPEGImages/002463.jpg,person,person,"[""person"",""chair"",""diningtable""]",4,0.7777777910232544,0.10344196110963821,0.10540172457695007,-0.264847993850708,0.09141827374696732,1
976,001031,/Users/von/Projects/cci-local-recovery/rerun_workspace/data/voc2007/VOCdevkit/VOC2007/JPEGImages/001031.jpg,motorbike,motorbike,"[""motorbike"",""person""]",3,1.0,0.4472713768482208,0.454969584941864,-0.022441715002059937,0.9802793860435486,1
977,006376,/Users/von/Projects/cci-local-recovery/rerun_workspace/data/voc2007/VOCdevkit/VOC2007/JPEGImages/006376.jpg,car,car,"[""car"",""person""]",6,1.0,0.4189569354057312,0.4259762167930603,-0.1942533254623413,0.3470650911331177,1
978,005804,/Users/von/Projects/cci-local-recovery/rerun_workspace/data/voc2007/VOCdevkit/VOC2007/JPEGImages/005804.jpg,pottedplant,pottedplant,"[""pottedplant"",""person"",""sofa""]",3,1.0,0.12422790378332138,0.126516193151474,0.06867705285549164,0.1889648735523224,1
979,002674,/Users/von/Projects/cci-local-recovery/rerun_workspace/data/voc2007/VOCdevkit/VOC2007/JPEGImages/002674.jpg,diningtable,diningtable,"[""diningtable"",""chair"",""person""]",3,0.1785714328289032,1.0399471521377563,1.0542196035385132,0.4628736972808838,1.076560139656067,2
980,008583,/Users/von/Projects/cci-local-recovery/rerun_workspace/data/voc2007/VOCdevkit/VOC2007/JPEGImages/008583.jpg,person,person,"[""person"",""bottle""]",3,0.3529411852359772,0.048939600586891174,0.04986678808927536,-0.18559950590133667,-0.030018165707588196,3
981,007235,/Users/von/Projects/cci-local-recovery/rerun_workspace/data/voc2007/VOCdevkit/VOC2007/JPEGImages/007235.jpg,bicycle,bicycle,"[""bicycle"",""person""]",2,0.0,0.6321156620979309,0.6438975930213928,-0.44018465280532837,0.06249499320983887,1
982,003309,/Users/von/Projects/cci-local-recovery/rerun_workspace/data/voc2007/VOCdevkit/VOC2007/JPEGImages/003309.jpg,sofa,sofa,"[""sofa"",""bottle"",""person""]",3,0.9117646813392639,0.6630060076713562,0.6751143932342529,0.2461584508419037,1.8487389087677002,1
983,003520,/Users/von/Projects/cci-local-recovery/rerun_workspace/data/voc2007/VOCdevkit/VOC2007/JPEGImages/003520.jpg,person,person,"[""person"",""chair""]",4,0.7857142686843872,1.8818210363388062,1.9174731969833374,0.885513186454773,1.558419108390808,1
984,005941,/Users/von/Projects/cci-local-recovery/rerun_workspace/data/voc2007/VOCdevkit/VOC2007/JPEGImages/005941.jpg,diningtable,diningtable,"[""diningtable"",""chair"",""pottedplant""]",4,0.8500000238418579,1.4257936477661133,1.4453614950180054,0.7619798183441162,1.1488882303237915,1
985,006527,/Users/von/Projects/cci-local-recovery/rerun_workspace/data/voc2007/VOCdevkit/VOC2007/JPEGImages/006527.jpg,car,car,"[""car"",""person""]",0,0.0,0.7420346736907959,0.7544668912887573,-0.40634024143218994,0.32110142707824707,1
986,004822,/Users/von/Projects/cci-local-recovery/rerun_workspace/data/voc2007/VOCdevkit/VOC2007/JPEGImages/004822.jpg,motorbike,motorbike,"[""motorbike"",""person""]",0,0.30434781312942505,0.49685555696487427,0.5054071545600891,-0.4111177921295166,0.043277353048324585,1
987,005612,/Users/von/Projects/cci-local-recovery/rerun_workspace/data/voc2007/VOCdevkit/VOC2007/JPEGImages/005612.jpg,person,person,"[""person"",""diningtable""]",0,1.0,0.5604231953620911,0.5710407495498657,-1.234311819076538,0.18112197518348694,1
988,002016,/Users/von/Projects/cci-local-recovery/rerun_workspace/data/voc2007/VOCdevkit/VOC2007/JPEGImages/002016.jpg,person,person,"[""person"",""dog""]",6,0.1428571492433548,-0.09122710675001144,-0.09295545518398285,0.42496258020401,1.0942223072052002,2
989,009803,/Users/von/Projects/cci-local-recovery/rerun_workspace/data/voc2007/VOCdevkit/VOC2007/JPEGImages/009803.jpg,horse,horse,"[""horse"",""person""]",6,0.9047619104385376,3.334775924682617,3.386570453643799,2.5655338764190674,3.4288389682769775,1
990,000696,/Users/von/Projects/cci-local-recovery/rerun_workspace/data/voc2007/VOCdevkit/VOC2007/JPEGImages/000696.jpg,aeroplane,aeroplane,"[""aeroplane"",""person""]",2,0.75,0.2573716342449188,0.26207104325294495,-0.6242556571960449,0.184215247631073,1
991,008758,/Users/von/Projects/cci-local-recovery/rerun_workspace/data/voc2007/VOCdevkit/VOC2007/JPEGImages/008758.jpg,person,person,"[""person"",""cow""]",1,0.0,-0.021277671679854393,-0.021680789068341255,-4.136246204376221,0.1493050456047058,1
992,003531,/Users/von/Projects/cci-local-recovery/rerun_workspace/data/voc2007/VOCdevkit/VOC2007/JPEGImages/003531.jpg,horse,horse,"[""horse"",""person""]",0,0.9629629850387573,0.10045256465673447,0.1020127534866333,-1.0940971374511719,0.09692151844501495,1
993,008158,/Users/von/Projects/cci-local-recovery/rerun_workspace/data/voc2007/VOCdevkit/VOC2007/JPEGImages/008158.jpg,car,car,"[""car"",""bus""]",7,1.0,0.7767729759216309,0.7897871732711792,0.6307761669158936,1.1684753894805908,2
994,003541,/Users/von/Projects/cci-local-recovery/rerun_workspace/data/voc2007/VOCdevkit/VOC2007/JPEGImages/003541.jpg,person,person,"[""person"",""chair""]",5,0.9090909361839294,1.1063311100006104,1.127291202545166,-0.7965474128723145,0.30368781089782715,1
995,004589,/Users/von/Projects/cci-local-recovery/rerun_workspace/data/voc2007/VOCdevkit/VOC2007/JPEGImages/004589.jpg,horse,horse,"[""horse"",""person""]",1,0.5600000023841858,0.48021411895751953,0.4876726269721985,-0.31950265169143677,-0.057311177253723145,1
996,006384,/Users/von/Projects/cci-local-recovery/rerun_workspace/data/voc2007/VOCdevkit/VOC2007/JPEGImages/006384.jpg,person,person,"[""person"",""tvmonitor""]",3,0.3235294222831726,0.22480030357837677,0.22905927896499634,-0.2707311511039734,-0.005229562520980835,2
997,001319,/Users/von/Projects/cci-local-recovery/rerun_workspace/data/voc2007/VOCdevkit/VOC2007/JPEGImages/001319.jpg,person,person,"[""person"",""chair""]",6,0.3125,0.7339604496955872,0.7478657364845276,-0.7396743893623352,0.6175082325935364,1
998,000105,/Users/von/Projects/cci-local-recovery/rerun_workspace/data/voc2007/VOCdevkit/VOC2007/JPEGImages/000105.jpg,boat,boat,"[""boat"",""person""]",1,0.10000000149011612,0.38426318764686584,0.39163705706596375,-0.22618022561073303,0.03763478994369507,1
999,008642,/Users/von/Projects/cci-local-recovery/rerun_workspace/data/voc2007/VOCdevkit/VOC2007/JPEGImages/008642.jpg,bus,bus,"[""bus"",""person""]",4,0.9230769276618958,1.253937005996704,1.2790566682815552,0.03445696830749512,1.6020243167877197,1
1000,009514,/Users/von/Projects/cci-local-recovery/rerun_workspace/data/voc2007/VOCdevkit/VOC2007/JPEGImages/009514.jpg,pottedplant,pottedplant,"[""pottedplant"",""chair"",""diningtable"",""person""]",2,0.0,0.0935174897313118,0.09524008631706238,-0.029273316264152527,0.22031323611736298,2
1001,004769,/Users/von/Projects/cci-local-recovery/rerun_workspace/data/voc2007/VOCdevkit/VOC2007/JPEGImages/004769.jpg,bicycle,bicycle,"[""bicycle"",""person""]",3,1.0,3.831002712249756,3.9024083614349365,1.195207118988037,3.9568982124328613,1
1002,001438,/Users/von/Projects/cci-local-recovery/rerun_workspace/data/voc2007/VOCdevkit/VOC2007/JPEGImages/001438.jpg,diningtable,diningtable,"[""diningtable"",""person""]",0,0.931034505367279,0.19152599573135376,0.1941545307636261,-1.0413792133331299,-0.12453541159629822,1
1003,001037,/Users/von/Projects/cci-local-recovery/rerun_workspace/data/voc2007/VOCdevkit/VOC2007/JPEGImages/001037.jpg,dog,dog,"[""dog"",""person""]",4,0.07692307978868484,0.13248489797115326,0.13489148020744324,-0.10984085500240326,0.06931870430707932,1
1004,003346,/Users/von/Projects/cci-local-recovery/rerun_workspace/data/voc2007/VOCdevkit/VOC2007/JPEGImages/003346.jpg,person,person,"[""person"",""bicycle""]",2,0.024390242993831635,0.22117525339126587,0.225365549325943,-0.09906730055809021,0.2489015758037567,1
1005,003677,/Users/von/Projects/cci-local-recovery/rerun_workspace/data/voc2007/VOCdevkit/VOC2007/JPEGImages/003677.jpg,motorbike,motorbike,"[""motorbike"",""car"",""person""]",2,0.1666666716337204,0.402446448802948,0.4093731641769409,0.017868012189865112,0.23181559145450592,1
1006,008047,/Users/von/Projects/cci-local-recovery/rerun_workspace/data/voc2007/VOCdevkit/VOC2007/JPEGImages/008047.jpg,tvmonitor,tvmonitor,"[""tvmonitor"",""car""]",1,1.0,2.8020129203796387,2.8701465129852295,2.0956523418426514,3.496702194213867,1
1007,008671,/Users/von/Projects/cci-local-recovery/rerun_workspace/data/voc2007/VOCdevkit/VOC2007/JPEGImages/008671.jpg,sofa,sofa,"[""sofa"",""chair""]",5,0.8095238208770752,2.707054853439331,2.756493330001831,0.9867938756942749,2.5037736892700195,1
1008,007342,/Users/von/Projects/cci-local-recovery/rerun_workspace/data/voc2007/VOCdevkit/VOC2007/JPEGImages/007342.jpg,person,person,"[""person"",""bicycle""]",7,0.0,0.0818384662270546,0.08338893949985504,-0.11312958598136902,0.16664710640907288,1
1009,004208,/Users/von/Projects/cci-local-recovery/rerun_workspace/data/voc2007/VOCdevkit/VOC2007/JPEGImages/004208.jpg,person,person,"[""person"",""bicycle""]",2,0.0,0.13030339777469635,0.1327720731496811,-0.0743246078491211,0.0038196295499801636,1
1010,004590,/Users/von/Projects/cci-local-recovery/rerun_workspace/data/voc2007/VOCdevkit/VOC2007/JPEGImages/004590.jpg,diningtable,diningtable,"[""diningtable"",""person""]",1,1.0,0.43133580684661865,0.43725553154945374,0.34477499127388,0.5724693536758423,1
1011,004720,/Users/von/Projects/cci-local-recovery/rerun_workspace/data/voc2007/VOCdevkit/VOC2007/JPEGImages/004720.jpg,cat,cat,"[""cat"",""bottle""]",1,0.18644067645072937,3.6301217079162598,3.6987876892089844,3.31503963470459,4.452123165130615,1
1012,007992,/Users/von/Projects/cci-local-recovery/rerun_workspace/data/voc2007/VOCdevkit/VOC2007/JPEGImages/007992.jpg,car,car,"[""car"",""person""]",7,0.8571428656578064,2.809635639190674,2.8567087650299072,1.7217259407043457,3.0156474113464355,1
1013,002746,/Users/von/Projects/cci-local-recovery/rerun_workspace/data/voc2007/VOCdevkit/VOC2007/JPEGImages/002746.jpg,car,car,"[""car"",""person""]",3,0.0,0.3266614079475403,0.3321343660354614,-0.06113913655281067,0.2075381875038147,2
1014,003619,/Users/von/Projects/cci-local-recovery/rerun_workspace/data/voc2007/VOCdevkit/VOC2007/JPEGImages/003619.jpg,person,person,"[""person"",""bird""]",1,0.0,0.17042692005634308,0.17365574836730957,-0.25703662633895874,0.050655387341976166,2
1015,006873,/Users/von/Projects/cci-local-recovery/rerun_workspace/data/voc2007/VOCdevkit/VOC2007/JPEGImages/006873.jpg,horse,horse,"[""horse"",""person""]",5,1.0,0.16677714884281158,0.1693674623966217,-0.2467256486415863,0.43473440408706665,1
1016,008217,/Users/von/Projects/cci-local-recovery/rerun_workspace/data/voc2007/VOCdevkit/VOC2007/JPEGImages/008217.jpg,boat,boat,"[""boat"",""person""]",6,0.7333333492279053,2.066786766052246,2.106447696685791,1.0789427757263184,2.602548360824585,1
1017,008845,/Users/von/Projects/cci-local-recovery/rerun_workspace/data/voc2007/VOCdevkit/VOC2007/JPEGImages/008845.jpg,motorbike,motorbike,"[""motorbike"",""person""]",1,0.9333333373069763,0.42969810962677,0.4370938539505005,-0.8644074201583862,0.44705209136009216,1
1018,009914,/Users/von/Projects/cci-local-recovery/rerun_workspace/data/voc2007/VOCdevkit/VOC2007/JPEGImages/009914.jpg,chair,chair,"[""chair"",""tvmonitor""]",0,0.190476194024086,1.186318039894104,1.2064064741134644,-2.4910778999328613,0.7723686099052429,1
1019,001183,/Users/von/Projects/cci-local-recovery/rerun_workspace/data/voc2007/VOCdevkit/VOC2007/JPEGImages/001183.jpg,horse,horse,"[""horse"",""person""]",3,0.0,0.3921566903591156,0.39824751019477844,-0.04831981658935547,0.13570430874824524,1
1020,007085,/Users/von/Projects/cci-local-recovery/rerun_workspace/data/voc2007/VOCdevkit/VOC2007/JPEGImages/007085.jpg,train,train,"[""train"",""car""]",3,1.0,2.00443696975708,2.03981876373291,2.3858327865600586,3.5626425743103027,1
1021,002750,/Users/von/Projects/cci-local-recovery/rerun_workspace/data/voc2007/VOCdevkit/VOC2007/JPEGImages/002750.jpg,person,person,"[""person"",""car""]",1,0.07407407462596893,3.455401019891724e-05,3.520865720929578e-05,-0.23185595870018005,-0.07511017471551895,2
1022,000907,/Users/von/Projects/cci-local-recovery/rerun_workspace/data/voc2007/VOCdevkit/VOC2007/JPEGImages/000907.jpg,boat,boat,"[""boat"",""person""]",0,1.0,0.03326926752924919,0.0339076928794384,-0.024182472378015518,0.08718618750572205,2
1023,002141,/Users/von/Projects/cci-local-recovery/rerun_workspace/data/voc2007/VOCdevkit/VOC2007/JPEGImages/002141.jpg,dog,dog,"[""dog"",""car"",""chair"",""person""]",7,0.6428571343421936,0.5137826800346375,0.5231155157089233,-0.13657838106155396,0.11810082197189331,1
1024,007310,/Users/von/Projects/cci-local-recovery/rerun_workspace/data/voc2007/VOCdevkit/VOC2007/JPEGImages/007310.jpg,horse,horse,"[""horse"",""person""]",1,0.9268292784690857,3.282367706298828,3.333348274230957,2.8077945709228516,3.8572006225585938,1
1025,003829,/Users/von/Projects/cci-local-recovery/rerun_workspace/data/voc2007/VOCdevkit/VOC2007/JPEGImages/003829.jpg,train,train,"[""train"",""person""]",1,0.8965517282485962,0.45702064037323,0.4650878608226776,-0.5620614290237427,0.33886659145355225,2
1026,006257,/Users/von/Projects/cci-local-recovery/rerun_workspace/data/voc2007/VOCdevkit/VOC2007/JPEGImages/006257.jpg,sofa,sofa,"[""sofa"",""person""]",2,1.0,2.0245678424835205,2.061542272567749,0.980539083480835,2.217921733856201,1
1027,004855,/Users/von/Projects/cci-local-recovery/rerun_workspace/data/voc2007/VOCdevkit/VOC2007/JPEGImages/004855.jpg,sofa,sofa,"[""sofa"",""person""]",4,1.0,1.3901398181915283,1.4155277013778687,1.0435969829559326,1.4618167877197266,1
1028,000623,/Users/von/Projects/cci-local-recovery/rerun_workspace/data/voc2007/VOCdevkit/VOC2007/JPEGImages/000623.jpg,horse,horse,"[""horse"",""person""]",4,0.9642857313156128,0.16397561132907867,0.16652241349220276,-0.46043702960014343,0.684593915939331,1
1029,007944,/Users/von/Projects/cci-local-recovery/rerun_workspace/data/voc2007/VOCdevkit/VOC2007/JPEGImages/007944.jpg,bus,bus,"[""bus"",""person""]",1,1.0,0.510217547416687,0.520438551902771,-0.06926745176315308,0.33740943670272827,1
1030,009847,/Users/von/Projects/cci-local-recovery/rerun_workspace/data/voc2007/VOCdevkit/VOC2007/JPEGImages/009847.jpg,car,car,"[""car"",""person""]",6,0.8571428656578064,3.4212963581085205,3.4786174297332764,3.8929052352905273,5.6005859375,1
1031,002708,/Users/von/Projects/cci-local-recovery/rerun_workspace/data/voc2007/VOCdevkit/VOC2007/JPEGImages/002708.jpg,dog,dog,"[""dog"",""pottedplant""]",2,1.0,3.8867526054382324,3.957355260848999,1.8427283763885498,4.779386520385742,1
1032,005197,/Users/von/Projects/cci-local-recovery/rerun_workspace/data/voc2007/VOCdevkit/VOC2007/JPEGImages/005197.jpg,motorbike,motorbike,"[""motorbike"",""person""]",7,0.9512194991111755,1.1552748680114746,1.1751588582992554,-0.70310378074646,0.7582341432571411,1
1033,005942,/Users/von/Projects/cci-local-recovery/rerun_workspace/data/voc2007/VOCdevkit/VOC2007/JPEGImages/005942.jpg,person,person,"[""person"",""bottle""]",7,0.09090909361839294,0.19918255507946014,0.2029561847448349,-0.5198009610176086,0.0027181804180145264,1
1034,007324,/Users/von/Projects/cci-local-recovery/rerun_workspace/data/voc2007/VOCdevkit/VOC2007/JPEGImages/007324.jpg,person,person,"[""person"",""bicycle""]",4,0.7714285850524902,0.9640564918518066,0.9823210835456848,-0.4583187699317932,0.27941763401031494,1
1035,001338,/Users/von/Projects/cci-local-recovery/rerun_workspace/data/voc2007/VOCdevkit/VOC2007/JPEGImages/001338.jpg,sofa,sofa,"[""sofa"",""tvmonitor""]",7,0.4117647111415863,1.06720769405365,1.0866979360580444,0.0020102262496948242,0.4840202331542969,1
1036,007203,/Users/von/Projects/cci-local-recovery/rerun_workspace/data/voc2007/VOCdevkit/VOC2007/JPEGImages/007203.jpg,tvmonitor,tvmonitor,"[""tvmonitor"",""chair"",""person""]",4,0.0,0.5092151165008545,0.521597146987915,0.1647454798221588,0.6679083704948425,2
1037,007839,/Users/von/Projects/cci-local-recovery/rerun_workspace/data/voc2007/VOCdevkit/VOC2007/JPEGImages/007839.jpg,car,car,"[""car"",""pottedplant""]",5,0.7058823704719543,0.5602540969848633,0.5696406960487366,-0.23289549350738525,0.1560407280921936,1
1038,006359,/Users/von/Projects/cci-local-recovery/rerun_workspace/data/voc2007/VOCdevkit/VOC2007/JPEGImages/006359.jpg,chair,chair,"[""chair"",""bottle"",""pottedplant""]",2,0.5428571701049805,0.4066077470779419,0.41349300742149353,-0.9750159978866577,0.37671905755996704,1
1039,008719,/Users/von/Projects/cci-local-recovery/rerun_workspace/data/voc2007/VOCdevkit/VOC2007/JPEGImages/008719.jpg,person,person,"[""person"",""diningtable""]",7,1.0,0.7248881459236145,0.7386215925216675,0.3234512507915497,1.1312434673309326,1
1040,007801,/Users/von/Projects/cci-local-recovery/rerun_workspace/data/voc2007/VOCdevkit/VOC2007/JPEGImages/007801.jpg,diningtable,diningtable,"[""diningtable"",""person""]",4,1.0,0.9002249240875244,0.9125797748565674,0.5563896298408508,1.157019019126892,1
1041,007317,/Users/von/Projects/cci-local-recovery/rerun_workspace/data/voc2007/VOCdevkit/VOC2007/JPEGImages/007317.jpg,person,person,"[""person"",""bird""]",3,0.4583333432674408,0.549957811832428,0.5603770613670349,-0.048577845096588135,0.9429228901863098,1
1042,004418,/Users/von/Projects/cci-local-recovery/rerun_workspace/data/voc2007/VOCdevkit/VOC2007/JPEGImages/004418.jpg,person,person,"[""person"",""tvmonitor""]",4,1.0,2.1011600494384766,2.140967845916748,0.9443840980529785,1.675027847290039,1
1043,005725,/Users/von/Projects/cci-local-recovery/rerun_workspace/data/voc2007/VOCdevkit/VOC2007/JPEGImages/005725.jpg,person,person,"[""person"",""chair""]",6,0.782608687877655,0.012047803029417992,0.012276055291295052,-0.10072404891252518,0.049389347434043884,1
1044,009564,/Users/von/Projects/cci-local-recovery/rerun_workspace/data/voc2007/VOCdevkit/VOC2007/JPEGImages/009564.jpg,car,car,"[""car"",""bicycle"",""person""]",5,0.9523809552192688,0.7012941241264343,0.713043749332428,-0.003505706787109375,0.6556463837623596,1
1045,009739,/Users/von/Projects/cci-local-recovery/rerun_workspace/data/voc2007/VOCdevkit/VOC2007/JPEGImages/009739.jpg,person,person,"[""person"",""sofa""]",0,1.0,0.4870644807815552,0.49629220366477966,-0.8040878772735596,0.3335687220096588,1
1046,003319,/Users/von/Projects/cci-local-recovery/rerun_workspace/data/voc2007/VOCdevkit/VOC2007/JPEGImages/003319.jpg,chair,chair,"[""chair"",""cat""]",2,0.9655172228813171,0.4756518602371216,0.4837062656879425,0.22221210598945618,0.5393722057342529,1
1047,004414,/Users/von/Projects/cci-local-recovery/rerun_workspace/data/voc2007/VOCdevkit/VOC2007/JPEGImages/004414.jpg,train,train,"[""train"",""person""]",0,0.0714285746216774,0.280760794878006,0.285716712474823,-0.22309118509292603,-0.02494370937347412,1
1048,001942,/Users/von/Projects/cci-local-recovery/rerun_workspace/data/voc2007/VOCdevkit/VOC2007/JPEGImages/001942.jpg,car,car,"[""car"",""chair"",""person""]",1,1.0,0.022726407274603844,0.023107169196009636,-0.46505007147789,0.3061404228210449,2
1049,004311,/Users/von/Projects/cci-local-recovery/rerun_workspace/data/voc2007/VOCdevkit/VOC2007/JPEGImages/004311.jpg,person,person,"[""person"",""bottle"",""pottedplant""]",7,1.0,0.45188096165657043,0.46044209599494934,-1.0904760360717773,-0.07059338688850403,1
1050,001935,/Users/von/Projects/cci-local-recovery/rerun_workspace/data/voc2007/VOCdevkit/VOC2007/JPEGImages/001935.jpg,train,train,"[""train"",""car"",""person""]",6,1.0,1.2156214714050293,1.237079381942749,0.8158299922943115,1.5580333471298218,1
1051,000604,/Users/von/Projects/cci-local-recovery/rerun_workspace/data/voc2007/VOCdevkit/VOC2007/JPEGImages/000604.jpg,horse,horse,"[""horse"",""person""]",2,0.9459459185600281,3.413792133331299,3.466813802719116,3.2263457775115967,4.274372577667236,1
1052,000629,/Users/von/Projects/cci-local-recovery/rerun_workspace/data/voc2007/VOCdevkit/VOC2007/JPEGImages/000629.jpg,train,train,"[""train"",""person""]",0,0.0476190485060215,0.06672336906194687,0.06790115684270859,-0.20175576210021973,0.18815630674362183,1
1053,006662,/Users/von/Projects/cci-local-recovery/rerun_workspace/data/voc2007/VOCdevkit/VOC2007/JPEGImages/006662.jpg,person,person,"[""person"",""bottle"",""chair"",""diningtable""]",6,0.35483869910240173,0.8204541802406311,0.8359981775283813,-0.7488452196121216,-0.03435051441192627,1
1054,009705,/Users/von/Projects/cci-local-recovery/rerun_workspace/data/voc2007/VOCdevkit/VOC2007/JPEGImages/009705.jpg,motorbike,motorbike,"[""motorbike"",""car""]",4,0.3333333432674408,0.7425416707992554,0.7553219199180603,-0.03663235902786255,0.2855517864227295,1
1055,009092,/Users/von/Projects/cci-local-recovery/rerun_workspace/data/voc2007/VOCdevkit/VOC2007/JPEGImages/009092.jpg,bus,bus,"[""bus"",""car"",""person""]",0,1.0,4.830589294433594,4.927358627319336,3.2688660621643066,5.037505149841309,1
1056,000239,/Users/von/Projects/cci-local-recovery/rerun_workspace/data/voc2007/VOCdevkit/VOC2007/JPEGImages/000239.jpg,bus,bus,"[""bus"",""person""]",6,0.9142857193946838,0.4017505645751953,0.40979868173599243,-0.2536548972129822,0.7406766414642334,1
1057,002620,/Users/von/Projects/cci-local-recovery/rerun_workspace/data/voc2007/VOCdevkit/VOC2007/JPEGImages/002620.jpg,person,person,"[""person"",""cat""]",6,0.9523809552192688,0.15572939813137054,0.1586797833442688,-0.7843238711357117,-0.07165372371673584,1
1058,002920,/Users/von/Projects/cci-local-recovery/rerun_workspace/data/voc2007/VOCdevkit/VOC2007/JPEGImages/002920.jpg,bus,bus,"[""bus"",""bicycle"",""car"",""person""]",1,0.9333333373069763,3.8903236389160156,3.968256950378418,1.7848904132843018,2.9426119327545166,1
1059,008820,/Users/von/Projects/cci-local-recovery/rerun_workspace/data/voc2007/VOCdevkit/VOC2007/JPEGImages/008820.jpg,boat,boat,"[""boat"",""person""]",5,0.8461538553237915,5.169612407684326,5.268815517425537,5.087721824645996,6.219878196716309,1
1060,007972,/Users/von/Projects/cci-local-recovery/rerun_workspace/data/voc2007/VOCdevkit/VOC2007/JPEGImages/007972.jpg,horse,horse,"[""horse"",""person""]",4,0.5517241358757019,0.6366868615150452,0.6465756297111511,0.28848615288734436,0.45100224018096924,1
1061,005482,/Users/von/Projects/cci-local-recovery/rerun_workspace/data/voc2007/VOCdevkit/VOC2007/JPEGImages/005482.jpg,dog,dog,"[""dog"",""person""]",0,0.9756097793579102,0.5673444271087646,0.5776501893997192,0.6539003849029541,1.7733780145645142,1
1062,009067,/Users/von/Projects/cci-local-recovery/rerun_workspace/data/voc2007/VOCdevkit/VOC2007/JPEGImages/009067.jpg,horse,horse,"[""horse"",""person""]",3,0.2916666567325592,0.5589236617088318,0.567604660987854,-0.11721557378768921,0.10739204287528992,1
1063,007780,/Users/von/Projects/cci-local-recovery/rerun_workspace/data/voc2007/VOCdevkit/VOC2007/JPEGImages/007780.jpg,sofa,sofa,"[""sofa"",""person""]",0,0.9375,1.3831321001052856,1.4083919525146484,0.3739396333694458,0.8798040151596069,1
1064,005842,/Users/von/Projects/cci-local-recovery/rerun_workspace/data/voc2007/VOCdevkit/VOC2007/JPEGImages/005842.jpg,car,car,"[""car"",""person""]",0,0.8857142925262451,1.9832253456115723,2.0164527893066406,0.30542445182800293,2.3303041458129883,1
1065,007406,/Users/von/Projects/cci-local-recovery/rerun_workspace/data/voc2007/VOCdevkit/VOC2007/JPEGImages/007406.jpg,chair,chair,"[""chair"",""pottedplant""]",0,0.0,0.21131238341331482,0.21489062905311584,-1.182184100151062,0.4976067841053009,1
1066,001076,/Users/von/Projects/cci-local-recovery/rerun_workspace/data/voc2007/VOCdevkit/VOC2007/JPEGImages/001076.jpg,person,person,"[""person"",""boat""]",0,0.9714285731315613,0.5055371522903442,0.5151148438453674,0.023510724306106567,1.0767691135406494,1
1067,000979,/Users/von/Projects/cci-local-recovery/rerun_workspace/data/voc2007/VOCdevkit/VOC2007/JPEGImages/000979.jpg,person,person,"[""person"",""motorbike""]",3,0.095238097012043,0.13492512702941895,0.13748136162757874,-1.353787899017334,0.12909811735153198,1
1068,006743,/Users/von/Projects/cci-local-recovery/rerun_workspace/data/voc2007/VOCdevkit/VOC2007/JPEGImages/006743.jpg,tvmonitor,tvmonitor,"[""tvmonitor"",""cat"",""chair""]",3,0.7727272510528564,3.0047097206115723,3.0777719020843506,2.1266367435455322,3.0824131965637207,1
1069,005261,/Users/von/Projects/cci-local-recovery/rerun_workspace/data/voc2007/VOCdevkit/VOC2007/JPEGImages/005261.jpg,sofa,sofa,"[""sofa"",""person""]",6,0.05000000074505806,1.3188447952270508,1.3429306745529175,0.6168374419212341,1.4923142194747925,1
1070,006721,/Users/von/Projects/cci-local-recovery/rerun_workspace/data/voc2007/VOCdevkit/VOC2007/JPEGImages/006721.jpg,diningtable,diningtable,"[""diningtable"",""chair""]",0,1.0,0.5246796011924744,0.5318803787231445,-0.17532873153686523,0.4857822358608246,1
1071,009583,/Users/von/Projects/cci-local-recovery/rerun_workspace/data/voc2007/VOCdevkit/VOC2007/JPEGImages/009583.jpg,person,person,"[""person"",""dog""]",3,0.2857142984867096,0.5151888728141785,0.5249494314193726,-0.2949139475822449,-0.06123751401901245,1
1072,007281,/Users/von/Projects/cci-local-recovery/rerun_workspace/data/voc2007/VOCdevkit/VOC2007/JPEGImages/007281.jpg,car,car,"[""car"",""person""]",6,0.38461539149284363,0.5562566518783569,0.5655763149261475,-0.45185041427612305,-0.03169858455657959,1
1073,007447,/Users/von/Projects/cci-local-recovery/rerun_workspace/data/voc2007/VOCdevkit/VOC2007/JPEGImages/007447.jpg,person,person,"[""person"",""bicycle"",""car""]",7,0.0,0.16207532584667206,0.16514593362808228,-0.3114144802093506,-0.15431392192840576,1
1074,002026,/Users/von/Projects/cci-local-recovery/rerun_workspace/data/voc2007/VOCdevkit/VOC2007/JPEGImages/002026.jpg,sofa,sofa,"[""sofa"",""bottle"",""person"",""pottedplant""]",0,0.4642857015132904,0.6294204592704773,0.6409154534339905,-0.2718539834022522,0.3728756904602051,1
1075,001276,/Users/von/Projects/cci-local-recovery/rerun_workspace/data/voc2007/VOCdevkit/VOC2007/JPEGImages/001276.jpg,chair,chair,"[""chair"",""diningtable"",""pottedplant""]",5,0.1764705926179886,0.06066432595252991,0.06169157847762108,0.2271224409341812,0.5590521097183228,1
1076,002819,/Users/von/Projects/cci-local-recovery/rerun_workspace/data/voc2007/VOCdevkit/VOC2007/JPEGImages/002819.jpg,horse,horse,"[""horse"",""person""]",1,0.976190447807312,1.83603835105896,1.86455500125885,0.9963328242301941,2.3506908416748047,1
1077,003050,/Users/von/Projects/cci-local-recovery/rerun_workspace/data/voc2007/VOCdevkit/VOC2007/JPEGImages/003050.jpg,sheep,sheep,"[""sheep"",""bird""]",6,0.6111111044883728,3.222179651260376,3.286212921142578,2.1852378845214844,5.062841415405273,1
1078,008201,/Users/von/Projects/cci-local-recovery/rerun_workspace/data/voc2007/VOCdevkit/VOC2007/JPEGImages/008201.jpg,dog,dog,"[""dog"",""person""]",0,1.0,0.2840925455093384,0.2892530560493469,-0.889517605304718,0.15397799015045166,1
1079,001839,/Users/von/Projects/cci-local-recovery/rerun_workspace/data/voc2007/VOCdevkit/VOC2007/JPEGImages/001839.jpg,person,person,"[""person"",""dog""]",6,0.8999999761581421,1.0361120700836182,1.055741786956787,-0.8225729465484619,-0.1627582311630249,1
1080,008257,/Users/von/Projects/cci-local-recovery/rerun_workspace/data/voc2007/VOCdevkit/VOC2007/JPEGImages/008257.jpg,diningtable,diningtable,"[""diningtable"",""chair""]",1,0.4523809552192688,1.834265112876892,1.8594388961791992,0.22283589839935303,0.8517346382141113,1
1081,002656,/Users/von/Projects/cci-local-recovery/rerun_workspace/data/voc2007/VOCdevkit/VOC2007/JPEGImages/002656.jpg,person,person,"[""person"",""bottle"",""tvmonitor""]",5,1.0,0.16605426371097565,0.16920025646686554,-0.866500198841095,-0.05376112461090088,3
1082,004276,/Users/von/Projects/cci-local-recovery/rerun_workspace/data/voc2007/VOCdevkit/VOC2007/JPEGImages/004276.jpg,sofa,sofa,"[""sofa"",""person"",""pottedplant""]",1,0.6111111044883728,0.7570827603340149,0.7709092497825623,-0.2333196997642517,0.2939663231372833,1
1083,009355,/Users/von/Projects/cci-local-recovery/rerun_workspace/data/voc2007/VOCdevkit/VOC2007/JPEGImages/009355.jpg,bicycle,bicycle,"[""bicycle"",""chair"",""diningtable""]",7,1.0,0.5960962772369385,0.6072068810462952,0.042919039726257324,0.5111957788467407,1
1084,003737,/Users/von/Projects/cci-local-recovery/rerun_workspace/data/voc2007/VOCdevkit/VOC2007/JPEGImages/003737.jpg,person,person,"[""person"",""dog""]",4,1.0,0.4102800488471985,0.4180530309677124,-0.12635797262191772,0.09038183093070984,1
1085,001705,/Users/von/Projects/cci-local-recovery/rerun_workspace/data/voc2007/VOCdevkit/VOC2007/JPEGImages/001705.jpg,boat,boat,"[""boat"",""person""]",2,0.75,-0.0043468475341796875,-0.00443026190623641,-0.008625123649835587,0.05934332683682442,1
1086,002035,/Users/von/Projects/cci-local-recovery/rerun_workspace/data/voc2007/VOCdevkit/VOC2007/JPEGImages/002035.jpg,sofa,sofa,"[""sofa"",""pottedplant""]",1,1.0,0.9964431524276733,1.0146410465240479,0.4651826024055481,0.644336462020874,1
1087,004819,/Users/von/Projects/cci-local-recovery/rerun_workspace/data/voc2007/VOCdevkit/VOC2007/JPEGImages/004819.jpg,diningtable,diningtable,"[""diningtable"",""bottle"",""person""]",2,0.6428571343421936,0.21786253154277802,0.22085250914096832,-0.5420256853103638,-0.16295970976352692,1
1088,006624,/Users/von/Projects/cci-local-recovery/rerun_workspace/data/voc2007/VOCdevkit/VOC2007/JPEGImages/006624.jpg,diningtable,diningtable,"[""diningtable"",""chair"",""person"",""tvmonitor""]",3,0.7857142686843872,2.0884644985198975,2.117126941680908,1.2640306949615479,2.2974307537078857,1
1089,000452,/Users/von/Projects/cci-local-recovery/rerun_workspace/data/voc2007/VOCdevkit/VOC2007/JPEGImages/000452.jpg,sofa,sofa,"[""sofa"",""chair""]",6,0.8780487775802612,1.6414510011672974,1.6714285612106323,0.9076589941978455,2.2564940452575684,1
1090,005847,/Users/von/Projects/cci-local-recovery/rerun_workspace/data/voc2007/VOCdevkit/VOC2007/JPEGImages/005847.jpg,train,train,"[""train"",""person""]",3,0.7777777910232544,0.07588554918766022,0.07722506672143936,-0.26824483275413513,0.008499741554260254,1
1091,008520,/Users/von/Projects/cci-local-recovery/rerun_workspace/data/voc2007/VOCdevkit/VOC2007/JPEGImages/008520.jpg,diningtable,diningtable,"[""diningtable"",""bottle"",""person""]",0,1.0,1.2891581058502197,1.3068506717681885,0.3267830014228821,1.02018404006958,2
1092,008000,/Users/von/Projects/cci-local-recovery/rerun_workspace/data/voc2007/VOCdevkit/VOC2007/JPEGImages/008000.jpg,cow,cow,"[""cow"",""bird""]",4,0.8846153616905212,2.894491195678711,2.9447991847991943,3.074584484100342,4.649767875671387,1
1093,007660,/Users/von/Projects/cci-local-recovery/rerun_workspace/data/voc2007/VOCdevkit/VOC2007/JPEGImages/007660.jpg,boat,boat,"[""boat"",""person""]",2,0.9800000190734863,0.7282496690750122,0.7422245144844055,-0.2377638816833496,0.29965534806251526,1
1094,001358,/Users/von/Projects/cci-local-recovery/rerun_workspace/data/voc2007/VOCdevkit/VOC2007/JPEGImages/001358.jpg,person,person,"[""person"",""car""]",3,0.19354838132858276,0.5455753207206726,0.5559115409851074,-1.369207501411438,0.27060484886169434,1
1095,009937,/Users/von/Projects/cci-local-recovery/rerun_workspace/data/voc2007/VOCdevkit/VOC2007/JPEGImages/009937.jpg,horse,horse,"[""horse"",""person""]",7,1.0,2.864654541015625,2.909147262573242,1.3255356550216675,3.070793390274048,1
1096,005712,/Users/von/Projects/cci-local-recovery/rerun_workspace/data/voc2007/VOCdevkit/VOC2007/JPEGImages/005712.jpg,dog,dog,"[""dog"",""person""]",0,0.0,0.5921956896781921,0.6029528975486755,-0.26530909538269043,0.559345006942749,1
1097,002297,/Users/von/Projects/cci-local-recovery/rerun_workspace/data/voc2007/VOCdevkit/VOC2007/JPEGImages/002297.jpg,chair,chair,"[""chair"",""pottedplant"",""sofa""]",0,0.1428571492433548,0.27893200516700745,0.2836552858352661,-0.6297746896743774,-0.14164379239082336,1
1098,004923,/Users/von/Projects/cci-local-recovery/rerun_workspace/data/voc2007/VOCdevkit/VOC2007/JPEGImages/004923.jpg,sofa,sofa,"[""sofa"",""chair"",""person""]",3,0.6315789222717285,0.8882920742034912,0.9045147895812988,-0.8679524660110474,0.018609166145324707,1
1099,009052,/Users/von/Projects/cci-local-recovery/rerun_workspace/data/voc2007/VOCdevkit/VOC2007/JPEGImages/009052.jpg,car,car,"[""car"",""person""]",7,0.0,-0.009130050428211689,-0.009283017367124557,-0.23436741530895233,-0.011879956349730492,1
1100,006964,/Users/von/Projects/cci-local-recovery/rerun_workspace/data/voc2007/VOCdevkit/VOC2007/JPEGImages/006964.jpg,person,person,"[""person"",""pottedplant""]",4,1.0,1.319846510887146,1.3448517322540283,-0.781836986541748,-0.12976443767547607,1
1101,003305,/Users/von/Projects/cci-local-recovery/rerun_workspace/data/voc2007/VOCdevkit/VOC2007/JPEGImages/003305.jpg,motorbike,motorbike,"[""motorbike"",""person""]",4,0.7647058963775635,5.47268009185791,5.566873073577881,2.582763433456421,5.9409308433532715,1
1102,009304,/Users/von/Projects/cci-local-recovery/rerun_workspace/data/voc2007/VOCdevkit/VOC2007/JPEGImages/009304.jpg,bus,bus,"[""bus"",""car"",""person""]",3,0.0,0.40656158328056335,0.4147060811519623,-0.7304517030715942,-0.16512838006019592,1
1103,007806,/Users/von/Projects/cci-local-recovery/rerun_workspace/data/voc2007/VOCdevkit/VOC2007/JPEGImages/007806.jpg,aeroplane,aeroplane,"[""aeroplane"",""car""]",7,0.1428571492433548,0.31331345438957214,0.31903430819511414,-0.1298474669456482,0.15654881298542023,1
1104,007476,/Users/von/Projects/cci-local-recovery/rerun_workspace/data/voc2007/VOCdevkit/VOC2007/JPEGImages/007476.jpg,person,person,"[""person"",""bird""]",6,0.875,1.4345759153366089,1.4617547988891602,-0.4602547883987427,0.9656987190246582,1
1105,001709,/Users/von/Projects/cci-local-recovery/rerun_workspace/data/voc2007/VOCdevkit/VOC2007/JPEGImages/001709.jpg,motorbike,motorbike,"[""motorbike"",""person""]",1,1.0,0.5288118720054626,0.5379135012626648,0.32703500986099243,0.7185998558998108,1
1106,002790,/Users/von/Projects/cci-local-recovery/rerun_workspace/data/voc2007/VOCdevkit/VOC2007/JPEGImages/002790.jpg,horse,horse,"[""horse"",""car"",""person""]",6,0.8799999952316284,0.98919278383255,1.0045565366744995,0.08721786737442017,1.0768221616744995,1
1107,002398,/Users/von/Projects/cci-local-recovery/rerun_workspace/data/voc2007/VOCdevkit/VOC2007/JPEGImages/002398.jpg,horse,horse,"[""horse"",""person""]",1,1.0,1.9056788682937622,1.9352771043777466,2.2229442596435547,3.450613021850586,1
1108,008605,/Users/von/Projects/cci-local-recovery/rerun_workspace/data/voc2007/VOCdevkit/VOC2007/JPEGImages/008605.jpg,cow,cow,"[""cow"",""horse"",""person""]",2,0.7878788113594055,3.4131317138671875,3.4724538326263428,1.2154264450073242,3.534237861633301,1
1109,002149,/Users/von/Projects/cci-local-recovery/rerun_workspace/data/voc2007/VOCdevkit/VOC2007/JPEGImages/002149.jpg,car,car,"[""car"",""person""]",3,0.0,0.010687325149774551,0.010866383090615273,-0.17311342060565948,0.05010955035686493,1
1110,001222,/Users/von/Projects/cci-local-recovery/rerun_workspace/data/voc2007/VOCdevkit/VOC2007/JPEGImages/001222.jpg,car,car,"[""car"",""chair"",""person""]",6,1.0,1.3923178911209106,1.4156450033187866,1.1224346160888672,3.038336753845215,1
1111,006297,/Users/von/Projects/cci-local-recovery/rerun_workspace/data/voc2007/VOCdevkit/VOC2007/JPEGImages/006297.jpg,sofa,sofa,"[""sofa"",""chair"",""pottedplant""]",3,0.6969696879386902,2.8329501152038574,2.884687900543213,2.0998458862304688,3.4282138347625732,1
1112,007750,/Users/von/Projects/cci-local-recovery/rerun_workspace/data/voc2007/VOCdevkit/VOC2007/JPEGImages/007750.jpg,horse,horse,"[""horse"",""person""]",7,1.0,0.47641631960868835,0.48381584882736206,0.27894049882888794,1.3564274311065674,1
1113,001748,/Users/von/Projects/cci-local-recovery/rerun_workspace/data/voc2007/VOCdevkit/VOC2007/JPEGImages/001748.jpg,bicycle,bicycle,"[""bicycle"",""person""]",5,0.9545454382896423,7.131037712097168,7.263952255249023,3.7175402641296387,7.0173020362854,1
1114,000594,/Users/von/Projects/cci-local-recovery/rerun_workspace/data/voc2007/VOCdevkit/VOC2007/JPEGImages/000594.jpg,bicycle,bicycle,"[""bicycle"",""person""]",2,0.25,0.5408473014831543,0.5509281158447266,-0.40216028690338135,-0.12050896883010864,1
1115,009535,/Users/von/Projects/cci-local-recovery/rerun_workspace/data/voc2007/VOCdevkit/VOC2007/JPEGImages/009535.jpg,horse,horse,"[""horse"",""person""]",0,0.02380952425301075,0.11532429605722427,0.11711546778678894,0.03457368165254593,0.21769556403160095,1
1116,007110,/Users/von/Projects/cci-local-recovery/rerun_workspace/data/voc2007/VOCdevkit/VOC2007/JPEGImages/007110.jpg,diningtable,diningtable,"[""diningtable"",""chair"",""person"",""tvmonitor""]",1,1.0,1.3051176071166992,1.3230292797088623,1.4053398370742798,1.8364577293395996,1
1117,001868,/Users/von/Projects/cci-local-recovery/rerun_workspace/data/voc2007/VOCdevkit/VOC2007/JPEGImages/001868.jpg,sofa,sofa,"[""sofa"",""chair""]",2,0.7105262875556946,2.53721284866333,2.5835494995117188,2.1763319969177246,3.0737080574035645,1
1118,002189,/Users/von/Projects/cci-local-recovery/rerun_workspace/data/voc2007/VOCdevkit/VOC2007/JPEGImages/002189.jpg,diningtable,diningtable,"[""diningtable"",""chair"",""person""]",5,0.9444444179534912,0.7555537819862366,0.7659231424331665,-0.0018625259399414062,0.4296717941761017,1
1119,006292,/Users/von/Projects/cci-local-recovery/rerun_workspace/data/voc2007/VOCdevkit/VOC2007/JPEGImages/006292.jpg,bicycle,bicycle,"[""bicycle"",""person""]",3,1.0,1.028829574584961,1.0480058193206787,-0.06100571155548096,0.8360987901687622,1
1120,006894,/Users/von/Projects/cci-local-recovery/rerun_workspace/data/voc2007/VOCdevkit/VOC2007/JPEGImages/006894.jpg,cat,cat,"[""cat"",""person""]",2,0.4871794879436493,0.21282492578029633,0.2168506383895874,-1.6930047273635864,0.33509331941604614,1
1121,001961,/Users/von/Projects/cci-local-recovery/rerun_workspace/data/voc2007/VOCdevkit/VOC2007/JPEGImages/001961.jpg,chair,chair,"[""chair"",""tvmonitor""]",0,0.0,0.7597334980964661,0.772598385810852,-0.2868976593017578,0.05251032114028931,1
1122,005442,/Users/von/Projects/cci-local-recovery/rerun_workspace/data/voc2007/VOCdevkit/VOC2007/JPEGImages/005442.jpg,person,person,"[""person"",""bottle""]",1,0.8510638475418091,0.18714170157909393,0.19068720936775208,-0.34890231490135193,0.15548007190227509,2
1123,001245,/Users/von/Projects/cci-local-recovery/rerun_workspace/data/voc2007/VOCdevkit/VOC2007/JPEGImages/001245.jpg,horse,horse,"[""horse"",""person""]",4,0.16129031777381897,1.1650112867355347,1.1831058263778687,-1.1872614622116089,0.4163929224014282,1
1124,001347,/Users/von/Projects/cci-local-recovery/rerun_workspace/data/voc2007/VOCdevkit/VOC2007/JPEGImages/001347.jpg,person,person,"[""person"",""sofa""]",6,0.4166666567325592,-0.01142086461186409,-0.011637239716947079,-1.3446884155273438,-0.24484431743621826,1
1125,009513,/Users/von/Projects/cci-local-recovery/rerun_workspace/data/voc2007/VOCdevkit/VOC2007/JPEGImages/009513.jpg,chair,chair,"[""chair"",""dog""]",3,0.02222222276031971,0.6514618396759033,0.6624932885169983,-1.843883752822876,-0.15568828582763672,1
1126,007567,/Users/von/Projects/cci-local-recovery/rerun_workspace/data/voc2007/VOCdevkit/VOC2007/JPEGImages/007567.jpg,person,person,"[""person"",""chair"",""sofa""]",1,0.0,0.38197147846221924,0.3892081379890442,-0.09044474363327026,0.17390753328800201,1
1127,004780,/Users/von/Projects/cci-local-recovery/rerun_workspace/data/voc2007/VOCdevkit/VOC2007/JPEGImages/004780.jpg,car,car,"[""car"",""chair"",""motorbike"",""pottedplant""]",1,0.380952388048172,0.7091779708862305,0.7210596799850464,-0.02652841806411743,0.7047200202941895,1
1128,000975,/Users/von/Projects/cci-local-recovery/rerun_workspace/data/voc2007/VOCdevkit/VOC2007/JPEGImages/000975.jpg,dog,dog,"[""dog"",""person""]",7,0.5,0.03617911413311958,0.036836303770542145,-0.13486257195472717,0.058364011347293854,1
1129,005746,/Users/von/Projects/cci-local-recovery/rerun_workspace/data/voc2007/VOCdevkit/VOC2007/JPEGImages/005746.jpg,bus,bus,"[""bus"",""car"",""person""]",7,0.3255814015865326,1.8789106607437134,1.9165501594543457,1.110482931137085,1.9916877746582031,1
1130,006644,/Users/von/Projects/cci-local-recovery/rerun_workspace/data/voc2007/VOCdevkit/VOC2007/JPEGImages/006644.jpg,person,person,"[""person"",""bottle""]",7,0.8846153616905212,0.9703941345214844,0.988778829574585,-0.6913524866104126,0.5165334939956665,1
1131,004941,/Users/von/Projects/cci-local-recovery/rerun_workspace/data/voc2007/VOCdevkit/VOC2007/JPEGImages/004941.jpg,pottedplant,pottedplant,"[""pottedplant"",""person""]",4,1.0,2.8953213691711426,2.94865345954895,2.8939168453216553,3.5750865936279297,1
1132,005670,/Users/von/Projects/cci-local-recovery/rerun_workspace/data/voc2007/VOCdevkit/VOC2007/JPEGImages/005670.jpg,bus,bus,"[""bus"",""boat"",""person""]",2,1.0,0.4569018483161926,0.4660547971725464,-0.7210272550582886,0.3110986351966858,1
1133,002850,/Users/von/Projects/cci-local-recovery/rerun_workspace/data/voc2007/VOCdevkit/VOC2007/JPEGImages/002850.jpg,chair,chair,"[""chair"",""tvmonitor""]",1,1.0,0.6919156908988953,0.7036321759223938,0.41493067145347595,0.7577579021453857,1
1134,007808,/Users/von/Projects/cci-local-recovery/rerun_workspace/data/voc2007/VOCdevkit/VOC2007/JPEGImages/007808.jpg,person,person,"[""person"",""sofa"",""tvmonitor""]",2,0.7894737124443054,1.8848251104354858,1.9205342531204224,0.9368009567260742,2.606971502304077,1
1135,005976,/Users/von/Projects/cci-local-recovery/rerun_workspace/data/voc2007/VOCdevkit/VOC2007/JPEGImages/005976.jpg,chair,chair,"[""chair"",""pottedplant""]",3,0.7857142686843872,0.8051612973213196,0.8187954425811768,0.3734070360660553,0.8324463367462158,1
1136,002426,/Users/von/Projects/cci-local-recovery/rerun_workspace/data/voc2007/VOCdevkit/VOC2007/JPEGImages/002426.jpg,person,person,"[""person"",""sofa""]",0,1.0,0.10059916973114014,0.10250508040189743,-0.6691648960113525,-0.1428116261959076,1
1137,008474,/Users/von/Projects/cci-local-recovery/rerun_workspace/data/voc2007/VOCdevkit/VOC2007/JPEGImages/008474.jpg,chair,chair,"[""chair"",""person""]",4,0.3448275923728943,0.3103550970554352,0.31561046838760376,-0.21390628814697266,0.2921527326107025,1
1138,000624,/Users/von/Projects/cci-local-recovery/rerun_workspace/data/voc2007/VOCdevkit/VOC2007/JPEGImages/000624.jpg,car,car,"[""car"",""person""]",4,0.8999999761581421,0.6486420035362244,0.6595094799995422,-0.27959007024765015,0.24139723181724548,1
1139,006775,/Users/von/Projects/cci-local-recovery/rerun_workspace/data/voc2007/VOCdevkit/VOC2007/JPEGImages/006775.jpg,person,person,"[""person"",""bicycle""]",4,1.0,0.3111373782157898,0.3170320391654968,-0.20550411939620972,0.6931284070014954,1
1140,001731,/Users/von/Projects/cci-local-recovery/rerun_workspace/data/voc2007/VOCdevkit/VOC2007/JPEGImages/001731.jpg,dog,dog,"[""dog"",""cat"",""person"",""sofa""]",1,0.0,0.8964047431945801,0.9126878976821899,-0.4710674285888672,0.07977277040481567,1
1141,009730,/Users/von/Projects/cci-local-recovery/rerun_workspace/data/voc2007/VOCdevkit/VOC2007/JPEGImages/009730.jpg,bicycle,bicycle,"[""bicycle"",""person""]",0,0.9200000166893005,4.4084014892578125,4.490569114685059,2.905876636505127,4.716072082519531,1
1142,005661,/Users/von/Projects/cci-local-recovery/rerun_workspace/data/voc2007/VOCdevkit/VOC2007/JPEGImages/005661.jpg,diningtable,diningtable,"[""diningtable"",""chair"",""pottedplant""]",1,0.6800000071525574,0.8508002161979675,0.8624767661094666,1.3270516395568848,1.7498048543930054,1
1143,008991,/Users/von/Projects/cci-local-recovery/rerun_workspace/data/voc2007/VOCdevkit/VOC2007/JPEGImages/008991.jpg,chair,chair,"[""chair"",""tvmonitor""]",6,0.9333333373069763,2.9283058643341064,2.9778921604156494,2.1447277069091797,2.9976401329040527,1
1144,000392,/Users/von/Projects/cci-local-recovery/rerun_workspace/data/voc2007/VOCdevkit/VOC2007/JPEGImages/000392.jpg,horse,horse,"[""horse"",""person""]",6,1.0,6.257949352264404,6.355145454406738,4.700194358825684,6.289237976074219,1
1145,006737,/Users/von/Projects/cci-local-recovery/rerun_workspace/data/voc2007/VOCdevkit/VOC2007/JPEGImages/006737.jpg,person,person,"[""person"",""bicycle""]",5,0.3499999940395355,0.15027864277362823,0.15312576293945312,-0.15568706393241882,0.01770944893360138,1
1146,004065,/Users/von/Projects/cci-local-recovery/rerun_workspace/data/voc2007/VOCdevkit/VOC2007/JPEGImages/004065.jpg,bus,bus,"[""bus"",""person""]",6,0.8780487775802612,0.9150283932685852,0.9333587884902954,0.44220730662345886,1.2227914333343506,1
1147,006923,/Users/von/Projects/cci-local-recovery/rerun_workspace/data/voc2007/VOCdevkit/VOC2007/JPEGImages/006923.jpg,diningtable,diningtable,"[""diningtable"",""chair""]",5,0.4642857015132904,1.4625108242034912,1.4825825691223145,0.6095654964447021,1.3920743465423584,1
1148,002503,/Users/von/Projects/cci-local-recovery/rerun_workspace/data/voc2007/VOCdevkit/VOC2007/JPEGImages/002503.jpg,person,person,"[""person"",""chair"",""tvmonitor""]",0,0.9130434989929199,0.9087485074996948,0.9259652495384216,-0.7048752903938293,0.6284255981445312,1
1149,006521,/Users/von/Projects/cci-local-recovery/rerun_workspace/data/voc2007/VOCdevkit/VOC2007/JPEGImages/006521.jpg,person,person,"[""person"",""horse""]",1,0.0,0.10842449963092804,0.11047866195440292,-0.2904779314994812,-0.04788956791162491,1
1150,008110,/Users/von/Projects/cci-local-recovery/rerun_workspace/data/voc2007/VOCdevkit/VOC2007/JPEGImages/008110.jpg,chair,chair,"[""chair"",""cat"",""person""]",5,1.0,0.3711819648742676,0.3774673342704773,-0.2952277660369873,0.5595232844352722,1
1151,003235,/Users/von/Projects/cci-local-recovery/rerun_workspace/data/voc2007/VOCdevkit/VOC2007/JPEGImages/003235.jpg,horse,horse,"[""horse"",""person""]",7,0.774193525314331,1.3757076263427734,1.397074580192566,0.11944758892059326,1.3648717403411865,1
1152,004874,/Users/von/Projects/cci-local-recovery/rerun_workspace/data/voc2007/VOCdevkit/VOC2007/JPEGImages/004874.jpg,horse,horse,"[""horse"",""person""]",6,0.949999988079071,0.8565695881843567,0.8698735237121582,0.14746487140655518,1.1959927082061768,1
1153,006815,/Users/von/Projects/cci-local-recovery/rerun_workspace/data/voc2007/VOCdevkit/VOC2007/JPEGImages/006815.jpg,dog,dog,"[""dog"",""sheep""]",5,1.0,1.2157340049743652,1.2378177642822266,0.4469541311264038,1.2687885761260986,1
1154,009302,/Users/von/Projects/cci-local-recovery/rerun_workspace/data/voc2007/VOCdevkit/VOC2007/JPEGImages/009302.jpg,car,car,"[""car"",""motorbike""]",4,0.8333333134651184,0.28811585903167725,0.29294300079345703,-0.06346845626831055,0.2370801717042923,1
1155,004545,/Users/von/Projects/cci-local-recovery/rerun_workspace/data/voc2007/VOCdevkit/VOC2007/JPEGImages/004545.jpg,horse,horse,"[""horse"",""car"",""dog"",""person""]",3,0.9607843160629272,5.028308391571045,5.106406211853027,3.0704221725463867,5.299441814422607,1
1156,004501,/Users/von/Projects/cci-local-recovery/rerun_workspace/data/voc2007/VOCdevkit/VOC2007/JPEGImages/004501.jpg,sofa,sofa,"[""sofa"",""dog""]",3,1.0,0.672090470790863,0.6843647360801697,0.009099483489990234,0.6310078501701355,1
1157,003151,/Users/von/Projects/cci-local-recovery/rerun_workspace/data/voc2007/VOCdevkit/VOC2007/JPEGImages/003151.jpg,person,person,"[""person"",""bicycle""]",0,1.0,0.49019426107406616,0.4994812607765198,-0.24014872312545776,0.7544459104537964,1
1158,000994,/Users/von/Projects/cci-local-recovery/rerun_workspace/data/voc2007/VOCdevkit/VOC2007/JPEGImages/000994.jpg,sofa,sofa,"[""sofa"",""chair"",""tvmonitor""]",4,0.0,1.0306367874145508,1.0494590997695923,-1.1736289262771606,0.6989286541938782,1
1159,005088,/Users/von/Projects/cci-local-recovery/rerun_workspace/data/voc2007/VOCdevkit/VOC2007/JPEGImages/005088.jpg,person,person,"[""person"",""pottedplant"",""sofa""]",3,0.949999988079071,0.4782482087612152,0.48730888962745667,-0.03519454598426819,0.3541851043701172,1
1160,003352,/Users/von/Projects/cci-local-recovery/rerun_workspace/data/voc2007/VOCdevkit/VOC2007/JPEGImages/003352.jpg,person,person,"[""person"",""cat"",""dog""]",5,0.29411765933036804,0.2847484350204468,0.2901431620121002,-3.823160409927368,-0.10849818587303162,1
1161,003665,/Users/von/Projects/cci-local-recovery/rerun_workspace/data/voc2007/VOCdevkit/VOC2007/JPEGImages/003665.jpg,person,person,"[""person"",""bottle"",""pottedplant""]",1,0.8399999737739563,0.4245966672897339,0.4326408803462982,-0.688423752784729,-0.034208744764328,1
1162,001456,/Users/von/Projects/cci-local-recovery/rerun_workspace/data/voc2007/VOCdevkit/VOC2007/JPEGImages/001456.jpg,person,person,"[""person"",""bottle""]",0,1.0,0.3717266321182251,0.3787692189216614,-0.5179395079612732,0.17637157440185547,1
1163,005556,/Users/von/Projects/cci-local-recovery/rerun_workspace/data/voc2007/VOCdevkit/VOC2007/JPEGImages/005556.jpg,person,person,"[""person"",""chair"",""pottedplant"",""sofa""]",0,0.3372093141078949,0.26311296224594116,0.26809778809547424,-0.7350248098373413,-0.10021162033081055,1
1164,009370,/Users/von/Projects/cci-local-recovery/rerun_workspace/data/voc2007/VOCdevkit/VOC2007/JPEGImages/009370.jpg,bicycle,bicycle,"[""bicycle"",""person""]",2,0.8387096524238586,4.262873649597168,4.342329025268555,3.1491732597351074,5.813114166259766,1
1165,001296,/Users/von/Projects/cci-local-recovery/rerun_workspace/data/voc2007/VOCdevkit/VOC2007/JPEGImages/001296.jpg,motorbike,motorbike,"[""motorbike"",""person""]",0,1.0,0.3083420395851135,0.31364905834198,-0.059825897216796875,0.38291576504707336,2
1166,002394,/Users/von/Projects/cci-local-recovery/rerun_workspace/data/voc2007/VOCdevkit/VOC2007/JPEGImages/002394.jpg,tvmonitor,tvmonitor,"[""tvmonitor"",""cat"",""person""]",5,1.0,0.9808560609817505,1.0047065019607544,0.4639802575111389,0.7802793979644775,1
1167,004564,/Users/von/Projects/cci-local-recovery/rerun_workspace/data/voc2007/VOCdevkit/VOC2007/JPEGImages/004564.jpg,person,person,"[""person"",""horse""]",0,0.375,0.5960310101509094,0.607323169708252,-0.24719732999801636,0.033685147762298584,1
1168,001993,/Users/von/Projects/cci-local-recovery/rerun_workspace/data/voc2007/VOCdevkit/VOC2007/JPEGImages/001993.jpg,sofa,sofa,"[""sofa"",""person""]",3,1.0,0.5285657644271851,0.5382188558578491,0.10543093085289001,0.454738587141037,1
1169,004620,/Users/von/Projects/cci-local-recovery/rerun_workspace/data/voc2007/VOCdevkit/VOC2007/JPEGImages/004620.jpg,dog,dog,"[""dog"",""chair""]",3,0.33898305892944336,0.4217548072338104,0.4294159710407257,-0.7528713941574097,-0.1325376331806183,1
1170,004677,/Users/von/Projects/cci-local-recovery/rerun_workspace/data/voc2007/VOCdevkit/VOC2007/JPEGImages/004677.jpg,chair,chair,"[""chair"",""cat""]",2,0.1428571492433548,0.19835823774337769,0.20171712338924408,-1.059783935546875,-0.3475126624107361,1
1171,002510,/Users/von/Projects/cci-local-recovery/rerun_workspace/data/voc2007/VOCdevkit/VOC2007/JPEGImages/002510.jpg,sofa,sofa,"[""sofa"",""chair"",""diningtable"",""pottedplant""]",2,0.6585366129875183,2.216541051864624,2.257021427154541,1.630355954170227,2.505110502243042,1
1172,007492,/Users/von/Projects/cci-local-recovery/rerun_workspace/data/voc2007/VOCdevkit/VOC2007/JPEGImages/007492.jpg,sofa,sofa,"[""sofa"",""chair""]",1,1.0,0.5776399970054626,0.5881893634796143,0.4400973320007324,0.8342507481575012,1
1173,008952,/Users/von/Projects/cci-local-recovery/rerun_workspace/data/voc2007/VOCdevkit/VOC2007/JPEGImages/008952.jpg,motorbike,motorbike,"[""motorbike"",""person""]",4,0.42307692766189575,3.9518637657165527,4.019881248474121,2.4472596645355225,5.261073589324951,1
1174,002421,/Users/von/Projects/cci-local-recovery/rerun_workspace/data/voc2007/VOCdevkit/VOC2007/JPEGImages/002421.jpg,horse,horse,"[""horse"",""person""]",4,0.976190447807312,0.33290958404541016,0.33808019757270813,0.9629374742507935,1.8345164060592651,2
1175,007874,/Users/von/Projects/cci-local-recovery/rerun_workspace/data/voc2007/VOCdevkit/VOC2007/JPEGImages/007874.jpg,horse,horse,"[""horse"",""person""]",2,0.2432432472705841,0.534990131855011,0.5432993769645691,-0.13563406467437744,0.11150550842285156,1
1176,009297,/Users/von/Projects/cci-local-recovery/rerun_workspace/data/voc2007/VOCdevkit/VOC2007/JPEGImages/009297.jpg,diningtable,diningtable,"[""diningtable"",""bottle"",""person""]",1,0.2531645596027374,0.233682781457901,0.23688988387584686,-0.7821652293205261,0.02519737184047699,1
1177,008362,/Users/von/Projects/cci-local-recovery/rerun_workspace/data/voc2007/VOCdevkit/VOC2007/JPEGImages/008362.jpg,person,person,"[""person"",""bicycle""]",2,1.0,0.37748023867607117,0.38463181257247925,-1.0488004684448242,-0.15783077478408813,1
1178,000575,/Users/von/Projects/cci-local-recovery/rerun_workspace/data/voc2007/VOCdevkit/VOC2007/JPEGImages/000575.jpg,sofa,sofa,"[""sofa"",""pottedplant""]",1,1.0,1.273292899131775,1.2965468168258667,0.7898328304290771,1.3697984218597412,1
1179,008246,/Users/von/Projects/cci-local-recovery/rerun_workspace/data/voc2007/VOCdevkit/VOC2007/JPEGImages/008246.jpg,bus,bus,"[""bus"",""car""]",2,0.04545454680919647,0.35997381806373596,0.3671850264072418,-0.03814306855201721,0.08695077896118164,1
1180,007593,/Users/von/Projects/cci-local-recovery/rerun_workspace/data/voc2007/VOCdevkit/VOC2007/JPEGImages/007593.jpg,motorbike,motorbike,"[""motorbike"",""person""]",2,0.957446813583374,0.5514267086982727,0.5609175562858582,-0.12927985191345215,1.3002207279205322,2
1181,000788,/Users/von/Projects/cci-local-recovery/rerun_workspace/data/voc2007/VOCdevkit/VOC2007/JPEGImages/000788.jpg,pottedplant,pottedplant,"[""pottedplant"",""car""]",3,0.949999988079071,0.731145441532135,0.7446131706237793,0.3347359001636505,1.0637387037277222,1
1182,005233,/Users/von/Projects/cci-local-recovery/rerun_workspace/data/voc2007/VOCdevkit/VOC2007/JPEGImages/005233.jpg,diningtable,diningtable,"[""diningtable"",""bottle"",""chair"",""person""]",4,1.0,1.6571595668792725,1.6799026727676392,0.10819411277770996,0.8597936630249023,1
1183,007392,/Users/von/Projects/cci-local-recovery/rerun_workspace/data/voc2007/VOCdevkit/VOC2007/JPEGImages/007392.jpg,person,person,"[""person"",""horse""]",6,0.0,0.06408845633268356,0.06530264765024185,-0.10299421101808548,-0.02399616688489914,1
1184,006200,/Users/von/Projects/cci-local-recovery/rerun_workspace/data/voc2007/VOCdevkit/VOC2007/JPEGImages/006200.jpg,person,person,"[""person"",""motorbike""]",2,1.0,0.951859712600708,0.969893217086792,0.3125532865524292,1.218273639678955,1
1185,006413,/Users/von/Projects/cci-local-recovery/rerun_workspace/data/voc2007/VOCdevkit/VOC2007/JPEGImages/006413.jpg,bicycle,bicycle,"[""bicycle"",""person""]",6,1.0,4.298226356506348,4.378340721130371,2.376420021057129,3.976226329803467,1
1186,000238,/Users/von/Projects/cci-local-recovery/rerun_workspace/data/voc2007/VOCdevkit/VOC2007/JPEGImages/000238.jpg,train,train,"[""train"",""person""]",3,0.9130434989929199,0.4854680299758911,0.4940374195575714,-0.06732907891273499,0.6217930316925049,1
1187,008382,/Users/von/Projects/cci-local-recovery/rerun_workspace/data/voc2007/VOCdevkit/VOC2007/JPEGImages/008382.jpg,diningtable,diningtable,"[""diningtable"",""bottle"",""chair"",""person"",""pottedplant""]",5,0.5161290168762207,0.4799438416957855,0.4865306615829468,-0.48131871223449707,-0.06792086362838745,1
1188,006902,/Users/von/Projects/cci-local-recovery/rerun_workspace/data/voc2007/VOCdevkit/VOC2007/JPEGImages/006902.jpg,diningtable,diningtable,"[""diningtable"",""dog"",""pottedplant""]",2,0.3571428656578064,0.6185796856880188,0.6270691752433777,-1.2432279586791992,0.3883870840072632,1
1189,007927,/Users/von/Projects/cci-local-recovery/rerun_workspace/data/voc2007/VOCdevkit/VOC2007/JPEGImages/007927.jpg,car,car,"[""car"",""person""]",5,0.4736842215061188,0.2866405248641968,0.29144296050071716,-0.2369687259197235,-0.027105599641799927,1
1190,003896,/Users/von/Projects/cci-local-recovery/rerun_workspace/data/voc2007/VOCdevkit/VOC2007/JPEGImages/003896.jpg,person,person,"[""person"",""bird""]",4,0.8999999761581421,1.4277108907699585,1.4547597169876099,1.0103328227996826,2.1610074043273926,1
1191,005479,/Users/von/Projects/cci-local-recovery/rerun_workspace/data/voc2007/VOCdevkit/VOC2007/JPEGImages/005479.jpg,person,person,"[""person"",""motorbike""]",6,0.1666666716337204,0.059960879385471344,0.06109687313437462,-0.4733528792858124,-0.07692573964595795,1
1192,004695,/Users/von/Projects/cci-local-recovery/rerun_workspace/data/voc2007/VOCdevkit/VOC2007/JPEGImages/004695.jpg,sofa,sofa,"[""sofa"",""chair""]",5,0.5833333134651184,1.5519660711288452,1.5803093910217285,0.8344287872314453,1.4048939943313599,1
1193,005596,/Users/von/Projects/cci-local-recovery/rerun_workspace/data/voc2007/VOCdevkit/VOC2007/JPEGImages/005596.jpg,person,person,"[""person"",""chair""]",2,0.1111111119389534,0.3773531913757324,0.3845023512840271,0.20477810502052307,0.52689528465271,1
1194,003173,/Users/von/Projects/cci-local-recovery/rerun_workspace/data/voc2007/VOCdevkit/VOC2007/JPEGImages/003173.jpg,horse,horse,"[""horse"",""person""]",0,0.15217390656471252,0.5913348197937012,0.6005191802978516,-0.4757270812988281,0.18341124057769775,1
1195,004641,/Users/von/Projects/cci-local-recovery/rerun_workspace/data/voc2007/VOCdevkit/VOC2007/JPEGImages/004641.jpg,motorbike,motorbike,"[""motorbike"",""person""]",6,1.0,-0.18480610847473145,-0.18798689544200897,-0.4046676754951477,0.07109518349170685,1
1196,001572,/Users/von/Projects/cci-local-recovery/rerun_workspace/data/voc2007/VOCdevkit/VOC2007/JPEGImages/001572.jpg,car,car,"[""car"",""person"",""tvmonitor""]",0,0.13333334028720856,0.41471001505851746,0.42165815830230713,-0.2788582444190979,-0.023008108139038086,1
1197,004908,/Users/von/Projects/cci-local-recovery/rerun_workspace/data/voc2007/VOCdevkit/VOC2007/JPEGImages/004908.jpg,sofa,sofa,"[""sofa"",""person""]",6,1.0,0.773761510848999,0.7878925800323486,0.38020649552345276,0.7838589549064636,1
1198,006540,/Users/von/Projects/cci-local-recovery/rerun_workspace/data/voc2007/VOCdevkit/VOC2007/JPEGImages/006540.jpg,horse,horse,"[""horse"",""person""]",1,0.9318181872367859,5.2616095542907715,5.3433308601379395,5.104536533355713,6.513507843017578,1
1199,007301,/Users/von/Projects/cci-local-recovery/rerun_workspace/data/voc2007/VOCdevkit/VOC2007/JPEGImages/007301.jpg,person,person,"[""person"",""chair"",""sofa""]",6,1.0,-0.06875085085630417,-0.07005337625741959,-0.8179931044578552,-0.022747762501239777,1
1200,007744,/Users/von/Projects/cci-local-recovery/rerun_workspace/data/voc2007/VOCdevkit/VOC2007/JPEGImages/007744.jpg,bottle,bottle,"[""bottle"",""person""]",0,0.4285714328289032,0.4937194585800171,0.5047637224197388,-0.34069502353668213,0.0842914879322052,1
1201,009788,/Users/von/Projects/cci-local-recovery/rerun_workspace/data/voc2007/VOCdevkit/VOC2007/JPEGImages/009788.jpg,bicycle,bicycle,"[""bicycle"",""tvmonitor""]",3,1.0,0.5741687417030334,0.5848706364631653,0.21943223476409912,0.587328314781189,1
1202,006414,/Users/von/Projects/cci-local-recovery/rerun_workspace/data/voc2007/VOCdevkit/VOC2007/JPEGImages/006414.jpg,cow,cow,"[""cow"",""person""]",7,1.0,0.2152732014656067,0.21901477873325348,-0.12703879177570343,0.2256535142660141,2
1203,008694,/Users/von/Projects/cci-local-recovery/rerun_workspace/data/voc2007/VOCdevkit/VOC2007/JPEGImages/008694.jpg,car,car,"[""car"",""motorbike"",""person""]",5,0.0,0.30163756012916565,0.3066912591457367,-0.3513161242008209,0.019592732191085815,1
1204,007267,/Users/von/Projects/cci-local-recovery/rerun_workspace/data/voc2007/VOCdevkit/VOC2007/JPEGImages/007267.jpg,aeroplane,aeroplane,"[""aeroplane"",""car"",""person""]",5,0.9714285731315613,0.4130496084690094,0.4205915927886963,-0.1682906150817871,1.5463166236877441,1
1205,009284,/Users/von/Projects/cci-local-recovery/rerun_workspace/data/voc2007/VOCdevkit/VOC2007/JPEGImages/009284.jpg,car,car,"[""car"",""person""]",4,0.0833333358168602,-0.10662166774272919,-0.10840802639722824,-0.06476268172264099,0.020852558314800262,1
1206,006693,/Users/von/Projects/cci-local-recovery/rerun_workspace/data/voc2007/VOCdevkit/VOC2007/JPEGImages/006693.jpg,car,car,"[""car"",""person""]",1,0.0,0.16348916292190552,0.1662282943725586,-0.00541234016418457,0.1444537192583084,1
1207,005060,/Users/von/Projects/cci-local-recovery/rerun_workspace/data/voc2007/VOCdevkit/VOC2007/JPEGImages/005060.jpg,person,person,"[""person"",""chair""]",5,0.06666667014360428,0.467568576335907,0.4764269292354584,0.05187356472015381,0.19647181034088135,1
1208,006541,/Users/von/Projects/cci-local-recovery/rerun_workspace/data/voc2007/VOCdevkit/VOC2007/JPEGImages/006541.jpg,diningtable,diningtable,"[""diningtable"",""chair""]",5,0.9259259104728699,1.6886438131332397,1.711819052696228,2.1804869174957275,3.360126495361328,1
1209,002809,/Users/von/Projects/cci-local-recovery/rerun_workspace/data/voc2007/VOCdevkit/VOC2007/JPEGImages/002809.jpg,diningtable,diningtable,"[""diningtable"",""chair"",""sofa"",""tvmonitor""]",2,0.23943662643432617,0.5052976608276367,0.5122324228286743,-2.188668727874756,-0.2706536650657654,1
1210,009352,/Users/von/Projects/cci-local-recovery/rerun_workspace/data/voc2007/VOCdevkit/VOC2007/JPEGImages/009352.jpg,cat,cat,"[""cat"",""person""]",4,0.875,5.122872352600098,5.2197747230529785,3.8514814376831055,5.3002800941467285,1
1211,003182,/Users/von/Projects/cci-local-recovery/rerun_workspace/data/voc2007/VOCdevkit/VOC2007/JPEGImages/003182.jpg,horse,horse,"[""horse"",""person""]",3,1.0,-0.02257814072072506,-0.022928815335035324,-0.29500916600227356,0.6616645455360413,1
1212,004803,/Users/von/Projects/cci-local-recovery/rerun_workspace/data/voc2007/VOCdevkit/VOC2007/JPEGImages/004803.jpg,person,person,"[""person"",""horse""]",2,0.25,-0.010202068835496902,-0.010395352728664875,-0.08448576182126999,0.10154174268245697,1
1213,007948,/Users/von/Projects/cci-local-recovery/rerun_workspace/data/voc2007/VOCdevkit/VOC2007/JPEGImages/007948.jpg,car,car,"[""car"",""person""]",1,1.0,1.3236758708953857,1.3458529710769653,-0.7683144807815552,0.3111015558242798,1
1214,002488,/Users/von/Projects/cci-local-recovery/rerun_workspace/data/voc2007/VOCdevkit/VOC2007/JPEGImages/002488.jpg,motorbike,motorbike,"[""motorbike"",""person""]",5,1.0,0.3715165853500366,0.37791094183921814,-0.473792165517807,0.4313002824783325,1
1215,008089,/Users/von/Projects/cci-local-recovery/rerun_workspace/data/voc2007/VOCdevkit/VOC2007/JPEGImages/008089.jpg,cat,cat,"[""cat"",""bottle""]",3,0.8695651888847351,3.682349443435669,3.7520034313201904,2.4174394607543945,4.823705673217773,1
1216,009536,/Users/von/Projects/cci-local-recovery/rerun_workspace/data/voc2007/VOCdevkit/VOC2007/JPEGImages/009536.jpg,car,car,"[""car"",""person""]",2,0.27906978130340576,0.3401641845703125,0.34586337208747864,-0.7761216163635254,-0.042161136865615845,1
1217,004444,/Users/von/Projects/cci-local-recovery/rerun_workspace/data/voc2007/VOCdevkit/VOC2007/JPEGImages/004444.jpg,cat,cat,"[""cat"",""person""]",7,1.0,0.7369920015335083,0.7509326338768005,-0.3959657549858093,0.23233437538146973,1
1218,007627,/Users/von/Projects/cci-local-recovery/rerun_workspace/data/voc2007/VOCdevkit/VOC2007/JPEGImages/007627.jpg,person,person,"[""person"",""bicycle""]",6,0.0,0.744289219379425,0.7583901882171631,-0.18770533800125122,0.02403557300567627,1
1219,005192,/Users/von/Projects/cci-local-recovery/rerun_workspace/data/voc2007/VOCdevkit/VOC2007/JPEGImages/005192.jpg,car,car,"[""car"",""person""]",2,0.5769230723381042,0.0785033106803894,0.07981856912374496,-0.08598422259092331,0.19692419469356537,1
1220,008754,/Users/von/Projects/cci-local-recovery/rerun_workspace/data/voc2007/VOCdevkit/VOC2007/JPEGImages/008754.jpg,pottedplant,pottedplant,"[""pottedplant"",""chair"",""diningtable""]",0,0.523809552192688,1.3461430072784424,1.370939016342163,2.2182254791259766,2.7209649085998535,1
1221,000330,/Users/von/Projects/cci-local-recovery/rerun_workspace/data/voc2007/VOCdevkit/VOC2007/JPEGImages/000330.jpg,horse,horse,"[""horse"",""person""]",3,1.0,1.3990254402160645,1.4207545518875122,-0.2531386613845825,0.9773718118667603,1
1222,009444,/Users/von/Projects/cci-local-recovery/rerun_workspace/data/voc2007/VOCdevkit/VOC2007/JPEGImages/009444.jpg,diningtable,diningtable,"[""diningtable"",""chair""]",3,0.6785714030265808,1.0185376405715942,1.0325162410736084,-0.6272584199905396,0.5222086310386658,2
1223,008035,/Users/von/Projects/cci-local-recovery/rerun_workspace/data/voc2007/VOCdevkit/VOC2007/JPEGImages/008035.jpg,car,car,"[""car"",""person""]",5,0.21875,1.0086208581924438,1.0255194902420044,-0.32159578800201416,0.4474506974220276,1
1224,008111,/Users/von/Projects/cci-local-recovery/rerun_workspace/data/voc2007/VOCdevkit/VOC2007/JPEGImages/008111.jpg,cow,cow,"[""cow"",""person""]",3,1.0,3.367177724838257,3.425701141357422,2.1440043449401855,3.3740122318267822,1
1225,009313,/Users/von/Projects/cci-local-recovery/rerun_workspace/data/voc2007/VOCdevkit/VOC2007/JPEGImages/009313.jpg,chair,chair,"[""chair"",""pottedplant""]",5,0.8461538553237915,0.6070208549499512,0.6172997951507568,0.5042068958282471,0.7274425029754639,1
1226,007207,/Users/von/Projects/cci-local-recovery/rerun_workspace/data/voc2007/VOCdevkit/VOC2007/JPEGImages/007207.jpg,person,person,"[""person"",""chair"",""diningtable""]",4,1.0,0.4594673216342926,0.46817219257354736,-0.5350555181503296,0.16460639238357544,1
1227,009853,/Users/von/Projects/cci-local-recovery/rerun_workspace/data/voc2007/VOCdevkit/VOC2007/JPEGImages/009853.jpg,person,person,"[""person"",""chair"",""diningtable""]",0,0.8604651093482971,0.7393509149551392,0.7533583641052246,-0.07950562238693237,0.14023786783218384,1
1228,005835,/Users/von/Projects/cci-local-recovery/rerun_workspace/data/voc2007/VOCdevkit/VOC2007/JPEGImages/005835.jpg,car,car,"[""car"",""dog"",""person""]",2,1.0,0.5643340945243835,0.5737890601158142,0.03008401393890381,0.4270700216293335,1
1229,008593,/Users/von/Projects/cci-local-recovery/rerun_workspace/data/voc2007/VOCdevkit/VOC2007/JPEGImages/008593.jpg,horse,horse,"[""horse"",""car"",""person""]",7,0.125,0.1110563576221466,0.11278124153614044,-0.16739808022975922,0.03588345646858215,1
1230,009505,/Users/von/Projects/cci-local-recovery/rerun_workspace/data/voc2007/VOCdevkit/VOC2007/JPEGImages/009505.jpg,horse,horse,"[""horse"",""person""]",7,0.9090909361839294,0.5277959704399109,0.5359935164451599,0.1114332377910614,0.7565515041351318,1
1231,003414,/Users/von/Projects/cci-local-recovery/rerun_workspace/data/voc2007/VOCdevkit/VOC2007/JPEGImages/003414.jpg,car,car,"[""car"",""person""]",7,0.0,0.21544964611530304,0.21905933320522308,-0.521907389163971,-0.042920783162117004,1
1232,008937,/Users/von/Projects/cci-local-recovery/rerun_workspace/data/voc2007/VOCdevkit/VOC2007/JPEGImages/008937.jpg,pottedplant,pottedplant,"[""pottedplant"",""bird""]",6,0.7368420958518982,-0.1984809935092926,-0.2021370232105255,-0.06309705972671509,0.12545853853225708,1
1233,001424,/Users/von/Projects/cci-local-recovery/rerun_workspace/data/voc2007/VOCdevkit/VOC2007/JPEGImages/001424.jpg,bus,bus,"[""bus"",""person""]",4,1.0,1.0967210531234741,1.1186912059783936,0.6876951456069946,1.5001041889190674,1
1234,001431,/Users/von/Projects/cci-local-recovery/rerun_workspace/data/voc2007/VOCdevkit/VOC2007/JPEGImages/001431.jpg,diningtable,diningtable,"[""diningtable"",""bottle"",""person"",""sofa""]",3,0.7307692170143127,0.3398326337337494,0.34449654817581177,-0.02855655550956726,0.8712452054023743,1
1235,001613,/Users/von/Projects/cci-local-recovery/rerun_workspace/data/voc2007/VOCdevkit/VOC2007/JPEGImages/001613.jpg,bicycle,bicycle,"[""bicycle"",""car""]",1,0.9200000166893005,1.2737983465194702,1.297540545463562,-0.45515990257263184,0.27099812030792236,1
1236,009742,/Users/von/Projects/cci-local-recovery/rerun_workspace/data/voc2007/VOCdevkit/VOC2007/JPEGImages/009742.jpg,diningtable,diningtable,"[""diningtable"",""chair""]",0,0.6842105388641357,0.8935630917549133,0.9058265089988708,-0.7697704434394836,0.8080399632453918,1
1237,008256,/Users/von/Projects/cci-local-recovery/rerun_workspace/data/voc2007/VOCdevkit/VOC2007/JPEGImages/008256.jpg,horse,horse,"[""horse"",""person""]",1,1.0,-0.20891354978084564,-0.21215832233428955,0.4166533946990967,0.9990684986114502,1
1238,008678,/Users/von/Projects/cci-local-recovery/rerun_workspace/data/voc2007/VOCdevkit/VOC2007/JPEGImages/008678.jpg,person,person,"[""person"",""chair"",""sofa""]",3,0.970588207244873,0.8231825828552246,0.8387782573699951,-0.4560112953186035,1.5116336345672607,1
1239,000737,/Users/von/Projects/cci-local-recovery/rerun_workspace/data/voc2007/VOCdevkit/VOC2007/JPEGImages/000737.jpg,horse,horse,"[""horse"",""bird"",""bottle"",""pottedplant""]",4,0.15000000596046448,2.600222110748291,2.6406078338623047,2.2105746269226074,4.172580242156982,1
1240,007817,/Users/von/Projects/cci-local-recovery/rerun_workspace/data/voc2007/VOCdevkit/VOC2007/JPEGImages/007817.jpg,person,person,"[""person"",""chair""]",2,0.8999999761581421,0.10955490171909332,0.11163048446178436,-1.6539103984832764,-0.2670530676841736,1
1241,009478,/Users/von/Projects/cci-local-recovery/rerun_workspace/data/voc2007/VOCdevkit/VOC2007/JPEGImages/009478.jpg,chair,chair,"[""chair"",""person"",""tvmonitor""]",3,0.0,0.7809741497039795,0.7941986918449402,-0.3890295624732971,0.5711494088172913,1
1242,007169,/Users/von/Projects/cci-local-recovery/rerun_workspace/data/voc2007/VOCdevkit/VOC2007/JPEGImages/007169.jpg,aeroplane,aeroplane,"[""aeroplane"",""person""]",3,1.0,2.031061887741089,2.0681474208831787,0.17774999141693115,1.6043567657470703,1
1243,003490,/Users/von/Projects/cci-local-recovery/rerun_workspace/data/voc2007/VOCdevkit/VOC2007/JPEGImages/003490.jpg,dog,dog,"[""dog"",""chair""]",3,0.9838709831237793,4.0224833488464355,4.095551490783691,4.3458356857299805,5.854720115661621,1
1244,002414,/Users/von/Projects/cci-local-recovery/rerun_workspace/data/voc2007/VOCdevkit/VOC2007/JPEGImages/002414.jpg,sofa,sofa,"[""sofa"",""chair"",""pottedplant""]",4,0.18918919563293457,0.8681449890136719,0.883999764919281,0.7108243703842163,1.4235937595367432,1
1245,000886,/Users/von/Projects/cci-local-recovery/rerun_workspace/data/voc2007/VOCdevkit/VOC2007/JPEGImages/000886.jpg,person,person,"[""person"",""chair""]",6,1.0,0.411307692527771,0.41910016536712646,-0.027684181928634644,0.2764962315559387,1
1246,005545,/Users/von/Projects/cci-local-recovery/rerun_workspace/data/voc2007/VOCdevkit/VOC2007/JPEGImages/005545.jpg,chair,chair,"[""chair"",""sofa"",""tvmonitor""]",1,0.11764705926179886,1.371429443359375,1.3946524858474731,-0.1064985990524292,0.9128801822662354,1
1247,003770,/Users/von/Projects/cci-local-recovery/rerun_workspace/data/voc2007/VOCdevkit/VOC2007/JPEGImages/003770.jpg,diningtable,diningtable,"[""diningtable"",""chair""]",7,0.5454545617103577,0.07331965863704681,0.07432591170072556,-0.3720897436141968,0.48643580079078674,1
1248,006167,/Users/von/Projects/cci-local-recovery/rerun_workspace/data/voc2007/VOCdevkit/VOC2007/JPEGImages/006167.jpg,person,person,"[""person"",""dog""]",1,0.5581395626068115,0.04718633368611336,0.04808030650019646,0.2606375813484192,0.9143254160881042,1
1249,008357,/Users/von/Projects/cci-local-recovery/rerun_workspace/data/voc2007/VOCdevkit/VOC2007/JPEGImages/008357.jpg,bus,bus,"[""bus"",""car""]",2,0.35555556416511536,0.5669307112693787,0.5782878398895264,-0.17444580793380737,0.3229729235172272,2
1250,004697,/Users/von/Projects/cci-local-recovery/rerun_workspace/data/voc2007/VOCdevkit/VOC2007/JPEGImages/004697.jpg,car,car,"[""car"",""person""]",4,1.0,0.18118202686309814,0.18421758711338043,-0.11000661551952362,0.1317361742258072,1
1251,008488,/Users/von/Projects/cci-local-recovery/rerun_workspace/data/voc2007/VOCdevkit/VOC2007/JPEGImages/008488.jpg,bus,bus,"[""bus"",""car""]",1,0.8461538553237915,3.578753709793091,3.6504454612731934,2.5396885871887207,3.6649787425994873,1
1252,004511,/Users/von/Projects/cci-local-recovery/rerun_workspace/data/voc2007/VOCdevkit/VOC2007/JPEGImages/004511.jpg,cat,cat,"[""cat"",""person""]",6,0.6499999761581421,0.2603631615638733,0.2652880847454071,-0.03161272406578064,0.4068710207939148,1
1253,004716,/Users/von/Projects/cci-local-recovery/rerun_workspace/data/voc2007/VOCdevkit/VOC2007/JPEGImages/004716.jpg,person,person,"[""person"",""chair"",""tvmonitor""]",7,0.8888888955116272,-0.5846129059791565,-0.5956887602806091,-0.4576627314090729,0.6108627915382385,1
1254,007849,/Users/von/Projects/cci-local-recovery/rerun_workspace/data/voc2007/VOCdevkit/VOC2007/JPEGImages/007849.jpg,person,person,"[""person"",""tvmonitor""]",6,0.0,0.22448162734508514,0.22873455286026,-0.5427908897399902,0.16273069381713867,2
1255,002752,/Users/von/Projects/cci-local-recovery/rerun_workspace/data/voc2007/VOCdevkit/VOC2007/JPEGImages/002752.jpg,sofa,sofa,"[""sofa"",""car"",""tvmonitor""]",3,0.10000000149011612,0.6448791027069092,0.6566564440727234,-0.07277435064315796,0.3671741187572479,1
1256,005415,/Users/von/Projects/cci-local-recovery/rerun_workspace/data/voc2007/VOCdevkit/VOC2007/JPEGImages/005415.jpg,person,person,"[""person"",""cat""]",3,0.1111111119389534,0.4896806478500366,0.49895793199539185,-0.3218151926994324,0.0013789534568786621,1
1257,002317,/Users/von/Projects/cci-local-recovery/rerun_workspace/data/voc2007/VOCdevkit/VOC2007/JPEGImages/002317.jpg,bus,bus,"[""bus"",""person""]",3,0.9722222089767456,0.38601285219192505,0.39374569058418274,-0.06481543183326721,0.3547871708869934,1
1258,005299,/Users/von/Projects/cci-local-recovery/rerun_workspace/data/voc2007/VOCdevkit/VOC2007/JPEGImages/005299.jpg,horse,horse,"[""horse"",""person""]",3,1.0,0.8910784125328064,0.9049183130264282,-0.9013756513595581,0.1745712161064148,1
1259,004640,/Users/von/Projects/cci-local-recovery/rerun_workspace/data/voc2007/VOCdevkit/VOC2007/JPEGImages/004640.jpg,diningtable,diningtable,"[""diningtable"",""bottle"",""chair"",""person""]",3,1.0,0.8542762994766235,0.8660005331039429,-0.12779921293258667,0.2997906804084778,1
1260,009223,/Users/von/Projects/cci-local-recovery/rerun_workspace/data/voc2007/VOCdevkit/VOC2007/JPEGImages/009223.jpg,cow,cow,"[""cow"",""person""]",6,0.9166666865348816,7.444984436035156,7.574382305145264,4.254127502441406,7.329719543457031,1
1261,001403,/Users/von/Projects/cci-local-recovery/rerun_workspace/data/voc2007/VOCdevkit/VOC2007/JPEGImages/001403.jpg,bicycle,bicycle,"[""bicycle"",""car"",""person""]",7,1.0,5.252087116241455,5.349980354309082,2.5946948528289795,5.99125337600708,1
1262,002652,/Users/von/Projects/cci-local-recovery/rerun_workspace/data/voc2007/VOCdevkit/VOC2007/JPEGImages/002652.jpg,dog,dog,"[""dog"",""person""]",5,0.9259259104728699,3.741335391998291,3.8092966079711914,2.3753271102905273,5.718981742858887,1
1263,009125,/Users/von/Projects/cci-local-recovery/rerun_workspace/data/voc2007/VOCdevkit/VOC2007/JPEGImages/009125.jpg,person,person,"[""person"",""car""]",2,0.0,0.1617715209722519,0.16483637690544128,-0.23692095279693604,0.08731197565793991,1
1264,004402,/Users/von/Projects/cci-local-recovery/rerun_workspace/data/voc2007/VOCdevkit/VOC2007/JPEGImages/004402.jpg,bus,bus,"[""bus"",""person""]",1,1.0,0.6054141521453857,0.6175422072410583,0.7053095698356628,1.360421895980835,1
1265,003442,/Users/von/Projects/cci-local-recovery/rerun_workspace/data/voc2007/VOCdevkit/VOC2007/JPEGImages/003442.jpg,sofa,sofa,"[""sofa"",""pottedplant""]",7,1.0,0.9172744750976562,0.9340264797210693,-0.26953256130218506,0.5238440036773682,1
1266,001033,/Users/von/Projects/cci-local-recovery/rerun_workspace/data/voc2007/VOCdevkit/VOC2007/JPEGImages/001033.jpg,person,person,"[""person"",""bicycle""]",4,0.7368420958518982,0.17612411081790924,0.17946088314056396,0.43494173884391785,1.1644747257232666,1
1267,005226,/Users/von/Projects/cci-local-recovery/rerun_workspace/data/voc2007/VOCdevkit/VOC2007/JPEGImages/005226.jpg,person,person,"[""person"",""bottle"",""diningtable""]",3,0.25925925374031067,0.18343178927898407,0.18690700829029083,-0.6008318662643433,-0.22535119950771332,1
1268,003725,/Users/von/Projects/cci-local-recovery/rerun_workspace/data/voc2007/VOCdevkit/VOC2007/JPEGImages/003725.jpg,sofa,sofa,"[""sofa"",""bottle"",""person""]",2,0.18000000715255737,1.09036386013031,1.1102769374847412,-0.1819767951965332,0.6503065228462219,1
1269,007644,/Users/von/Projects/cci-local-recovery/rerun_workspace/data/voc2007/VOCdevkit/VOC2007/JPEGImages/007644.jpg,pottedplant,pottedplant,"[""pottedplant"",""chair"",""diningtable""]",6,0.9411764740943909,1.0943373441696167,1.1144951581954956,1.0542165040969849,1.779909610748291,1
1270,002167,/Users/von/Projects/cci-local-recovery/rerun_workspace/data/voc2007/VOCdevkit/VOC2007/JPEGImages/002167.jpg,diningtable,diningtable,"[""diningtable"",""cat"",""chair""]",3,0.5199999809265137,1.5921186208724976,1.613969087600708,0.23484396934509277,1.3425729274749756,1
1271,000341,/Users/von/Projects/cci-local-recovery/rerun_workspace/data/voc2007/VOCdevkit/VOC2007/JPEGImages/000341.jpg,car,car,"[""car"",""bus"",""person""]",3,0.0,0.8955487608909607,0.910552978515625,-0.2025916576385498,0.022060692310333252,1
1272,009529,/Users/von/Projects/cci-local-recovery/rerun_workspace/data/voc2007/VOCdevkit/VOC2007/JPEGImages/009529.jpg,person,person,"[""person"",""chair"",""diningtable""]",0,0.17391304671764374,0.18258441984653473,0.18604359030723572,-0.323551207780838,0.06604316830635071,1
1273,004043,/Users/von/Projects/cci-local-recovery/rerun_workspace/data/voc2007/VOCdevkit/VOC2007/JPEGImages/004043.jpg,car,car,"[""car"",""person""]",2,0.02631578966975212,0.01801653765141964,0.01831839047372341,-0.4469105303287506,0.004865048453211784,1
1274,001609,/Users/von/Projects/cci-local-recovery/rerun_workspace/data/voc2007/VOCdevkit/VOC2007/JPEGImages/001609.jpg,diningtable,diningtable,"[""diningtable"",""chair""]",3,1.0,0.08723223954439163,0.08842942863702774,-0.12265922874212265,0.15307727456092834,1
1275,000611,/Users/von/Projects/cci-local-recovery/rerun_workspace/data/voc2007/VOCdevkit/VOC2007/JPEGImages/000611.jpg,dog,dog,"[""dog"",""bottle""]",0,0.23529411852359772,0.48243048787117004,0.4911938011646271,-1.5159955024719238,0.3399941325187683,1
1276,004127,/Users/von/Projects/cci-local-recovery/rerun_workspace/data/voc2007/VOCdevkit/VOC2007/JPEGImages/004127.jpg,person,person,"[""person"",""bottle""]",5,0.0,0.09601543098688126,0.0978344976902008,-0.13043469190597534,-0.006328023970127106,2
1277,005010,/Users/von/Projects/cci-local-recovery/rerun_workspace/data/voc2007/VOCdevkit/VOC2007/JPEGImages/005010.jpg,sofa,sofa,"[""sofa"",""dog""]",1,0.44186046719551086,0.4985840916633606,0.5076896548271179,-0.33503276109695435,0.1901070475578308,1
1278,004330,/Users/von/Projects/cci-local-recovery/rerun_workspace/data/voc2007/VOCdevkit/VOC2007/JPEGImages/004330.jpg,bicycle,bicycle,"[""bicycle"",""person""]",3,0.7586206793785095,1.454276204109192,1.4813823699951172,2.0206692218780518,2.8318071365356445,1
1279,001657,/Users/von/Projects/cci-local-recovery/rerun_workspace/data/voc2007/VOCdevkit/VOC2007/JPEGImages/001657.jpg,person,person,"[""person"",""chair"",""dog""]",7,0.380952388048172,0.05896814912557602,0.06008533388376236,-0.28239113092422485,0.07603797316551208,1
1280,006659,/Users/von/Projects/cci-local-recovery/rerun_workspace/data/voc2007/VOCdevkit/VOC2007/JPEGImages/006659.jpg,person,person,"[""person"",""boat""]",3,0.0,0.26254886388778687,0.26752299070358276,-0.13753491640090942,0.00417211651802063,1
1281,004188,/Users/von/Projects/cci-local-recovery/rerun_workspace/data/voc2007/VOCdevkit/VOC2007/JPEGImages/004188.jpg,cat,cat,"[""cat"",""car""]",5,0.0,0.3251439332962036,0.3312942385673523,-0.44071751832962036,0.390112966299057,1
1282,005589,/Users/von/Projects/cci-local-recovery/rerun_workspace/data/voc2007/VOCdevkit/VOC2007/JPEGImages/005589.jpg,sofa,sofa,"[""sofa"",""chair"",""tvmonitor""]",5,1.0,1.7846903800964355,1.8172838687896729,0.5656390190124512,1.346214771270752,1
1283,005132,/Users/von/Projects/cci-local-recovery/rerun_workspace/data/voc2007/VOCdevkit/VOC2007/JPEGImages/005132.jpg,horse,horse,"[""horse"",""person""]",2,1.0,0.7054154872894287,0.7163717150688171,-0.6328880190849304,0.6849406361579895,1
1284,001318,/Users/von/Projects/cci-local-recovery/rerun_workspace/data/voc2007/VOCdevkit/VOC2007/JPEGImages/001318.jpg,bus,bus,"[""bus"",""car""]",6,0.4399999976158142,5.2483811378479,5.353519916534424,2.015923261642456,7.511443614959717,1
1285,002331,/Users/von/Projects/cci-local-recovery/rerun_workspace/data/voc2007/VOCdevkit/VOC2007/JPEGImages/002331.jpg,person,person,"[""person"",""car"",""horse""]",4,0.4193548262119293,0.22573775053024292,0.23001448810100555,-0.26032376289367676,0.1490687131881714,1
1286,005745,/Users/von/Projects/cci-local-recovery/rerun_workspace/data/voc2007/VOCdevkit/VOC2007/JPEGImages/005745.jpg,person,person,"[""person"",""chair""]",6,1.0,-0.1006256490945816,-0.10253205895423889,-0.2720511555671692,0.22647500038146973,3
1287,009593,/Users/von/Projects/cci-local-recovery/rerun_workspace/data/voc2007/VOCdevkit/VOC2007/JPEGImages/009593.jpg,car,car,"[""car"",""person""]",0,0.8965517282485962,5.1336774826049805,5.2196879386901855,3.057605266571045,5.150445461273193,1
1288,005174,/Users/von/Projects/cci-local-recovery/rerun_workspace/data/voc2007/VOCdevkit/VOC2007/JPEGImages/005174.jpg,diningtable,diningtable,"[""diningtable"",""chair"",""pottedplant""]",5,0.9583333134651184,1.6685526371002197,1.691452145576477,0.28726983070373535,0.8697559237480164,1
1289,004800,/Users/von/Projects/cci-local-recovery/rerun_workspace/data/voc2007/VOCdevkit/VOC2007/JPEGImages/004800.jpg,motorbike,motorbike,"[""motorbike"",""car"",""person""]",1,0.9729729890823364,6.051725387573242,6.155884742736816,4.368516445159912,5.763964653015137,1
1290,008481,/Users/von/Projects/cci-local-recovery/rerun_workspace/data/voc2007/VOCdevkit/VOC2007/JPEGImages/008481.jpg,chair,chair,"[""chair"",""car""]",2,0.19230769574642181,0.772161602973938,0.7852369546890259,-0.19820451736450195,0.1933315396308899,1
1291,003562,/Users/von/Projects/cci-local-recovery/rerun_workspace/data/voc2007/VOCdevkit/VOC2007/JPEGImages/003562.jpg,person,person,"[""person"",""horse""]",4,0.5714285969734192,0.4186185896396637,0.4265495538711548,-0.4426685571670532,0.041241198778152466,1
1292,000836,/Users/von/Projects/cci-local-recovery/rerun_workspace/data/voc2007/VOCdevkit/VOC2007/JPEGImages/000836.jpg,horse,horse,"[""horse"",""person""]",1,0.8999999761581421,6.768832683563232,6.873963832855225,3.5303056240081787,6.463864803314209,1
1293,000615,/Users/von/Projects/cci-local-recovery/rerun_workspace/data/voc2007/VOCdevkit/VOC2007/JPEGImages/000615.jpg,sofa,sofa,"[""sofa"",""person""]",4,0.27272728085517883,1.0015236139297485,1.0198142528533936,-0.9211257696151733,0.5292067527770996,1
1294,000539,/Users/von/Projects/cci-local-recovery/rerun_workspace/data/voc2007/VOCdevkit/VOC2007/JPEGImages/000539.jpg,person,person,"[""person"",""dog""]",2,1.0,1.1347476243972778,1.1562460660934448,-0.11816287040710449,1.5645134449005127,1
1295,003475,/Users/von/Projects/cci-local-recovery/rerun_workspace/data/voc2007/VOCdevkit/VOC2007/JPEGImages/003475.jpg,bus,bus,"[""bus"",""person""]",2,1.0,4.915213584899902,5.013678073883057,6.426218032836914,7.855767726898193,1
1296,001428,/Users/von/Projects/cci-local-recovery/rerun_workspace/data/voc2007/VOCdevkit/VOC2007/JPEGImages/001428.jpg,cat,cat,"[""cat"",""car""]",2,0.3448275923728943,0.44999465346336365,0.45850658416748047,-0.2057253122329712,0.23657718300819397,1
1297,001063,/Users/von/Projects/cci-local-recovery/rerun_workspace/data/voc2007/VOCdevkit/VOC2007/JPEGImages/001063.jpg,horse,horse,"[""horse"",""car"",""person""]",1,1.0,0.27748435735702515,0.28179413080215454,-0.31193870306015015,0.7196427583694458,1
1298,006365,/Users/von/Projects/cci-local-recovery/rerun_workspace/data/voc2007/VOCdevkit/VOC2007/JPEGImages/006365.jpg,horse,horse,"[""horse"",""person""]",6,1.0,0.22647105157375336,0.22998851537704468,-0.015021055936813354,0.5900129675865173,1
1299,003006,/Users/von/Projects/cci-local-recovery/rerun_workspace/data/voc2007/VOCdevkit/VOC2007/JPEGImages/003006.jpg,bus,bus,"[""bus"",""car""]",3,0.9354838728904724,2.1315834522247314,2.1742846965789795,1.501232624053955,2.3800816535949707,1
1300,004567,/Users/von/Projects/cci-local-recovery/rerun_workspace/data/voc2007/VOCdevkit/VOC2007/JPEGImages/004567.jpg,sofa,sofa,"[""sofa"",""chair""]",3,0.9268292784690857,2.4051012992858887,2.4490251541137695,1.8007938861846924,2.7401318550109863,1
1301,009561,/Users/von/Projects/cci-local-recovery/rerun_workspace/data/voc2007/VOCdevkit/VOC2007/JPEGImages/009561.jpg,person,person,"[""person"",""tvmonitor""]",7,0.0,0.19397787749767303,0.1976529061794281,-0.2870378792285919,-0.032620370388031006,1
1302,009119,/Users/von/Projects/cci-local-recovery/rerun_workspace/data/voc2007/VOCdevkit/VOC2007/JPEGImages/009119.jpg,car,car,"[""car"",""person""]",4,0.0,0.38334494829177856,0.389767587184906,-0.30812716484069824,0.0034517645835876465,2
1303,008414,/Users/von/Projects/cci-local-recovery/rerun_workspace/data/voc2007/VOCdevkit/VOC2007/JPEGImages/008414.jpg,car,car,"[""car"",""bottle""]",3,0.05000000074505806,0.1806497424840927,0.18367637693881989,-0.19880588352680206,0.0507260262966156,1
1304,001624,/Users/von/Projects/cci-local-recovery/rerun_workspace/data/voc2007/VOCdevkit/VOC2007/JPEGImages/001624.jpg,horse,horse,"[""horse"",""person""]",2,0.931034505367279,1.9186229705810547,1.9484223127365112,0.2194352149963379,1.4021964073181152,1
1305,002071,/Users/von/Projects/cci-local-recovery/rerun_workspace/data/voc2007/VOCdevkit/VOC2007/JPEGImages/002071.jpg,horse,horse,"[""horse"",""person""]",2,0.03999999910593033,0.7283455729484558,0.7396579384803772,-0.5744372010231018,0.032152771949768066,1
1306,005120,/Users/von/Projects/cci-local-recovery/rerun_workspace/data/voc2007/VOCdevkit/VOC2007/JPEGImages/005120.jpg,bicycle,bicycle,"[""bicycle"",""dog"",""person""]",5,1.0,0.5395854711532593,0.5496427416801453,0.7492693662643433,1.084282636642456,1
1307,008010,/Users/von/Projects/cci-local-recovery/rerun_workspace/data/voc2007/VOCdevkit/VOC2007/JPEGImages/008010.jpg,horse,horse,"[""horse"",""person"",""pottedplant""]",5,0.7777777910232544,0.04900520294904709,0.049766331911087036,-0.09684911370277405,2.547182321548462,1
1308,003881,/Users/von/Projects/cci-local-recovery/rerun_workspace/data/voc2007/VOCdevkit/VOC2007/JPEGImages/003881.jpg,dog,dog,"[""dog"",""chair""]",6,0.5,1.8532181978225708,1.8868818283081055,-0.7418584823608398,2.5326061248779297,1
1309,007404,/Users/von/Projects/cci-local-recovery/rerun_workspace/data/voc2007/VOCdevkit/VOC2007/JPEGImages/007404.jpg,person,person,"[""person"",""bottle"",""sofa""]",1,0.2222222238779068,0.16384783387184143,0.16695202887058258,-0.4278106689453125,-0.09293366968631744,1
1310,000856,/Users/von/Projects/cci-local-recovery/rerun_workspace/data/voc2007/VOCdevkit/VOC2007/JPEGImages/000856.jpg,diningtable,diningtable,"[""diningtable"",""chair"",""person""]",4,0.9375,0.92214435338974,0.9348000288009644,0.25583982467651367,0.7070049047470093,1
1311,006378,/Users/von/Projects/cci-local-recovery/rerun_workspace/data/voc2007/VOCdevkit/VOC2007/JPEGImages/006378.jpg,cow,cow,"[""cow"",""person""]",2,0.7894737124443054,4.457291126251221,4.534761428833008,3.825796127319336,5.339348793029785,1
1312,000058,/Users/von/Projects/cci-local-recovery/rerun_workspace/data/voc2007/VOCdevkit/VOC2007/JPEGImages/000058.jpg,motorbike,motorbike,"[""motorbike"",""person""]",7,1.0,0.8022012114524841,0.8160082697868347,0.298928439617157,0.9819920659065247,1
1313,001047,/Users/von/Projects/cci-local-recovery/rerun_workspace/data/voc2007/VOCdevkit/VOC2007/JPEGImages/001047.jpg,sofa,sofa,"[""sofa"",""bottle"",""person""]",1,0.7272727489471436,0.8473585247993469,0.8628336787223816,-1.189680576324463,-0.2621566653251648,1
1314,000377,/Users/von/Projects/cci-local-recovery/rerun_workspace/data/voc2007/VOCdevkit/VOC2007/JPEGImages/000377.jpg,diningtable,diningtable,"[""diningtable"",""chair"",""person""]",3,0.9599999785423279,0.3326750695705414,0.3372407555580139,0.07505527138710022,0.546103298664093,1
1315,005105,/Users/von/Projects/cci-local-recovery/rerun_workspace/data/voc2007/VOCdevkit/VOC2007/JPEGImages/005105.jpg,car,car,"[""car"",""person""]",7,1.0,0.9088230133056641,0.9240496158599854,-0.006606161594390869,1.0215740203857422,1
1316,005797,/Users/von/Projects/cci-local-recovery/rerun_workspace/data/voc2007/VOCdevkit/VOC2007/JPEGImages/005797.jpg,cow,cow,"[""cow"",""person""]",1,1.0,2.523336887359619,2.5671939849853516,2.6469850540161133,3.8017256259918213,1
1317,007969,/Users/von/Projects/cci-local-recovery/rerun_workspace/data/voc2007/VOCdevkit/VOC2007/JPEGImages/007969.jpg,person,person,"[""person"",""car"",""dog""]",3,0.23076923191547394,0.02491125464439392,0.02538321353495121,-0.8242259621620178,-0.08317401260137558,1
1318,002018,/Users/von/Projects/cci-local-recovery/rerun_workspace/data/voc2007/VOCdevkit/VOC2007/JPEGImages/002018.jpg,sofa,sofa,"[""sofa"",""person"",""pottedplant""]",2,1.0,2.077497959136963,2.115438938140869,1.0508942604064941,2.5134291648864746,1
1319,004428,/Users/von/Projects/cci-local-recovery/rerun_workspace/data/voc2007/VOCdevkit/VOC2007/JPEGImages/004428.jpg,person,person,"[""person"",""dog""]",0,0.5714285969734192,0.21535494923591614,0.2194349765777588,-0.084229975938797,0.09125307202339172,1
1320,004762,/Users/von/Projects/cci-local-recovery/rerun_workspace/data/voc2007/VOCdevkit/VOC2007/JPEGImages/004762.jpg,bus,bus,"[""bus"",""car"",""person""]",6,0.5199999809265137,0.020671958103775978,0.02108607068657875,-0.21748198568820953,0.023620324209332466,1
1321,002254,/Users/von/Projects/cci-local-recovery/rerun_workspace/data/voc2007/VOCdevkit/VOC2007/JPEGImages/002254.jpg,dog,dog,"[""dog"",""cat"",""person"",""sofa""]",1,1.0,2.2025258541107178,2.242534637451172,2.0484445095062256,2.6491506099700928,1
1322,008073,/Users/von/Projects/cci-local-recovery/rerun_workspace/data/voc2007/VOCdevkit/VOC2007/JPEGImages/008073.jpg,diningtable,diningtable,"[""diningtable"",""chair"",""person""]",3,0.8500000238418579,0.9275857210159302,0.9403160810470581,-0.13976705074310303,1.1343928575515747,2
1323,000339,/Users/von/Projects/cci-local-recovery/rerun_workspace/data/voc2007/VOCdevkit/VOC2007/JPEGImages/000339.jpg,person,person,"[""person"",""chair""]",7,0.9259259104728699,0.673684298992157,0.6864476203918457,-0.10613125562667847,0.5796650648117065,1
1324,009661,/Users/von/Projects/cci-local-recovery/rerun_workspace/data/voc2007/VOCdevkit/VOC2007/JPEGImages/009661.jpg,horse,horse,"[""horse"",""person""]",1,0.9545454382896423,2.189040422439575,2.2230398654937744,1.042054533958435,2.7153334617614746,1
1325,000126,/Users/von/Projects/cci-local-recovery/rerun_workspace/data/voc2007/VOCdevkit/VOC2007/JPEGImages/000126.jpg,diningtable,diningtable,"[""diningtable"",""chair"",""person""]",2,0.3913043439388275,0.41702762246131897,0.42275097966194153,-0.3422083556652069,0.1393691599369049,1
1326,009154,/Users/von/Projects/cci-local-recovery/rerun_workspace/data/voc2007/VOCdevkit/VOC2007/JPEGImages/009154.jpg,diningtable,diningtable,"[""diningtable"",""chair""]",1,0.9677419066429138,0.25042444467544556,0.25386130809783936,-0.2568184733390808,-0.0450286865234375,1
1327,006630,/Users/von/Projects/cci-local-recovery/rerun_workspace/data/voc2007/VOCdevkit/VOC2007/JPEGImages/006630.jpg,chair,chair,"[""chair"",""tvmonitor""]",6,0.19148936867713928,0.2475336194038391,0.2517251968383789,-1.3868370056152344,0.1982935518026352,1
1328,006577,/Users/von/Projects/cci-local-recovery/rerun_workspace/data/voc2007/VOCdevkit/VOC2007/JPEGImages/006577.jpg,aeroplane,aeroplane,"[""aeroplane"",""person""]",1,0.9090909361839294,0.12793698906898499,0.1302730143070221,-0.4829627573490143,0.7259242534637451,1
1329,003314,/Users/von/Projects/cci-local-recovery/rerun_workspace/data/voc2007/VOCdevkit/VOC2007/JPEGImages/003314.jpg,person,person,"[""person"",""chair"",""tvmonitor""]",7,1.0,0.6177293062210083,0.6294325590133667,-0.2570872902870178,0.5279445052146912,1
1330,007676,/Users/von/Projects/cci-local-recovery/rerun_workspace/data/voc2007/VOCdevkit/VOC2007/JPEGImages/007676.jpg,aeroplane,aeroplane,"[""aeroplane"",""car"",""person""]",7,1.0,0.21239826083183289,0.21627649664878845,0.006217882037162781,0.3611844778060913,1
1331,005759,/Users/von/Projects/cci-local-recovery/rerun_workspace/data/voc2007/VOCdevkit/VOC2007/JPEGImages/005759.jpg,motorbike,motorbike,"[""motorbike"",""person""]",0,0.7142857313156128,1.5248817205429077,1.5511271953582764,2.328925609588623,3.887657403945923,1
1332,003649,/Users/von/Projects/cci-local-recovery/rerun_workspace/data/voc2007/VOCdevkit/VOC2007/JPEGImages/003649.jpg,diningtable,diningtable,"[""diningtable"",""bottle"",""person"",""pottedplant""]",5,0.0,0.4187897741794586,0.4245373010635376,-0.019562363624572754,0.1513606607913971,1
1333,009095,/Users/von/Projects/cci-local-recovery/rerun_workspace/data/voc2007/VOCdevkit/VOC2007/JPEGImages/009095.jpg,diningtable,diningtable,"[""diningtable"",""chair"",""sofa""]",7,0.9375,1.9143671989440918,1.9406403303146362,1.5514070987701416,1.7904640436172485,1
1334,009345,/Users/von/Projects/cci-local-recovery/rerun_workspace/data/voc2007/VOCdevkit/VOC2007/JPEGImages/009345.jpg,sofa,sofa,"[""sofa"",""person""]",2,0.6716417670249939,0.33108294010162354,0.3371294438838959,0.12321773171424866,1.3756455183029175,1
1335,003578,/Users/von/Projects/cci-local-recovery/rerun_workspace/data/voc2007/VOCdevkit/VOC2007/JPEGImages/003578.jpg,motorbike,motorbike,"[""motorbike"",""car"",""person""]",0,1.0,0.7310418486595154,0.7436241507530212,-1.5526573657989502,0.34614208340644836,1
1336,001712,/Users/von/Projects/cci-local-recovery/rerun_workspace/data/voc2007/VOCdevkit/VOC2007/JPEGImages/001712.jpg,person,person,"[""person"",""chair"",""pottedplant""]",2,0.11538461595773697,0.02261466346681118,0.023043110966682434,-0.3515041470527649,-0.09704684466123581,1
1337,002971,/Users/von/Projects/cci-local-recovery/rerun_workspace/data/voc2007/VOCdevkit/VOC2007/JPEGImages/002971.jpg,aeroplane,aeroplane,"[""aeroplane"",""person""]",2,1.0,2.3635852336883545,2.406742572784424,1.5690157413482666,3.806269884109497,1
1338,009041,/Users/von/Projects/cci-local-recovery/rerun_workspace/data/voc2007/VOCdevkit/VOC2007/JPEGImages/009041.jpg,motorbike,motorbike,"[""motorbike"",""person""]",5,0.2142857164144516,0.08224140852689743,0.083656907081604,-0.30858996510505676,0.05681321769952774,1
1339,000961,/Users/von/Projects/cci-local-recovery/rerun_workspace/data/voc2007/VOCdevkit/VOC2007/JPEGImages/000961.jpg,tvmonitor,tvmonitor,"[""tvmonitor"",""car""]",4,0.5909090638160706,7.191495418548584,7.366363048553467,5.071084976196289,6.871798515319824,1
1340,009559,/Users/von/Projects/cci-local-recovery/rerun_workspace/data/voc2007/VOCdevkit/VOC2007/JPEGImages/009559.jpg,bicycle,bicycle,"[""bicycle"",""person""]",3,0.875,3.0803096294403076,3.137723207473755,1.7291886806488037,3.4538538455963135,1
1341,002204,/Users/von/Projects/cci-local-recovery/rerun_workspace/data/voc2007/VOCdevkit/VOC2007/JPEGImages/002204.jpg,horse,horse,"[""horse"",""person""]",2,0.9583333134651184,0.9579970240592957,0.972876250743866,0.20053952932357788,0.7353228330612183,1
1342,009122,/Users/von/Projects/cci-local-recovery/rerun_workspace/data/voc2007/VOCdevkit/VOC2007/JPEGImages/009122.jpg,bus,bus,"[""bus"",""car"",""person""]",7,1.0,3.806511878967285,3.8827662467956543,2.3630917072296143,3.3527607917785645,1
1343,003764,/Users/von/Projects/cci-local-recovery/rerun_workspace/data/voc2007/VOCdevkit/VOC2007/JPEGImages/003764.jpg,horse,horse,"[""horse"",""person""]",2,0.9615384340286255,0.60429447889328,0.6136801242828369,-0.8135366439819336,0.01058971881866455,1
1344,009276,/Users/von/Projects/cci-local-recovery/rerun_workspace/data/voc2007/VOCdevkit/VOC2007/JPEGImages/009276.jpg,sofa,sofa,"[""sofa"",""dog""]",3,0.8208954930305481,0.9849377870559692,1.0029255151748657,0.668765127658844,1.2875256538391113,1
1345,005196,/Users/von/Projects/cci-local-recovery/rerun_workspace/data/voc2007/VOCdevkit/VOC2007/JPEGImages/005196.jpg,sofa,sofa,"[""sofa"",""cat"",""chair"",""person"",""pottedplant""]",0,0.8478260636329651,0.9160110354423523,0.9327399730682373,-0.3129512071609497,0.9840795397758484,1
1346,002846,/Users/von/Projects/cci-local-recovery/rerun_workspace/data/voc2007/VOCdevkit/VOC2007/JPEGImages/002846.jpg,person,person,"[""person"",""chair""]",0,1.0,0.5848070383071899,0.5958865284919739,0.0023400187492370605,0.5443183183670044,1
1347,006882,/Users/von/Projects/cci-local-recovery/rerun_workspace/data/voc2007/VOCdevkit/VOC2007/JPEGImages/006882.jpg,car,car,"[""car"",""person""]",3,0.9523809552192688,0.32851871848106384,0.33402279019355774,-0.8724673986434937,0.9088505506515503,1
1348,000069,/Users/von/Projects/cci-local-recovery/rerun_workspace/data/voc2007/VOCdevkit/VOC2007/JPEGImages/000069.jpg,boat,boat,"[""boat"",""person""]",1,1.0,1.1000733375549316,1.1211833953857422,0.8307331800460815,1.707359790802002,1
1349,006165,/Users/von/Projects/cci-local-recovery/rerun_workspace/data/voc2007/VOCdevkit/VOC2007/JPEGImages/006165.jpg,bicycle,bicycle,"[""bicycle"",""person""]",5,0.4444444477558136,0.2576519548892975,0.2624543011188507,-0.16623201966285706,-0.02955526113510132,1
1350,004635,/Users/von/Projects/cci-local-recovery/rerun_workspace/data/voc2007/VOCdevkit/VOC2007/JPEGImages/004635.jpg,cow,cow,"[""cow"",""bird""]",3,1.0,4.166528701782227,4.238945484161377,2.730595588684082,4.472289085388184,1
1351,003579,/Users/von/Projects/cci-local-recovery/rerun_workspace/data/voc2007/VOCdevkit/VOC2007/JPEGImages/003579.jpg,person,person,"[""person"",""horse""]",5,0.38461539149284363,0.2492203265428543,0.25394195318222046,-0.022860080003738403,0.14524051547050476,1
1352,000429,/Users/von/Projects/cci-local-recovery/rerun_workspace/data/voc2007/VOCdevkit/VOC2007/JPEGImages/000429.jpg,person,person,"[""person"",""pottedplant""]",4,0.0,0.389692097902298,0.39707502722740173,-0.5898717641830444,-0.13155069947242737,2
1353,001446,/Users/von/Projects/cci-local-recovery/rerun_workspace/data/voc2007/VOCdevkit/VOC2007/JPEGImages/001446.jpg,motorbike,motorbike,"[""motorbike"",""person""]",2,0.3529411852359772,0.44286856055259705,0.4504909813404083,-0.5275759696960449,-0.194878488779068,1
1354,000226,/Users/von/Projects/cci-local-recovery/rerun_workspace/data/voc2007/VOCdevkit/VOC2007/JPEGImages/000226.jpg,diningtable,diningtable,"[""diningtable"",""chair"",""person""]",6,0.07999999821186066,0.8826456665992737,0.8947592377662659,-0.9941347241401672,0.252688467502594,1
1355,002322,/Users/von/Projects/cci-local-recovery/rerun_workspace/data/voc2007/VOCdevkit/VOC2007/JPEGImages/002322.jpg,diningtable,diningtable,"[""diningtable"",""chair""]",3,0.7368420958518982,1.720612645149231,1.7442265748977661,1.8270421028137207,2.536935806274414,1
1356,007510,/Users/von/Projects/cci-local-recovery/rerun_workspace/data/voc2007/VOCdevkit/VOC2007/JPEGImages/007510.jpg,bus,bus,"[""bus"",""car""]",4,0.9615384340286255,0.33808836340904236,0.34486114978790283,-1.0752009153366089,-0.4586615562438965,1
1357,003485,/Users/von/Projects/cci-local-recovery/rerun_workspace/data/voc2007/VOCdevkit/VOC2007/JPEGImages/003485.jpg,person,person,"[""person"",""diningtable""]",3,0.5789473652839661,0.4278164207935333,0.43592163920402527,-0.3070351183414459,-0.11337360739707947,1
1358,004030,/Users/von/Projects/cci-local-recovery/rerun_workspace/data/voc2007/VOCdevkit/VOC2007/JPEGImages/004030.jpg,bus,bus,"[""bus"",""car"",""person""]",1,0.7454545497894287,0.46617573499679565,0.4755144417285919,-0.46935781836509705,0.6631326675415039,1
1359,002583,/Users/von/Projects/cci-local-recovery/rerun_workspace/data/voc2007/VOCdevkit/VOC2007/JPEGImages/002583.jpg,aeroplane,aeroplane,"[""aeroplane"",""car""]",4,0.2083333283662796,0.41149628162384033,0.41900989413261414,-0.2263377606868744,0.0601421594619751,1
1360,006293,/Users/von/Projects/cci-local-recovery/rerun_workspace/data/voc2007/VOCdevkit/VOC2007/JPEGImages/006293.jpg,chair,chair,"[""chair"",""tvmonitor""]",7,0.0,0.3181852698326111,0.3235732316970825,-0.8540546894073486,-0.062305837869644165,1
1361,006327,/Users/von/Projects/cci-local-recovery/rerun_workspace/data/voc2007/VOCdevkit/VOC2007/JPEGImages/006327.jpg,bus,bus,"[""bus"",""car"",""person""]",0,0.07692307978868484,0.4903450906276703,0.500167965888977,-0.13291579484939575,0.2212837040424347,1
1362,008569,/Users/von/Projects/cci-local-recovery/rerun_workspace/data/voc2007/VOCdevkit/VOC2007/JPEGImages/008569.jpg,sofa,sofa,"[""sofa"",""person""]",0,0.7647058963775635,-0.22996264696121216,-0.23416242003440857,-2.855926513671875,0.14642009139060974,1
1363,001658,/Users/von/Projects/cci-local-recovery/rerun_workspace/data/voc2007/VOCdevkit/VOC2007/JPEGImages/001658.jpg,car,car,"[""car"",""motorbike""]",4,0.27272728085517883,0.025926008820533752,0.02636037766933441,-0.37323713302612305,-0.01586931198835373,1
1364,004944,/Users/von/Projects/cci-local-recovery/rerun_workspace/data/voc2007/VOCdevkit/VOC2007/JPEGImages/004944.jpg,bus,bus,"[""bus"",""person""]",3,1.0,5.626572608947754,5.739287376403809,2.053272247314453,4.920022010803223,1
1365,006477,/Users/von/Projects/cci-local-recovery/rerun_workspace/data/voc2007/VOCdevkit/VOC2007/JPEGImages/006477.jpg,person,person,"[""person"",""chair""]",1,0.05882352963089943,0.2967902421951294,0.30241310596466064,-1.1413804292678833,-0.0654703676700592,1
1366,005634,/Users/von/Projects/cci-local-recovery/rerun_workspace/data/voc2007/VOCdevkit/VOC2007/JPEGImages/005634.jpg,person,person,"[""person"",""bird""]",4,0.0,0.13589440286159515,0.13846899569034576,-1.0737072229385376,0.018453285098075867,2
1367,006059,/Users/von/Projects/cci-local-recovery/rerun_workspace/data/voc2007/VOCdevkit/VOC2007/JPEGImages/006059.jpg,motorbike,motorbike,"[""motorbike"",""person""]",0,1.0,5.721189975738525,5.819660186767578,2.3418564796447754,5.557305812835693,1
1368,005266,/Users/von/Projects/cci-local-recovery/rerun_workspace/data/voc2007/VOCdevkit/VOC2007/JPEGImages/005266.jpg,sofa,sofa,"[""sofa"",""chair"",""pottedplant""]",1,1.0,1.133049726486206,1.1537424325942993,0.6590374708175659,1.4155446290969849,1
1369,002430,/Users/von/Projects/cci-local-recovery/rerun_workspace/data/voc2007/VOCdevkit/VOC2007/JPEGImages/002430.jpg,cat,cat,"[""cat"",""tvmonitor""]",0,0.8965517282485962,0.35312432050704956,0.3598038852214813,-0.599889874458313,0.2736729383468628,1
1370,008762,/Users/von/Projects/cci-local-recovery/rerun_workspace/data/voc2007/VOCdevkit/VOC2007/JPEGImages/008762.jpg,person,person,"[""person"",""dog"",""sofa""]",5,0.9599999785423279,0.22598041594028473,0.23026174306869507,-0.5864377021789551,0.43713676929473877,1
1371,006226,/Users/von/Projects/cci-local-recovery/rerun_workspace/data/voc2007/VOCdevkit/VOC2007/JPEGImages/006226.jpg,diningtable,diningtable,"[""diningtable"",""chair"",""person""]",6,0.4545454680919647,0.5772944688796997,0.5852173566818237,-1.4281245470046997,0.1835961937904358,1
1372,009277,/Users/von/Projects/cci-local-recovery/rerun_workspace/data/voc2007/VOCdevkit/VOC2007/JPEGImages/009277.jpg,motorbike,motorbike,"[""motorbike"",""person""]",2,0.9142857193946838,1.7023991346359253,1.7316999435424805,1.0960769653320312,2.4695959091186523,1
1373,003052,/Users/von/Projects/cci-local-recovery/rerun_workspace/data/voc2007/VOCdevkit/VOC2007/JPEGImages/003052.jpg,person,person,"[""person"",""car""]",6,0.20000000298023224,0.47793081402778625,0.4869854748249054,0.05419299006462097,0.4915716052055359,1
1374,007444,/Users/von/Projects/cci-local-recovery/rerun_workspace/data/voc2007/VOCdevkit/VOC2007/JPEGImages/007444.jpg,person,person,"[""person"",""sheep""]",3,0.40740740299224854,1.0562846660614014,1.0762965679168701,-0.11903631687164307,0.3101775646209717,1
1375,005973,/Users/von/Projects/cci-local-recovery/rerun_workspace/data/voc2007/VOCdevkit/VOC2007/JPEGImages/005973.jpg,horse,horse,"[""horse"",""person""]",3,0.0476190485060215,-0.04122960940003395,-0.04186997190117836,-0.5388896465301514,0.05210636183619499,1
1376,005650,/Users/von/Projects/cci-local-recovery/rerun_workspace/data/voc2007/VOCdevkit/VOC2007/JPEGImages/005650.jpg,person,person,"[""person"",""pottedplant""]",2,0.2368421107530594,0.7127838730812073,0.7262879610061646,-0.3114461898803711,-0.019130706787109375,1
1377,008277,/Users/von/Projects/cci-local-recovery/rerun_workspace/data/voc2007/VOCdevkit/VOC2007/JPEGImages/008277.jpg,person,person,"[""person"",""tvmonitor""]",6,0.5813953280448914,0.7366544604301453,0.7506108283996582,-0.8589438199996948,0.008083343505859375,1
1378,002325,/Users/von/Projects/cci-local-recovery/rerun_workspace/data/voc2007/VOCdevkit/VOC2007/JPEGImages/002325.jpg,person,person,"[""person"",""bicycle""]",6,0.5,0.5667055249214172,0.5774421095848083,0.1336519420146942,0.6963526010513306,1
1379,003139,/Users/von/Projects/cci-local-recovery/rerun_workspace/data/voc2007/VOCdevkit/VOC2007/JPEGImages/003139.jpg,person,person,"[""person"",""chair"",""diningtable""]",2,0.6285714507102966,0.4674983024597168,0.47635531425476074,-0.22856301069259644,0.0842294692993164,1
1380,001452,/Users/von/Projects/cci-local-recovery/rerun_workspace/data/voc2007/VOCdevkit/VOC2007/JPEGImages/001452.jpg,person,person,"[""person"",""horse""]",7,0.6470588445663452,1.1941167116165161,1.2167398929595947,1.0988726615905762,2.9646100997924805,1
1381,002269,/Users/von/Projects/cci-local-recovery/rerun_workspace/data/voc2007/VOCdevkit/VOC2007/JPEGImages/002269.jpg,person,person,"[""person"",""horse""]",7,0.260869562625885,0.2650788426399231,0.2701009213924408,-0.3840348422527313,-0.11270773410797119,1
1382,008947,/Users/von/Projects/cci-local-recovery/rerun_workspace/data/voc2007/VOCdevkit/VOC2007/JPEGImages/008947.jpg,sofa,sofa,"[""sofa"",""chair"",""pottedplant"",""tvmonitor""]",7,0.4285714328289032,0.8446072936058044,0.8600322008132935,0.7583308219909668,1.0170527696609497,1
1383,007861,/Users/von/Projects/cci-local-recovery/rerun_workspace/data/voc2007/VOCdevkit/VOC2007/JPEGImages/007861.jpg,car,car,"[""car"",""person""]",2,1.0,0.27592799067497253,0.2805509567260742,-0.21278932690620422,0.5202293395996094,1
1384,006986,/Users/von/Projects/cci-local-recovery/rerun_workspace/data/voc2007/VOCdevkit/VOC2007/JPEGImages/006986.jpg,person,person,"[""person"",""bus""]",3,1.0,0.2778787314891815,0.2831433117389679,-0.3281862437725067,-0.09370487928390503,1
1385,005560,/Users/von/Projects/cci-local-recovery/rerun_workspace/data/voc2007/VOCdevkit/VOC2007/JPEGImages/005560.jpg,bicycle,bicycle,"[""bicycle"",""person""]",3,0.9210526347160339,1.9530820846557617,1.9894853830337524,0.3177133798599243,1.9584189653396606,1
1386,003768,/Users/von/Projects/cci-local-recovery/rerun_workspace/data/voc2007/VOCdevkit/VOC2007/JPEGImages/003768.jpg,bicycle,bicycle,"[""bicycle"",""person""]",2,0.9411764740943909,2.010279655456543,2.0477490425109863,0.8114281892776489,1.9078950881958008,1
1387,005967,/Users/von/Projects/cci-local-recovery/rerun_workspace/data/voc2007/VOCdevkit/VOC2007/JPEGImages/005967.jpg,horse,horse,"[""horse"",""person""]",3,1.0,0.7080851793289185,0.7190828919410706,0.49535441398620605,0.9755614399909973,1
1388,008839,/Users/von/Projects/cci-local-recovery/rerun_workspace/data/voc2007/VOCdevkit/VOC2007/JPEGImages/008839.jpg,person,person,"[""person"",""bicycle""]",1,0.6818181872367859,0.596990704536438,0.608301043510437,-0.7996989488601685,0.08334451913833618,1
1389,004745,/Users/von/Projects/cci-local-recovery/rerun_workspace/data/voc2007/VOCdevkit/VOC2007/JPEGImages/004745.jpg,car,car,"[""car"",""person""]",7,1.0,0.7531793713569641,0.7657982707023621,-0.26257675886154175,0.4993570148944855,1
1390,003583,/Users/von/Projects/cci-local-recovery/rerun_workspace/data/voc2007/VOCdevkit/VOC2007/JPEGImages/003583.jpg,horse,horse,"[""horse"",""person""]",3,0.5,0.24957109987735748,0.25344735383987427,-0.9083057045936584,-0.25660306215286255,1
1391,007017,/Users/von/Projects/cci-local-recovery/rerun_workspace/data/voc2007/VOCdevkit/VOC2007/JPEGImages/007017.jpg,person,person,"[""person"",""dog""]",1,1.0,0.39061713218688965,0.3980175852775574,0.016215264797210693,0.22198913991451263,1
1392,000840,/Users/von/Projects/cci-local-recovery/rerun_workspace/data/voc2007/VOCdevkit/VOC2007/JPEGImages/000840.jpg,sofa,sofa,"[""sofa"",""pottedplant""]",0,0.931034505367279,1.7624342441558838,1.794621229171753,0.916461706161499,1.6604013442993164,1
1393,007975,/Users/von/Projects/cci-local-recovery/rerun_workspace/data/voc2007/VOCdevkit/VOC2007/JPEGImages/007975.jpg,horse,horse,"[""horse"",""person""]",0,0.25,1.0236886739730835,1.039588212966919,0.09843754768371582,0.4281423091888428,1
1394,003388,/Users/von/Projects/cci-local-recovery/rerun_workspace/data/voc2007/VOCdevkit/VOC2007/JPEGImages/003388.jpg,person,person,"[""person"",""bicycle""]",7,1.0,0.15275833010673523,0.15565241873264313,-0.3748010993003845,0.12444543093442917,1
1395,008537,/Users/von/Projects/cci-local-recovery/rerun_workspace/data/voc2007/VOCdevkit/VOC2007/JPEGImages/008537.jpg,aeroplane,aeroplane,"[""aeroplane"",""person""]",3,0.23333333432674408,0.14637377858161926,0.14904645085334778,-0.1458386778831482,0.06671979278326035,1
1396,003641,/Users/von/Projects/cci-local-recovery/rerun_workspace/data/voc2007/VOCdevkit/VOC2007/JPEGImages/003641.jpg,sofa,sofa,"[""sofa"",""person""]",0,1.0,1.6700671911239624,1.700567364692688,0.7555277943611145,1.699486494064331,1
1397,002925,/Users/von/Projects/cci-local-recovery/rerun_workspace/data/voc2007/VOCdevkit/VOC2007/JPEGImages/002925.jpg,person,person,"[""person"",""pottedplant""]",3,0.8983050584793091,0.7424993515014648,0.7565664052963257,-0.4631849527359009,0.19241732358932495,1
1398,004927,/Users/von/Projects/cci-local-recovery/rerun_workspace/data/voc2007/VOCdevkit/VOC2007/JPEGImages/004927.jpg,car,car,"[""car"",""person""]",4,1.0,0.3555176854133606,0.36147409677505493,-0.7504633069038391,0.4725472033023834,1
1399,006546,/Users/von/Projects/cci-local-recovery/rerun_workspace/data/voc2007/VOCdevkit/VOC2007/JPEGImages/006546.jpg,diningtable,diningtable,"[""diningtable"",""chair"",""person""]",3,0.6428571343421936,1.0714997053146362,1.0862051248550415,-1.6113933324813843,0.21289551258087158,1
1400,007912,/Users/von/Projects/cci-local-recovery/rerun_workspace/data/voc2007/VOCdevkit/VOC2007/JPEGImages/007912.jpg,bus,bus,"[""bus"",""person""]",2,0.14814814925193787,0.10636915266513824,0.10850000381469727,-0.14788374304771423,0.23371382057666779,1
1401,008802,/Users/von/Projects/cci-local-recovery/rerun_workspace/data/voc2007/VOCdevkit/VOC2007/JPEGImages/008802.jpg,horse,horse,"[""horse"",""person""]",1,1.0,1.3649437427520752,1.3861435651779175,0.6936817765235901,1.8416286706924438,1
1402,007384,/Users/von/Projects/cci-local-recovery/rerun_workspace/data/voc2007/VOCdevkit/VOC2007/JPEGImages/007384.jpg,dog,dog,"[""dog"",""chair""]",0,1.0,0.2849971055984497,0.29017406702041626,-0.35737699270248413,0.20196983218193054,1
1403,005870,/Users/von/Projects/cci-local-recovery/rerun_workspace/data/voc2007/VOCdevkit/VOC2007/JPEGImages/005870.jpg,bus,bus,"[""bus"",""car"",""person""]",2,0.03125,0.3776870369911194,0.38525310158729553,-0.2841474711894989,0.1768791526556015,1
1404,008405,/Users/von/Projects/cci-local-recovery/rerun_workspace/data/voc2007/VOCdevkit/VOC2007/JPEGImages/008405.jpg,tvmonitor,tvmonitor,"[""tvmonitor"",""bottle""]",5,0.23529411852359772,0.5641884803771973,0.5779072642326355,0.1165580153465271,0.4129686951637268,1
1405,006861,/Users/von/Projects/cci-local-recovery/rerun_workspace/data/voc2007/VOCdevkit/VOC2007/JPEGImages/006861.jpg,person,person,"[""person"",""bicycle"",""pottedplant""]",1,0.03846153989434242,0.6411997675895691,0.6533476710319519,-1.1175642013549805,0.27289527654647827,1
1406,008686,/Users/von/Projects/cci-local-recovery/rerun_workspace/data/voc2007/VOCdevkit/VOC2007/JPEGImages/008686.jpg,person,person,"[""person"",""bottle"",""tvmonitor""]",6,0.09090909361839294,0.20707577466964722,0.21099893748760223,-0.3032010793685913,0.09639028459787369,1
1407,005827,/Users/von/Projects/cci-local-recovery/rerun_workspace/data/voc2007/VOCdevkit/VOC2007/JPEGImages/005827.jpg,chair,chair,"[""chair"",""tvmonitor""]",6,0.931034505367279,1.249913215637207,1.2710784673690796,0.7473768591880798,1.2363346815109253,1
1408,000444,/Users/von/Projects/cci-local-recovery/rerun_workspace/data/voc2007/VOCdevkit/VOC2007/JPEGImages/000444.jpg,boat,boat,"[""boat"",""person""]",6,0.37931033968925476,0.5814927220344543,0.5926513671875,0.10994964838027954,0.29060566425323486,1
1409,006207,/Users/von/Projects/cci-local-recovery/rerun_workspace/data/voc2007/VOCdevkit/VOC2007/JPEGImages/006207.jpg,horse,horse,"[""horse"",""person""]",5,1.0,2.1891627311706543,2.2231640815734863,0.4245370626449585,1.781785249710083,1
1410,004877,/Users/von/Projects/cci-local-recovery/rerun_workspace/data/voc2007/VOCdevkit/VOC2007/JPEGImages/004877.jpg,bird,bird,"[""bird"",""person""]",1,0.9130434989929199,5.709529399871826,5.810840129852295,4.447213649749756,7.392808437347412,1
1411,004299,/Users/von/Projects/cci-local-recovery/rerun_workspace/data/voc2007/VOCdevkit/VOC2007/JPEGImages/004299.jpg,boat,boat,"[""boat"",""person""]",6,1.0,0.6263591647148132,0.6383787989616394,-0.5514402985572815,0.27496325969696045,1
1412,002638,/Users/von/Projects/cci-local-recovery/rerun_workspace/data/voc2007/VOCdevkit/VOC2007/JPEGImages/002638.jpg,chair,chair,"[""chair"",""tvmonitor""]",2,0.13513512909412384,1.1761870384216309,1.1961039304733276,-0.8902362585067749,-0.19349193572998047,1
1413,001165,/Users/von/Projects/cci-local-recovery/rerun_workspace/data/voc2007/VOCdevkit/VOC2007/JPEGImages/001165.jpg,person,person,"[""person"",""bicycle""]",6,0.0,0.15248847007751465,0.15537744760513306,-5.119314193725586,-0.8300281167030334,1
1414,002246,/Users/von/Projects/cci-local-recovery/rerun_workspace/data/voc2007/VOCdevkit/VOC2007/JPEGImages/002246.jpg,aeroplane,aeroplane,"[""aeroplane"",""person""]",6,1.0,0.19866366684436798,0.2022911161184311,-0.5954609513282776,0.002931356430053711,2
1415,008510,/Users/von/Projects/cci-local-recovery/rerun_workspace/data/voc2007/VOCdevkit/VOC2007/JPEGImages/008510.jpg,sofa,sofa,"[""sofa"",""person""]",3,0.125,0.5663719773292542,0.5767155289649963,0.0945773720741272,0.2901102900505066,1
1416,006333,/Users/von/Projects/cci-local-recovery/rerun_workspace/data/voc2007/VOCdevkit/VOC2007/JPEGImages/006333.jpg,car,car,"[""car"",""person""]",1,0.3684210479259491,0.2809991240501404,0.285707026720047,-0.0955599844455719,0.026155591011047363,1
1417,006253,/Users/von/Projects/cci-local-recovery/rerun_workspace/data/voc2007/VOCdevkit/VOC2007/JPEGImages/006253.jpg,dog,dog,"[""dog"",""cat""]",4,0.930232584476471,2.174151659011841,2.2136449813842773,2.7186989784240723,4.592676162719727,1
1418,008505,/Users/von/Projects/cci-local-recovery/rerun_workspace/data/voc2007/VOCdevkit/VOC2007/JPEGImages/008505.jpg,person,person,"[""person"",""diningtable""]",6,0.0,0.07359227538108826,0.0749865248799324,-0.19931092858314514,0.03121626004576683,1
1419,009363,/Users/von/Projects/cci-local-recovery/rerun_workspace/data/voc2007/VOCdevkit/VOC2007/JPEGImages/009363.jpg,sofa,sofa,"[""sofa"",""person""]",5,0.800000011920929,1.3348702192306519,1.3592487573623657,0.44289571046829224,0.9133093357086182,1
1420,008155,/Users/von/Projects/cci-local-recovery/rerun_workspace/data/voc2007/VOCdevkit/VOC2007/JPEGImages/008155.jpg,sofa,sofa,"[""sofa"",""pottedplant""]",2,0.9487179517745972,2.451148748397827,2.4959137439727783,2.016080617904663,2.8841240406036377,1
1421,000346,/Users/von/Projects/cci-local-recovery/rerun_workspace/data/voc2007/VOCdevkit/VOC2007/JPEGImages/000346.jpg,person,person,"[""person"",""bottle""]",2,0.9428571462631226,1.5337964296340942,1.5628551244735718,-0.27944839000701904,0.7678412199020386,1
1422,004045,/Users/von/Projects/cci-local-recovery/rerun_workspace/data/voc2007/VOCdevkit/VOC2007/JPEGImages/004045.jpg,sofa,sofa,"[""sofa"",""chair"",""pottedplant""]",3,0.6666666865348816,0.6320100426673889,0.643552303314209,-0.7344640493392944,0.5119488835334778,1
1423,000643,/Users/von/Projects/cci-local-recovery/rerun_workspace/data/voc2007/VOCdevkit/VOC2007/JPEGImages/000643.jpg,person,person,"[""person"",""motorbike""]",1,0.0,0.2881207764148712,0.2935793995857239,0.01927363872528076,0.17249667644500732,2
1424,001244,/Users/von/Projects/cci-local-recovery/rerun_workspace/data/voc2007/VOCdevkit/VOC2007/JPEGImages/001244.jpg,person,person,"[""person"",""bottle"",""chair""]",2,1.0,0.27033156156539917,0.2754531502723694,-0.30673468112945557,0.20112499594688416,1
1425,001812,/Users/von/Projects/cci-local-recovery/rerun_workspace/data/voc2007/VOCdevkit/VOC2007/JPEGImages/001812.jpg,person,person,"[""person"",""bottle"",""pottedplant""]",0,0.3888888955116272,1.8753265142440796,1.9108556509017944,2.3314199447631836,3.7037193775177,1
1426,002655,/Users/von/Projects/cci-local-recovery/rerun_workspace/data/voc2007/VOCdevkit/VOC2007/JPEGImages/002655.jpg,horse,horse,"[""horse"",""person""]",7,0.9629629850387573,0.9278574585914612,0.9422686100006104,0.7751177549362183,1.4068341255187988,1
1427,007319,/Users/von/Projects/cci-local-recovery/rerun_workspace/data/voc2007/VOCdevkit/VOC2007/JPEGImages/007319.jpg,pottedplant,pottedplant,"[""pottedplant"",""chair"",""person"",""sofa""]",0,1.0,5.152543067932129,5.247453212738037,5.626821041107178,7.836391448974609,1
1428,004637,/Users/von/Projects/cci-local-recovery/rerun_workspace/data/voc2007/VOCdevkit/VOC2007/JPEGImages/004637.jpg,person,person,"[""person"",""bicycle""]",0,0.7894737124443054,0.01910819485783577,0.0194702111184597,0.4015022814273834,0.9997370839118958,1
1429,005357,/Users/von/Projects/cci-local-recovery/rerun_workspace/data/voc2007/VOCdevkit/VOC2007/JPEGImages/005357.jpg,car,car,"[""car"",""person""]",4,1.0,0.9518231749534607,0.9677702188491821,0.9396318197250366,1.3528064489364624,1
1430,008451,/Users/von/Projects/cci-local-recovery/rerun_workspace/data/voc2007/VOCdevkit/VOC2007/JPEGImages/008451.jpg,person,person,"[""person"",""car"",""tvmonitor""]",3,0.18918919563293457,0.7830991744995117,0.797935426235199,-0.6087639927864075,0.3489152789115906,1
1431,003029,/Users/von/Projects/cci-local-recovery/rerun_workspace/data/voc2007/VOCdevkit/VOC2007/JPEGImages/003029.jpg,sofa,sofa,"[""sofa"",""person"",""pottedplant""]",2,1.0,1.196640133857727,1.218494176864624,1.0002710819244385,1.4905633926391602,1
1432,007368,/Users/von/Projects/cci-local-recovery/rerun_workspace/data/voc2007/VOCdevkit/VOC2007/JPEGImages/007368.jpg,motorbike,motorbike,"[""motorbike"",""car"",""person""]",5,0.20000000298023224,0.5430508852005005,0.552397608757019,-0.7671126127243042,-0.06909388303756714,1
1433,002469,/Users/von/Projects/cci-local-recovery/rerun_workspace/data/voc2007/VOCdevkit/VOC2007/JPEGImages/002469.jpg,person,person,"[""person"",""tvmonitor""]",2,1.0,1.17051362991333,1.1926896572113037,-1.7439639568328857,0.7937644124031067,1
1434,008491,/Users/von/Projects/cci-local-recovery/rerun_workspace/data/voc2007/VOCdevkit/VOC2007/JPEGImages/008491.jpg,person,person,"[""person"",""dog""]",7,0.0,0.34856879711151123,0.35517263412475586,-0.8394006490707397,-0.1157776415348053,1
1435,003989,/Users/von/Projects/cci-local-recovery/rerun_workspace/data/voc2007/VOCdevkit/VOC2007/JPEGImages/003989.jpg,person,person,"[""person"",""motorbike""]",5,0.8095238208770752,0.4510457515716553,0.4595910608768463,-0.5226784944534302,0.0669894814491272,1
1436,009766,/Users/von/Projects/cci-local-recovery/rerun_workspace/data/voc2007/VOCdevkit/VOC2007/JPEGImages/009766.jpg,sofa,sofa,"[""sofa"",""person""]",3,0.6538461446762085,0.6169237494468689,0.6281905174255371,-2.037093162536621,0.2617262601852417,1
1437,005464,/Users/von/Projects/cci-local-recovery/rerun_workspace/data/voc2007/VOCdevkit/VOC2007/JPEGImages/005464.jpg,diningtable,diningtable,"[""diningtable"",""chair"",""person""]",0,0.1428571492433548,0.22531412541866302,0.2284063696861267,-4.007206916809082,-0.21503525972366333,2
1438,005627,/Users/von/Projects/cci-local-recovery/rerun_workspace/data/voc2007/VOCdevkit/VOC2007/JPEGImages/005627.jpg,car,car,"[""car"",""chair""]",2,0.0,0.04784661531448364,0.04864824563264847,-0.5318217277526855,0.025011051446199417,1
1439,005997,/Users/von/Projects/cci-local-recovery/rerun_workspace/data/voc2007/VOCdevkit/VOC2007/JPEGImages/005997.jpg,dog,dog,"[""dog"",""tvmonitor""]",1,0.7777777910232544,3.8681976795196533,3.9384632110595703,4.420942783355713,5.74285888671875,1
1440,003113,/Users/von/Projects/cci-local-recovery/rerun_workspace/data/voc2007/VOCdevkit/VOC2007/JPEGImages/003113.jpg,pottedplant,pottedplant,"[""pottedplant"",""tvmonitor""]",2,0.8636363744735718,2.0986173152923584,2.1372740268707275,1.5304025411605835,2.0550127029418945,1
1441,006118,/Users/von/Projects/cci-local-recovery/rerun_workspace/data/voc2007/VOCdevkit/VOC2007/JPEGImages/006118.jpg,person,person,"[""person"",""bicycle""]",1,0.38461539149284363,0.030997030436992645,0.03158428519964218,-0.15418297052383423,0.08361341059207916,2
1442,004475,/Users/von/Projects/cci-local-recovery/rerun_workspace/data/voc2007/VOCdevkit/VOC2007/JPEGImages/004475.jpg,motorbike,motorbike,"[""motorbike"",""person""]",4,0.8928571343421936,0.48331713676452637,0.4916357398033142,0.2061360478401184,1.0004198551177979,1
1443,001085,/Users/von/Projects/cci-local-recovery/rerun_workspace/data/voc2007/VOCdevkit/VOC2007/JPEGImages/001085.jpg,car,car,"[""car"",""person""]",1,0.36666667461395264,0.6089536547660828,0.6191561818122864,-0.11615645885467529,0.08833050727844238,1
1444,001674,/Users/von/Projects/cci-local-recovery/rerun_workspace/data/voc2007/VOCdevkit/VOC2007/JPEGImages/001674.jpg,diningtable,diningtable,"[""diningtable"",""chair""]",7,0.0,0.6920164227485657,0.7015137672424316,-1.114197850227356,0.7772414684295654,1
1445,003778,/Users/von/Projects/cci-local-recovery/rerun_workspace/data/voc2007/VOCdevkit/VOC2007/JPEGImages/003778.jpg,cat,cat,"[""cat"",""pottedplant""]",2,1.0,0.5869731903076172,0.5980761647224426,0.03275012969970703,1.3336045742034912,1
1446,004250,/Users/von/Projects/cci-local-recovery/rerun_workspace/data/voc2007/VOCdevkit/VOC2007/JPEGImages/004250.jpg,diningtable,diningtable,"[""diningtable"",""chair""]",0,0.29729729890823364,0.14184154570102692,0.1437882035970688,-0.3318799138069153,0.18988867104053497,1
1447,008271,/Users/von/Projects/cci-local-recovery/rerun_workspace/data/voc2007/VOCdevkit/VOC2007/JPEGImages/008271.jpg,pottedplant,pottedplant,"[""pottedplant"",""car"",""person""]",5,0.9411764740943909,3.8906748294830322,3.96234130859375,3.7551374435424805,4.45329475402832,1
1448,001163,/Users/von/Projects/cci-local-recovery/rerun_workspace/data/voc2007/VOCdevkit/VOC2007/JPEGImages/001163.jpg,sofa,sofa,"[""sofa"",""chair"",""diningtable""]",5,0.6969696879386902,1.7326878309249878,1.764331579208374,0.8922492861747742,1.841840386390686,1
1449,003237,/Users/von/Projects/cci-local-recovery/rerun_workspace/data/voc2007/VOCdevkit/VOC2007/JPEGImages/003237.jpg,horse,horse,"[""horse"",""person""]",3,0.27272728085517883,0.03731358423829079,0.03789312392473221,-0.35713449120521545,-0.03780929744243622,1
1450,007645,/Users/von/Projects/cci-local-recovery/rerun_workspace/data/voc2007/VOCdevkit/VOC2007/JPEGImages/007645.jpg,motorbike,motorbike,"[""motorbike"",""person""]",3,1.0,0.4087221324443817,0.41575685143470764,-0.007118135690689087,0.47425001859664917,1
1451,005922,/Users/von/Projects/cci-local-recovery/rerun_workspace/data/voc2007/VOCdevkit/VOC2007/JPEGImages/005922.jpg,person,person,"[""person"",""pottedplant""]",3,1.0,3.249274730682373,3.3108341693878174,1.7076611518859863,3.322864294052124,1
1452,004289,/Users/von/Projects/cci-local-recovery/rerun_workspace/data/voc2007/VOCdevkit/VOC2007/JPEGImages/004289.jpg,person,person,"[""person"",""tvmonitor""]",4,1.0,0.20208092033863068,0.20590946078300476,-0.5413779020309448,0.16189001500606537,1
1453,001351,/Users/von/Projects/cci-local-recovery/rerun_workspace/data/voc2007/VOCdevkit/VOC2007/JPEGImages/001351.jpg,person,person,"[""person"",""chair""]",5,0.0833333358168602,0.8373711705207825,0.85323566198349,-0.6105801463127136,-0.006934225559234619,1
1454,008786,/Users/von/Projects/cci-local-recovery/rerun_workspace/data/voc2007/VOCdevkit/VOC2007/JPEGImages/008786.jpg,horse,horse,"[""horse"",""person""]",1,0.7647058963775635,3.4162166118621826,3.469275951385498,4.031411170959473,6.256402015686035,1
1455,000986,/Users/von/Projects/cci-local-recovery/rerun_workspace/data/voc2007/VOCdevkit/VOC2007/JPEGImages/000986.jpg,horse,horse,"[""horse"",""cow"",""person""]",3,0.9230769276618958,0.8155946135520935,0.8282620906829834,0.8504517674446106,1.7464247941970825,1
1456,000784,/Users/von/Projects/cci-local-recovery/rerun_workspace/data/voc2007/VOCdevkit/VOC2007/JPEGImages/000784.jpg,person,person,"[""person"",""pottedplant""]",2,0.17777778208255768,0.5098972320556641,0.519557535648346,-0.04026824235916138,0.3588118553161621,1
1457,008458,/Users/von/Projects/cci-local-recovery/rerun_workspace/data/voc2007/VOCdevkit/VOC2007/JPEGImages/008458.jpg,person,person,"[""person"",""bottle"",""pottedplant""]",7,0.10000000149011612,0.09719637781381607,0.09903781861066818,0.016015075147151947,0.12375176697969437,2
1458,004118,/Users/von/Projects/cci-local-recovery/rerun_workspace/data/voc2007/VOCdevkit/VOC2007/JPEGImages/004118.jpg,person,person,"[""person"",""bottle""]",2,0.08620689809322357,1.590094804763794,1.6202200651168823,-0.9797157049179077,-0.35684120655059814,1
1459,002475,/Users/von/Projects/cci-local-recovery/rerun_workspace/data/voc2007/VOCdevkit/VOC2007/JPEGImages/002475.jpg,person,person,"[""person"",""bicycle""]",2,0.0,0.334059476852417,0.3403884172439575,-0.5764955878257751,-0.2549024224281311,1
1460,001629,/Users/von/Projects/cci-local-recovery/rerun_workspace/data/voc2007/VOCdevkit/VOC2007/JPEGImages/001629.jpg,person,person,"[""person"",""chair"",""sofa""]",5,0.19230769574642181,0.40577468276023865,0.4134623110294342,-0.4141537845134735,-0.07122811675071716,1
1461,006340,/Users/von/Projects/cci-local-recovery/rerun_workspace/data/voc2007/VOCdevkit/VOC2007/JPEGImages/006340.jpg,car,car,"[""car"",""person""]",0,0.6800000071525574,1.3332613706588745,1.355599045753479,-0.3198941946029663,0.00982666015625,1
1462,002860,/Users/von/Projects/cci-local-recovery/rerun_workspace/data/voc2007/VOCdevkit/VOC2007/JPEGImages/002860.jpg,bicycle,bicycle,"[""bicycle"",""dog"",""person""]",2,0.8500000238418579,7.638983249664307,7.781365394592285,2.4873828887939453,6.736019134521484,1
1463,002694,/Users/von/Projects/cci-local-recovery/rerun_workspace/data/voc2007/VOCdevkit/VOC2007/JPEGImages/002694.jpg,person,person,"[""person"",""cat""]",7,1.0,-0.09164910763502121,-0.09338545054197311,-0.1479721963405609,0.22522211074829102,2
1464,004465,/Users/von/Projects/cci-local-recovery/rerun_workspace/data/voc2007/VOCdevkit/VOC2007/JPEGImages/004465.jpg,sofa,sofa,"[""sofa"",""dog"",""person""]",4,1.0,0.5133692622184753,0.5227448344230652,-4.560329914093018,0.2942019999027252,1
1465,000196,/Users/von/Projects/cci-local-recovery/rerun_workspace/data/voc2007/VOCdevkit/VOC2007/JPEGImages/000196.jpg,chair,chair,"[""chair"",""pottedplant""]",2,0.6285714507102966,2.035829782485962,2.070303440093994,1.3389657735824585,1.9967126846313477,1
1466,009294,/Users/von/Projects/cci-local-recovery/rerun_workspace/data/voc2007/VOCdevkit/VOC2007/JPEGImages/009294.jpg,chair,chair,"[""chair"",""person""]",4,0.9032257795333862,1.2621421813964844,1.2835146188735962,-0.2979238033294678,0.9823977947235107,1
1467,000749,/Users/von/Projects/cci-local-recovery/rerun_workspace/data/voc2007/VOCdevkit/VOC2007/JPEGImages/000749.jpg,diningtable,diningtable,"[""diningtable"",""chair""]",5,0.7222222089767456,0.3601660430431366,0.36510902643203735,-0.08903709053993225,0.6873841285705566,1
1468,003482,/Users/von/Projects/cci-local-recovery/rerun_workspace/data/voc2007/VOCdevkit/VOC2007/JPEGImages/003482.jpg,person,person,"[""person"",""bicycle""]",1,0.20000000298023224,0.16929051280021667,0.17249782383441925,-0.09807129204273224,0.0736711248755455,1
1469,002409,/Users/von/Projects/cci-local-recovery/rerun_workspace/data/voc2007/VOCdevkit/VOC2007/JPEGImages/002409.jpg,horse,horse,"[""horse"",""person""]",2,0.9318181872367859,0.6717627644538879,0.682196319103241,1.7103302478790283,3.2230052947998047,1
1470,000327,/Users/von/Projects/cci-local-recovery/rerun_workspace/data/voc2007/VOCdevkit/VOC2007/JPEGImages/000327.jpg,diningtable,diningtable,"[""diningtable"",""bottle"",""chair""]",1,0.6666666865348816,0.03187317028641701,0.032310601323843,-0.9044457077980042,-0.5496941208839417,1
1471,000666,/Users/von/Projects/cci-local-recovery/rerun_workspace/data/voc2007/VOCdevkit/VOC2007/JPEGImages/000666.jpg,horse,horse,"[""horse"",""person""]",7,0.0,0.5865028500556946,0.5956121683120728,-1.1343721151351929,-0.037882208824157715,1
1472,009084,/Users/von/Projects/cci-local-recovery/rerun_workspace/data/voc2007/VOCdevkit/VOC2007/JPEGImages/009084.jpg,motorbike,motorbike,"[""motorbike"",""chair"",""dog"",""person""]",2,0.9215686321258545,0.12814651429653168,0.13035210967063904,-0.7506552934646606,-0.024466589093208313,1
1473,005295,/Users/von/Projects/cci-local-recovery/rerun_workspace/data/voc2007/VOCdevkit/VOC2007/JPEGImages/005295.jpg,person,person,"[""person"",""chair""]",2,0.75,0.6564345359802246,0.6688710451126099,-0.2753075361251831,0.8029661178588867,1
1474,003153,/Users/von/Projects/cci-local-recovery/rerun_workspace/data/voc2007/VOCdevkit/VOC2007/JPEGImages/003153.jpg,diningtable,diningtable,"[""diningtable"",""person""]",3,0.9285714030265808,0.5004535913467407,0.5073218941688538,-1.1964383125305176,0.2202901542186737,1
1475,003981,/Users/von/Projects/cci-local-recovery/rerun_workspace/data/voc2007/VOCdevkit/VOC2007/JPEGImages/003981.jpg,person,person,"[""person"",""tvmonitor""]",3,0.9375,1.498882532119751,1.5272797346115112,-0.7429145574569702,0.3541707992553711,1
1476,000139,/Users/von/Projects/cci-local-recovery/rerun_workspace/data/voc2007/VOCdevkit/VOC2007/JPEGImages/000139.jpg,bicycle,bicycle,"[""bicycle"",""person""]",2,1.0,3.0727927684783936,3.130066156387329,1.133304238319397,2.1283748149871826,1
1477,007232,/Users/von/Projects/cci-local-recovery/rerun_workspace/data/voc2007/VOCdevkit/VOC2007/JPEGImages/007232.jpg,person,person,"[""person"",""bicycle""]",5,0.0,0.13788999617099762,0.14050240814685822,-0.1377435177564621,0.2465975284576416,2
1478,008963,/Users/von/Projects/cci-local-recovery/rerun_workspace/data/voc2007/VOCdevkit/VOC2007/JPEGImages/008963.jpg,person,person,"[""person"",""chair"",""diningtable""]",0,0.19230769574642181,0.06079079955816269,0.06194251775741577,-0.6515992879867554,-0.07541519403457642,1
1479,000866,/Users/von/Projects/cci-local-recovery/rerun_workspace/data/voc2007/VOCdevkit/VOC2007/JPEGImages/000866.jpg,horse,horse,"[""horse"",""person""]",1,0.9411764740943909,0.54780513048172,0.5563134551048279,-0.49520546197891235,0.2288561761379242,1
1480,006563,/Users/von/Projects/cci-local-recovery/rerun_workspace/data/voc2007/VOCdevkit/VOC2007/JPEGImages/006563.jpg,person,person,"[""person"",""sofa""]",3,0.4736842215061188,1.947180151939392,1.9840705394744873,0.5574048757553101,2.096585988998413,1
1481,007364,/Users/von/Projects/cci-local-recovery/rerun_workspace/data/voc2007/VOCdevkit/VOC2007/JPEGImages/007364.jpg,sofa,sofa,"[""sofa"",""chair"",""pottedplant""]",0,0.7678571343421936,2.000356674194336,2.036888837814331,1.0004488229751587,1.7935314178466797,1
1482,001511,/Users/von/Projects/cci-local-recovery/rerun_workspace/data/voc2007/VOCdevkit/VOC2007/JPEGImages/001511.jpg,car,car,"[""car"",""person""]",4,1.0,0.08687958121299744,0.08833517879247665,-0.8023863434791565,0.24049684405326843,1
1483,008996,/Users/von/Projects/cci-local-recovery/rerun_workspace/data/voc2007/VOCdevkit/VOC2007/JPEGImages/008996.jpg,person,person,"[""person"",""car"",""cat""]",4,0.90625,0.0836438536643982,0.08522853255271912,-0.7349828481674194,0.6054425239562988,1
1484,003591,/Users/von/Projects/cci-local-recovery/rerun_workspace/data/voc2007/VOCdevkit/VOC2007/JPEGImages/003591.jpg,pottedplant,pottedplant,"[""pottedplant"",""cat""]",0,0.0,0.9996568560600281,1.0180705785751343,0.11646920442581177,0.5628753900527954,1
1485,005808,/Users/von/Projects/cci-local-recovery/rerun_workspace/data/voc2007/VOCdevkit/VOC2007/JPEGImages/005808.jpg,person,person,"[""person"",""sofa"",""tvmonitor""]",3,1.0,0.3811093270778656,0.3883296549320221,-0.23024562001228333,0.23306745290756226,2
1486,006403,/Users/von/Projects/cci-local-recovery/rerun_workspace/data/voc2007/VOCdevkit/VOC2007/JPEGImages/006403.jpg,dog,dog,"[""dog"",""person""]",2,0.8181818127632141,0.4633607268333435,0.47177764773368835,-0.30918052792549133,0.11934345960617065,1
1487,005152,/Users/von/Projects/cci-local-recovery/rerun_workspace/data/voc2007/VOCdevkit/VOC2007/JPEGImages/005152.jpg,dog,dog,"[""dog"",""person""]",4,0.8333333134651184,0.16016966104507446,0.1630791276693344,-0.2133108228445053,0.014061689376831055,1
1488,002596,/Users/von/Projects/cci-local-recovery/rerun_workspace/data/voc2007/VOCdevkit/VOC2007/JPEGImages/002596.jpg,horse,horse,"[""horse"",""person""]",3,0.46666666865348816,0.6903988122940063,0.7011218070983887,-0.040033817291259766,0.19180136919021606,1
1489,008941,/Users/von/Projects/cci-local-recovery/rerun_workspace/data/voc2007/VOCdevkit/VOC2007/JPEGImages/008941.jpg,diningtable,diningtable,"[""diningtable"",""chair"",""person""]",3,0.1111111119389534,-0.12111908197402954,-0.12278133630752563,-1.2022373676300049,-0.3175855278968811,2
1490,004559,/Users/von/Projects/cci-local-recovery/rerun_workspace/data/voc2007/VOCdevkit/VOC2007/JPEGImages/004559.jpg,diningtable,diningtable,"[""diningtable"",""chair""]",3,0.42307692766189575,0.6176185607910156,0.6260948777198792,-0.39370888471603394,0.5853015184402466,1
1491,009951,/Users/von/Projects/cci-local-recovery/rerun_workspace/data/voc2007/VOCdevkit/VOC2007/JPEGImages/009951.jpg,train,train,"[""train"",""person""]",1,0.07999999821186066,0.5603011846542358,0.570191502571106,-0.4378393888473511,0.03407704830169678,1
1492,009222,/Users/von/Projects/cci-local-recovery/rerun_workspace/data/voc2007/VOCdevkit/VOC2007/JPEGImages/009222.jpg,chair,chair,"[""chair"",""sofa""]",0,0.9750000238418579,0.7243908047676086,0.7366572022438049,0.18075573444366455,0.7094519734382629,1
1493,007253,/Users/von/Projects/cci-local-recovery/rerun_workspace/data/voc2007/VOCdevkit/VOC2007/JPEGImages/007253.jpg,horse,horse,"[""horse"",""person""]",1,0.9259259104728699,1.52130925655365,1.5449376106262207,0.7547590732574463,1.4597833156585693,1
1494,009229,/Users/von/Projects/cci-local-recovery/rerun_workspace/data/voc2007/VOCdevkit/VOC2007/JPEGImages/009229.jpg,motorbike,motorbike,"[""motorbike"",""person""]",1,0.7179487347602844,5.78649377822876,5.886087894439697,4.016636371612549,7.710536479949951,1
1495,000059,/Users/von/Projects/cci-local-recovery/rerun_workspace/data/voc2007/VOCdevkit/VOC2007/JPEGImages/000059.jpg,person,person,"[""person"",""chair"",""tvmonitor""]",7,0.0,0.14727090299129486,0.15006104111671448,-0.09063686430454254,0.06313932687044144,1
1496,003070,/Users/von/Projects/cci-local-recovery/rerun_workspace/data/voc2007/VOCdevkit/VOC2007/JPEGImages/003070.jpg,car,car,"[""car"",""person""]",2,0.1111111119389534,0.06679923087358475,0.06791839748620987,-0.3269868791103363,-0.015404008328914642,1
1497,002397,/Users/von/Projects/cci-local-recovery/rerun_workspace/data/voc2007/VOCdevkit/VOC2007/JPEGImages/002397.jpg,person,person,"[""person"",""bicycle""]",5,0.0,0.3902825713157654,0.3976767063140869,-0.23835396766662598,0.06222963333129883,1
1498,002821,/Users/von/Projects/cci-local-recovery/rerun_workspace/data/voc2007/VOCdevkit/VOC2007/JPEGImages/002821.jpg,boat,boat,"[""boat"",""person""]",6,0.8636363744735718,1.7001699209213257,1.7327955961227417,1.1939599514007568,2.263298749923706,1
1499,001474,/Users/von/Projects/cci-local-recovery/rerun_workspace/data/voc2007/VOCdevkit/VOC2007/JPEGImages/001474.jpg,boat,boat,"[""boat"",""person""]",1,1.0,1.2350080013275146,1.2587074041366577,0.19956672191619873,1.3144198656082153,1
1500,005708,/Users/von/Projects/cci-local-recovery/rerun_workspace/data/voc2007/VOCdevkit/VOC2007/JPEGImages/005708.jpg,person,person,"[""person"",""car"",""motorbike""]",2,0.21212121844291687,0.3733018636703491,0.3803742825984955,-0.18992194533348083,0.07957035303115845,1
1501,008303,/Users/von/Projects/cci-local-recovery/rerun_workspace/data/voc2007/VOCdevkit/VOC2007/JPEGImages/008303.jpg,horse,horse,"[""horse"",""person""]",4,0.46666666865348816,0.18472062051296234,0.187589630484581,-0.13308469951152802,0.049628838896751404,1
1502,005184,/Users/von/Projects/cci-local-recovery/rerun_workspace/data/voc2007/VOCdevkit/VOC2007/JPEGImages/005184.jpg,person,person,"[""person"",""chair"",""pottedplant""]",2,0.3478260934352875,0.8579678535461426,0.8742225170135498,-0.5093615055084229,0.04596501588821411,1
1503,002686,/Users/von/Projects/cci-local-recovery/rerun_workspace/data/voc2007/VOCdevkit/VOC2007/JPEGImages/002686.jpg,motorbike,motorbike,"[""motorbike"",""person""]",3,0.10526315867900848,0.4807494580745697,0.4890238642692566,-0.12254053354263306,0.14182111620903015,1
1504,008551,/Users/von/Projects/cci-local-recovery/rerun_workspace/data/voc2007/VOCdevkit/VOC2007/JPEGImages/008551.jpg,bicycle,bicycle,"[""bicycle"",""person""]",0,0.970588207244873,0.5049619674682617,0.5143738985061646,-0.34191465377807617,0.8353481292724609,1
1505,000527,/Users/von/Projects/cci-local-recovery/rerun_workspace/data/voc2007/VOCdevkit/VOC2007/JPEGImages/000527.jpg,bicycle,bicycle,"[""bicycle"",""person""]",2,0.75,0.8513936400413513,0.8672626614570618,0.31947875022888184,1.2314534187316895,1
1506,002008,/Users/von/Projects/cci-local-recovery/rerun_workspace/data/voc2007/VOCdevkit/VOC2007/JPEGImages/002008.jpg,person,person,"[""person"",""bicycle""]",0,0.04545454680919647,-0.021911142393946648,-0.022326260805130005,-0.10843486338853836,0.09221851080656052,1
1507,004870,/Users/von/Projects/cci-local-recovery/rerun_workspace/data/voc2007/VOCdevkit/VOC2007/JPEGImages/004870.jpg,motorbike,motorbike,"[""motorbike"",""car"",""person""]",1,0.4047619104385376,0.4869673252105713,0.4953487515449524,-0.229458749294281,0.0768037736415863,1
1508,004642,/Users/von/Projects/cci-local-recovery/rerun_workspace/data/voc2007/VOCdevkit/VOC2007/JPEGImages/004642.jpg,person,person,"[""person"",""sheep""]",2,0.5,0.10314492881298065,0.10509906709194183,-1.5832926034927368,-0.25783205032348633,1
1509,008812,/Users/von/Projects/cci-local-recovery/rerun_workspace/data/voc2007/VOCdevkit/VOC2007/JPEGImages/008812.jpg,horse,horse,"[""horse"",""person""]",4,0.9722222089767456,3.7482800483703613,3.8064968585968018,2.14896821975708,3.2911911010742188,1
1510,004835,/Users/von/Projects/cci-local-recovery/rerun_workspace/data/voc2007/VOCdevkit/VOC2007/JPEGImages/004835.jpg,person,person,"[""person"",""bicycle""]",7,1.0,0.19798341393470764,0.20173431932926178,0.0036173760890960693,0.2295125275850296,1
1511,004213,/Users/von/Projects/cci-local-recovery/rerun_workspace/data/voc2007/VOCdevkit/VOC2007/JPEGImages/004213.jpg,motorbike,motorbike,"[""motorbike"",""person""]",5,1.0,4.833038806915283,4.91622257232666,3.77492356300354,5.260536193847656,1
1512,006823,/Users/von/Projects/cci-local-recovery/rerun_workspace/data/voc2007/VOCdevkit/VOC2007/JPEGImages/006823.jpg,motorbike,motorbike,"[""motorbike"",""person""]",4,0.5652173757553101,0.836046040058136,0.8504356145858765,-2.0589075088500977,-0.1748642921447754,1
1513,002950,/Users/von/Projects/cci-local-recovery/rerun_workspace/data/voc2007/VOCdevkit/VOC2007/JPEGImages/002950.jpg,person,person,"[""person"",""bottle""]",3,0.9333333373069763,0.39687174558639526,0.40439072251319885,-0.28033772110939026,0.7880070209503174,1
1514,005323,/Users/von/Projects/cci-local-recovery/rerun_workspace/data/voc2007/VOCdevkit/VOC2007/JPEGImages/005323.jpg,chair,chair,"[""chair"",""person""]",3,1.0,1.4234569072723389,1.4475609064102173,-0.14560675621032715,1.0035878419876099,1
1515,006663,/Users/von/Projects/cci-local-recovery/rerun_workspace/data/voc2007/VOCdevkit/VOC2007/JPEGImages/006663.jpg,diningtable,diningtable,"[""diningtable"",""chair"",""person""]",1,1.0,1.25175142288208,1.2689306735992432,0.7913929224014282,1.182382583618164,1
1516,001866,/Users/von/Projects/cci-local-recovery/rerun_workspace/data/voc2007/VOCdevkit/VOC2007/JPEGImages/001866.jpg,dog,dog,"[""dog"",""person""]",5,0.15000000596046448,1.0889687538146973,1.1087497472763062,-0.33650505542755127,0.22132527828216553,1
1517,001035,/Users/von/Projects/cci-local-recovery/rerun_workspace/data/voc2007/VOCdevkit/VOC2007/JPEGImages/001035.jpg,diningtable,diningtable,"[""diningtable"",""bottle"",""person"",""pottedplant""]",1,0.49295774102211,0.4698381721973419,0.4762863218784332,-1.8765820264816284,0.7513927221298218,1
1518,006493,/Users/von/Projects/cci-local-recovery/rerun_workspace/data/voc2007/VOCdevkit/VOC2007/JPEGImages/006493.jpg,car,car,"[""car"",""person""]",5,0.4166666567325592,0.5469520688056946,0.5561158061027527,-0.289334774017334,0.11395314335823059,1
1519,000458,/Users/von/Projects/cci-local-recovery/rerun_workspace/data/voc2007/VOCdevkit/VOC2007/JPEGImages/000458.jpg,person,person,"[""person"",""sheep""]",1,0.2222222238779068,0.2909088432788849,0.29642027616500854,-0.4880523085594177,-0.07647436857223511,1
1520,009149,/Users/von/Projects/cci-local-recovery/rerun_workspace/data/voc2007/VOCdevkit/VOC2007/JPEGImages/009149.jpg,car,car,"[""car"",""person""]",5,0.8461538553237915,0.4151725172996521,0.4221284091472626,0.2603440284729004,0.8065479397773743,1
1521,006368,/Users/von/Projects/cci-local-recovery/rerun_workspace/data/voc2007/VOCdevkit/VOC2007/JPEGImages/006368.jpg,horse,horse,"[""horse"",""person""]",5,1.0,0.5128291249275208,0.5207942128181458,-1.1765170097351074,-0.057044386863708496,1
1522,006373,/Users/von/Projects/cci-local-recovery/rerun_workspace/data/voc2007/VOCdevkit/VOC2007/JPEGImages/006373.jpg,sofa,sofa,"[""sofa"",""person""]",0,0.7692307829856873,1.4690372943878174,1.495866060256958,0.6915953755378723,1.3271076679229736,1
1523,009111,/Users/von/Projects/cci-local-recovery/rerun_workspace/data/voc2007/VOCdevkit/VOC2007/JPEGImages/009111.jpg,bus,bus,"[""bus"",""car"",""motorbike""]",2,0.0,0.30370646715164185,0.3097904920578003,-0.15209630131721497,0.1702738255262375,1
1524,001392,/Users/von/Projects/cci-local-recovery/rerun_workspace/data/voc2007/VOCdevkit/VOC2007/JPEGImages/001392.jpg,cat,cat,"[""cat"",""person"",""tvmonitor""]",1,1.0,0.24431920051574707,0.24894064664840698,-0.5200958251953125,0.8078543543815613,1
1525,000930,/Users/von/Projects/cci-local-recovery/rerun_workspace/data/voc2007/VOCdevkit/VOC2007/JPEGImages/000930.jpg,person,person,"[""person"",""bicycle""]",0,0.3478260934352875,0.3948023319244385,0.40228208899497986,0.2178618311882019,1.3990525007247925,1
1526,007616,/Users/von/Projects/cci-local-recovery/rerun_workspace/data/voc2007/VOCdevkit/VOC2007/JPEGImages/007616.jpg,horse,horse,"[""horse"",""person""]",2,1.0,0.5987266302108765,0.608025848865509,-0.8444146513938904,0.4416249096393585,1
1527,009846,/Users/von/Projects/cci-local-recovery/rerun_workspace/data/voc2007/VOCdevkit/VOC2007/JPEGImages/009846.jpg,sofa,sofa,"[""sofa"",""chair""]",1,0.9365079402923584,6.915212154388428,7.041503429412842,5.645740985870361,7.430191993713379,1
1528,009665,/Users/von/Projects/cci-local-recovery/rerun_workspace/data/voc2007/VOCdevkit/VOC2007/JPEGImages/009665.jpg,horse,horse,"[""horse"",""person""]",0,0.8333333134651184,0.6663352847099304,0.676684558391571,0.3826218545436859,2.2244346141815186,1
1529,003787,/Users/von/Projects/cci-local-recovery/rerun_workspace/data/voc2007/VOCdevkit/VOC2007/JPEGImages/003787.jpg,pottedplant,pottedplant,"[""pottedplant"",""bird""]",1,0.6829268336296082,1.5362122058868408,1.564509391784668,0.597477912902832,1.7530370950698853,1
1530,006780,/Users/von/Projects/cci-local-recovery/rerun_workspace/data/voc2007/VOCdevkit/VOC2007/JPEGImages/006780.jpg,person,person,"[""person"",""chair""]",1,0.4920634925365448,0.07524651288986206,0.07667209953069687,-2.4075090885162354,-0.5159266591072083,1
1531,007355,/Users/von/Projects/cci-local-recovery/rerun_workspace/data/voc2007/VOCdevkit/VOC2007/JPEGImages/007355.jpg,motorbike,motorbike,"[""motorbike"",""person""]",1,1.0,0.3602760434150696,0.3664769232273102,-0.3802895247936249,0.509909987449646,1
1532,008182,/Users/von/Projects/cci-local-recovery/rerun_workspace/data/voc2007/VOCdevkit/VOC2007/JPEGImages/008182.jpg,cat,cat,"[""cat"",""bottle""]",1,0.7333333492279053,0.23446236550807953,0.23889736831188202,-0.28286778926849365,0.05297505855560303,1
1533,001329,/Users/von/Projects/cci-local-recovery/rerun_workspace/data/voc2007/VOCdevkit/VOC2007/JPEGImages/001329.jpg,bicycle,bicycle,"[""bicycle"",""person""]",3,0.2571428716182709,3.955833911895752,4.029566287994385,2.1838107109069824,4.130656719207764,1
1534,006592,/Users/von/Projects/cci-local-recovery/rerun_workspace/data/voc2007/VOCdevkit/VOC2007/JPEGImages/006592.jpg,aeroplane,aeroplane,"[""aeroplane"",""person""]",4,0.8620689511299133,0.4907499849796295,0.49971070885658264,-0.33316895365715027,0.7499180436134338,1
1535,008210,/Users/von/Projects/cci-local-recovery/rerun_workspace/data/voc2007/VOCdevkit/VOC2007/JPEGImages/008210.jpg,diningtable,diningtable,"[""diningtable"",""chair""]",3,0.6000000238418579,3.989633798599243,4.044388294219971,2.8432674407958984,4.222733020782471,1
1536,000265,/Users/von/Projects/cci-local-recovery/rerun_workspace/data/voc2007/VOCdevkit/VOC2007/JPEGImages/000265.jpg,tvmonitor,tvmonitor,"[""tvmonitor"",""motorbike"",""person""]",3,0.692307710647583,1.2064989805221558,1.235836148262024,-0.20640063285827637,0.7428449988365173,1
1537,009633,/Users/von/Projects/cci-local-recovery/rerun_workspace/data/voc2007/VOCdevkit/VOC2007/JPEGImages/009633.jpg,person,person,"[""person"",""bottle""]",6,1.0,2.524812936782837,2.5726468563079834,0.8981263637542725,2.3515589237213135,1
1538,006544,/Users/von/Projects/cci-local-recovery/rerun_workspace/data/voc2007/VOCdevkit/VOC2007/JPEGImages/006544.jpg,person,person,"[""person"",""bicycle""]",5,0.6944444179534912,0.3304324448108673,0.3366926908493042,-0.13374468684196472,0.2931985855102539,1
1539,009145,/Users/von/Projects/cci-local-recovery/rerun_workspace/data/voc2007/VOCdevkit/VOC2007/JPEGImages/009145.jpg,motorbike,motorbike,"[""motorbike"",""person""]",3,0.30000001192092896,0.9761257171630859,0.992926299571991,-0.15571218729019165,0.3225277066230774,1
1540,007306,/Users/von/Projects/cci-local-recovery/rerun_workspace/data/voc2007/VOCdevkit/VOC2007/JPEGImages/007306.jpg,diningtable,diningtable,"[""diningtable"",""person""]",1,0.9473684430122375,1.6804778575897217,1.7035410404205322,0.23446965217590332,1.18012273311615,1
1541,003680,/Users/von/Projects/cci-local-recovery/rerun_workspace/data/voc2007/VOCdevkit/VOC2007/JPEGImages/003680.jpg,horse,horse,"[""horse"",""person""]",6,0.04878048598766327,0.15707135200500488,0.15951092541217804,-0.3175143003463745,0.006345704197883606,1
1542,001023,/Users/von/Projects/cci-local-recovery/rerun_workspace/data/voc2007/VOCdevkit/VOC2007/JPEGImages/001023.jpg,diningtable,diningtable,"[""diningtable"",""bottle"",""chair"",""pottedplant""]",7,0.5555555820465088,1.0674384832382202,1.0820882320404053,-0.5729501247406006,0.014770030975341797,1
1543,007345,/Users/von/Projects/cci-local-recovery/rerun_workspace/data/voc2007/VOCdevkit/VOC2007/JPEGImages/007345.jpg,person,person,"[""person"",""bicycle""]",7,0.6000000238418579,0.7082569599151611,0.7216752767562866,-1.4092234373092651,1.4579658508300781,1
1544,006646,/Users/von/Projects/cci-local-recovery/rerun_workspace/data/voc2007/VOCdevkit/VOC2007/JPEGImages/006646.jpg,person,person,"[""person"",""chair"",""pottedplant"",""tvmonitor""]",0,0.0,0.5207244157791138,0.5305898189544678,0.11815571784973145,0.30203431844711304,1
1545,002711,/Users/von/Projects/cci-local-recovery/rerun_workspace/data/voc2007/VOCdevkit/VOC2007/JPEGImages/002711.jpg,person,person,"[""person"",""bottle""]",6,1.0,1.8298970460891724,1.8645654916763306,0.8827884197235107,1.4585466384887695,1
1546,009750,/Users/von/Projects/cci-local-recovery/rerun_workspace/data/voc2007/VOCdevkit/VOC2007/JPEGImages/009750.jpg,pottedplant,pottedplant,"[""pottedplant"",""person""]",3,0.8333333134651184,1.328690528869629,1.3531651496887207,0.9461211562156677,1.265721082687378,1
1547,003929,/Users/von/Projects/cci-local-recovery/rerun_workspace/data/voc2007/VOCdevkit/VOC2007/JPEGImages/003929.jpg,person,person,"[""person"",""boat""]",7,0.0,0.10117096453905106,0.10308770835399628,-0.19025759398937225,0.021199896931648254,2
1548,008354,/Users/von/Projects/cci-local-recovery/rerun_workspace/data/voc2007/VOCdevkit/VOC2007/JPEGImages/008354.jpg,horse,horse,"[""horse"",""person""]",0,0.9200000166893005,1.1411478519439697,1.1588717699050903,-0.3567848205566406,0.7886689901351929,1
1549,000348,/Users/von/Projects/cci-local-recovery/rerun_workspace/data/voc2007/VOCdevkit/VOC2007/JPEGImages/000348.jpg,motorbike,motorbike,"[""motorbike"",""person""]",6,0.09090909361839294,0.36776989698410034,0.3740997612476349,-0.19691017270088196,0.18508517742156982,1
1550,005166,/Users/von/Projects/cci-local-recovery/rerun_workspace/data/voc2007/VOCdevkit/VOC2007/JPEGImages/005166.jpg,car,car,"[""car"",""motorbike""]",2,1.0,0.2154153734445572,0.21902447938919067,-0.5386735200881958,0.5936406850814819,1
1551,008829,/Users/von/Projects/cci-local-recovery/rerun_workspace/data/voc2007/VOCdevkit/VOC2007/JPEGImages/008829.jpg,car,car,"[""car"",""person""]",3,0.5,0.3859221637248993,0.3923879861831665,-0.0358661413192749,0.3247007727622986,3
1552,006122,/Users/von/Projects/cci-local-recovery/rerun_workspace/data/voc2007/VOCdevkit/VOC2007/JPEGImages/006122.jpg,horse,horse,"[""horse"",""person""]",3,0.9318181872367859,0.8098313212394714,0.8224093317985535,0.0017792582511901855,2.086463451385498,1
1553,006076,/Users/von/Projects/cci-local-recovery/rerun_workspace/data/voc2007/VOCdevkit/VOC2007/JPEGImages/006076.jpg,person,person,"[""person"",""bird""]",6,1.0,1.2600816488265991,1.2839546203613281,0.20139718055725098,1.348743200302124,1
1554,003486,/Users/von/Projects/cci-local-recovery/rerun_workspace/data/voc2007/VOCdevkit/VOC2007/JPEGImages/003486.jpg,car,car,"[""car"",""person""]",0,1.0,0.7481955289840698,0.7607309222221375,-0.28752821683883667,0.39119333028793335,1
1555,008899,/Users/von/Projects/cci-local-recovery/rerun_workspace/data/voc2007/VOCdevkit/VOC2007/JPEGImages/008899.jpg,horse,horse,"[""horse"",""person""]",1,0.8936170339584351,1.2209924459457397,1.2399563789367676,1.159425139427185,2.1135342121124268,1
1556,004198,/Users/von/Projects/cci-local-recovery/rerun_workspace/data/voc2007/VOCdevkit/VOC2007/JPEGImages/004198.jpg,motorbike,motorbike,"[""motorbike"",""person""]",1,0.9642857313156128,1.1028660535812378,1.1218479871749878,-0.3084458112716675,2.2258942127227783,1
1557,008018,/Users/von/Projects/cci-local-recovery/rerun_workspace/data/voc2007/VOCdevkit/VOC2007/JPEGImages/008018.jpg,sofa,sofa,"[""sofa"",""person""]",4,1.0,0.8250664472579956,0.8401345014572144,-0.3792816400527954,0.3454307019710541,1
1558,008821,/Users/von/Projects/cci-local-recovery/rerun_workspace/data/voc2007/VOCdevkit/VOC2007/JPEGImages/008821.jpg,sofa,sofa,"[""sofa"",""chair"",""pottedplant""]",6,0.9166666865348816,1.1535696983337402,1.1746371984481812,0.3687053322792053,0.8506921529769897,1
1559,005935,/Users/von/Projects/cci-local-recovery/rerun_workspace/data/voc2007/VOCdevkit/VOC2007/JPEGImages/005935.jpg,sofa,sofa,"[""sofa"",""tvmonitor""]",7,0.23529411852359772,0.6269294619560242,0.6383789777755737,-0.02528136968612671,0.39315447211265564,1
1560,004064,/Users/von/Projects/cci-local-recovery/rerun_workspace/data/voc2007/VOCdevkit/VOC2007/JPEGImages/004064.jpg,person,person,"[""person"",""chair"",""tvmonitor""]",5,0.8823529481887817,0.37924695014953613,0.3864319920539856,-0.4736074209213257,-0.06409013271331787,1
1561,006024,/Users/von/Projects/cci-local-recovery/rerun_workspace/data/voc2007/VOCdevkit/VOC2007/JPEGImages/006024.jpg,aeroplane,aeroplane,"[""aeroplane"",""car""]",1,0.260869562625885,-0.02213192731142044,-0.022536039352416992,-0.014657394029200077,0.12746264040470123,2
1562,003115,/Users/von/Projects/cci-local-recovery/rerun_workspace/data/voc2007/VOCdevkit/VOC2007/JPEGImages/003115.jpg,person,person,"[""person"",""chair"",""sofa""]",4,1.0,0.4621744453907013,0.4709306061267853,-0.7739682197570801,0.0789836049079895,1
1563,002832,/Users/von/Projects/cci-local-recovery/rerun_workspace/data/voc2007/VOCdevkit/VOC2007/JPEGImages/002832.jpg,train,train,"[""train"",""person""]",1,0.5454545617103577,0.21948964893817902,0.22336404025554657,-0.25859642028808594,0.19177518784999847,1
1564,007860,/Users/von/Projects/cci-local-recovery/rerun_workspace/data/voc2007/VOCdevkit/VOC2007/JPEGImages/007860.jpg,bicycle,bicycle,"[""bicycle"",""person""]",2,1.0,1.003313422203064,1.0220141410827637,0.9353523850440979,1.5651652812957764,1
1565,005252,/Users/von/Projects/cci-local-recovery/rerun_workspace/data/voc2007/VOCdevkit/VOC2007/JPEGImages/005252.jpg,diningtable,diningtable,"[""diningtable"",""person""]",0,1.0,0.5908125042915344,0.5989209413528442,-0.5459253787994385,0.6573255062103271,1
1566,006598,/Users/von/Projects/cci-local-recovery/rerun_workspace/data/voc2007/VOCdevkit/VOC2007/JPEGImages/006598.jpg,person,person,"[""person"",""dog""]",0,1.0,0.3279879689216614,0.3342019021511078,-0.6292718648910522,0.12380032241344452,1
1567,003595,/Users/von/Projects/cci-local-recovery/rerun_workspace/data/voc2007/VOCdevkit/VOC2007/JPEGImages/003595.jpg,person,person,"[""person"",""sheep""]",2,0.942307710647583,0.900260329246521,0.9173162579536438,-1.4279496669769287,0.92698734998703,1
1568,006792,/Users/von/Projects/cci-local-recovery/rerun_workspace/data/voc2007/VOCdevkit/VOC2007/JPEGImages/006792.jpg,person,person,"[""person"",""chair"",""pottedplant""]",5,0.9583333134651184,0.05836186185479164,0.059467561542987823,0.3310060203075409,1.5647368431091309,1
1569,003020,/Users/von/Projects/cci-local-recovery/rerun_workspace/data/voc2007/VOCdevkit/VOC2007/JPEGImages/003020.jpg,person,person,"[""person"",""pottedplant""]",7,0.375,0.22752530872821808,0.23183590173721313,-0.22629806399345398,0.3282771408557892,1
1570,000455,/Users/von/Projects/cci-local-recovery/rerun_workspace/data/voc2007/VOCdevkit/VOC2007/JPEGImages/000455.jpg,horse,horse,"[""horse"",""person""]",7,1.0,0.246901735663414,0.2507365047931671,-1.0859642028808594,-0.008135825395584106,2
1571,002700,/Users/von/Projects/cci-local-recovery/rerun_workspace/data/voc2007/VOCdevkit/VOC2007/JPEGImages/002700.jpg,person,person,"[""person"",""bus""]",2,0.15789473056793213,-0.04975450783967972,-0.05069713667035103,-0.1395227164030075,0.053567659109830856,2
1572,001923,/Users/von/Projects/cci-local-recovery/rerun_workspace/data/voc2007/VOCdevkit/VOC2007/JPEGImages/001923.jpg,car,car,"[""car"",""person""]",1,1.0,0.5145002603530884,0.5231202840805054,-0.5230063199996948,0.6440290808677673,1
1573,004004,/Users/von/Projects/cci-local-recovery/rerun_workspace/data/voc2007/VOCdevkit/VOC2007/JPEGImages/004004.jpg,sofa,sofa,"[""sofa"",""dog""]",1,0.6176470518112183,2.0522053241729736,2.08968448638916,1.0698719024658203,2.1926589012145996,1
1574,000602,/Users/von/Projects/cci-local-recovery/rerun_workspace/data/voc2007/VOCdevkit/VOC2007/JPEGImages/000602.jpg,person,person,"[""person"",""car""]",4,1.0,0.24105294048786163,0.24561983346939087,-0.6611445546150208,0.6234405040740967,1
1575,000293,/Users/von/Projects/cci-local-recovery/rerun_workspace/data/voc2007/VOCdevkit/VOC2007/JPEGImages/000293.jpg,car,car,"[""car"",""person""]",0,1.0,0.6332945823669434,0.6439049243927002,-0.31363165378570557,0.04736971855163574,1
1576,006048,/Users/von/Projects/cci-local-recovery/rerun_workspace/data/voc2007/VOCdevkit/VOC2007/JPEGImages/006048.jpg,boat,boat,"[""boat"",""person""]",6,1.0,0.22124387323856354,0.22548946738243103,-0.2645309269428253,0.470367431640625,1
1577,001652,/Users/von/Projects/cci-local-recovery/rerun_workspace/data/voc2007/VOCdevkit/VOC2007/JPEGImages/001652.jpg,person,person,"[""person"",""bottle"",""car"",""pottedplant""]",5,0.9583333134651184,2.416799306869507,2.4625868797302246,1.0838886499404907,2.9294400215148926,1
1578,006764,/Users/von/Projects/cci-local-recovery/rerun_workspace/data/voc2007/VOCdevkit/VOC2007/JPEGImages/006764.jpg,sofa,sofa,"[""sofa"",""person""]",2,1.0,1.4108827114105225,1.4366494417190552,1.2358893156051636,2.338871955871582,1
1579,001006,/Users/von/Projects/cci-local-recovery/rerun_workspace/data/voc2007/VOCdevkit/VOC2007/JPEGImages/001006.jpg,bird,bird,"[""bird"",""person""]",0,0.6000000238418579,0.540187418460846,0.5497725605964661,-3.3071603775024414,1.8317070007324219,1
1580,001391,/Users/von/Projects/cci-local-recovery/rerun_workspace/data/voc2007/VOCdevkit/VOC2007/JPEGImages/001391.jpg,sofa,sofa,"[""sofa"",""pottedplant""]",5,1.0,0.9215784072875977,0.9384090304374695,1.0431820154190063,1.443306803703308,1
1581,006676,/Users/von/Projects/cci-local-recovery/rerun_workspace/data/voc2007/VOCdevkit/VOC2007/JPEGImages/006676.jpg,sofa,sofa,"[""sofa"",""chair""]",1,0.6000000238418579,1.207000970840454,1.2290441989898682,0.8954675197601318,1.3904951810836792,1
1582,001336,/Users/von/Projects/cci-local-recovery/rerun_workspace/data/voc2007/VOCdevkit/VOC2007/JPEGImages/001336.jpg,bicycle,bicycle,"[""bicycle"",""person""]",2,0.7083333134651184,0.8100777268409729,0.8251767158508301,0.19518637657165527,0.6372976303100586,1
1583,003631,/Users/von/Projects/cci-local-recovery/rerun_workspace/data/voc2007/VOCdevkit/VOC2007/JPEGImages/003631.jpg,car,car,"[""car"",""person""]",3,1.0,0.47205597162246704,0.47996488213539124,-0.7823539972305298,-0.003465980291366577,1
1584,003880,/Users/von/Projects/cci-local-recovery/rerun_workspace/data/voc2007/VOCdevkit/VOC2007/JPEGImages/003880.jpg,cat,cat,"[""cat"",""person""]",2,1.0,0.9062957763671875,0.9234389066696167,-0.7908990383148193,0.8401421308517456,1
1585,007695,/Users/von/Projects/cci-local-recovery/rerun_workspace/data/voc2007/VOCdevkit/VOC2007/JPEGImages/007695.jpg,person,person,"[""person"",""dog""]",7,0.6000000238418579,0.5689375996589661,0.5797164440155029,-0.416965126991272,0.33440133929252625,1
1586,005044,/Users/von/Projects/cci-local-recovery/rerun_workspace/data/voc2007/VOCdevkit/VOC2007/JPEGImages/005044.jpg,chair,chair,"[""chair"",""diningtable""]",6,0.9193548560142517,0.7821082472801208,0.795352041721344,1.1143202781677246,1.8294241428375244,1
1587,003448,/Users/von/Projects/cci-local-recovery/rerun_workspace/data/voc2007/VOCdevkit/VOC2007/JPEGImages/003448.jpg,chair,chair,"[""chair"",""pottedplant""]",1,0.6785714030265808,1.4080437421798706,1.4318867921829224,-0.011081099510192871,2.0545334815979004,1
1588,005411,/Users/von/Projects/cci-local-recovery/rerun_workspace/data/voc2007/VOCdevkit/VOC2007/JPEGImages/005411.jpg,person,person,"[""person"",""tvmonitor""]",2,0.1764705926179886,0.27074071764945984,0.27587005496025085,-0.15924763679504395,0.04559566080570221,2
1589,000356,/Users/von/Projects/cci-local-recovery/rerun_workspace/data/voc2007/VOCdevkit/VOC2007/JPEGImages/000356.jpg,person,person,"[""person"",""horse""]",7,0.19607843458652496,0.13562026619911194,0.1381896734237671,-0.21890032291412354,0.4073599874973297,1
1590,008406,/Users/von/Projects/cci-local-recovery/rerun_workspace/data/voc2007/VOCdevkit/VOC2007/JPEGImages/008406.jpg,bus,bus,"[""bus"",""bicycle"",""person""]",4,0.782608687877655,8.040608406066895,8.201683044433594,5.2907915115356445,8.180462837219238,1
1591,008233,/Users/von/Projects/cci-local-recovery/rerun_workspace/data/voc2007/VOCdevkit/VOC2007/JPEGImages/008233.jpg,person,person,"[""person"",""chair""]",2,0.6666666865348816,0.2570962607860565,0.26196709275245667,-0.1582239866256714,0.17302027344703674,1
1592,007293,/Users/von/Projects/cci-local-recovery/rerun_workspace/data/voc2007/VOCdevkit/VOC2007/JPEGImages/007293.jpg,horse,horse,"[""horse"",""person""]",2,1.0,1.0354790687561035,1.051561713218689,-0.19040846824645996,0.3986583948135376,1
1593,008071,/Users/von/Projects/cci-local-recovery/rerun_workspace/data/voc2007/VOCdevkit/VOC2007/JPEGImages/008071.jpg,pottedplant,pottedplant,"[""pottedplant"",""dog""]",1,0.8846153616905212,1.822029948234558,1.855591893196106,0.8095493316650391,1.3094770908355713,1
1594,004989,/Users/von/Projects/cci-local-recovery/rerun_workspace/data/voc2007/VOCdevkit/VOC2007/JPEGImages/004989.jpg,bus,bus,"[""bus"",""car""]",7,1.0,2.3347864151000977,2.381558418273926,-2.344522476196289,2.055964946746826,1
1595,004040,/Users/von/Projects/cci-local-recovery/rerun_workspace/data/voc2007/VOCdevkit/VOC2007/JPEGImages/004040.jpg,tvmonitor,tvmonitor,"[""tvmonitor"",""chair""]",1,0.2368421107530594,1.5995501279830933,1.6384446620941162,0.5136263370513916,1.3130345344543457,1
1596,005823,/Users/von/Projects/cci-local-recovery/rerun_workspace/data/voc2007/VOCdevkit/VOC2007/JPEGImages/005823.jpg,person,person,"[""person"",""tvmonitor""]",1,0.9259259104728699,0.33291658759117126,0.3392238914966583,-1.521660327911377,0.2294258177280426,1
1597,003943,/Users/von/Projects/cci-local-recovery/rerun_workspace/data/voc2007/VOCdevkit/VOC2007/JPEGImages/003943.jpg,person,person,"[""person"",""bottle"",""pottedplant""]",1,0.23076923191547394,0.11230909079313278,0.11443684995174408,-0.669212281703949,-0.05401402711868286,1
1598,005778,/Users/von/Projects/cci-local-recovery/rerun_workspace/data/voc2007/VOCdevkit/VOC2007/JPEGImages/005778.jpg,sofa,sofa,"[""sofa"",""person""]",5,1.0,0.7978596687316895,0.8124308586120605,0.10931938886642456,0.765699028968811,1
1599,007349,/Users/von/Projects/cci-local-recovery/rerun_workspace/data/voc2007/VOCdevkit/VOC2007/JPEGImages/007349.jpg,train,train,"[""train"",""person""]",5,0.97826087474823,-0.14127536118030548,-0.14376913011074066,-0.484393835067749,0.9373786449432373,1
1600,005342,/Users/von/Projects/cci-local-recovery/rerun_workspace/data/voc2007/VOCdevkit/VOC2007/JPEGImages/005342.jpg,horse,horse,"[""horse"",""person""]",0,0.28947368264198303,0.9766608476638794,0.9918299913406372,-0.4057009220123291,0.4869299530982971,1
1601,003297,/Users/von/Projects/cci-local-recovery/rerun_workspace/data/voc2007/VOCdevkit/VOC2007/JPEGImages/003297.jpg,diningtable,diningtable,"[""diningtable"",""chair"",""pottedplant""]",6,0.8809523582458496,0.5932432413101196,0.6013849973678589,-0.31261157989501953,0.38877052068710327,1
1602,008594,/Users/von/Projects/cci-local-recovery/rerun_workspace/data/voc2007/VOCdevkit/VOC2007/JPEGImages/008594.jpg,dog,dog,"[""dog"",""cat""]",4,1.0,2.430302619934082,2.4744489192962646,0.9463157653808594,2.1611905097961426,1
1603,006360,/Users/von/Projects/cci-local-recovery/rerun_workspace/data/voc2007/VOCdevkit/VOC2007/JPEGImages/006360.jpg,person,person,"[""person"",""bottle""]",7,0.1666666716337204,0.22989971935749054,0.23425529897212982,-0.8351372480392456,-0.03710190951824188,1
1604,007577,/Users/von/Projects/cci-local-recovery/rerun_workspace/data/voc2007/VOCdevkit/VOC2007/JPEGImages/007577.jpg,diningtable,diningtable,"[""diningtable"",""person""]",5,1.0,0.9251458048820496,0.9378426671028137,0.49132511019706726,1.1128312349319458,1
1605,007636,/Users/von/Projects/cci-local-recovery/rerun_workspace/data/voc2007/VOCdevkit/VOC2007/JPEGImages/007636.jpg,horse,horse,"[""horse"",""person""]",0,0.9285714030265808,3.9250664710998535,3.9860291481018066,4.1949381828308105,5.518044948577881,1
1606,001957,/Users/von/Projects/cci-local-recovery/rerun_workspace/data/voc2007/VOCdevkit/VOC2007/JPEGImages/001957.jpg,chair,chair,"[""chair"",""bottle""]",5,0.9333333373069763,4.544512748718262,4.621467113494873,1.9888901710510254,3.8143205642700195,1
1607,007053,/Users/von/Projects/cci-local-recovery/rerun_workspace/data/voc2007/VOCdevkit/VOC2007/JPEGImages/007053.jpg,sofa,sofa,"[""sofa"",""person""]",1,0.6428571343421936,0.7796592116355896,0.7938979864120483,0.025406181812286377,0.37614089250564575,1
1608,007858,/Users/von/Projects/cci-local-recovery/rerun_workspace/data/voc2007/VOCdevkit/VOC2007/JPEGImages/007858.jpg,bus,bus,"[""bus"",""person""]",5,0.0,0.16276642680168152,0.16602706909179688,-0.2248673439025879,0.42180168628692627,1
1609,001884,/Users/von/Projects/cci-local-recovery/rerun_workspace/data/voc2007/VOCdevkit/VOC2007/JPEGImages/001884.jpg,aeroplane,aeroplane,"[""aeroplane"",""bus""]",1,0.5641025900840759,0.9204499125480652,0.9372566342353821,0.5883592963218689,1.9699139595031738,1
1610,009261,/Users/von/Projects/cci-local-recovery/rerun_workspace/data/voc2007/VOCdevkit/VOC2007/JPEGImages/009261.jpg,pottedplant,pottedplant,"[""pottedplant"",""bus"",""car""]",1,0.0,0.1598610281944275,0.1628056764602661,-0.11484873294830322,0.11014724522829056,1
1611,006364,/Users/von/Projects/cci-local-recovery/rerun_workspace/data/voc2007/VOCdevkit/VOC2007/JPEGImages/006364.jpg,horse,horse,"[""horse"",""person""]",0,0.9428571462631226,-0.11927951127290726,-0.12113211303949356,0.32033035159111023,0.9237771034240723,2
1612,007797,/Users/von/Projects/cci-local-recovery/rerun_workspace/data/voc2007/VOCdevkit/VOC2007/JPEGImages/007797.jpg,car,car,"[""car"",""person""]",5,0.0,-0.010723072104156017,-0.010902728885412216,-0.03657649829983711,-0.009689467027783394,1
1613,002921,/Users/von/Projects/cci-local-recovery/rerun_workspace/data/voc2007/VOCdevkit/VOC2007/JPEGImages/002921.jpg,horse,horse,"[""horse"",""person""]",4,0.043478261679410934,0.21819688379764557,0.22158583998680115,-0.3407510221004486,-0.011728271842002869,1
1614,006863,/Users/von/Projects/cci-local-recovery/rerun_workspace/data/voc2007/VOCdevkit/VOC2007/JPEGImages/006863.jpg,horse,horse,"[""horse"",""person""]",0,0.0,1.0986279249191284,1.1156914234161377,-0.3593193292617798,-0.018227219581604004,1
1615,008195,/Users/von/Projects/cci-local-recovery/rerun_workspace/data/voc2007/VOCdevkit/VOC2007/JPEGImages/008195.jpg,motorbike,motorbike,"[""motorbike"",""person""]",2,0.0,0.11004810780286789,0.11194220185279846,-0.4207759201526642,-0.13621851801872253,1
1616,006757,/Users/von/Projects/cci-local-recovery/rerun_workspace/data/voc2007/VOCdevkit/VOC2007/JPEGImages/006757.jpg,car,car,"[""car"",""person""]",4,1.0,0.07624273747205734,0.07752012461423874,-0.15313565731048584,0.09108701348304749,2
1617,009130,/Users/von/Projects/cci-local-recovery/rerun_workspace/data/voc2007/VOCdevkit/VOC2007/JPEGImages/009130.jpg,horse,horse,"[""horse"",""person""]",0,1.0,1.674385905265808,1.7003917694091797,2.0330471992492676,3.4021224975585938,1
1618,001889,/Users/von/Projects/cci-local-recovery/rerun_workspace/data/voc2007/VOCdevkit/VOC2007/JPEGImages/001889.jpg,motorbike,motorbike,"[""motorbike"",""person""]",0,0.930232584476471,0.8914512991905212,0.9067944884300232,-0.26650887727737427,1.7054331302642822,1
1619,000297,/Users/von/Projects/cci-local-recovery/rerun_workspace/data/voc2007/VOCdevkit/VOC2007/JPEGImages/000297.jpg,cow,cow,"[""cow"",""person""]",2,0.8518518805503845,4.247898578643799,4.32172966003418,5.115241527557373,6.35387659072876,1
1620,003340,/Users/von/Projects/cci-local-recovery/rerun_workspace/data/voc2007/VOCdevkit/VOC2007/JPEGImages/003340.jpg,bus,bus,"[""bus"",""motorbike"",""person""]",1,0.9722222089767456,1.9867641925811768,2.026564359664917,1.1053049564361572,2.5373542308807373,1
1621,003197,/Users/von/Projects/cci-local-recovery/rerun_workspace/data/voc2007/VOCdevkit/VOC2007/JPEGImages/003197.jpg,person,person,"[""person"",""sofa""]",1,1.0,1.0509343147277832,1.0708448886871338,-1.4606823921203613,0.17042696475982666,1
1622,002360,/Users/von/Projects/cci-local-recovery/rerun_workspace/data/voc2007/VOCdevkit/VOC2007/JPEGImages/002360.jpg,horse,horse,"[""horse"",""person""]",5,1.0,1.2355413436889648,1.254731297492981,0.6773938536643982,1.9159412384033203,1
1623,002724,/Users/von/Projects/cci-local-recovery/rerun_workspace/data/voc2007/VOCdevkit/VOC2007/JPEGImages/002724.jpg,diningtable,diningtable,"[""diningtable"",""chair""]",5,0.8500000238418579,0.9651446342468262,0.9783904552459717,0.289450466632843,1.0564374923706055,1
1624,009436,/Users/von/Projects/cci-local-recovery/rerun_workspace/data/voc2007/VOCdevkit/VOC2007/JPEGImages/009436.jpg,train,train,"[""train"",""person""]",5,0.90625,0.9910847544670105,1.008579134941101,0.8002768754959106,1.853505253791809,1
1625,009931,/Users/von/Projects/cci-local-recovery/rerun_workspace/data/voc2007/VOCdevkit/VOC2007/JPEGImages/009931.jpg,horse,horse,"[""horse"",""person""]",7,0.0,0.3048388659954071,0.3095735013484955,-0.20773914456367493,0.3528640568256378,1
1626,005347,/Users/von/Projects/cci-local-recovery/rerun_workspace/data/voc2007/VOCdevkit/VOC2007/JPEGImages/005347.jpg,person,person,"[""person"",""motorbike""]",5,0.0,0.17221789062023163,0.1754806637763977,-0.06550478935241699,0.29370781779289246,1
1627,003858,/Users/von/Projects/cci-local-recovery/rerun_workspace/data/voc2007/VOCdevkit/VOC2007/JPEGImages/003858.jpg,train,train,"[""train"",""person""]",0,0.32258063554763794,4.701023578643799,4.784005165100098,3.611044406890869,4.759476661682129,1
1628,009090,/Users/von/Projects/cci-local-recovery/rerun_workspace/data/voc2007/VOCdevkit/VOC2007/JPEGImages/009090.jpg,diningtable,diningtable,"[""diningtable"",""cat""]",4,0.0,0.4276353716850281,0.4335043132305145,-0.4898517429828644,0.08288919925689697,1
1629,004126,/Users/von/Projects/cci-local-recovery/rerun_workspace/data/voc2007/VOCdevkit/VOC2007/JPEGImages/004126.jpg,horse,horse,"[""horse"",""person""]",4,0.9615384340286255,0.6551707983016968,0.6653466820716858,-0.13917511701583862,1.322601318359375,1
1630,009680,/Users/von/Projects/cci-local-recovery/rerun_workspace/data/voc2007/VOCdevkit/VOC2007/JPEGImages/009680.jpg,car,car,"[""car"",""person""]",5,1.0,1.0418974161148071,1.0593535900115967,-1.2390854358673096,-0.03599882125854492,1
1631,002041,/Users/von/Projects/cci-local-recovery/rerun_workspace/data/voc2007/VOCdevkit/VOC2007/JPEGImages/002041.jpg,car,car,"[""car"",""person""]",6,1.0,3.458202838897705,3.5161423683166504,2.528566360473633,3.6383514404296875,1
1632,009812,/Users/von/Projects/cci-local-recovery/rerun_workspace/data/voc2007/VOCdevkit/VOC2007/JPEGImages/009812.jpg,person,person,"[""person"",""diningtable"",""sofa""]",1,1.0,0.8172754049301147,0.8327591419219971,1.9622902870178223,2.7683112621307373,1
1633,003776,/Users/von/Projects/cci-local-recovery/rerun_workspace/data/voc2007/VOCdevkit/VOC2007/JPEGImages/003776.jpg,tvmonitor,tvmonitor,"[""tvmonitor"",""bottle""]",0,0.4193548262119293,4.278609275817871,4.382647514343262,2.4434428215026855,3.735116481781006,1
1634,003906,/Users/von/Projects/cci-local-recovery/rerun_workspace/data/voc2007/VOCdevkit/VOC2007/JPEGImages/003906.jpg,cat,cat,"[""cat"",""bottle""]",1,0.9791666865348816,0.41266632080078125,0.4204721748828888,-0.1537521779537201,0.5224139094352722,1
1635,001762,/Users/von/Projects/cci-local-recovery/rerun_workspace/data/voc2007/VOCdevkit/VOC2007/JPEGImages/001762.jpg,chair,chair,"[""chair"",""cat""]",6,0.9736841917037964,1.9045920372009277,1.9368432760238647,0.4362441301345825,1.9175273180007935,1
1636,007690,/Users/von/Projects/cci-local-recovery/rerun_workspace/data/voc2007/VOCdevkit/VOC2007/JPEGImages/007690.jpg,bus,bus,"[""bus"",""car"",""person""]",5,0.09090909361839294,0.10994476824998856,0.1121472492814064,-0.3562648296356201,-0.01928906887769699,1
1637,002887,/Users/von/Projects/cci-local-recovery/rerun_workspace/data/voc2007/VOCdevkit/VOC2007/JPEGImages/002887.jpg,sofa,sofa,"[""sofa"",""pottedplant""]",2,0.6764705777168274,2.519500732421875,2.565513849258423,2.3191113471984863,2.9163107872009277,1
1638,005381,/Users/von/Projects/cci-local-recovery/rerun_workspace/data/voc2007/VOCdevkit/VOC2007/JPEGImages/005381.jpg,bus,bus,"[""bus"",""car""]",2,0.9642857313156128,0.9069442749023438,0.9251127243041992,0.15727651119232178,1.3793985843658447,1
1639,000124,/Users/von/Projects/cci-local-recovery/rerun_workspace/data/voc2007/VOCdevkit/VOC2007/JPEGImages/000124.jpg,person,person,"[""person"",""chair"",""pottedplant""]",1,0.9615384340286255,1.2721654176712036,1.2962672710418701,0.22060894966125488,0.9238643646240234,1
1640,005187,/Users/von/Projects/cci-local-recovery/rerun_workspace/data/voc2007/VOCdevkit/VOC2007/JPEGImages/005187.jpg,sofa,sofa,"[""sofa"",""person"",""tvmonitor""]",0,1.0,0.46298182010650635,0.4714371860027313,0.10324674844741821,1.0569239854812622,1
1641,006580,/Users/von/Projects/cci-local-recovery/rerun_workspace/data/voc2007/VOCdevkit/VOC2007/JPEGImages/006580.jpg,person,person,"[""person"",""dog""]",4,0.7659574747085571,1.509096622467041,1.5376873016357422,-0.2932838201522827,2.5767674446105957,1
1642,003534,/Users/von/Projects/cci-local-recovery/rerun_workspace/data/voc2007/VOCdevkit/VOC2007/JPEGImages/003534.jpg,person,person,"[""person"",""bicycle""]",1,0.6785714030265808,1.049638271331787,1.0695242881774902,-0.535690426826477,0.4196583032608032,1
1643,008131,/Users/von/Projects/cci-local-recovery/rerun_workspace/data/voc2007/VOCdevkit/VOC2007/JPEGImages/008131.jpg,person,person,"[""person"",""chair""]",4,0.719298243522644,0.4905524253845215,0.4998462200164795,-1.9226946830749512,-0.425212562084198,1
1644,004363,/Users/von/Projects/cci-local-recovery/rerun_workspace/data/voc2007/VOCdevkit/VOC2007/JPEGImages/004363.jpg,person,person,"[""person"",""chair"",""sofa""]",0,0.1818181872367859,0.08078495413064957,0.08231547474861145,-0.23150429129600525,0.09361422061920166,1
1645,004547,/Users/von/Projects/cci-local-recovery/rerun_workspace/data/voc2007/VOCdevkit/VOC2007/JPEGImages/004547.jpg,person,person,"[""person"",""bicycle""]",6,0.0357142873108387,-0.10592629760503769,-0.10793313384056091,-0.25499439239501953,0.03685155510902405,1
1646,008094,/Users/von/Projects/cci-local-recovery/rerun_workspace/data/voc2007/VOCdevkit/VOC2007/JPEGImages/008094.jpg,person,person,"[""person"",""bottle""]",3,0.3947368562221527,0.6422208547592163,0.6543880701065063,-0.37236452102661133,0.4164204001426697,1
1647,007726,/Users/von/Projects/cci-local-recovery/rerun_workspace/data/voc2007/VOCdevkit/VOC2007/JPEGImages/007726.jpg,train,train,"[""train"",""person""]",2,0.8666666746139526,0.13213005661964417,0.1344623863697052,-0.17961639165878296,0.1535613089799881,1
1648,003245,/Users/von/Projects/cci-local-recovery/rerun_workspace/data/voc2007/VOCdevkit/VOC2007/JPEGImages/003245.jpg,person,person,"[""person"",""chair""]",2,1.0,-0.17678776383399963,-0.18013711273670197,-0.8998528718948364,-0.02648286521434784,1
1649,007648,/Users/von/Projects/cci-local-recovery/rerun_workspace/data/voc2007/VOCdevkit/VOC2007/JPEGImages/007648.jpg,person,person,"[""person"",""chair"",""diningtable""]",0,1.0,0.06668971478939056,0.0679531916975975,-1.5966072082519531,0.5135848522186279,1
1650,005163,/Users/von/Projects/cci-local-recovery/rerun_workspace/data/voc2007/VOCdevkit/VOC2007/JPEGImages/005163.jpg,car,car,"[""car"",""motorbike"",""person""]",2,0.0,0.3980029821395874,0.40467119216918945,-0.334276020526886,0.026668310165405273,1
1651,007057,/Users/von/Projects/cci-local-recovery/rerun_workspace/data/voc2007/VOCdevkit/VOC2007/JPEGImages/007057.jpg,sofa,sofa,"[""sofa"",""chair"",""diningtable"",""pottedplant""]",5,0.2830188572406769,0.4734571874141693,0.4821038544178009,0.27414044737815857,1.5136103630065918,1
1652,003951,/Users/von/Projects/cci-local-recovery/rerun_workspace/data/voc2007/VOCdevkit/VOC2007/JPEGImages/003951.jpg,horse,horse,"[""horse"",""person""]",2,0.0714285746216774,0.6796426177024841,0.690198540687561,-0.06215476989746094,0.2732580304145813,1
1653,007708,/Users/von/Projects/cci-local-recovery/rerun_workspace/data/voc2007/VOCdevkit/VOC2007/JPEGImages/007708.jpg,chair,chair,"[""chair"",""diningtable""]",1,0.10526315867900848,0.34148094058036804,0.347263365983963,0.17493806779384613,0.6119159460067749,1
1654,002536,/Users/von/Projects/cci-local-recovery/rerun_workspace/data/voc2007/VOCdevkit/VOC2007/JPEGImages/002536.jpg,diningtable,diningtable,"[""diningtable"",""bottle""]",5,0.939393937587738,0.40740975737571716,0.4130011200904846,-0.26539546251296997,0.263691246509552,1
1655,007658,/Users/von/Projects/cci-local-recovery/rerun_workspace/data/voc2007/VOCdevkit/VOC2007/JPEGImages/007658.jpg,person,person,"[""person"",""bicycle""]",7,0.71875,0.8172430992126465,0.832726240158081,-1.354356050491333,0.3773460388183594,1
1656,001447,/Users/von/Projects/cci-local-recovery/rerun_workspace/data/voc2007/VOCdevkit/VOC2007/JPEGImages/001447.jpg,motorbike,motorbike,"[""motorbike"",""person""]",4,0.31578946113586426,0.27274876832962036,0.27744317054748535,-0.22328710556030273,-0.06905969977378845,1
1657,000006,/Users/von/Projects/cci-local-recovery/rerun_workspace/data/voc2007/VOCdevkit/VOC2007/JPEGImages/000006.jpg,diningtable,diningtable,"[""diningtable"",""chair"",""pottedplant""]",4,0.6666666865348816,0.7039044499397278,0.713564932346344,0.9816545248031616,1.2260531187057495,2
1658,006793,/Users/von/Projects/cci-local-recovery/rerun_workspace/data/voc2007/VOCdevkit/VOC2007/JPEGImages/006793.jpg,horse,horse,"[""horse"",""car"",""person""]",6,0.875,1.8044843673706055,1.8325109481811523,1.4114199876785278,2.666520595550537,1
1659,000084,/Users/von/Projects/cci-local-recovery/rerun_workspace/data/voc2007/VOCdevkit/VOC2007/JPEGImages/000084.jpg,diningtable,diningtable,"[""diningtable"",""chair"",""sofa""]",7,0.5769230723381042,2.5433237552642822,2.578228712081909,1.7915548086166382,2.775280475616455,1
1660,007583,/Users/von/Projects/cci-local-recovery/rerun_workspace/data/voc2007/VOCdevkit/VOC2007/JPEGImages/007583.jpg,dog,dog,"[""dog"",""person"",""tvmonitor""]",0,0.8571428656578064,1.4927632808685303,1.5198792219161987,-0.1953047513961792,1.0856002569198608,1
1661,008887,/Users/von/Projects/cci-local-recovery/rerun_workspace/data/voc2007/VOCdevkit/VOC2007/JPEGImages/008887.jpg,chair,chair,"[""chair"",""tvmonitor""]",7,0.5,0.6284727454185486,0.6391149163246155,-0.19368290901184082,0.16202348470687866,1
1662,007942,/Users/von/Projects/cci-local-recovery/rerun_workspace/data/voc2007/VOCdevkit/VOC2007/JPEGImages/007942.jpg,horse,horse,"[""horse"",""person""]",2,1.0,6.994645118713379,7.103283405303955,5.206363677978516,7.796971797943115,1
1663,001320,/Users/von/Projects/cci-local-recovery/rerun_workspace/data/voc2007/VOCdevkit/VOC2007/JPEGImages/001320.jpg,horse,horse,"[""horse"",""person""]",2,0.9166666865348816,1.0204439163208008,1.0362930297851562,1.3884985446929932,2.8357725143432617,1
1664,009482,/Users/von/Projects/cci-local-recovery/rerun_workspace/data/voc2007/VOCdevkit/VOC2007/JPEGImages/009482.jpg,diningtable,diningtable,"[""diningtable"",""bottle"",""chair"",""person""]",1,0.9615384340286255,0.41369616985321045,0.4193738102912903,-0.006601691246032715,0.40446045994758606,1
1665,001081,/Users/von/Projects/cci-local-recovery/rerun_workspace/data/voc2007/VOCdevkit/VOC2007/JPEGImages/001081.jpg,chair,chair,"[""chair"",""tvmonitor""]",5,1.0,0.6840689778327942,0.6956526041030884,0.20737695693969727,0.5949089527130127,1
1666,005447,/Users/von/Projects/cci-local-recovery/rerun_workspace/data/voc2007/VOCdevkit/VOC2007/JPEGImages/005447.jpg,sofa,sofa,"[""sofa"",""car"",""person""]",3,1.0,4.066099166870117,4.140357494354248,3.40771222114563,4.439406394958496,1
1667,003707,/Users/von/Projects/cci-local-recovery/rerun_workspace/data/voc2007/VOCdevkit/VOC2007/JPEGImages/003707.jpg,person,person,"[""person"",""bottle""]",6,1.0,-0.08579366654157639,-0.08741907775402069,-0.5420956611633301,-0.028623197227716446,2
1668,004813,/Users/von/Projects/cci-local-recovery/rerun_workspace/data/voc2007/VOCdevkit/VOC2007/JPEGImages/004813.jpg,sofa,sofa,"[""sofa"",""chair""]",3,0.35483869910240173,0.9231883883476257,0.9400483965873718,0.9369344115257263,1.8002526760101318,1
1669,009554,/Users/von/Projects/cci-local-recovery/rerun_workspace/data/voc2007/VOCdevkit/VOC2007/JPEGImages/009554.jpg,person,person,"[""person"",""sofa"",""tvmonitor""]",1,0.8461538553237915,0.12397754192352295,0.12632636725902557,-0.3961469531059265,0.7763786315917969,1
1670,002185,/Users/von/Projects/cci-local-recovery/rerun_workspace/data/voc2007/VOCdevkit/VOC2007/JPEGImages/002185.jpg,motorbike,motorbike,"[""motorbike"",""car"",""person""]",6,0.6304348111152649,0.6182401180267334,0.6288809776306152,-0.4483017921447754,0.2152819037437439,1
1671,000240,/Users/von/Projects/cci-local-recovery/rerun_workspace/data/voc2007/VOCdevkit/VOC2007/JPEGImages/000240.jpg,car,car,"[""car"",""boat"",""person""]",6,0.800000011920929,3.091275930404663,3.1430678367614746,2.383164882659912,4.446134567260742,1
1672,007701,/Users/von/Projects/cci-local-recovery/rerun_workspace/data/voc2007/VOCdevkit/VOC2007/JPEGImages/007701.jpg,car,car,"[""car"",""person""]",5,0.8064516186714172,0.6267168521881104,0.6372169852256775,0.594461977481842,1.3938875198364258,1
1673,002230,/Users/von/Projects/cci-local-recovery/rerun_workspace/data/voc2007/VOCdevkit/VOC2007/JPEGImages/002230.jpg,sofa,sofa,"[""sofa"",""person""]",0,0.6176470518112183,0.7497881054878235,0.7634813785552979,0.26507461071014404,0.7021399140357971,1
1674,004128,/Users/von/Projects/cci-local-recovery/rerun_workspace/data/voc2007/VOCdevkit/VOC2007/JPEGImages/004128.jpg,person,person,"[""person"",""chair""]",1,0.6521739363670349,0.06943182647228241,0.0707472488284111,-0.475708544254303,-0.08554894477128983,1
1675,001519,/Users/von/Projects/cci-local-recovery/rerun_workspace/data/voc2007/VOCdevkit/VOC2007/JPEGImages/001519.jpg,sofa,sofa,"[""sofa"",""chair""]",2,0.6666666865348816,1.6397384405136108,1.669684648513794,1.620522141456604,2.30147123336792,1
1676,004001,/Users/von/Projects/cci-local-recovery/rerun_workspace/data/voc2007/VOCdevkit/VOC2007/JPEGImages/004001.jpg,bus,bus,"[""bus"",""car"",""person""]",0,0.0,0.5695763230323792,0.5809864401817322,-5.218040943145752,0.15303733944892883,1
1677,009493,/Users/von/Projects/cci-local-recovery/rerun_workspace/data/voc2007/VOCdevkit/VOC2007/JPEGImages/009493.jpg,bicycle,bicycle,"[""bicycle"",""person""]",1,0.7857142686843872,0.5835006833076477,0.5943765044212341,-0.0382390022277832,1.0554373264312744,1
1678,006115,/Users/von/Projects/cci-local-recovery/rerun_workspace/data/voc2007/VOCdevkit/VOC2007/JPEGImages/006115.jpg,sofa,sofa,"[""sofa"",""person"",""pottedplant""]",5,0.9354838728904724,0.7982009649276733,0.8127783536911011,0.13911843299865723,0.6703879833221436,1
1679,005666,/Users/von/Projects/cci-local-recovery/rerun_workspace/data/voc2007/VOCdevkit/VOC2007/JPEGImages/005666.jpg,person,person,"[""person"",""bus"",""car""]",6,0.0,0.29101431369781494,0.2965277433395386,-0.5267019271850586,-0.0146864652633667,1
1680,005409,/Users/von/Projects/cci-local-recovery/rerun_workspace/data/voc2007/VOCdevkit/VOC2007/JPEGImages/005409.jpg,horse,horse,"[""horse"",""person""]",4,1.0,0.36226531863212585,0.3678918778896332,-0.03593358397483826,0.1832587718963623,1
1681,001776,/Users/von/Projects/cci-local-recovery/rerun_workspace/data/voc2007/VOCdevkit/VOC2007/JPEGImages/001776.jpg,person,person,"[""person"",""car""]",4,0.9444444179534912,0.4526861906051636,0.461262583732605,-0.3356247544288635,0.3337259888648987,1
1682,007609,/Users/von/Projects/cci-local-recovery/rerun_workspace/data/voc2007/VOCdevkit/VOC2007/JPEGImages/007609.jpg,horse,horse,"[""horse"",""person""]",5,1.0,0.6296368837356567,0.6394161581993103,-0.7880958914756775,0.1657392680644989,1
1683,007496,/Users/von/Projects/cci-local-recovery/rerun_workspace/data/voc2007/VOCdevkit/VOC2007/JPEGImages/007496.jpg,person,person,"[""person"",""car""]",3,0.7222222089767456,0.7405505180358887,0.7545806765556335,-0.36491698026657104,-0.05834239721298218,1
1684,000230,/Users/von/Projects/cci-local-recovery/rerun_workspace/data/voc2007/VOCdevkit/VOC2007/JPEGImages/000230.jpg,bicycle,bicycle,"[""bicycle"",""person""]",4,0.800000011920929,3.1806325912475586,3.2399160861968994,2.6805930137634277,3.643955707550049,1
1685,000617,/Users/von/Projects/cci-local-recovery/rerun_workspace/data/voc2007/VOCdevkit/VOC2007/JPEGImages/000617.jpg,diningtable,diningtable,"[""diningtable"",""person""]",5,0.8888888955116272,0.3678605854511261,0.37290915846824646,-1.1015945672988892,-0.38867083191871643,1
1686,006975,/Users/von/Projects/cci-local-recovery/rerun_workspace/data/voc2007/VOCdevkit/VOC2007/JPEGImages/006975.jpg,person,person,"[""person"",""bicycle""]",0,0.24637681245803833,0.7276661992073059,0.7414522767066956,-0.8230308890342712,0.09392070770263672,1
1687,005133,/Users/von/Projects/cci-local-recovery/rerun_workspace/data/voc2007/VOCdevkit/VOC2007/JPEGImages/005133.jpg,motorbike,motorbike,"[""motorbike"",""person""]",3,0.9411764740943909,0.36378392577171326,0.37004518508911133,0.18600721657276154,1.2661372423171997,1
1688,007157,/Users/von/Projects/cci-local-recovery/rerun_workspace/data/voc2007/VOCdevkit/VOC2007/JPEGImages/007157.jpg,aeroplane,aeroplane,"[""aeroplane"",""person""]",1,1.0,-0.27940425276756287,-0.2845059633255005,-1.4628750085830688,-0.5606370568275452,1
1689,005098,/Users/von/Projects/cci-local-recovery/rerun_workspace/data/voc2007/VOCdevkit/VOC2007/JPEGImages/005098.jpg,bicycle,bicycle,"[""bicycle"",""boat""]",1,1.0,3.846015691757202,3.917701244354248,1.533139705657959,4.561008930206299,1
1690,004560,/Users/von/Projects/cci-local-recovery/rerun_workspace/data/voc2007/VOCdevkit/VOC2007/JPEGImages/004560.jpg,car,car,"[""car"",""motorbike""]",1,0.4583333432674408,0.25627562403678894,0.260569304227829,-0.6783740520477295,0.03665804862976074,1
1691,005069,/Users/von/Projects/cci-local-recovery/rerun_workspace/data/voc2007/VOCdevkit/VOC2007/JPEGImages/005069.jpg,train,train,"[""train"",""person""]",2,0.9166666865348816,0.5028286576271057,0.5117045044898987,0.2110757827758789,1.051318645477295,1
1692,007714,/Users/von/Projects/cci-local-recovery/rerun_workspace/data/voc2007/VOCdevkit/VOC2007/JPEGImages/007714.jpg,car,car,"[""car"",""person""]",3,1.0,3.2506303787231445,3.3050920963287354,1.153613567352295,4.192246437072754,1
1693,001692,/Users/von/Projects/cci-local-recovery/rerun_workspace/data/voc2007/VOCdevkit/VOC2007/JPEGImages/001692.jpg,horse,horse,"[""horse"",""person""]",2,0.9666666388511658,1.2498596906661987,1.2692720890045166,0.45333343744277954,1.3197418451309204,1
1694,000891,/Users/von/Projects/cci-local-recovery/rerun_workspace/data/voc2007/VOCdevkit/VOC2007/JPEGImages/000891.jpg,person,person,"[""person"",""bicycle""]",1,0.9523809552192688,1.3641234636306763,1.3899675607681274,-0.14552366733551025,0.7822667360305786,1
1695,002177,/Users/von/Projects/cci-local-recovery/rerun_workspace/data/voc2007/VOCdevkit/VOC2007/JPEGImages/002177.jpg,car,car,"[""car"",""bus""]",1,0.9130434989929199,0.6365268230438232,0.6471913456916809,-0.1161300539970398,0.428450345993042,1
1696,001220,/Users/von/Projects/cci-local-recovery/rerun_workspace/data/voc2007/VOCdevkit/VOC2007/JPEGImages/001220.jpg,person,person,"[""person"",""dog"",""sofa""]",7,1.0,0.28147268295288086,0.28680533170700073,-0.5133041739463806,0.16549891233444214,1
1697,002865,/Users/von/Projects/cci-local-recovery/rerun_workspace/data/voc2007/VOCdevkit/VOC2007/JPEGImages/002865.jpg,bus,bus,"[""bus"",""person""]",6,1.0,0.2506246268749237,0.2556453049182892,-0.07315689325332642,0.06339795887470245,2
1698,003600,/Users/von/Projects/cci-local-recovery/rerun_workspace/data/voc2007/VOCdevkit/VOC2007/JPEGImages/003600.jpg,person,person,"[""person"",""chair""]",1,0.1780821979045868,0.4326208233833313,0.44081705808639526,-0.7474043965339661,-0.033999621868133545,1
1699,009423,/Users/von/Projects/cci-local-recovery/rerun_workspace/data/voc2007/VOCdevkit/VOC2007/JPEGImages/009423.jpg,boat,boat,"[""boat"",""person""]",1,0.5,0.792354941368103,0.8075599670410156,0.3479905128479004,0.7749964594841003,1
1700,003196,/Users/von/Projects/cci-local-recovery/rerun_workspace/data/voc2007/VOCdevkit/VOC2007/JPEGImages/003196.jpg,sofa,sofa,"[""sofa"",""person""]",4,0.9166666865348816,0.8572993278503418,0.8729560375213623,0.13273656368255615,0.5407571792602539,1
1701,007985,/Users/von/Projects/cci-local-recovery/rerun_workspace/data/voc2007/VOCdevkit/VOC2007/JPEGImages/007985.jpg,aeroplane,aeroplane,"[""aeroplane"",""person""]",7,0.23999999463558197,0.278068482875824,0.28314581513404846,-0.05033847689628601,0.1628890335559845,1
1702,009786,/Users/von/Projects/cci-local-recovery/rerun_workspace/data/voc2007/VOCdevkit/VOC2007/JPEGImages/009786.jpg,dog,dog,"[""dog"",""cat""]",0,0.1111111119389534,0.35212743282318115,0.35852381587028503,-0.017546623945236206,0.20465809106826782,1
1703,004505,/Users/von/Projects/cci-local-recovery/rerun_workspace/data/voc2007/VOCdevkit/VOC2007/JPEGImages/004505.jpg,train,train,"[""train"",""person""]",5,0.40740740299224854,0.1593339890241623,0.16214652359485626,-0.29826629161834717,-0.05330650508403778,2
1704,008623,/Users/von/Projects/cci-local-recovery/rerun_workspace/data/voc2007/VOCdevkit/VOC2007/JPEGImages/008623.jpg,motorbike,motorbike,"[""motorbike"",""person""]",0,0.9642857313156128,1.7021498680114746,1.731446385383606,1.4187124967575073,2.915729522705078,1
1705,008120,/Users/von/Projects/cci-local-recovery/rerun_workspace/data/voc2007/VOCdevkit/VOC2007/JPEGImages/008120.jpg,person,person,"[""person"",""car""]",2,0.9756097793579102,0.3721029460430145,0.37915265560150146,-0.27251875400543213,0.4836347997188568,1
1706,003505,/Users/von/Projects/cci-local-recovery/rerun_workspace/data/voc2007/VOCdevkit/VOC2007/JPEGImages/003505.jpg,person,person,"[""person"",""motorbike""]",7,0.8461538553237915,2.262206792831421,2.305065631866455,1.0654767751693726,2.515606641769409,1
1707,004099,/Users/von/Projects/cci-local-recovery/rerun_workspace/data/voc2007/VOCdevkit/VOC2007/JPEGImages/004099.jpg,bus,bus,"[""bus"",""person""]",3,0.20930232107639313,1.434036135673523,1.4627636671066284,-2.782238006591797,-0.10552573204040527,1
1708,009322,/Users/von/Projects/cci-local-recovery/rerun_workspace/data/voc2007/VOCdevkit/VOC2007/JPEGImages/009322.jpg,motorbike,motorbike,"[""motorbike"",""bus"",""car"",""person""]",7,0.4545454680919647,2.200876235961914,2.2387566566467285,0.8073519468307495,3.083373785018921,1
1709,000231,/Users/von/Projects/cci-local-recovery/rerun_workspace/data/voc2007/VOCdevkit/VOC2007/JPEGImages/000231.jpg,bus,bus,"[""bus"",""person""]",5,1.0,6.280121803283691,6.405929088592529,4.272405624389648,7.298859119415283,1
1710,008050,/Users/von/Projects/cci-local-recovery/rerun_workspace/data/voc2007/VOCdevkit/VOC2007/JPEGImages/008050.jpg,tvmonitor,tvmonitor,"[""tvmonitor"",""chair"",""person""]",1,0.1538461595773697,0.43441829085350037,0.44498157501220703,-0.25291192531585693,0.18898242712020874,1
1711,008309,/Users/von/Projects/cci-local-recovery/rerun_workspace/data/voc2007/VOCdevkit/VOC2007/JPEGImages/008309.jpg,sofa,sofa,"[""sofa"",""person""]",5,0.9459459185600281,3.1017730236053467,3.1584200859069824,1.6768842935562134,2.3639891147613525,1
1712,006143,/Users/von/Projects/cci-local-recovery/rerun_workspace/data/voc2007/VOCdevkit/VOC2007/JPEGImages/006143.jpg,horse,horse,"[""horse"",""person""]",6,0.7777777910232544,1.883250117301941,1.912500023841858,1.6439921855926514,3.450131416320801,1
1713,008599,/Users/von/Projects/cci-local-recovery/rerun_workspace/data/voc2007/VOCdevkit/VOC2007/JPEGImages/008599.jpg,dog,dog,"[""dog"",""pottedplant""]",0,0.25,0.8681026101112366,0.8838716149330139,-0.6214244961738586,0.38006913661956787,1
1714,009582,/Users/von/Projects/cci-local-recovery/rerun_workspace/data/voc2007/VOCdevkit/VOC2007/JPEGImages/009582.jpg,diningtable,diningtable,"[""diningtable"",""chair""]",4,0.9411764740943909,0.6949176788330078,0.7044548392295837,-1.463254451751709,0.5216857194900513,1
1715,008902,/Users/von/Projects/cci-local-recovery/rerun_workspace/data/voc2007/VOCdevkit/VOC2007/JPEGImages/008902.jpg,person,person,"[""person"",""bottle""]",1,0.6818181872367859,0.43629321455955505,0.4445590376853943,-0.9485035538673401,0.19652488827705383,1
1716,009548,/Users/von/Projects/cci-local-recovery/rerun_workspace/data/voc2007/VOCdevkit/VOC2007/JPEGImages/009548.jpg,train,train,"[""train"",""person""]",7,0.9642857313156128,-0.0017941619735211134,-0.0018258321797475219,-0.2697424590587616,0.11199695616960526,2
1717,006040,/Users/von/Projects/cci-local-recovery/rerun_workspace/data/voc2007/VOCdevkit/VOC2007/JPEGImages/006040.jpg,person,person,"[""person"",""tvmonitor""]",4,1.0,0.6895919442176819,0.7026566863059998,-0.6183231472969055,0.1526595950126648,1
1718,006623,/Users/von/Projects/cci-local-recovery/rerun_workspace/data/voc2007/VOCdevkit/VOC2007/JPEGImages/006623.jpg,person,person,"[""person"",""horse""]",2,0.08695652335882187,0.3923710882663727,0.3998047709465027,-0.039422959089279175,0.16049312055110931,1
1719,008705,/Users/von/Projects/cci-local-recovery/rerun_workspace/data/voc2007/VOCdevkit/VOC2007/JPEGImages/008705.jpg,chair,chair,"[""chair"",""dog""]",4,1.0,1.0922659635543823,1.1107617616653442,0.045742034912109375,1.5894834995269775,1
1720,007112,/Users/von/Projects/cci-local-recovery/rerun_workspace/data/voc2007/VOCdevkit/VOC2007/JPEGImages/007112.jpg,car,car,"[""car"",""person""]",1,0.01886792480945587,0.404899001121521,0.41168275475502014,-0.5331258773803711,0.06325832009315491,1
1721,009074,/Users/von/Projects/cci-local-recovery/rerun_workspace/data/voc2007/VOCdevkit/VOC2007/JPEGImages/009074.jpg,horse,horse,"[""horse"",""person""]",2,0.9230769276618958,4.862959861755371,4.9384894371032715,4.0149431228637695,6.104717254638672,1
1722,009441,/Users/von/Projects/cci-local-recovery/rerun_workspace/data/voc2007/VOCdevkit/VOC2007/JPEGImages/009441.jpg,person,person,"[""person"",""motorbike""]",7,1.0,-0.31945711374282837,-0.3255093991756439,-0.08976854383945465,0.5563334226608276,1
1723,000938,/Users/von/Projects/cci-local-recovery/rerun_workspace/data/voc2007/VOCdevkit/VOC2007/JPEGImages/000938.jpg,chair,chair,"[""chair"",""sofa""]",2,0.5909090638160706,0.2075384259223938,0.2110527604818344,-0.6319010853767395,0.3966616690158844,2
1724,001173,/Users/von/Projects/cci-local-recovery/rerun_workspace/data/voc2007/VOCdevkit/VOC2007/JPEGImages/001173.jpg,person,person,"[""person"",""cat""]",4,1.0,1.2989472150802612,1.3235565423965454,1.1112146377563477,2.199742555618286,1
1725,008778,/Users/von/Projects/cci-local-recovery/rerun_workspace/data/voc2007/VOCdevkit/VOC2007/JPEGImages/008778.jpg,person,person,"[""person"",""bottle""]",3,0.08695652335882187,0.14875103533267975,0.151569202542305,-0.8023489713668823,0.5700342655181885,1
1726,004214,/Users/von/Projects/cci-local-recovery/rerun_workspace/data/voc2007/VOCdevkit/VOC2007/JPEGImages/004214.jpg,motorbike,motorbike,"[""motorbike"",""person""]",2,0.8148148059844971,1.5446778535842896,1.5712640285491943,1.21390962600708,2.0978927612304688,1
1727,009258,/Users/von/Projects/cci-local-recovery/rerun_workspace/data/voc2007/VOCdevkit/VOC2007/JPEGImages/009258.jpg,person,person,"[""person"",""bicycle""]",7,1.0,0.7841106057167053,0.7989660501480103,-0.31524598598480225,0.25463205575942993,1
1728,002862,/Users/von/Projects/cci-local-recovery/rerun_workspace/data/voc2007/VOCdevkit/VOC2007/JPEGImages/002862.jpg,diningtable,diningtable,"[""diningtable"",""chair""]",7,0.7333333492279053,2.1498615741729736,2.1793665885925293,2.2746527194976807,2.6779708862304688,1
1729,003543,/Users/von/Projects/cci-local-recovery/rerun_workspace/data/voc2007/VOCdevkit/VOC2007/JPEGImages/003543.jpg,boat,boat,"[""boat"",""person""]",7,1.0,0.7138314247131348,0.7275295853614807,0.2019975185394287,1.0423657894134521,1
1730,003101,/Users/von/Projects/cci-local-recovery/rerun_workspace/data/voc2007/VOCdevkit/VOC2007/JPEGImages/003101.jpg,bus,bus,"[""bus"",""car""]",5,0.9655172228813171,0.717659592628479,0.7320361733436584,0.4506954252719879,1.022979736328125,1
1731,007485,/Users/von/Projects/cci-local-recovery/rerun_workspace/data/voc2007/VOCdevkit/VOC2007/JPEGImages/007485.jpg,sofa,sofa,"[""sofa"",""dog""]",0,1.0,0.7873838543891907,0.8017637133598328,0.2614254951477051,0.713192880153656,1
1732,003483,/Users/von/Projects/cci-local-recovery/rerun_workspace/data/voc2007/VOCdevkit/VOC2007/JPEGImages/003483.jpg,car,car,"[""car"",""person""]",1,0.07692307978868484,-0.00652974983677268,-0.006639150436967611,-0.050767362117767334,0.0185382217168808,1
1733,000248,/Users/von/Projects/cci-local-recovery/rerun_workspace/data/voc2007/VOCdevkit/VOC2007/JPEGImages/000248.jpg,horse,horse,"[""horse"",""person""]",0,0.9615384340286255,2.079467535018921,2.111765146255493,1.8777376413345337,4.117273330688477,1
1734,001138,/Users/von/Projects/cci-local-recovery/rerun_workspace/data/voc2007/VOCdevkit/VOC2007/JPEGImages/001138.jpg,chair,chair,"[""chair"",""tvmonitor""]",1,0.6764705777168274,0.33535903692245483,0.3410378098487854,0.30869564414024353,0.622475266456604,1
1735,002341,/Users/von/Projects/cci-local-recovery/rerun_workspace/data/voc2007/VOCdevkit/VOC2007/JPEGImages/002341.jpg,person,person,"[""person"",""dog""]",5,0.8571428656578064,0.10740804672241211,0.10944295674562454,-0.0394669845700264,0.09049683064222336,1
1736,003345,/Users/von/Projects/cci-local-recovery/rerun_workspace/data/voc2007/VOCdevkit/VOC2007/JPEGImages/003345.jpg,diningtable,diningtable,"[""diningtable"",""chair""]",2,0.6851851940155029,1.65432608127594,1.677030324935913,1.1440489292144775,2.345914840698242,1
1737,000022,/Users/von/Projects/cci-local-recovery/rerun_workspace/data/voc2007/VOCdevkit/VOC2007/JPEGImages/000022.jpg,horse,horse,"[""horse"",""person""]",6,1.0,0.8862571716308594,0.9000221490859985,0.3322676420211792,1.5261964797973633,1
1738,001819,/Users/von/Projects/cci-local-recovery/rerun_workspace/data/voc2007/VOCdevkit/VOC2007/JPEGImages/001819.jpg,horse,horse,"[""horse"",""person""]",0,0.9444444179534912,1.501433253288269,1.5247529745101929,1.4880332946777344,2.6515145301818848,1
1739,004893,/Users/von/Projects/cci-local-recovery/rerun_workspace/data/voc2007/VOCdevkit/VOC2007/JPEGImages/004893.jpg,person,person,"[""person"",""pottedplant""]",4,0.9047619104385376,2.0197219848632812,2.0579867362976074,0.6220414638519287,1.8107550144195557,1
1740,000410,/Users/von/Projects/cci-local-recovery/rerun_workspace/data/voc2007/VOCdevkit/VOC2007/JPEGImages/000410.jpg,horse,horse,"[""horse"",""dog"",""person""]",7,0.28260868787765503,2.4654083251953125,2.503700017929077,3.0641238689422607,4.637670516967773,1
1741,007237,/Users/von/Projects/cci-local-recovery/rerun_workspace/data/voc2007/VOCdevkit/VOC2007/JPEGImages/007237.jpg,person,person,"[""person"",""bottle"",""chair"",""diningtable"",""pottedplant"",""sofa""]",3,0.12820513546466827,0.5894640684127808,0.6006317734718323,-0.17627590894699097,0.22694432735443115,1
1742,009077,/Users/von/Projects/cci-local-recovery/rerun_workspace/data/voc2007/VOCdevkit/VOC2007/JPEGImages/009077.jpg,person,person,"[""person"",""car""]",3,0.31506848335266113,1.0948632955551147,1.1156060695648193,0.21601039171218872,0.9001047015190125,1
1743,005040,/Users/von/Projects/cci-local-recovery/rerun_workspace/data/voc2007/VOCdevkit/VOC2007/JPEGImages/005040.jpg,person,person,"[""person"",""chair""]",2,1.0,0.18341363966464996,0.18688851594924927,-0.550557017326355,-0.08114394545555115,1
1744,005049,/Users/von/Projects/cci-local-recovery/rerun_workspace/data/voc2007/VOCdevkit/VOC2007/JPEGImages/005049.jpg,person,person,"[""person"",""diningtable""]",5,1.0,0.39608001708984375,0.40358397364616394,-0.30197879672050476,0.2527688443660736,1
1745,008490,/Users/von/Projects/cci-local-recovery/rerun_workspace/data/voc2007/VOCdevkit/VOC2007/JPEGImages/008490.jpg,diningtable,diningtable,"[""diningtable"",""chair""]",6,0.29629629850387573,0.7511842250823975,0.7614936232566833,-0.28228384256362915,1.0039423704147339,1
1746,004810,/Users/von/Projects/cci-local-recovery/rerun_workspace/data/voc2007/VOCdevkit/VOC2007/JPEGImages/004810.jpg,car,car,"[""car"",""person""]",3,1.0,1.0601272583007812,1.0778888463974,0.8260156512260437,1.0786033868789673,1
1747,009109,/Users/von/Projects/cci-local-recovery/rerun_workspace/data/voc2007/VOCdevkit/VOC2007/JPEGImages/009109.jpg,diningtable,diningtable,"[""diningtable"",""chair""]",3,0.47058823704719543,3.271303176879883,3.3161990642547607,2.042640209197998,3.388610363006592,1
1748,001382,/Users/von/Projects/cci-local-recovery/rerun_workspace/data/voc2007/VOCdevkit/VOC2007/JPEGImages/001382.jpg,car,car,"[""car"",""person""]",5,0.9259259104728699,0.5792940855026245,0.5889996886253357,-0.5339094996452332,0.7594954967498779,1
1749,006213,/Users/von/Projects/cci-local-recovery/rerun_workspace/data/voc2007/VOCdevkit/VOC2007/JPEGImages/006213.jpg,car,car,"[""car"",""person""]",1,0.9428571462631226,1.3420478105545044,1.364532709121704,1.1084039211273193,3.1312694549560547,1
1750,006586,/Users/von/Projects/cci-local-recovery/rerun_workspace/data/voc2007/VOCdevkit/VOC2007/JPEGImages/006586.jpg,horse,horse,"[""horse"",""person""]",3,1.0,1.1376203298568726,1.1552894115447998,0.12635064125061035,0.6765705347061157,1
1751,001141,/Users/von/Projects/cci-local-recovery/rerun_workspace/data/voc2007/VOCdevkit/VOC2007/JPEGImages/001141.jpg,boat,boat,"[""boat"",""person"",""pottedplant""]",0,0.0,0.2743763029575348,0.2796414792537689,-0.1158093512058258,0.24228796362876892,1
1752,005753,/Users/von/Projects/cci-local-recovery/rerun_workspace/data/voc2007/VOCdevkit/VOC2007/JPEGImages/005753.jpg,person,person,"[""person"",""tvmonitor""]",6,0.0,0.8817793726921082,0.8984851837158203,-0.5863046646118164,0.5511698722839355,1
1753,006920,/Users/von/Projects/cci-local-recovery/rerun_workspace/data/voc2007/VOCdevkit/VOC2007/JPEGImages/006920.jpg,motorbike,motorbike,"[""motorbike"",""person""]",1,0.0,0.2321230173110962,0.23611819744110107,-0.020862340927124023,0.10629840195178986,1
1754,005012,/Users/von/Projects/cci-local-recovery/rerun_workspace/data/voc2007/VOCdevkit/VOC2007/JPEGImages/005012.jpg,person,person,"[""person"",""cat"",""dog""]",2,1.0,0.43715181946754456,0.44543391466140747,-0.1274646520614624,0.4268089532852173,1
1755,005798,/Users/von/Projects/cci-local-recovery/rerun_workspace/data/voc2007/VOCdevkit/VOC2007/JPEGImages/005798.jpg,person,person,"[""person"",""motorbike""]",4,1.0,0.4403929114341736,0.44873639941215515,0.04775720834732056,0.6335538625717163,1
1756,002663,/Users/von/Projects/cci-local-recovery/rerun_workspace/data/voc2007/VOCdevkit/VOC2007/JPEGImages/002663.jpg,dog,dog,"[""dog"",""chair""]",5,0.8913043737411499,0.14230243861675262,0.14488735795021057,0.17970463633537292,0.9167122840881348,1
1757,002105,/Users/von/Projects/cci-local-recovery/rerun_workspace/data/voc2007/VOCdevkit/VOC2007/JPEGImages/002105.jpg,motorbike,motorbike,"[""motorbike"",""person""]",1,1.0,1.4715508222579956,1.4968783855438232,0.42362189292907715,2.0138485431671143,1
1758,002610,/Users/von/Projects/cci-local-recovery/rerun_workspace/data/voc2007/VOCdevkit/VOC2007/JPEGImages/002610.jpg,car,car,"[""car"",""chair""]",7,0.30000001192092896,0.4736982583999634,0.4816347062587738,0.44445255398750305,0.9458431005477905,1
1759,001742,/Users/von/Projects/cci-local-recovery/rerun_workspace/data/voc2007/VOCdevkit/VOC2007/JPEGImages/001742.jpg,chair,chair,"[""chair"",""tvmonitor""]",7,0.19354838132858276,-0.05741404369473457,-0.05838625878095627,-0.39885449409484863,0.09188448637723923,1
1760,006332,/Users/von/Projects/cci-local-recovery/rerun_workspace/data/voc2007/VOCdevkit/VOC2007/JPEGImages/006332.jpg,boat,boat,"[""boat"",""person""]",2,1.0,0.9115703105926514,0.9290630221366882,-1.3458023071289062,-0.25484973192214966,1
1761,006303,/Users/von/Projects/cci-local-recovery/rerun_workspace/data/voc2007/VOCdevkit/VOC2007/JPEGImages/006303.jpg,pottedplant,pottedplant,"[""pottedplant"",""cat""]",2,0.8684210777282715,0.2859498858451843,0.2912170886993408,-0.025522708892822266,0.28554654121398926,1
1762,006613,/Users/von/Projects/cci-local-recovery/rerun_workspace/data/voc2007/VOCdevkit/VOC2007/JPEGImages/006613.jpg,motorbike,motorbike,"[""motorbike"",""person""]",6,1.0,3.1051251888275146,3.158569097518921,1.6898915767669678,3.151792287826538,1
1763,007983,/Users/von/Projects/cci-local-recovery/rerun_workspace/data/voc2007/VOCdevkit/VOC2007/JPEGImages/007983.jpg,motorbike,motorbike,"[""motorbike"",""person""]",0,1.0,1.3945785760879517,1.4185813665390015,0.4982343316078186,1.289932370185852,1
1764,007186,/Users/von/Projects/cci-local-recovery/rerun_workspace/data/voc2007/VOCdevkit/VOC2007/JPEGImages/007186.jpg,person,person,"[""person"",""bicycle""]",5,0.0833333358168602,0.7163806557655334,0.729952871799469,-1.2245655059814453,-0.22501492500305176,1
1765,006266,/Users/von/Projects/cci-local-recovery/rerun_workspace/data/voc2007/VOCdevkit/VOC2007/JPEGImages/006266.jpg,person,person,"[""person"",""dog""]",3,0.7894737124443054,1.1942685842514038,1.2168946266174316,0.7805736064910889,1.7839233875274658,1
1766,007452,/Users/von/Projects/cci-local-recovery/rerun_workspace/data/voc2007/VOCdevkit/VOC2007/JPEGImages/007452.jpg,cow,cow,"[""cow"",""car""]",6,0.9444444179534912,2.959352493286133,3.0107877254486084,2.947323799133301,4.1128740310668945,1
1767,008828,/Users/von/Projects/cci-local-recovery/rerun_workspace/data/voc2007/VOCdevkit/VOC2007/JPEGImages/008828.jpg,motorbike,motorbike,"[""motorbike"",""car"",""person""]",6,0.5833333134651184,4.677248477935791,4.757750988006592,2.5591819286346436,5.392786979675293,1
1768,002227,/Users/von/Projects/cci-local-recovery/rerun_workspace/data/voc2007/VOCdevkit/VOC2007/JPEGImages/002227.jpg,bicycle,bicycle,"[""bicycle"",""tvmonitor""]",1,0.949999988079071,0.8753412961959839,0.8916566967964172,0.22621595859527588,0.8128295540809631,1
1769,006937,/Users/von/Projects/cci-local-recovery/rerun_workspace/data/voc2007/VOCdevkit/VOC2007/JPEGImages/006937.jpg,sofa,sofa,"[""sofa"",""pottedplant""]",0,0.8999999761581421,0.790445864200592,0.8048816323280334,0.38174787163734436,1.148301124572754,2
1770,009569,/Users/von/Projects/cci-local-recovery/rerun_workspace/data/voc2007/VOCdevkit/VOC2007/JPEGImages/009569.jpg,horse,horse,"[""horse"",""sheep""]",4,0.6600000262260437,1.332953929901123,1.3536568880081177,0.22792112827301025,1.9479782581329346,1
1771,005484,/Users/von/Projects/cci-local-recovery/rerun_workspace/data/voc2007/VOCdevkit/VOC2007/JPEGImages/005484.jpg,bus,bus,"[""bus"",""car""]",3,0.9375,2.533093214035034,2.5838377475738525,1.87469482421875,2.8521015644073486,1
1772,004395,/Users/von/Projects/cci-local-recovery/rerun_workspace/data/voc2007/VOCdevkit/VOC2007/JPEGImages/004395.jpg,bicycle,bicycle,"[""bicycle"",""person""]",4,0.03125,0.23923251032829285,0.243691548705101,-0.23574493825435638,0.06840568780899048,1
1773,005474,/Users/von/Projects/cci-local-recovery/rerun_workspace/data/voc2007/VOCdevkit/VOC2007/JPEGImages/005474.jpg,cat,cat,"[""cat"",""chair""]",1,1.0,0.30619075894355774,0.31198254227638245,-0.8154988288879395,0.20589548349380493,1
1774,000188,/Users/von/Projects/cci-local-recovery/rerun_workspace/data/voc2007/VOCdevkit/VOC2007/JPEGImages/000188.jpg,bus,bus,"[""bus"",""car"",""person""]",4,1.0,1.441717505455017,1.4705989360809326,-0.019635677337646484,0.75229412317276,1
1775,000595,/Users/von/Projects/cci-local-recovery/rerun_workspace/data/voc2007/VOCdevkit/VOC2007/JPEGImages/000595.jpg,diningtable,diningtable,"[""diningtable"",""chair""]",0,0.8372092843055725,1.346102237701416,1.3645763397216797,2.2189760208129883,2.821959972381592,1
1776,003558,/Users/von/Projects/cci-local-recovery/rerun_workspace/data/voc2007/VOCdevkit/VOC2007/JPEGImages/003558.jpg,tvmonitor,tvmonitor,"[""tvmonitor"",""person""]",3,1.0,0.8433529734611511,0.8638598918914795,0.3190614581108093,0.8403570055961609,1
1777,004917,/Users/von/Projects/cci-local-recovery/rerun_workspace/data/voc2007/VOCdevkit/VOC2007/JPEGImages/004917.jpg,motorbike,motorbike,"[""motorbike"",""person""]",2,0.9583333134651184,1.4152257442474365,1.4395838975906372,-0.45544886589050293,1.8947867155075073,1
1778,003473,/Users/von/Projects/cci-local-recovery/rerun_workspace/data/voc2007/VOCdevkit/VOC2007/JPEGImages/003473.jpg,horse,horse,"[""horse"",""person""]",4,0.9523809552192688,0.17701947689056396,0.1797688752412796,-0.016506940126419067,0.5110584497451782,1
1779,009165,/Users/von/Projects/cci-local-recovery/rerun_workspace/data/voc2007/VOCdevkit/VOC2007/JPEGImages/009165.jpg,tvmonitor,tvmonitor,"[""tvmonitor"",""person""]",5,0.3958333432674408,0.8105626702308655,0.8302722573280334,-1.637887954711914,-0.5873718857765198,1
1780,009815,/Users/von/Projects/cci-local-recovery/rerun_workspace/data/voc2007/VOCdevkit/VOC2007/JPEGImages/009815.jpg,diningtable,diningtable,"[""diningtable"",""chair""]",3,0.8936170339584351,0.4480845034122467,0.4542340934276581,-0.1584080159664154,0.4230501055717468,1
1781,008383,/Users/von/Projects/cci-local-recovery/rerun_workspace/data/voc2007/VOCdevkit/VOC2007/JPEGImages/008383.jpg,car,car,"[""car"",""person""]",4,0.65625,1.0707286596298218,1.088667869567871,-1.2929282188415527,-0.339288592338562,1
1782,003187,/Users/von/Projects/cci-local-recovery/rerun_workspace/data/voc2007/VOCdevkit/VOC2007/JPEGImages/003187.jpg,horse,horse,"[""horse"",""person""]",0,0.9354838728904724,1.1125322580337524,1.1298116445541382,0.017940521240234375,0.7519404888153076,1
1783,003081,/Users/von/Projects/cci-local-recovery/rerun_workspace/data/voc2007/VOCdevkit/VOC2007/JPEGImages/003081.jpg,person,person,"[""person"",""bicycle""]",4,0.30434781312942505,0.1316060870885849,0.13409943878650665,-0.19059590995311737,0.024869196116924286,1
1784,008626,/Users/von/Projects/cci-local-recovery/rerun_workspace/data/voc2007/VOCdevkit/VOC2007/JPEGImages/008626.jpg,pottedplant,pottedplant,"[""pottedplant"",""chair""]",2,0.0,0.8414105176925659,0.8569093346595764,-0.907877504825592,-0.09020912647247314,1
1785,004301,/Users/von/Projects/cci-local-recovery/rerun_workspace/data/voc2007/VOCdevkit/VOC2007/JPEGImages/004301.jpg,horse,horse,"[""horse"",""person""]",2,1.0,0.8629231452941895,0.8763257265090942,-0.09304088354110718,0.6558996438980103,1
1786,001261,/Users/von/Projects/cci-local-recovery/rerun_workspace/data/voc2007/VOCdevkit/VOC2007/JPEGImages/001261.jpg,chair,chair,"[""chair"",""person""]",4,0.0,0.1388818472623825,0.14123359322547913,-0.36801090836524963,-0.08121739327907562,1
1787,009779,/Users/von/Projects/cci-local-recovery/rerun_workspace/data/voc2007/VOCdevkit/VOC2007/JPEGImages/009779.jpg,car,car,"[""car"",""person""]",4,0.8666666746139526,1.1132206916809082,1.1318718194961548,1.4622431993484497,2.9178929328918457,1
1788,001831,/Users/von/Projects/cci-local-recovery/rerun_workspace/data/voc2007/VOCdevkit/VOC2007/JPEGImages/001831.jpg,sofa,sofa,"[""sofa"",""person""]",3,0.9615384340286255,0.9451745748519897,0.9624361395835876,0.4733268916606903,0.9180664420127869,1
1789,000342,/Users/von/Projects/cci-local-recovery/rerun_workspace/data/voc2007/VOCdevkit/VOC2007/JPEGImages/000342.jpg,tvmonitor,tvmonitor,"[""tvmonitor"",""person""]",3,0.06451612710952759,1.058557391166687,1.0842971801757812,-1.5230591297149658,0.460870623588562,1
1790,001496,/Users/von/Projects/cci-local-recovery/rerun_workspace/data/voc2007/VOCdevkit/VOC2007/JPEGImages/001496.jpg,person,person,"[""person"",""bicycle""]",0,0.7777777910232544,0.5667896866798401,0.5775278210639954,-0.5951403975486755,-0.0016689896583557129,1
1791,000894,/Users/von/Projects/cci-local-recovery/rerun_workspace/data/voc2007/VOCdevkit/VOC2007/JPEGImages/000894.jpg,motorbike,motorbike,"[""motorbike"",""car""]",5,0.9583333134651184,1.3016525506973267,1.3240559101104736,0.27681243419647217,2.1347196102142334,1
1792,009317,/Users/von/Projects/cci-local-recovery/rerun_workspace/data/voc2007/VOCdevkit/VOC2007/JPEGImages/009317.jpg,motorbike,motorbike,"[""motorbike"",""person""]",3,0.761904776096344,3.551396608352661,3.6125214099884033,1.0105466842651367,3.822561025619507,1
1793,002753,/Users/von/Projects/cci-local-recovery/rerun_workspace/data/voc2007/VOCdevkit/VOC2007/JPEGImages/002753.jpg,chair,chair,"[""chair"",""pottedplant""]",1,0.9142857193946838,1.0536949634552002,1.0715376138687134,-0.1270737648010254,1.0450001955032349,1
1794,002050,/Users/von/Projects/cci-local-recovery/rerun_workspace/data/voc2007/VOCdevkit/VOC2007/JPEGImages/002050.jpg,horse,horse,"[""horse"",""person""]",3,1.0,0.8578436374664307,0.8711673617362976,0.7621616721153259,1.6691396236419678,1
1795,001301,/Users/von/Projects/cci-local-recovery/rerun_workspace/data/voc2007/VOCdevkit/VOC2007/JPEGImages/001301.jpg,motorbike,motorbike,"[""motorbike"",""person""]",2,0.3333333432674408,0.46842125058174133,0.47648346424102783,-1.0748506784439087,-0.27635157108306885,1
1796,001040,/Users/von/Projects/cci-local-recovery/rerun_workspace/data/voc2007/VOCdevkit/VOC2007/JPEGImages/001040.jpg,person,person,"[""person"",""sofa""]",6,0.0,0.33364158868789673,0.3399626314640045,-0.15400990843772888,0.042273491621017456,1
1797,005103,/Users/von/Projects/cci-local-recovery/rerun_workspace/data/voc2007/VOCdevkit/VOC2007/JPEGImages/005103.jpg,person,person,"[""person"",""chair""]",0,0.41860464215278625,0.26972606778144836,0.2748361825942993,-0.21522173285484314,0.11766473948955536,1
1798,000490,/Users/von/Projects/cci-local-recovery/rerun_workspace/data/voc2007/VOCdevkit/VOC2007/JPEGImages/000490.jpg,person,person,"[""person"",""dog"",""sofa""]",7,0.9375,0.5714511871337891,0.5822776556015015,-0.9326989650726318,0.03501403331756592,1
1799,008288,/Users/von/Projects/cci-local-recovery/rerun_workspace/data/voc2007/VOCdevkit/VOC2007/JPEGImages/008288.jpg,person,person,"[""person"",""tvmonitor""]",6,0.39024388790130615,1.3874181509017944,1.4137035608291626,-0.1662273406982422,0.33169615268707275,1
1800,004252,/Users/von/Projects/cci-local-recovery/rerun_workspace/data/voc2007/VOCdevkit/VOC2007/JPEGImages/004252.jpg,cat,cat,"[""cat"",""sofa"",""tvmonitor""]",1,0.949999988079071,4.565374851226807,4.651731967926025,3.8472533226013184,4.878055572509766,1
1801,005622,/Users/von/Projects/cci-local-recovery/rerun_workspace/data/voc2007/VOCdevkit/VOC2007/JPEGImages/005622.jpg,diningtable,diningtable,"[""diningtable"",""bottle"",""person""]",7,1.0,0.3915213942527771,0.3968946933746338,-0.3935146927833557,0.08947733044624329,1
1802,000055,/Users/von/Projects/cci-local-recovery/rerun_workspace/data/voc2007/VOCdevkit/VOC2007/JPEGImages/000055.jpg,motorbike,motorbike,"[""motorbike"",""person""]",7,0.21621622145175934,1.407236099243164,1.4314566850662231,0.4525882601737976,1.201156735420227,1
1803,004599,/Users/von/Projects/cci-local-recovery/rerun_workspace/data/voc2007/VOCdevkit/VOC2007/JPEGImages/004599.jpg,bottle,bottle,"[""bottle"",""person""]",4,0.25,0.4372814893722534,0.44706323742866516,-0.3254968225955963,-0.11596056818962097,1
1804,009704,/Users/von/Projects/cci-local-recovery/rerun_workspace/data/voc2007/VOCdevkit/VOC2007/JPEGImages/009704.jpg,bus,bus,"[""bus"",""car"",""person""]",2,0.9655172228813171,5.302860260009766,5.409090518951416,4.088021755218506,5.095692157745361,1
1805,003198,/Users/von/Projects/cci-local-recovery/rerun_workspace/data/voc2007/VOCdevkit/VOC2007/JPEGImages/003198.jpg,person,person,"[""person"",""cat""]",0,0.9800000190734863,0.5353673100471497,0.5455101728439331,0.04380136728286743,0.8713856935501099,1
1806,004538,/Users/von/Projects/cci-local-recovery/rerun_workspace/data/voc2007/VOCdevkit/VOC2007/JPEGImages/004538.jpg,horse,horse,"[""horse"",""person""]",5,0.9444444179534912,0.5032077431678772,0.5110234022140503,-0.39468443393707275,0.17710697650909424,1
1807,006248,/Users/von/Projects/cci-local-recovery/rerun_workspace/data/voc2007/VOCdevkit/VOC2007/JPEGImages/006248.jpg,person,person,"[""person"",""bottle""]",3,1.0,0.46988537907600403,0.4787876307964325,-0.8233333826065063,0.203693687915802,1
1808,005890,/Users/von/Projects/cci-local-recovery/rerun_workspace/data/voc2007/VOCdevkit/VOC2007/JPEGImages/005890.jpg,person,person,"[""person"",""horse""]",7,1.0,0.2015845775604248,0.20540371537208557,-0.3191252648830414,0.0049918293952941895,1
1809,002074,/Users/von/Projects/cci-local-recovery/rerun_workspace/data/voc2007/VOCdevkit/VOC2007/JPEGImages/002074.jpg,pottedplant,pottedplant,"[""pottedplant"",""person"",""tvmonitor""]",4,1.0,1.1009302139282227,1.1212093830108643,0.8233295679092407,1.1154279708862305,1
1810,007405,/Users/von/Projects/cci-local-recovery/rerun_workspace/data/voc2007/VOCdevkit/VOC2007/JPEGImages/007405.jpg,bus,bus,"[""bus"",""car"",""person""]",0,0.03703703731298447,0.06891085207462311,0.07029131799936295,-0.39637336134910583,-0.07481584697961807,2
1811,001253,/Users/von/Projects/cci-local-recovery/rerun_workspace/data/voc2007/VOCdevkit/VOC2007/JPEGImages/001253.jpg,person,person,"[""person"",""motorbike""]",4,0.0,0.5632347464561462,0.5739055275917053,-0.44183415174484253,0.06360185146331787,1
1812,008471,/Users/von/Projects/cci-local-recovery/rerun_workspace/data/voc2007/VOCdevkit/VOC2007/JPEGImages/008471.jpg,tvmonitor,tvmonitor,"[""tvmonitor"",""pottedplant""]",6,0.4615384638309479,3.2401039600372314,3.31889009475708,2.3854305744171143,2.8777365684509277,1
1813,002999,/Users/von/Projects/cci-local-recovery/rerun_workspace/data/voc2007/VOCdevkit/VOC2007/JPEGImages/002999.jpg,motorbike,motorbike,"[""motorbike"",""person""]",5,0.4375,0.30528002977371216,0.31053435802459717,-1.1031972169876099,-0.16653528809547424,1
1814,007811,/Users/von/Projects/cci-local-recovery/rerun_workspace/data/voc2007/VOCdevkit/VOC2007/JPEGImages/007811.jpg,person,person,"[""person"",""cat"",""sofa""]",3,1.0,0.8046690821647644,0.8199139833450317,0.26320934295654297,0.9253729581832886,1
1815,001282,/Users/von/Projects/cci-local-recovery/rerun_workspace/data/voc2007/VOCdevkit/VOC2007/JPEGImages/001282.jpg,person,person,"[""person"",""dog""]",3,0.4615384638309479,0.3429860472679138,0.3494841158390045,-0.40887632966041565,0.12321451306343079,2
1816,003833,/Users/von/Projects/cci-local-recovery/rerun_workspace/data/voc2007/VOCdevkit/VOC2007/JPEGImages/003833.jpg,motorbike,motorbike,"[""motorbike"",""car"",""person""]",1,1.0,1.2010325193405151,1.221704125404358,1.0408400297164917,1.5208053588867188,1
1817,005139,/Users/von/Projects/cci-local-recovery/rerun_workspace/data/voc2007/VOCdevkit/VOC2007/JPEGImages/005139.jpg,horse,horse,"[""horse"",""person""]",6,1.0,1.212864875793457,1.2317026853561401,1.3956494331359863,3.083383798599243,1
1818,003761,/Users/von/Projects/cci-local-recovery/rerun_workspace/data/voc2007/VOCdevkit/VOC2007/JPEGImages/003761.jpg,diningtable,diningtable,"[""diningtable"",""chair"",""pottedplant""]",1,0.8125,0.9585847854614258,0.9717405438423157,0.2540509104728699,0.5703862905502319,1
1819,008153,/Users/von/Projects/cci-local-recovery/rerun_workspace/data/voc2007/VOCdevkit/VOC2007/JPEGImages/008153.jpg,diningtable,diningtable,"[""diningtable"",""chair""]",6,0.6829268336296082,0.2564420998096466,0.2599615454673767,-0.42594367265701294,0.8525644540786743,1
1820,001179,/Users/von/Projects/cci-local-recovery/rerun_workspace/data/voc2007/VOCdevkit/VOC2007/JPEGImages/001179.jpg,diningtable,diningtable,"[""diningtable"",""chair""]",2,0.6136363744735718,1.9102799892425537,1.9364969730377197,-0.7934815883636475,1.5716787576675415,1
1821,006705,/Users/von/Projects/cci-local-recovery/rerun_workspace/data/voc2007/VOCdevkit/VOC2007/JPEGImages/006705.jpg,sofa,sofa,"[""sofa"",""chair"",""person""]",5,0.41304346919059753,1.3915067911148071,1.4169195890426636,-1.7968515157699585,-0.27063989639282227,1
1822,000366,/Users/von/Projects/cci-local-recovery/rerun_workspace/data/voc2007/VOCdevkit/VOC2007/JPEGImages/000366.jpg,diningtable,diningtable,"[""diningtable"",""chair""]",0,0.0,1.1050217151641846,1.1201871633529663,0.1324564814567566,1.124851107597351,1
1823,004266,/Users/von/Projects/cci-local-recovery/rerun_workspace/data/voc2007/VOCdevkit/VOC2007/JPEGImages/004266.jpg,horse,horse,"[""horse"",""person""]",5,1.0,0.5911093950271606,0.6002902984619141,-0.402996301651001,0.3502809703350067,1
1824,002087,/Users/von/Projects/cci-local-recovery/rerun_workspace/data/voc2007/VOCdevkit/VOC2007/JPEGImages/002087.jpg,person,person,"[""person"",""chair""]",3,0.4390243887901306,0.4776657521724701,0.4867154061794281,-0.9780032634735107,-0.17305979132652283,1
1825,005141,/Users/von/Projects/cci-local-recovery/rerun_workspace/data/voc2007/VOCdevkit/VOC2007/JPEGImages/005141.jpg,cow,cow,"[""cow"",""person""]",7,1.0,8.637181282043457,8.787300109863281,4.535898685455322,8.215669631958008,1
1826,007220,/Users/von/Projects/cci-local-recovery/rerun_workspace/data/voc2007/VOCdevkit/VOC2007/JPEGImages/007220.jpg,chair,chair,"[""chair"",""person"",""sofa""]",2,0.20000000298023224,0.24665062129497528,0.25082725286483765,-0.12268564105033875,0.15244796872138977,1
1827,008363,/Users/von/Projects/cci-local-recovery/rerun_workspace/data/voc2007/VOCdevkit/VOC2007/JPEGImages/008363.jpg,car,car,"[""car"",""chair"",""person""]",0,0.3333333432674408,0.4998563826084137,0.5082311034202576,-0.2731425166130066,0.19569632411003113,1
1828,001021,/Users/von/Projects/cci-local-recovery/rerun_workspace/data/voc2007/VOCdevkit/VOC2007/JPEGImages/001021.jpg,chair,chair,"[""chair"",""bottle"",""person""]",3,1.0,0.7903773188591003,0.8037611246109009,-1.0830256938934326,-0.17409265041351318,1
1829,007508,/Users/von/Projects/cci-local-recovery/rerun_workspace/data/voc2007/VOCdevkit/VOC2007/JPEGImages/007508.jpg,person,person,"[""person"",""chair""]",4,0.6052631735801697,1.2322674989700317,1.2556135654449463,-0.3322758674621582,0.22118878364562988,1
1830,004132,/Users/von/Projects/cci-local-recovery/rerun_workspace/data/voc2007/VOCdevkit/VOC2007/JPEGImages/004132.jpg,sofa,sofa,"[""sofa"",""person""]",5,0.6969696879386902,0.5147029757499695,0.5241029262542725,0.546668291091919,0.8523765802383423,1
1831,005308,/Users/von/Projects/cci-local-recovery/rerun_workspace/data/voc2007/VOCdevkit/VOC2007/JPEGImages/005308.jpg,person,person,"[""person"",""dog""]",0,1.0,0.7204557061195374,0.7341051697731018,-0.1622447371482849,0.8058951497077942,1
1832,008237,/Users/von/Projects/cci-local-recovery/rerun_workspace/data/voc2007/VOCdevkit/VOC2007/JPEGImages/008237.jpg,train,train,"[""train"",""person""]",3,0.6000000238418579,2.939178943634033,2.991060733795166,1.8196353912353516,2.708491802215576,1
1833,000157,/Users/von/Projects/cci-local-recovery/rerun_workspace/data/voc2007/VOCdevkit/VOC2007/JPEGImages/000157.jpg,chair,chair,"[""chair"",""cat""]",3,1.0,1.0762319564819336,1.0944561958312988,0.7169921398162842,1.2041192054748535,1
1834,006594,/Users/von/Projects/cci-local-recovery/rerun_workspace/data/voc2007/VOCdevkit/VOC2007/JPEGImages/006594.jpg,person,person,"[""person"",""bicycle""]",4,0.125,0.5219396352767944,0.5318281054496765,-0.3221898674964905,0.037245482206344604,1
1835,007124,/Users/von/Projects/cci-local-recovery/rerun_workspace/data/voc2007/VOCdevkit/VOC2007/JPEGImages/007124.jpg,person,person,"[""person"",""bicycle""]",4,0.9677419066429138,1.1634981632232666,1.1855412721633911,0.5831896066665649,1.5303716659545898,1
1836,007895,/Users/von/Projects/cci-local-recovery/rerun_workspace/data/voc2007/VOCdevkit/VOC2007/JPEGImages/007895.jpg,person,person,"[""person"",""dog""]",1,1.0,0.056124791502952576,0.05718810856342316,-0.20355825126171112,1.324041485786438,1
1837,000547,/Users/von/Projects/cci-local-recovery/rerun_workspace/data/voc2007/VOCdevkit/VOC2007/JPEGImages/000547.jpg,diningtable,diningtable,"[""diningtable"",""chair"",""person""]",3,0.1666666716337204,0.7017942667007446,0.71142578125,-1.8019206523895264,-0.6132581233978271,1
1838,008052,/Users/von/Projects/cci-local-recovery/rerun_workspace/data/voc2007/VOCdevkit/VOC2007/JPEGImages/008052.jpg,car,car,"[""car"",""person""]",0,0.03846153989434242,0.24734842777252197,0.25149255990982056,-0.25921857357025146,0.2088886797428131,1
1839,007494,/Users/von/Projects/cci-local-recovery/rerun_workspace/data/voc2007/VOCdevkit/VOC2007/JPEGImages/007494.jpg,diningtable,diningtable,"[""diningtable"",""bottle"",""chair""]",2,0.9677419066429138,1.4129687547683716,1.4323605298995972,0.7435397505760193,1.3033907413482666,1
1840,000097,/Users/von/Projects/cci-local-recovery/rerun_workspace/data/voc2007/VOCdevkit/VOC2007/JPEGImages/000097.jpg,chair,chair,"[""chair"",""person"",""sofa""]",5,0.0,0.3117679953575134,0.3170472979545593,-3.280116558074951,-1.1091501712799072,1
1841,005313,/Users/von/Projects/cci-local-recovery/rerun_workspace/data/voc2007/VOCdevkit/VOC2007/JPEGImages/005313.jpg,chair,chair,"[""chair"",""tvmonitor""]",1,0.03030303120613098,1.3547134399414062,1.3776533603668213,-0.5763185024261475,0.24888265132904053,1
1842,002110,/Users/von/Projects/cci-local-recovery/rerun_workspace/data/voc2007/VOCdevkit/VOC2007/JPEGImages/002110.jpg,aeroplane,aeroplane,"[""aeroplane"",""person""]",0,1.0,0.48251309990882874,0.49132341146469116,-0.28915929794311523,0.34514427185058594,2
1843,004308,/Users/von/Projects/cci-local-recovery/rerun_workspace/data/voc2007/VOCdevkit/VOC2007/JPEGImages/004308.jpg,tvmonitor,tvmonitor,"[""tvmonitor"",""cat""]",0,0.29729729890823364,0.8041872978210449,0.8237418532371521,0.15084612369537354,0.7666322588920593,1
1844,003206,/Users/von/Projects/cci-local-recovery/rerun_workspace/data/voc2007/VOCdevkit/VOC2007/JPEGImages/003206.jpg,chair,chair,"[""chair"",""person""]",2,0.08888889104127884,0.9680528044700623,0.9844452738761902,-0.32066720724105835,0.182702898979187,1
1845,001067,/Users/von/Projects/cci-local-recovery/rerun_workspace/data/voc2007/VOCdevkit/VOC2007/JPEGImages/001067.jpg,sofa,sofa,"[""sofa"",""person""]",7,0.782608687877655,1.0538123846054077,1.073058009147644,-0.21828866004943848,0.4693623185157776,1
1846,007118,/Users/von/Projects/cci-local-recovery/rerun_workspace/data/voc2007/VOCdevkit/VOC2007/JPEGImages/007118.jpg,cow,cow,"[""cow"",""car""]",1,1.0,2.926511287689209,2.9773757457733154,1.7304538488388062,3.6301822662353516,1
1847,007554,/Users/von/Projects/cci-local-recovery/rerun_workspace/data/voc2007/VOCdevkit/VOC2007/JPEGImages/007554.jpg,person,person,"[""person"",""cow""]",5,0.0,0.6580060124397278,0.6704723238945007,-0.3067127466201782,0.12268060445785522,1
1848,000358,/Users/von/Projects/cci-local-recovery/rerun_workspace/data/voc2007/VOCdevkit/VOC2007/JPEGImages/000358.jpg,car,car,"[""car"",""person""]",6,0.0,0.44801512360572815,0.45552125573158264,-0.14321979880332947,0.2465498000383377,1
1849,000783,/Users/von/Projects/cci-local-recovery/rerun_workspace/data/voc2007/VOCdevkit/VOC2007/JPEGImages/000783.jpg,horse,horse,"[""horse"",""person""]",2,0.9615384340286255,1.3026797771453857,1.3229124546051025,0.6049555540084839,1.1672807931900024,1
1850,003650,/Users/von/Projects/cci-local-recovery/rerun_workspace/data/voc2007/VOCdevkit/VOC2007/JPEGImages/003650.jpg,person,person,"[""person"",""chair"",""sofa""]",6,0.8999999761581421,1.90352463722229,1.939587950706482,0.8411953449249268,3.139051675796509,1
1851,008918,/Users/von/Projects/cci-local-recovery/rerun_workspace/data/voc2007/VOCdevkit/VOC2007/JPEGImages/008918.jpg,sofa,sofa,"[""sofa"",""person""]",5,0.0,0.25068917870521545,0.255267471075058,0.009554773569107056,0.14451733231544495,1
1852,000506,/Users/von/Projects/cci-local-recovery/rerun_workspace/data/voc2007/VOCdevkit/VOC2007/JPEGImages/000506.jpg,person,person,"[""person"",""dog"",""sofa""]",2,1.0,0.733503520488739,0.747400164604187,-0.23927819728851318,0.5481184720993042,1
1853,001026,/Users/von/Projects/cci-local-recovery/rerun_workspace/data/voc2007/VOCdevkit/VOC2007/JPEGImages/001026.jpg,person,person,"[""person"",""dog""]",3,1.0,0.2668728232383728,0.2719288766384125,-0.09748640656471252,0.22866421937942505,1
1854,009164,/Users/von/Projects/cci-local-recovery/rerun_workspace/data/voc2007/VOCdevkit/VOC2007/JPEGImages/009164.jpg,person,person,"[""person"",""bottle"",""diningtable""]",3,0.11764705926179886,0.39480969309806824,0.40228959918022156,-1.563331961631775,-0.1379087269306183,1
1855,000586,/Users/von/Projects/cci-local-recovery/rerun_workspace/data/voc2007/VOCdevkit/VOC2007/JPEGImages/000586.jpg,car,car,"[""car"",""person""]",5,0.9473684430122375,3.240819215774536,3.295116662979126,2.3057849407196045,3.7636916637420654,1
1856,003676,/Users/von/Projects/cci-local-recovery/rerun_workspace/data/voc2007/VOCdevkit/VOC2007/JPEGImages/003676.jpg,chair,chair,"[""chair"",""pottedplant""]",3,0.0,0.7468576431274414,0.759504497051239,0.17319732904434204,0.5148277878761292,1
1857,000916,/Users/von/Projects/cci-local-recovery/rerun_workspace/data/voc2007/VOCdevkit/VOC2007/JPEGImages/000916.jpg,bus,bus,"[""bus"",""person""]",2,1.0,1.125732421875,1.148283839225769,0.07066404819488525,0.5881620049476624,1
1858,009628,/Users/von/Projects/cci-local-recovery/rerun_workspace/data/voc2007/VOCdevkit/VOC2007/JPEGImages/009628.jpg,sofa,sofa,"[""sofa"",""person""]",5,0.625,0.5464632511138916,0.5564432144165039,0.4774490296840668,1.253964900970459,1
1859,006013,/Users/von/Projects/cci-local-recovery/rerun_workspace/data/voc2007/VOCdevkit/VOC2007/JPEGImages/006013.jpg,bus,bus,"[""bus"",""train""]",3,0.9285714030265808,2.015522003173828,2.0558981895446777,1.1411845684051514,1.6352665424346924,1
1860,009225,/Users/von/Projects/cci-local-recovery/rerun_workspace/data/voc2007/VOCdevkit/VOC2007/JPEGImages/009225.jpg,chair,chair,"[""chair"",""diningtable""]",4,0.8461538553237915,0.7167972922325134,0.7289351224899292,-0.24615556001663208,1.5378522872924805,1
1861,004899,/Users/von/Projects/cci-local-recovery/rerun_workspace/data/voc2007/VOCdevkit/VOC2007/JPEGImages/004899.jpg,boat,boat,"[""boat"",""person""]",1,0.9666666388511658,0.40130189061164856,0.40900272130966187,-0.5746303200721741,0.304594486951828,1
1862,006508,/Users/von/Projects/cci-local-recovery/rerun_workspace/data/voc2007/VOCdevkit/VOC2007/JPEGImages/006508.jpg,person,person,"[""person"",""bird""]",4,1.0,-0.23302334547042847,-0.2374381124973297,-0.8732935190200806,-0.08340294659137726,1
1863,002701,/Users/von/Projects/cci-local-recovery/rerun_workspace/data/voc2007/VOCdevkit/VOC2007/JPEGImages/002701.jpg,car,car,"[""car"",""person""]",3,0.8500000238418579,1.2069824934005737,1.2272045612335205,0.7351160049438477,1.1145689487457275,1
1864,009903,/Users/von/Projects/cci-local-recovery/rerun_workspace/data/voc2007/VOCdevkit/VOC2007/JPEGImages/009903.jpg,horse,horse,"[""horse"",""car"",""person""]",1,0.7878788113594055,-0.12260502576828003,-0.1245092824101448,-0.05856185406446457,0.17330119013786316,1
1865,009047,/Users/von/Projects/cci-local-recovery/rerun_workspace/data/voc2007/VOCdevkit/VOC2007/JPEGImages/009047.jpg,motorbike,motorbike,"[""motorbike"",""person""]",4,0.5277777910232544,1.4926739931106567,1.5183651447296143,-0.0956413745880127,0.6572004556655884,1
1866,001569,/Users/von/Projects/cci-local-recovery/rerun_workspace/data/voc2007/VOCdevkit/VOC2007/JPEGImages/001569.jpg,diningtable,diningtable,"[""diningtable"",""bottle"",""car"",""person""]",1,0.717391312122345,0.15410983562469482,0.15622486174106598,-0.6656102538108826,1.2904211282730103,1
1867,008540,/Users/von/Projects/cci-local-recovery/rerun_workspace/data/voc2007/VOCdevkit/VOC2007/JPEGImages/008540.jpg,bicycle,bicycle,"[""bicycle"",""person""]",7,1.0,-0.09268457442522049,-0.09441211074590683,-0.2921062111854553,-0.1381217986345291,2
1868,002383,/Users/von/Projects/cci-local-recovery/rerun_workspace/data/voc2007/VOCdevkit/VOC2007/JPEGImages/002383.jpg,bus,bus,"[""bus"",""car""]",3,0.190476194024086,0.2578601539134979,0.26302576065063477,-0.09533646702766418,0.3077948987483978,1
1869,007761,/Users/von/Projects/cci-local-recovery/rerun_workspace/data/voc2007/VOCdevkit/VOC2007/JPEGImages/007761.jpg,car,car,"[""car"",""person""]",6,0.59375,-0.29960912466049194,-0.304628849029541,-1.7981151342391968,-0.8373429179191589,1
1870,000984,/Users/von/Projects/cci-local-recovery/rerun_workspace/data/voc2007/VOCdevkit/VOC2007/JPEGImages/000984.jpg,person,person,"[""person"",""car""]",2,0.0,0.9117329120635986,0.9290062189102173,-0.36168956756591797,0.47102320194244385,1
1871,000638,/Users/von/Projects/cci-local-recovery/rerun_workspace/data/voc2007/VOCdevkit/VOC2007/JPEGImages/000638.jpg,cat,cat,"[""cat"",""person""]",5,1.0,0.6610782742500305,0.6735829710960388,-0.7563990950584412,0.31940966844558716,1
1872,001189,/Users/von/Projects/cci-local-recovery/rerun_workspace/data/voc2007/VOCdevkit/VOC2007/JPEGImages/001189.jpg,diningtable,diningtable,"[""diningtable"",""chair""]",6,0.39024388790130615,1.1679719686508179,1.1840014457702637,-0.4671093225479126,1.5585670471191406,1
1873,008324,/Users/von/Projects/cci-local-recovery/rerun_workspace/data/voc2007/VOCdevkit/VOC2007/JPEGImages/008324.jpg,car,car,"[""car"",""motorbike""]",6,0.875,1.4681459665298462,1.4927436113357544,1.023751974105835,1.407262921333313,1
1874,000449,/Users/von/Projects/cci-local-recovery/rerun_workspace/data/voc2007/VOCdevkit/VOC2007/JPEGImages/000449.jpg,boat,boat,"[""boat"",""person""]",6,1.0,0.3384779095649719,0.3449731767177582,0.019493430852890015,0.204213947057724,1
1875,007240,/Users/von/Projects/cci-local-recovery/rerun_workspace/data/voc2007/VOCdevkit/VOC2007/JPEGImages/007240.jpg,diningtable,diningtable,"[""diningtable"",""chair""]",1,0.8484848737716675,0.3644213378429413,0.36942270398139954,-0.5873497724533081,-0.08183214068412781,1
1876,008259,/Users/von/Projects/cci-local-recovery/rerun_workspace/data/voc2007/VOCdevkit/VOC2007/JPEGImages/008259.jpg,horse,horse,"[""horse"",""car"",""dog"",""person""]",7,0.9750000238418579,1.327296495437622,1.3479115962982178,0.9449983835220337,2.4069814682006836,1
1877,008003,/Users/von/Projects/cci-local-recovery/rerun_workspace/data/voc2007/VOCdevkit/VOC2007/JPEGImages/008003.jpg,motorbike,motorbike,"[""motorbike"",""person""]",2,1.0,0.22072823345661163,0.2245272994041443,-0.16177305579185486,0.2435096800327301,1
1878,008081,/Users/von/Projects/cci-local-recovery/rerun_workspace/data/voc2007/VOCdevkit/VOC2007/JPEGImages/008081.jpg,cow,cow,"[""cow"",""person""]",4,1.0,6.355503559112549,6.465965747833252,2.7511208057403564,5.973062992095947,1
1879,008901,/Users/von/Projects/cci-local-recovery/rerun_workspace/data/voc2007/VOCdevkit/VOC2007/JPEGImages/008901.jpg,person,person,"[""person"",""motorbike""]",7,0.0,0.05172642320394516,0.052706409245729446,-0.030447106808423996,0.06172678619623184,1
1880,001417,/Users/von/Projects/cci-local-recovery/rerun_workspace/data/voc2007/VOCdevkit/VOC2007/JPEGImages/001417.jpg,horse,horse,"[""horse"",""person""]",3,0.96875,3.1725122928619385,3.2217864990234375,1.968531608581543,3.4566168785095215,1
1881,007951,/Users/von/Projects/cci-local-recovery/rerun_workspace/data/voc2007/VOCdevkit/VOC2007/JPEGImages/007951.jpg,bus,bus,"[""bus"",""person""]",5,1.0,1.7328310012817383,1.767544150352478,0.07170629501342773,2.227290391921997,1
1882,007173,/Users/von/Projects/cci-local-recovery/rerun_workspace/data/voc2007/VOCdevkit/VOC2007/JPEGImages/007173.jpg,boat,boat,"[""boat"",""car"",""person""]",7,1.0,-0.001479049096815288,-0.0015074315015226603,-1.076776385307312,-0.15113531053066254,1
1883,001177,/Users/von/Projects/cci-local-recovery/rerun_workspace/data/voc2007/VOCdevkit/VOC2007/JPEGImages/001177.jpg,person,person,"[""person"",""bottle"",""diningtable"",""sofa""]",6,0.5365853905677795,-0.1407192349433899,-0.14338524639606476,-3.8593852519989014,-0.666934072971344,1
1884,002446,/Users/von/Projects/cci-local-recovery/rerun_workspace/data/voc2007/VOCdevkit/VOC2007/JPEGImages/002446.jpg,car,car,"[""car"",""person""]",5,0.0,0.24938836693763733,0.2535666823387146,-0.9464426636695862,-0.23699918389320374,1
1885,002060,/Users/von/Projects/cci-local-recovery/rerun_workspace/data/voc2007/VOCdevkit/VOC2007/JPEGImages/002060.jpg,person,person,"[""person"",""bicycle""]",7,0.0833333358168602,0.21284393966197968,0.21687638759613037,-0.15993818640708923,0.022527873516082764,1
1886,003769,/Users/von/Projects/cci-local-recovery/rerun_workspace/data/voc2007/VOCdevkit/VOC2007/JPEGImages/003769.jpg,car,car,"[""car"",""person""]",1,0.7333333492279053,0.05297129973769188,0.053858790546655655,-0.3475020229816437,0.16574281454086304,1
1887,002739,/Users/von/Projects/cci-local-recovery/rerun_workspace/data/voc2007/VOCdevkit/VOC2007/JPEGImages/002739.jpg,person,person,"[""person"",""motorbike""]",2,0.06666667014360428,0.4763104319572449,0.4853343963623047,-0.5863902568817139,0.05643472075462341,1
1888,003385,/Users/von/Projects/cci-local-recovery/rerun_workspace/data/voc2007/VOCdevkit/VOC2007/JPEGImages/003385.jpg,person,person,"[""person"",""car""]",6,0.875,1.5298612117767334,1.5588452816009521,0.2783106565475464,1.4144794940948486,1
1889,009626,/Users/von/Projects/cci-local-recovery/rerun_workspace/data/voc2007/VOCdevkit/VOC2007/JPEGImages/009626.jpg,sofa,sofa,"[""sofa"",""bottle"",""person""]",0,0.8787878751754761,1.4426045417785645,1.468950629234314,0.5847108364105225,1.6225165128707886,1
1890,007401,/Users/von/Projects/cci-local-recovery/rerun_workspace/data/voc2007/VOCdevkit/VOC2007/JPEGImages/007401.jpg,sofa,sofa,"[""sofa"",""chair"",""tvmonitor""]",2,1.0,0.9966889023780823,1.014891266822815,0.9151217937469482,1.3123986721038818,1
1891,000715,/Users/von/Projects/cci-local-recovery/rerun_workspace/data/voc2007/VOCdevkit/VOC2007/JPEGImages/000715.jpg,car,car,"[""car"",""person""]",3,0.5853658318519592,0.7366544604301453,0.7489964962005615,-0.10500234365463257,0.23046988248825073,1
1892,005775,/Users/von/Projects/cci-local-recovery/rerun_workspace/data/voc2007/VOCdevkit/VOC2007/JPEGImages/005775.jpg,car,car,"[""car"",""person""]",1,0.0,0.5423838496208191,0.5514710545539856,-0.11264169216156006,0.23580586910247803,1
1893,006192,/Users/von/Projects/cci-local-recovery/rerun_workspace/data/voc2007/VOCdevkit/VOC2007/JPEGImages/006192.jpg,person,person,"[""person"",""bicycle""]",0,0.3076923191547394,0.09387408196926117,0.09565258026123047,-0.17796596884727478,0.416988343000412,1
1894,000413,/Users/von/Projects/cci-local-recovery/rerun_workspace/data/voc2007/VOCdevkit/VOC2007/JPEGImages/000413.jpg,horse,horse,"[""horse"",""person""]",4,1.0,3.125239133834839,3.173779249191284,2.6900949478149414,3.683053493499756,1
1895,001096,/Users/von/Projects/cci-local-recovery/rerun_workspace/data/voc2007/VOCdevkit/VOC2007/JPEGImages/001096.jpg,bicycle,bicycle,"[""bicycle"",""person""]",5,0.8571428656578064,0.5689339637756348,0.5795382857322693,-0.11748921871185303,0.4494684338569641,1
1896,000369,/Users/von/Projects/cci-local-recovery/rerun_workspace/data/voc2007/VOCdevkit/VOC2007/JPEGImages/000369.jpg,person,person,"[""person"",""bottle"",""diningtable""]",4,1.0,0.2997083067893982,0.3053864538669586,-0.32713475823402405,0.09801135957241058,2
1897,008367,/Users/von/Projects/cci-local-recovery/rerun_workspace/data/voc2007/VOCdevkit/VOC2007/JPEGImages/008367.jpg,person,person,"[""person"",""bicycle"",""chair""]",6,0.9411764740943909,2.0437145233154297,2.0824339389801025,1.2638710737228394,2.0440948009490967,1
1898,005237,/Users/von/Projects/cci-local-recovery/rerun_workspace/data/voc2007/VOCdevkit/VOC2007/JPEGImages/005237.jpg,sofa,sofa,"[""sofa"",""person""]",1,0.8627451062202454,0.6155506372451782,0.626792311668396,-0.3498607277870178,0.2732086181640625,1
1899,005082,/Users/von/Projects/cci-local-recovery/rerun_workspace/data/voc2007/VOCdevkit/VOC2007/JPEGImages/005082.jpg,sofa,sofa,"[""sofa"",""dog""]",2,0.8857142925262451,3.0450735092163086,3.1006851196289062,1.7722656726837158,2.736938953399658,1
1900,008560,/Users/von/Projects/cci-local-recovery/rerun_workspace/data/voc2007/VOCdevkit/VOC2007/JPEGImages/008560.jpg,person,person,"[""person"",""bicycle"",""car""]",2,0.0,0.15740551054477692,0.16038765013217926,-0.11498542129993439,-0.01798972487449646,1
1901,005717,/Users/von/Projects/cci-local-recovery/rerun_workspace/data/voc2007/VOCdevkit/VOC2007/JPEGImages/005717.jpg,person,person,"[""person"",""car"",""diningtable""]",1,0.1304347813129425,0.7876046895980835,0.8025262951850891,-3.6372835636138916,-0.7798746228218079,1
1902,005031,/Users/von/Projects/cci-local-recovery/rerun_workspace/data/voc2007/VOCdevkit/VOC2007/JPEGImages/005031.jpg,person,person,"[""person"",""bicycle""]",2,0.11428571492433548,0.45874926447868347,0.46744054555892944,-0.5805376172065735,0.1422148048877716,1
1903,003557,/Users/von/Projects/cci-local-recovery/rerun_workspace/data/voc2007/VOCdevkit/VOC2007/JPEGImages/003557.jpg,horse,horse,"[""horse"",""person""]",1,0.024390242993831635,0.846681535243988,0.8598318696022034,-0.33874207735061646,0.1071506142616272,1
1904,006688,/Users/von/Projects/cci-local-recovery/rerun_workspace/data/voc2007/VOCdevkit/VOC2007/JPEGImages/006688.jpg,cat,cat,"[""cat"",""tvmonitor""]",0,0.23076923191547394,0.3439401686191559,0.35044601559638977,-0.2692873179912567,0.023044586181640625,1
1905,008287,/Users/von/Projects/cci-local-recovery/rerun_workspace/data/voc2007/VOCdevkit/VOC2007/JPEGImages/008287.jpg,person,person,"[""person"",""bottle"",""chair"",""diningtable""]",7,0.800000011920929,0.7425241470336914,0.7565916776657104,-1.1582425832748413,0.1239195466041565,1
1906,006921,/Users/von/Projects/cci-local-recovery/rerun_workspace/data/voc2007/VOCdevkit/VOC2007/JPEGImages/006921.jpg,motorbike,motorbike,"[""motorbike"",""person""]",3,0.8947368264198303,1.4785112142562866,1.5039585828781128,0.44159793853759766,2.5786705017089844,1
1907,008964,/Users/von/Projects/cci-local-recovery/rerun_workspace/data/voc2007/VOCdevkit/VOC2007/JPEGImages/008964.jpg,dog,dog,"[""dog"",""person""]",1,1.0,1.8829759359359741,1.917180061340332,0.2181788682937622,3.547929048538208,1
1908,004864,/Users/von/Projects/cci-local-recovery/rerun_workspace/data/voc2007/VOCdevkit/VOC2007/JPEGImages/004864.jpg,motorbike,motorbike,"[""motorbike"",""person""]",7,0.9795918464660645,1.0316859483718872,1.0494427680969238,0.5817337036132812,1.5608294010162354,1
1909,008765,/Users/von/Projects/cci-local-recovery/rerun_workspace/data/voc2007/VOCdevkit/VOC2007/JPEGImages/008765.jpg,bicycle,bicycle,"[""bicycle"",""person""]",1,0.6779661178588867,3.4301891326904297,3.494124174118042,2.0750932693481445,5.347622394561768,1
1910,006830,/Users/von/Projects/cci-local-recovery/rerun_workspace/data/voc2007/VOCdevkit/VOC2007/JPEGImages/006830.jpg,person,person,"[""person"",""chair"",""diningtable""]",1,0.4528301954269409,0.9392412304878235,0.9570357203483582,-0.2562822699546814,0.32414281368255615,1
1911,004918,/Users/von/Projects/cci-local-recovery/rerun_workspace/data/voc2007/VOCdevkit/VOC2007/JPEGImages/004918.jpg,chair,chair,"[""chair"",""person""]",6,1.0,0.6488257050514221,0.6598125696182251,-0.7886078357696533,0.40445199608802795,1
1912,007428,/Users/von/Projects/cci-local-recovery/rerun_workspace/data/voc2007/VOCdevkit/VOC2007/JPEGImages/007428.jpg,boat,boat,"[""boat"",""person""]",5,1.0,2.7791433334350586,2.8324739933013916,1.8893661499023438,3.7558157444000244,1
1913,003179,/Users/von/Projects/cci-local-recovery/rerun_workspace/data/voc2007/VOCdevkit/VOC2007/JPEGImages/003179.jpg,car,car,"[""car"",""person""]",6,0.7096773982048035,0.8937698602676392,0.9087442755699158,0.6038364768028259,1.7110594511032104,1
1914,009139,/Users/von/Projects/cci-local-recovery/rerun_workspace/data/voc2007/VOCdevkit/VOC2007/JPEGImages/009139.jpg,motorbike,motorbike,"[""motorbike"",""person""]",6,0.2857142984867096,1.2448562383651733,1.266282081604004,-0.179754376411438,0.6420912742614746,1
1915,003302,/Users/von/Projects/cci-local-recovery/rerun_workspace/data/voc2007/VOCdevkit/VOC2007/JPEGImages/003302.jpg,bus,bus,"[""bus"",""car""]",7,0.9444444179534912,2.877357244491577,2.9349982738494873,2.366936683654785,4.014707565307617,1
1916,002428,/Users/von/Projects/cci-local-recovery/rerun_workspace/data/voc2007/VOCdevkit/VOC2007/JPEGImages/002428.jpg,person,person,"[""person"",""dog""]",6,0.3684210479259491,0.6596817970275879,0.6721798181533813,-0.27578485012054443,0.4686088263988495,1
1917,004469,/Users/von/Projects/cci-local-recovery/rerun_workspace/data/voc2007/VOCdevkit/VOC2007/JPEGImages/004469.jpg,person,person,"[""person"",""bottle"",""diningtable""]",7,0.0,0.4886467456817627,0.4979044497013092,-0.14583662152290344,0.1839776635169983,1
1918,005750,/Users/von/Projects/cci-local-recovery/rerun_workspace/data/voc2007/VOCdevkit/VOC2007/JPEGImages/005750.jpg,person,person,"[""person"",""bicycle""]",2,0.0,0.6884011626243591,0.7014433145523071,-1.1155221462249756,-0.05467623472213745,1
1919,006157,/Users/von/Projects/cci-local-recovery/rerun_workspace/data/voc2007/VOCdevkit/VOC2007/JPEGImages/006157.jpg,person,person,"[""person"",""bird""]",5,0.1764705926179886,-0.1253519207239151,-0.12772677838802338,-4.052671909332275,0.5995227098464966,1
1920,002993,/Users/von/Projects/cci-local-recovery/rerun_workspace/data/voc2007/VOCdevkit/VOC2007/JPEGImages/002993.jpg,car,car,"[""car"",""person""]",5,1.0,1.2422025203704834,1.2630146741867065,0.6372050046920776,1.4758996963500977,1
1921,006446,/Users/von/Projects/cci-local-recovery/rerun_workspace/data/voc2007/VOCdevkit/VOC2007/JPEGImages/006446.jpg,person,person,"[""person"",""tvmonitor""]",5,0.5833333134651184,0.3019164204597473,0.30763640999794006,-0.8183847665786743,0.32962581515312195,1
1922,003515,/Users/von/Projects/cci-local-recovery/rerun_workspace/data/voc2007/VOCdevkit/VOC2007/JPEGImages/003515.jpg,car,car,"[""car"",""person""]",7,0.0,-0.025177815929055214,-0.02559964917600155,-0.1735798865556717,0.029619229957461357,1
1923,004668,/Users/von/Projects/cci-local-recovery/rerun_workspace/data/voc2007/VOCdevkit/VOC2007/JPEGImages/004668.jpg,chair,chair,"[""chair"",""person""]",4,1.0,1.1731839179992676,1.1930499076843262,0.8084007501602173,1.626415729522705,1
1924,004486,/Users/von/Projects/cci-local-recovery/rerun_workspace/data/voc2007/VOCdevkit/VOC2007/JPEGImages/004486.jpg,chair,chair,"[""chair"",""pottedplant""]",4,0.9583333134651184,2.6972291469573975,2.7429025173187256,0.45721936225891113,2.3533074855804443,1
1925,004344,/Users/von/Projects/cci-local-recovery/rerun_workspace/data/voc2007/VOCdevkit/VOC2007/JPEGImages/004344.jpg,bicycle,bicycle,"[""bicycle"",""person""]",4,0.7200000286102295,5.250540256500244,5.348404407501221,1.8432011604309082,5.671663284301758,1
1926,008721,/Users/von/Projects/cci-local-recovery/rerun_workspace/data/voc2007/VOCdevkit/VOC2007/JPEGImages/008721.jpg,sofa,sofa,"[""sofa"",""person""]",4,0.939393937587738,0.3525460958480835,0.3589845895767212,-0.568590521812439,0.3283350467681885,1
1927,005766,/Users/von/Projects/cci-local-recovery/rerun_workspace/data/voc2007/VOCdevkit/VOC2007/JPEGImages/005766.jpg,person,person,"[""person"",""chair""]",7,0.0,1.1891003847122192,1.2116285562515259,0.9854679107666016,1.8083714246749878,1
1928,005182,/Users/von/Projects/cci-local-recovery/rerun_workspace/data/voc2007/VOCdevkit/VOC2007/JPEGImages/005182.jpg,horse,horse,"[""horse"",""person""]",7,0.8780487775802612,3.120873212814331,3.1693453788757324,1.658726453781128,3.1035890579223633,1
1929,000644,/Users/von/Projects/cci-local-recovery/rerun_workspace/data/voc2007/VOCdevkit/VOC2007/JPEGImages/000644.jpg,tvmonitor,tvmonitor,"[""tvmonitor"",""person""]",2,0.8571428656578064,1.0372198820114136,1.0624408721923828,0.32301992177963257,0.6097028255462646,1
1930,003459,/Users/von/Projects/cci-local-recovery/rerun_workspace/data/voc2007/VOCdevkit/VOC2007/JPEGImages/003459.jpg,diningtable,diningtable,"[""diningtable"",""bottle"",""chair"",""person""]",2,0.9285714030265808,1.7584092617034912,1.7825419902801514,0.7838762998580933,1.8240103721618652,1
1931,006199,/Users/von/Projects/cci-local-recovery/rerun_workspace/data/voc2007/VOCdevkit/VOC2007/JPEGImages/006199.jpg,person,person,"[""person"",""bicycle""]",7,0.7384615540504456,-0.46632280945777893,-0.47515755891799927,-0.26819562911987305,1.096311092376709,1
1932,007770,/Users/von/Projects/cci-local-recovery/rerun_workspace/data/voc2007/VOCdevkit/VOC2007/JPEGImages/007770.jpg,person,person,"[""person"",""dog""]",0,1.0,0.022855814546346664,0.023288831114768982,-0.34636324644088745,0.037528328597545624,1
1933,000386,/Users/von/Projects/cci-local-recovery/rerun_workspace/data/voc2007/VOCdevkit/VOC2007/JPEGImages/000386.jpg,person,person,"[""person"",""cow""]",1,0.9354838728904724,1.4411180019378662,1.4684208631515503,0.1826397180557251,1.438947319984436,1
1934,008906,/Users/von/Projects/cci-local-recovery/rerun_workspace/data/voc2007/VOCdevkit/VOC2007/JPEGImages/008906.jpg,car,car,"[""car"",""cat""]",3,0.6000000238418579,-0.020600048825144768,-0.02094518579542637,-5.015664100646973,0.2983928918838501,1
1935,008278,/Users/von/Projects/cci-local-recovery/rerun_workspace/data/voc2007/VOCdevkit/VOC2007/JPEGImages/008278.jpg,boat,boat,"[""boat"",""person""]",2,1.0,1.8432118892669678,1.87858247756958,0.3511158227920532,1.3418693542480469,1
1936,005301,/Users/von/Projects/cci-local-recovery/rerun_workspace/data/voc2007/VOCdevkit/VOC2007/JPEGImages/005301.jpg,person,person,"[""person"",""bicycle""]",0,1.0,0.7267792224884033,0.7405484914779663,-0.07293695211410522,0.6981204748153687,1
1937,009369,/Users/von/Projects/cci-local-recovery/rerun_workspace/data/voc2007/VOCdevkit/VOC2007/JPEGImages/009369.jpg,horse,horse,"[""horse"",""person""]",2,0.9375,1.2151256799697876,1.2339985370635986,0.9930471181869507,1.6810394525527954,1
1938,000655,/Users/von/Projects/cci-local-recovery/rerun_workspace/data/voc2007/VOCdevkit/VOC2007/JPEGImages/000655.jpg,motorbike,motorbike,"[""motorbike"",""person""]",1,0.20370370149612427,0.4380257725715637,0.4455648362636566,-0.10411211848258972,0.22564339637756348,1
1939,000910,/Users/von/Projects/cci-local-recovery/rerun_workspace/data/voc2007/VOCdevkit/VOC2007/JPEGImages/000910.jpg,person,person,"[""person"",""chair""]",4,0.5116279125213623,1.7633451223373413,1.796752691268921,-0.7446606159210205,-0.05079960823059082,1
1940,008124,/Users/von/Projects/cci-local-recovery/rerun_workspace/data/voc2007/VOCdevkit/VOC2007/JPEGImages/008124.jpg,horse,horse,"[""horse"",""person""]",1,0.22033898532390594,0.994409441947937,1.0098541975021362,-0.7860316038131714,-0.2382715940475464,1
1941,008682,/Users/von/Projects/cci-local-recovery/rerun_workspace/data/voc2007/VOCdevkit/VOC2007/JPEGImages/008682.jpg,car,car,"[""car"",""person""]",4,0.5652173757553101,0.4149841070175171,0.42193683981895447,-0.3135940730571747,0.04084828495979309,1
1942,000953,/Users/von/Projects/cci-local-recovery/rerun_workspace/data/voc2007/VOCdevkit/VOC2007/JPEGImages/000953.jpg,chair,chair,"[""chair"",""pottedplant""]",4,0.8461538553237915,1.2950325012207031,1.3169618844985962,0.8712770938873291,1.2239686250686646,1
